cik,ticker,name,tags_used
1750,AIR,AAR CORP,"{'debt_st': 'DebtCurrent', 'debt_lt': 'LongTermDebtNoncurrent', 'assets': 'Assets', 'liabilities': 'Liabilities', 'current_assets': 'AssetsCurrent', 'current_liabilities': 'LiabilitiesCurrent', 'retained_earnings': 'RetainedEarningsAccumulatedDeficit', 'liabilities_and_equity': 'LiabilitiesAndStockholdersEquity', 'equity': 'StockholdersEquity', 'ebit': 'IncomeLossFromContinuingOperationsBeforeIncomeTaxesExtraordinaryItemsNoncontrollingInterest', 'revenue': 'RevenueFromContractWithCustomerIncludingAssessedTax', 'shares': 'EntityCommonStockSharesOutstanding'}"
1800,ABT,ABBOTT LABORATORIES,"{'debt_st': 'LongTermDebtCurrent', 'debt_lt': 'LongTermDebtNoncurrent', 'assets': 'Assets', 'liabilities': None, 'current_assets': 'AssetsCurrent', 'current_liabilities': 'LiabilitiesCurrent', 'retained_earnings': 'RetainedEarningsAccumulatedDeficit', 'liabilities_and_equity': 'LiabilitiesAndStockholdersEquity', 'equity': 'StockholdersEquity', 'ebit': 'OperatingIncomeLoss', 'revenue': 'RevenueFromContractWithCustomerExcludingAssessedTax', 'shares': 'EntityCommonStockSharesOutstanding'}"
2488,AMD,ADVANCED MICRO DEVICES INC,"{'debt_st': 'DebtCurrent', 'debt_lt': 'LongTermDebtNoncurrent', 'assets': 'Assets', 'liabilities': None, 'current_assets': 'AssetsCurrent', 'current_liabilities': 'LiabilitiesCurrent', 'retained_earnings': 'RetainedEarningsAccumulatedDeficit', 'liabilities_and_equity': 'LiabilitiesAndStockholdersEquity', 'equity': 'StockholdersEquity', 'ebit': 'OperatingIncomeLoss', 'revenue': 'RevenueFromContractWithCustomerExcludingAssessedTax', 'shares': 'EntityCommonStockSharesOutstanding'}"
2969,APD,"Air Products & Chemicals, Inc.","{'debt_st': 'LongTermDebtCurrent', 'debt_lt': 'LongTermDebtNoncurrent', 'assets': 'Assets', 'liabilities': 'Liabilities', 'current_assets': 'AssetsCurrent', 'current_liabilities': 'LiabilitiesCurrent', 'retained_earnings': 'RetainedEarningsAccumulatedDeficit', 'liabilities_and_equity': 'LiabilitiesAndStockholdersEquity', 'equity': 'StockholdersEquity', 'ebit': 'OperatingIncomeLoss', 'revenue': 'Revenues', 'shares': 'EntityCommonStockSharesOutstanding'}"
3197,CECO,CECO ENVIRONMENTAL CORP,"{'debt_st': 'DebtCurrent', 'debt_lt': 'LongTermDebtNoncurrent', 'assets': 'Assets', 'liabilities': 'Liabilities', 'current_assets': 'AssetsCurrent', 'current_liabilities': 'LiabilitiesCurrent', 'retained_earnings': 'RetainedEarningsAccumulatedDeficit', 'liabilities_and_equity': 'LiabilitiesAndStockholdersEquity', 'equity': 'StockholdersEquity', 'ebit': 'OperatingIncomeLoss', 'revenue': 'RevenueFromContractWithCustomerExcludingAssessedTax', 'shares': 'EntityCommonStockSharesOutstanding'}"
3453,MATX,"Matson, Inc.","{'debt_st': 'DebtCurrent', 'debt_lt': 'LongTermDebtNoncurrent', 'assets': 'Assets', 'liabilities': None, 'current_assets': 'AssetsCurrent', 'current_liabilities': 'LiabilitiesCurrent', 'retained_earnings': 'RetainedEarningsAccumulatedDeficit', 'liabilities_and_equity': 'LiabilitiesAndStockholdersEquity', 'equity': 'StockholdersEquity', 'ebit': 'OperatingIncomeLoss', 'revenue': 'RevenueFromContractWithCustomerExcludingAssessedTax', 'shares': 'EntityCommonStockSharesOutstanding'}"
3545,ALCO,"ALICO, INC.","{'debt_st': 'LongTermDebtCurrent', 'debt_lt': 'LongTermDebtNoncurrent', 'assets': 'Assets', 'liabilities': 'Liabilities', 'current_assets': 'AssetsCurrent', 'current_liabilities': 'LiabilitiesCurrent', 'retained_earnings': 'RetainedEarningsAccumulatedDeficit', 'liabilities_and_equity': 'LiabilitiesAndStockholdersEquity', 'equity': 'StockholdersEquity', 'ebit': 'OperatingIncomeLoss', 'revenue': 'RevenueFromContractWithCustomerExcludingAssessedTax', 'shares': 'EntityCommonStockSharesOutstanding'}"
3570,LNG,"Cheniere Energy, Inc.","{'debt_st': 'DebtCurrent', 'debt_lt': 'LongTermDebtNoncurrent', 'assets': 'Assets', 'liabilities': 'Liabilities', 'current_assets': 'AssetsCurrent', 'current_liabilities': 'LiabilitiesCurrent', 'retained_earnings': 'RetainedEarningsAccumulatedDeficit', 'liabilities_and_equity': 'LiabilitiesAndStockholdersEquity', 'equity': 'StockholdersEquity', 'ebit': 'OperatingIncomeLoss', 'revenue': 'RevenueFromContractWithCustomerExcludingAssessedTax', 'shares': 'EntityCommonStockSharesOutstanding'}"
4127,SWKS,"SKYWORKS SOLUTIONS, INC.","{'debt_st': 'DebtCurrent', 'debt_lt': 'LongTermDebt', 'assets': 'Assets', 'liabilities': 'Liabilities', 'current_assets': 'AssetsCurrent', 'current_liabilities': 'LiabilitiesCurrent', 'retained_earnings': 'RetainedEarningsAccumulatedDeficit', 'liabilities_and_equity': 'LiabilitiesAndStockholdersEquity', 'equity': 'StockholdersEquity', 'ebit': 'OperatingIncomeLoss', 'revenue': 'RevenueFromContractWithCustomerExcludingAssessedTax', 'shares': 'EntityCommonStockSharesOutstanding'}"
4281,HWM,Howmet Aerospace Inc.,"{'debt_st': 'DebtCurrent', 'debt_lt': 'LongTermDebtNoncurrent', 'assets': 'Assets', 'liabilities': 'Liabilities', 'current_assets': 'AssetsCurrent', 'current_liabilities': 'LiabilitiesCurrent', 'retained_earnings': 'RetainedEarningsAccumulatedDeficit', 'liabilities_and_equity': 'LiabilitiesAndStockholdersEquity', 'equity': 'StockholdersEquity', 'ebit': 'OperatingIncomeLoss', 'revenue': 'RevenueFromContractWithCustomerExcludingAssessedTax', 'shares': 'EntityCommonStockSharesOutstanding'}"
4457,UHAL,U-Haul Holding Co /NV/,"{'debt_st': None, 'debt_lt': 'LongTermDebt', 'assets': 'Assets', 'liabilities': 'Liabilities', 'current_assets': None, 'current_liabilities': None, 'retained_earnings': 'RetainedEarningsAccumulatedDeficit', 'liabilities_and_equity': 'LiabilitiesAndStockholdersEquity', 'equity': 'StockholdersEquity', 'ebit': 'OperatingIncomeLoss', 'revenue': 'RevenueFromContractWithCustomerExcludingAssessedTax', 'shares': 'EntityCommonStockSharesOutstanding'}"
4904,AEP,AMERICAN ELECTRIC POWER CO INC,"{'debt_st': 'LongTermDebtCurrent', 'debt_lt': 'LongTermDebtNoncurrent', 'assets': 'Assets', 'liabilities': 'Liabilities', 'current_assets': 'AssetsCurrent', 'current_liabilities': 'LiabilitiesCurrent', 'retained_earnings': 'RetainedEarningsAccumulatedDeficit', 'liabilities_and_equity': 'LiabilitiesAndStockholdersEquity', 'equity': 'StockholdersEquity', 'ebit': 'OperatingIncomeLoss', 'revenue': 'RevenueFromContractWithCustomerExcludingAssessedTax', 'shares': 'EntityCommonStockSharesOutstanding'}"
5981,AVD,AMERICAN VANGUARD CORP,"{'debt_st': 'LongTermDebtCurrent', 'debt_lt': 'LongTermDebtNoncurrent', 'assets': 'Assets', 'liabilities': 'Liabilities', 'current_assets': 'AssetsCurrent', 'current_liabilities': 'LiabilitiesCurrent', 'retained_earnings': 'RetainedEarningsAccumulatedDeficit', 'liabilities_and_equity': 'LiabilitiesAndStockholdersEquity', 'equity': 'StockholdersEquity', 'ebit': 'OperatingIncomeLoss', 'revenue': 'RevenueFromContractWithCustomerExcludingAssessedTax', 'shares': 'EntityCommonStockSharesOutstanding'}"
6176,AP,AMPCO PITTSBURGH CORP,"{'debt_st': 'DebtCurrent', 'debt_lt': 'LongTermDebtNoncurrent', 'assets': 'Assets', 'liabilities': 'Liabilities', 'current_assets': 'AssetsCurrent', 'current_liabilities': 'LiabilitiesCurrent', 'retained_earnings': 'RetainedEarningsAccumulatedDeficit', 'liabilities_and_equity': 'LiabilitiesAndStockholdersEquity', 'equity': 'StockholdersEquity', 'ebit': 'OperatingIncomeLoss', 'revenue': 'RevenueFromContractWithCustomerExcludingAssessedTax', 'shares': 'EntityCommonStockSharesOutstanding'}"
6201,AAL,American Airlines Group Inc.,"{'debt_st': 'LongTermDebtCurrent', 'debt_lt': 'LongTermDebtNoncurrent', 'assets': 'Assets', 'liabilities': None, 'current_assets': 'AssetsCurrent', 'current_liabilities': 'LiabilitiesCurrent', 'retained_earnings': 'RetainedEarningsAccumulatedDeficit', 'liabilities_and_equity': 'LiabilitiesAndStockholdersEquity', 'equity': 'StockholdersEquity', 'ebit': 'OperatingIncomeLoss', 'revenue': 'RevenueFromContractWithCustomerExcludingAssessedTax', 'shares': 'EntityCommonStockSharesOutstanding'}"
6281,ADI,ANALOG DEVICES INC,"{'debt_st': 'DebtCurrent', 'debt_lt': 'LongTermDebtNoncurrent', 'assets': 'Assets', 'liabilities': None, 'current_assets': 'AssetsCurrent', 'current_liabilities': 'LiabilitiesCurrent', 'retained_earnings': 'RetainedEarningsAccumulatedDeficit', 'liabilities_and_equity': 'LiabilitiesAndStockholdersEquity', 'equity': 'StockholdersEquity', 'ebit': 'OperatingIncomeLoss', 'revenue': 'RevenueFromContractWithCustomerExcludingAssessedTax', 'shares': 'EntityCommonStockSharesOutstanding'}"
6845,APOG,"APOGEE ENTERPRISES, INC.","{'debt_st': 'DebtCurrent', 'debt_lt': 'LongTermDebtNoncurrent', 'assets': 'Assets', 'liabilities': None, 'current_assets': 'AssetsCurrent', 'current_liabilities': 'LiabilitiesCurrent', 'retained_earnings': 'RetainedEarningsAccumulatedDeficit', 'liabilities_and_equity': 'LiabilitiesAndStockholdersEquity', 'equity': 'StockholdersEquity', 'ebit': 'OperatingIncomeLoss', 'revenue': 'RevenueFromContractWithCustomerExcludingAssessedTax', 'shares': 'EntityCommonStockSharesOutstanding'}"
6951,AMAT,APPLIED MATERIALS INC /DE,"{'debt_st': 'LongTermDebtCurrent', 'debt_lt': 'LongTermDebtNoncurrent', 'assets': 'Assets', 'liabilities': 'Liabilities', 'current_assets': 'AssetsCurrent', 'current_liabilities': 'LiabilitiesCurrent', 'retained_earnings': 'RetainedEarningsAccumulatedDeficit', 'liabilities_and_equity': 'LiabilitiesAndStockholdersEquity', 'equity': 'StockholdersEquity', 'ebit': 'OperatingIncomeLoss', 'revenue': 'RevenueFromContractWithCustomerExcludingAssessedTax', 'shares': 'EntityCommonStockSharesOutstanding'}"
6955,EPAC,ENERPAC TOOL GROUP CORP,"{'debt_st': 'LongTermDebtCurrent', 'debt_lt': 'LongTermDebtNoncurrent', 'assets': 'Assets', 'liabilities': 'Liabilities', 'current_assets': 'AssetsCurrent', 'current_liabilities': 'LiabilitiesCurrent', 'retained_earnings': 'RetainedEarningsAccumulatedDeficit', 'liabilities_and_equity': 'LiabilitiesAndStockholdersEquity', 'equity': 'StockholdersEquityIncludingPortionAttributableToNoncontrollingInterest', 'ebit': 'OperatingIncomeLoss', 'revenue': 'RevenueFromContractWithCustomerExcludingAssessedTax', 'shares': 'EntityCommonStockSharesOutstanding'}"
7084,ADM,Archer-Daniels-Midland Co,"{'debt_st': 'LongTermDebtCurrent', 'debt_lt': 'LongTermDebtNoncurrent', 'assets': 'Assets', 'liabilities': None, 'current_assets': 'AssetsCurrent', 'current_liabilities': 'LiabilitiesCurrent', 'retained_earnings': 'RetainedEarningsAccumulatedDeficit', 'liabilities_and_equity': 'LiabilitiesAndStockholdersEquity', 'equity': 'StockholdersEquityIncludingPortionAttributableToNoncontrollingInterest', 'ebit': 'IncomeLossFromContinuingOperationsBeforeIncomeTaxesExtraordinaryItemsNoncontrollingInterest', 'revenue': 'RevenueFromContractWithCustomerExcludingAssessedTax', 'shares': 'EntityCommonStockSharesOutstanding'}"
7431,AWI,ARMSTRONG WORLD INDUSTRIES INC,"{'debt_st': 'LongTermDebtCurrent', 'debt_lt': 'LongTermDebtNoncurrent', 'assets': 'Assets', 'liabilities': None, 'current_assets': 'AssetsCurrent', 'current_liabilities': 'LiabilitiesCurrent', 'retained_earnings': 'RetainedEarningsAccumulatedDeficit', 'liabilities_and_equity': 'LiabilitiesAndStockholdersEquity', 'equity': 'StockholdersEquity', 'ebit': 'OperatingIncomeLoss', 'revenue': 'RevenueFromContractWithCustomerExcludingAssessedTax', 'shares': 'EntityCommonStockSharesOutstanding'}"
7536,ARW,"ARROW ELECTRONICS, INC.","{'debt_st': 'DebtCurrent', 'debt_lt': 'LongTermDebtNoncurrent', 'assets': 'Assets', 'liabilities': None, 'current_assets': 'AssetsCurrent', 'current_liabilities': 'LiabilitiesCurrent', 'retained_earnings': 'RetainedEarningsAccumulatedDeficit', 'liabilities_and_equity': 'LiabilitiesAndStockholdersEquity', 'equity': 'StockholdersEquity', 'ebit': 'OperatingIncomeLoss', 'revenue': 'Revenues', 'shares': 'EntityCommonStockSharesOutstanding'}"
8063,ATRO,ASTRONICS CORP,"{'debt_st': 'LongTermDebtCurrent', 'debt_lt': 'LongTermDebtNoncurrent', 'assets': 'Assets', 'liabilities': 'Liabilities', 'current_assets': 'AssetsCurrent', 'current_liabilities': 'LiabilitiesCurrent', 'retained_earnings': 'RetainedEarningsAccumulatedDeficit', 'liabilities_and_equity': 'LiabilitiesAndStockholdersEquity', 'equity': 'StockholdersEquity', 'ebit': 'OperatingIncomeLoss', 'revenue': 'RevenueFromContractWithCustomerExcludingAssessedTax', 'shares': 'EntityCommonStockSharesOutstanding'}"
8670,ADP,AUTOMATIC DATA PROCESSING INC,"{'debt_st': 'DebtCurrent', 'debt_lt': 'LongTermDebtNoncurrent', 'assets': 'Assets', 'liabilities': 'Liabilities', 'current_assets': 'AssetsCurrent', 'current_liabilities': 'LiabilitiesCurrent', 'retained_earnings': 'RetainedEarningsAccumulatedDeficit', 'liabilities_and_equity': 'LiabilitiesAndStockholdersEquity', 'equity': 'StockholdersEquity', 'ebit': 'IncomeLossFromContinuingOperationsBeforeIncomeTaxesExtraordinaryItemsNoncontrollingInterest', 'revenue': 'RevenueFromContractWithCustomerExcludingAssessedTax', 'shares': 'EntityCommonStockSharesOutstanding'}"
8818,AVY,Avery Dennison Corp,"{'debt_st': 'DebtCurrent', 'debt_lt': 'LongTermDebtNoncurrent', 'assets': 'Assets', 'liabilities': None, 'current_assets': 'AssetsCurrent', 'current_liabilities': 'LiabilitiesCurrent', 'retained_earnings': 'RetainedEarningsAccumulatedDeficit', 'liabilities_and_equity': 'LiabilitiesAndStockholdersEquity', 'equity': 'StockholdersEquity', 'ebit': 'IncomeLossFromContinuingOperationsBeforeIncomeTaxesExtraordinaryItemsNoncontrollingInterest', 'revenue': 'RevenueFromContractWithCustomerExcludingAssessedTax', 'shares': 'EntityCommonStockSharesOutstanding'}"
8858,AVT,AVNET INC,"{'debt_st': 'DebtCurrent', 'debt_lt': 'LongTermDebtNoncurrent', 'assets': 'Assets', 'liabilities': 'Liabilities', 'current_assets': 'AssetsCurrent', 'current_liabilities': 'LiabilitiesCurrent', 'retained_earnings': 'RetainedEarningsAccumulatedDeficit', 'liabilities_and_equity': 'LiabilitiesAndStockholdersEquity', 'equity': 'StockholdersEquity', 'ebit': 'OperatingIncomeLoss', 'revenue': 'RevenueFromContractWithCustomerExcludingAssessedTax', 'shares': 'EntityCommonStockSharesOutstanding'}"
8947,AZZ,AZZ INC,"{'debt_st': 'DebtCurrent', 'debt_lt': 'LongTermDebtNoncurrent', 'assets': 'Assets', 'liabilities': 'Liabilities', 'current_assets': 'AssetsCurrent', 'current_liabilities': 'LiabilitiesCurrent', 'retained_earnings': 'RetainedEarningsAccumulatedDeficit', 'liabilities_and_equity': 'LiabilitiesAndStockholdersEquity', 'equity': 'StockholdersEquity', 'ebit': 'OperatingIncomeLoss', 'revenue': 'RevenueFromContractWithCustomerExcludingAssessedTax', 'shares': 'EntityCommonStockSharesOutstanding'}"
9092,BMI,BADGER METER INC,"{'debt_st': 'ShortTermBorrowings', 'debt_lt': None, 'assets': 'Assets', 'liabilities': 'Liabilities', 'current_assets': 'AssetsCurrent', 'current_liabilities': 'LiabilitiesCurrent', 'retained_earnings': 'RetainedEarningsAccumulatedDeficit', 'liabilities_and_equity': 'LiabilitiesAndStockholdersEquity', 'equity': 'StockholdersEquity', 'ebit': 'OperatingIncomeLoss', 'revenue': 'RevenueFromContractWithCustomerExcludingAssessedTax', 'shares': 'EntityCommonStockSharesOutstanding'}"
9326,BCPC,BALCHEM CORP,"{'debt_st': 'DebtCurrent', 'debt_lt': 'LongTermDebtNoncurrent', 'assets': 'Assets', 'liabilities': 'Liabilities', 'current_assets': 'AssetsCurrent', 'current_liabilities': 'LiabilitiesCurrent', 'retained_earnings': 'RetainedEarningsAccumulatedDeficit', 'liabilities_and_equity': 'LiabilitiesAndStockholdersEquity', 'equity': 'StockholdersEquity', 'ebit': 'OperatingIncomeLoss', 'revenue': 'RevenueFromContractWithCustomerExcludingAssessedTax', 'shares': 'EntityCommonStockSharesOutstanding'}"
9389,BALL,BALL Corp,"{'debt_st': 'DebtCurrent', 'debt_lt': 'LongTermDebtNoncurrent', 'assets': 'Assets', 'liabilities': 'Liabilities', 'current_assets': 'AssetsCurrent', 'current_liabilities': 'LiabilitiesCurrent', 'retained_earnings': 'RetainedEarningsAccumulatedDeficit', 'liabilities_and_equity': 'LiabilitiesAndStockholdersEquity', 'equity': 'StockholdersEquity', 'ebit': 'OperatingIncomeLoss', 'revenue': 'RevenueFromContractWithCustomerIncludingAssessedTax', 'shares': 'EntityCommonStockSharesOutstanding'}"
10329,BSET,BASSETT FURNITURE INDUSTRIES INC,"{'debt_st': 'LongTermDebtCurrent', 'debt_lt': 'LongTermDebtNoncurrent', 'assets': 'Assets', 'liabilities': None, 'current_assets': 'AssetsCurrent', 'current_liabilities': 'LiabilitiesCurrent', 'retained_earnings': 'RetainedEarningsAccumulatedDeficit', 'liabilities_and_equity': 'LiabilitiesAndStockholdersEquity', 'equity': 'StockholdersEquity', 'ebit': 'OperatingIncomeLoss', 'revenue': 'RevenueFromContractWithCustomerExcludingAssessedTax', 'shares': 'EntityCommonStockSharesOutstanding'}"
10456,BAX,BAXTER INTERNATIONAL INC,"{'debt_st': 'ShortTermBorrowings', 'debt_lt': 'LongTermDebtAndCapitalLeaseObligationsIncludingCurrentMaturities', 'assets': 'Assets', 'liabilities': 'Liabilities', 'current_assets': 'AssetsCurrent', 'current_liabilities': 'LiabilitiesCurrent', 'retained_earnings': 'RetainedEarningsAccumulatedDeficit', 'liabilities_and_equity': 'LiabilitiesAndStockholdersEquity', 'equity': 'StockholdersEquity', 'ebit': 'OperatingIncomeLoss', 'revenue': 'RevenueFromContractWithCustomerExcludingAssessedTax', 'shares': 'EntityCommonStockSharesOutstanding'}"
10795,BDX,BECTON DICKINSON & CO,"{'debt_st': 'DebtCurrent', 'debt_lt': 'LongTermDebtNoncurrent', 'assets': 'Assets', 'liabilities': None, 'current_assets': 'AssetsCurrent', 'current_liabilities': 'LiabilitiesCurrent', 'retained_earnings': 'RetainedEarningsAccumulatedDeficit', 'liabilities_and_equity': 'LiabilitiesAndStockholdersEquity', 'equity': 'StockholdersEquity', 'ebit': 'OperatingIncomeLoss', 'revenue': 'Revenues', 'shares': 'EntityCommonStockSharesOutstanding'}"
12659,HRB,H&R BLOCK INC,"{'debt_st': 'DebtCurrent', 'debt_lt': 'LongTermDebtNoncurrent', 'assets': 'Assets', 'liabilities': 'Liabilities', 'current_assets': 'AssetsCurrent', 'current_liabilities': 'LiabilitiesCurrent', 'retained_earnings': 'RetainedEarningsAccumulatedDeficit', 'liabilities_and_equity': 'LiabilitiesAndStockholdersEquity', 'equity': 'StockholdersEquity', 'ebit': 'OperatingIncomeLoss', 'revenue': 'RevenueFromContractWithCustomerExcludingAssessedTax', 'shares': 'EntityCommonStockSharesOutstanding'}"
12927,BA,BOEING CO,"{'debt_st': 'DebtCurrent', 'debt_lt': 'LongTermDebtAndCapitalLeaseObligations', 'assets': 'Assets', 'liabilities': 'Liabilities', 'current_assets': 'AssetsCurrent', 'current_liabilities': 'LiabilitiesCurrent', 'retained_earnings': 'RetainedEarningsAccumulatedDeficit', 'liabilities_and_equity': 'LiabilitiesAndStockholdersEquity', 'equity': 'StockholdersEquity', 'ebit': 'OperatingIncomeLoss', 'revenue': 'RevenueFromContractWithCustomerExcludingAssessedTax', 'shares': 'EntityCommonStockSharesOutstanding'}"
14272,BMY,BRISTOL MYERS SQUIBB CO,"{'debt_st': 'DebtCurrent', 'debt_lt': 'LongTermDebtNoncurrent', 'assets': 'Assets', 'liabilities': 'Liabilities', 'current_assets': 'AssetsCurrent', 'current_liabilities': 'LiabilitiesCurrent', 'retained_earnings': 'RetainedEarningsAccumulatedDeficit', 'liabilities_and_equity': 'LiabilitiesAndStockholdersEquity', 'equity': 'StockholdersEquity', 'ebit': 'IncomeLossFromContinuingOperationsBeforeIncomeTaxesExtraordinaryItemsNoncontrollingInterest', 'revenue': 'Revenues', 'shares': 'EntityCommonStockSharesOutstanding'}"
14707,CAL,CALERES INC,"{'debt_st': 'LongTermDebtCurrent', 'debt_lt': 'LongTermDebt', 'assets': 'Assets', 'liabilities': None, 'current_assets': 'AssetsCurrent', 'current_liabilities': 'LiabilitiesCurrent', 'retained_earnings': 'RetainedEarningsAccumulatedDeficit', 'liabilities_and_equity': 'LiabilitiesAndStockholdersEquity', 'equity': 'StockholdersEquity', 'ebit': 'OperatingIncomeLoss', 'revenue': 'Revenues', 'shares': 'EntityCommonStockSharesOutstanding'}"
14930,BC,BRUNSWICK CORP,"{'debt_st': 'DebtCurrent', 'debt_lt': 'LongTermDebtNoncurrent', 'assets': 'Assets', 'liabilities': None, 'current_assets': 'AssetsCurrent', 'current_liabilities': 'LiabilitiesCurrent', 'retained_earnings': 'RetainedEarningsAccumulatedDeficit', 'liabilities_and_equity': 'LiabilitiesAndStockholdersEquity', 'equity': 'StockholdersEquity', 'ebit': 'OperatingIncomeLoss', 'revenue': 'RevenueFromContractWithCustomerExcludingAssessedTax', 'shares': 'EntityCommonStockSharesOutstanding'}"
15615,MTZ,MASTEC INC,"{'debt_st': 'DebtCurrent', 'debt_lt': 'LongTermDebtAndCapitalLeaseObligationsIncludingCurrentMaturities', 'assets': 'Assets', 'liabilities': 'Liabilities', 'current_assets': 'AssetsCurrent', 'current_liabilities': 'LiabilitiesCurrent', 'retained_earnings': 'RetainedEarningsAccumulatedDeficit', 'liabilities_and_equity': 'LiabilitiesAndStockholdersEquity', 'equity': 'StockholdersEquity', 'ebit': 'IncomeLossFromContinuingOperationsBeforeIncomeTaxesExtraordinaryItemsNoncontrollingInterest', 'revenue': 'Revenues', 'shares': 'EntityCommonStockSharesOutstanding'}"
16040,CBT,CABOT CORP,"{'debt_st': 'LongTermDebtCurrent', 'debt_lt': 'LongTermDebtNoncurrent', 'assets': 'Assets', 'liabilities': None, 'current_assets': 'AssetsCurrent', 'current_liabilities': 'LiabilitiesCurrent', 'retained_earnings': 'RetainedEarningsAccumulatedDeficit', 'liabilities_and_equity': 'LiabilitiesAndStockholdersEquity', 'equity': 'StockholdersEquity', 'ebit': 'OperatingIncomeLoss', 'revenue': 'Revenues', 'shares': 'EntityCommonStockSharesOutstanding'}"
16058,CACI,CACI INTERNATIONAL INC /DE/,"{'debt_st': 'LongTermDebtCurrent', 'debt_lt': 'LongTermDebtNoncurrent', 'assets': 'Assets', 'liabilities': 'Liabilities', 'current_assets': 'AssetsCurrent', 'current_liabilities': 'LiabilitiesCurrent', 'retained_earnings': 'RetainedEarningsAccumulatedDeficit', 'liabilities_and_equity': 'LiabilitiesAndStockholdersEquity', 'equity': 'StockholdersEquity', 'ebit': 'OperatingIncomeLoss', 'revenue': 'RevenueFromContractWithCustomerExcludingAssessedTax', 'shares': 'EntityCommonStockSharesOutstanding'}"
16732,CPB,CAMPBELL'S Co,"{'debt_st': 'DebtCurrent', 'debt_lt': 'LongTermDebtNoncurrent', 'assets': 'Assets', 'liabilities': 'Liabilities', 'current_assets': 'AssetsCurrent', 'current_liabilities': 'LiabilitiesCurrent', 'retained_earnings': 'RetainedEarningsAccumulatedDeficit', 'liabilities_and_equity': 'LiabilitiesAndStockholdersEquity', 'equity': 'StockholdersEquity', 'ebit': 'OperatingIncomeLoss', 'revenue': 'Revenues', 'shares': 'EntityCommonStockSharesOutstanding'}"
17313,CSWC,CAPITAL SOUTHWEST CORP,"{'debt_st': None, 'debt_lt': 'LongTermDebt', 'assets': 'Assets', 'liabilities': 'Liabilities', 'current_assets': None, 'current_liabilities': None, 'retained_earnings': 'RetainedEarningsAccumulatedDeficit', 'liabilities_and_equity': 'LiabilitiesAndStockholdersEquity', 'equity': 'StockholdersEquity', 'ebit': None, 'revenue': 'Revenues', 'shares': 'EntityCommonStockSharesOutstanding'}"
17843,CRS,CARPENTER TECHNOLOGY CORP,"{'debt_st': 'LongTermDebtCurrent', 'debt_lt': 'LongTermDebtNoncurrent', 'assets': 'Assets', 'liabilities': 'Liabilities', 'current_assets': 'AssetsCurrent', 'current_liabilities': 'LiabilitiesCurrent', 'retained_earnings': 'RetainedEarningsAccumulatedDeficit', 'liabilities_and_equity': 'LiabilitiesAndStockholdersEquity', 'equity': 'StockholdersEquity', 'ebit': 'OperatingIncomeLoss', 'revenue': 'RevenueFromContractWithCustomerExcludingAssessedTax', 'shares': 'EntityCommonStockSharesOutstanding'}"
18230,CAT,CATERPILLAR INC,"{'debt_st': 'ShortTermBorrowings', 'debt_lt': 'LongTermDebtNoncurrent', 'assets': 'Assets', 'liabilities': 'Liabilities', 'current_assets': 'AssetsCurrent', 'current_liabilities': 'LiabilitiesCurrent', 'retained_earnings': 'RetainedEarningsAccumulatedDeficit', 'liabilities_and_equity': 'LiabilitiesAndStockholdersEquity', 'equity': 'StockholdersEquityIncludingPortionAttributableToNoncontrollingInterest', 'ebit': 'OperatingIncomeLoss', 'revenue': 'Revenues', 'shares': 'EntityCommonStockSharesOutstanding'}"
18498,GCO,GENESCO INC,"{'debt_st': 'LongTermDebtCurrent', 'debt_lt': 'LongTermDebtNoncurrent', 'assets': 'Assets', 'liabilities': 'Liabilities', 'current_assets': 'AssetsCurrent', 'current_liabilities': 'LiabilitiesCurrent', 'retained_earnings': 'RetainedEarningsAccumulatedDeficit', 'liabilities_and_equity': 'LiabilitiesAndStockholdersEquity', 'equity': 'StockholdersEquity', 'ebit': 'OperatingIncomeLoss', 'revenue': 'RevenueFromContractWithCustomerExcludingAssessedTax', 'shares': 'EntityCommonStockSharesOutstanding'}"
18926,LUMN,"Lumen Technologies, Inc.","{'debt_st': 'LongTermDebtCurrent', 'debt_lt': 'LongTermDebtAndCapitalLeaseObligationsIncludingCurrentMaturities', 'assets': 'Assets', 'liabilities': None, 'current_assets': 'AssetsCurrent', 'current_liabilities': 'LiabilitiesCurrent', 'retained_earnings': 'RetainedEarningsAccumulatedDeficit', 'liabilities_and_equity': 'LiabilitiesAndStockholdersEquity', 'equity': 'StockholdersEquity', 'ebit': 'OperatingIncomeLoss', 'revenue': 'RevenueFromContractWithCustomerExcludingAssessedTax', 'shares': 'EntityCommonStockSharesOutstanding'}"
19584,CHE,CHEMED CORP,"{'debt_st': 'LongTermDebtCurrent', 'debt_lt': 'LongTermDebtNoncurrent', 'assets': 'Assets', 'liabilities': 'Liabilities', 'current_assets': 'AssetsCurrent', 'current_liabilities': 'LiabilitiesCurrent', 'retained_earnings': 'RetainedEarningsAccumulatedDeficit', 'liabilities_and_equity': 'LiabilitiesAndStockholdersEquity', 'equity': 'StockholdersEquity', 'ebit': 'OperatingIncomeLoss', 'revenue': 'RevenueFromContractWithCustomerExcludingAssessedTax', 'shares': 'EntityCommonStockSharesOutstanding'}"
19745,CPK,CHESAPEAKE UTILITIES CORP,"{'debt_st': 'LongTermDebtCurrent', 'debt_lt': 'LongTermDebtNoncurrent', 'assets': 'Assets', 'liabilities': None, 'current_assets': 'AssetsCurrent', 'current_liabilities': 'LiabilitiesCurrent', 'retained_earnings': 'RetainedEarningsAccumulatedDeficit', 'liabilities_and_equity': 'LiabilitiesAndStockholdersEquity', 'equity': 'StockholdersEquity', 'ebit': 'OperatingIncomeLoss', 'revenue': 'RevenueFromContractWithCustomerExcludingAssessedTax', 'shares': 'EntityCommonStockSharesOutstanding'}"
20212,CHDN,Churchill Downs Inc,"{'debt_st': 'LongTermDebtCurrent', 'debt_lt': 'LongTermDebtNoncurrent', 'assets': 'Assets', 'liabilities': 'Liabilities', 'current_assets': 'AssetsCurrent', 'current_liabilities': 'LiabilitiesCurrent', 'retained_earnings': 'RetainedEarningsAccumulatedDeficit', 'liabilities_and_equity': 'LiabilitiesAndStockholdersEquity', 'equity': 'StockholdersEquity', 'ebit': 'OperatingIncomeLoss', 'revenue': 'RevenueFromContractWithCustomerExcludingAssessedTax', 'shares': 'EntityCommonStockSharesOutstanding'}"
21076,CLX,CLOROX CO /DE/,"{'debt_st': 'DebtCurrent', 'debt_lt': 'LongTermDebtNoncurrent', 'assets': 'Assets', 'liabilities': 'Liabilities', 'current_assets': 'AssetsCurrent', 'current_liabilities': 'LiabilitiesCurrent', 'retained_earnings': 'RetainedEarningsAccumulatedDeficit', 'liabilities_and_equity': 'LiabilitiesAndStockholdersEquity', 'equity': 'StockholdersEquity', 'ebit': 'IncomeLossFromContinuingOperationsBeforeIncomeTaxesExtraordinaryItemsNoncontrollingInterest', 'revenue': 'RevenueFromContractWithCustomerExcludingAssessedTax', 'shares': 'EntityCommonStockSharesOutstanding'}"
21344,KO,COCA COLA CO,"{'debt_st': 'LongTermDebtCurrent', 'debt_lt': 'LongTermDebtNoncurrent', 'assets': 'Assets', 'liabilities': None, 'current_assets': 'AssetsCurrent', 'current_liabilities': 'LiabilitiesCurrent', 'retained_earnings': 'RetainedEarningsAccumulatedDeficit', 'liabilities_and_equity': 'LiabilitiesAndStockholdersEquity', 'equity': 'StockholdersEquity', 'ebit': 'OperatingIncomeLoss', 'revenue': 'Revenues', 'shares': 'EntityCommonStockSharesOutstanding'}"
21510,COHR,COHERENT INC,"{'debt_st': 'LongTermDebtCurrent', 'debt_lt': 'LongTermDebtAndCapitalLeaseObligations', 'assets': 'Assets', 'liabilities': None, 'current_assets': 'AssetsCurrent', 'current_liabilities': 'LiabilitiesCurrent', 'retained_earnings': 'RetainedEarningsAccumulatedDeficit', 'liabilities_and_equity': 'LiabilitiesAndStockholdersEquity', 'equity': 'StockholdersEquity', 'ebit': 'OperatingIncomeLoss', 'revenue': 'Revenues', 'shares': 'EntityCommonStockSharesOutstanding'}"
21535,COHU,COHU INC,"{'debt_st': 'LongTermDebtCurrent', 'debt_lt': 'LongTermDebtNoncurrent', 'assets': 'Assets', 'liabilities': None, 'current_assets': 'AssetsCurrent', 'current_liabilities': 'LiabilitiesCurrent', 'retained_earnings': 'RetainedEarningsAccumulatedDeficit', 'liabilities_and_equity': 'LiabilitiesAndStockholdersEquity', 'equity': 'StockholdersEquity', 'ebit': 'OperatingIncomeLoss', 'revenue': 'RevenueFromContractWithCustomerIncludingAssessedTax', 'shares': 'EntityCommonStockSharesOutstanding'}"
21665,CL,COLGATE PALMOLIVE CO,"{'debt_st': 'LongTermDebtCurrent', 'debt_lt': 'LongTermDebtNoncurrent', 'assets': 'Assets', 'liabilities': 'Liabilities', 'current_assets': 'AssetsCurrent', 'current_liabilities': 'LiabilitiesCurrent', 'retained_earnings': 'RetainedEarningsAccumulatedDeficit', 'liabilities_and_equity': 'LiabilitiesAndStockholdersEquity', 'equity': 'StockholdersEquity', 'ebit': 'OperatingIncomeLoss', 'revenue': 'RevenueFromContractWithCustomerExcludingAssessedTax', 'shares': 'EntityCommonStockSharesOutstanding'}"
22444,CMC,COMMERCIAL METALS Co,"{'debt_st': 'LongTermDebtCurrent', 'debt_lt': 'LongTermDebtNoncurrent', 'assets': 'Assets', 'liabilities': 'Liabilities', 'current_assets': 'AssetsCurrent', 'current_liabilities': 'LiabilitiesCurrent', 'retained_earnings': 'RetainedEarningsAccumulatedDeficit', 'liabilities_and_equity': 'LiabilitiesAndStockholdersEquity', 'equity': 'StockholdersEquity', 'ebit': 'IncomeLossFromContinuingOperationsBeforeIncomeTaxesExtraordinaryItemsNoncontrollingInterest', 'revenue': 'Revenues', 'shares': 'EntityCommonStockSharesOutstanding'}"
23194,CRK,COMSTOCK RESOURCES INC,"{'debt_st': 'LongTermDebtCurrent', 'debt_lt': 'LongTermDebtNoncurrent', 'assets': 'Assets', 'liabilities': 'Liabilities', 'current_assets': 'AssetsCurrent', 'current_liabilities': 'LiabilitiesCurrent', 'retained_earnings': 'RetainedEarningsAccumulatedDeficit', 'liabilities_and_equity': 'LiabilitiesAndStockholdersEquity', 'equity': 'StockholdersEquity', 'ebit': 'OperatingIncomeLoss', 'revenue': 'RevenueFromContractWithCustomerExcludingAssessedTax', 'shares': 'EntityCommonStockSharesOutstanding'}"
23197,CMTL,COMTECH TELECOMMUNICATIONS CORP /DE/,"{'debt_st': 'LongTermDebtCurrent', 'debt_lt': 'LongTermDebtNoncurrent', 'assets': 'Assets', 'liabilities': 'Liabilities', 'current_assets': 'AssetsCurrent', 'current_liabilities': 'LiabilitiesCurrent', 'retained_earnings': 'RetainedEarningsAccumulatedDeficit', 'liabilities_and_equity': 'LiabilitiesAndStockholdersEquity', 'equity': 'StockholdersEquity', 'ebit': 'OperatingIncomeLoss', 'revenue': 'Revenues', 'shares': 'EntityCommonStockSharesOutstanding'}"
23217,CAG,CONAGRA BRANDS INC.,"{'debt_st': 'LongTermDebtCurrent', 'debt_lt': 'LongTermDebtNoncurrent', 'assets': 'Assets', 'liabilities': 'Liabilities', 'current_assets': 'AssetsCurrent', 'current_liabilities': 'LiabilitiesCurrent', 'retained_earnings': 'RetainedEarningsAccumulatedDeficit', 'liabilities_and_equity': 'LiabilitiesAndStockholdersEquity', 'equity': 'StockholdersEquity', 'ebit': 'OperatingIncomeLoss', 'revenue': 'RevenueFromContractWithCustomerExcludingAssessedTax', 'shares': 'EntityCommonStockSharesOutstanding'}"
24741,GLW,CORNING INC /NY,"{'debt_st': 'DebtCurrent', 'debt_lt': 'LongTermDebtAndCapitalLeaseObligationsIncludingCurrentMaturities', 'assets': 'Assets', 'liabilities': 'Liabilities', 'current_assets': 'AssetsCurrent', 'current_liabilities': 'LiabilitiesCurrent', 'retained_earnings': 'RetainedEarningsAccumulatedDeficit', 'liabilities_and_equity': 'LiabilitiesAndStockholdersEquity', 'equity': 'StockholdersEquity', 'ebit': 'OperatingIncomeLoss', 'revenue': 'Revenues', 'shares': 'EntityCommonStockSharesOutstanding'}"
25445,CXT,"Crane NXT, Co.","{'debt_st': 'LongTermDebtCurrent', 'debt_lt': 'LongTermDebtNoncurrent', 'assets': 'Assets', 'liabilities': 'Liabilities', 'current_assets': 'AssetsCurrent', 'current_liabilities': 'LiabilitiesCurrent', 'retained_earnings': 'RetainedEarningsAccumulatedDeficit', 'liabilities_and_equity': 'LiabilitiesAndStockholdersEquity', 'equity': 'StockholdersEquity', 'ebit': 'OperatingIncomeLoss', 'revenue': 'RevenueFromContractWithCustomerExcludingAssessedTax', 'shares': 'EntityCommonStockSharesOutstanding'}"
26172,CMI,CUMMINS INC,"{'debt_st': 'DebtCurrent', 'debt_lt': 'LongTermDebtAndCapitalLeaseObligations', 'assets': 'Assets', 'liabilities': 'Liabilities', 'current_assets': 'AssetsCurrent', 'current_liabilities': 'LiabilitiesCurrent', 'retained_earnings': 'RetainedEarningsAccumulatedDeficit', 'liabilities_and_equity': 'LiabilitiesAndStockholdersEquity', 'equity': 'StockholdersEquity', 'ebit': 'OperatingIncomeLoss', 'revenue': 'Revenues', 'shares': 'EntityCommonStockSharesOutstanding'}"
26324,CW,CURTISS WRIGHT CORP,"{'debt_st': 'DebtCurrent', 'debt_lt': 'LongTermDebtNoncurrent', 'assets': 'Assets', 'liabilities': 'Liabilities', 'current_assets': 'AssetsCurrent', 'current_liabilities': 'LiabilitiesCurrent', 'retained_earnings': 'RetainedEarningsAccumulatedDeficit', 'liabilities_and_equity': 'LiabilitiesAndStockholdersEquity', 'equity': 'StockholdersEquity', 'ebit': 'OperatingIncomeLoss', 'revenue': 'RevenueFromContractWithCustomerExcludingAssessedTax', 'shares': 'EntityCommonStockSharesOutstanding'}"
27419,TGT,TARGET CORP,"{'debt_st': 'LongTermDebtCurrent', 'debt_lt': 'LongTermDebtNoncurrent', 'assets': 'Assets', 'liabilities': None, 'current_assets': 'AssetsCurrent', 'current_liabilities': 'LiabilitiesCurrent', 'retained_earnings': 'RetainedEarningsAccumulatedDeficit', 'liabilities_and_equity': 'LiabilitiesAndStockholdersEquity', 'equity': 'StockholdersEquity', 'ebit': 'OperatingIncomeLoss', 'revenue': 'RevenueFromContractWithCustomerExcludingAssessedTax', 'shares': 'EntityCommonStockSharesOutstanding'}"
27996,DLX,DELUXE CORP,"{'debt_st': 'LongTermDebtCurrent', 'debt_lt': 'LongTermDebtNoncurrent', 'assets': 'Assets', 'liabilities': None, 'current_assets': 'AssetsCurrent', 'current_liabilities': 'LiabilitiesCurrent', 'retained_earnings': 'RetainedEarningsAccumulatedDeficit', 'liabilities_and_equity': 'LiabilitiesAndStockholdersEquity', 'equity': 'StockholdersEquity', 'ebit': 'OperatingIncomeLoss', 'revenue': 'Revenues', 'shares': 'EntityCommonStockSharesOutstanding'}"
29002,DIOD,DIODES INC /DEL/,"{'debt_st': 'DebtCurrent', 'debt_lt': 'LongTermDebt', 'assets': 'Assets', 'liabilities': 'Liabilities', 'current_assets': 'AssetsCurrent', 'current_liabilities': 'LiabilitiesCurrent', 'retained_earnings': None, 'liabilities_and_equity': 'LiabilitiesAndStockholdersEquity', 'equity': 'StockholdersEquity', 'ebit': 'OperatingIncomeLoss', 'revenue': 'RevenueFromContractWithCustomerExcludingAssessedTax', 'shares': 'EntityCommonStockSharesOutstanding'}"
29534,DG,DOLLAR GENERAL CORP,"{'debt_st': 'LongTermDebtCurrent', 'debt_lt': 'LongTermDebtNoncurrent', 'assets': 'Assets', 'liabilities': 'Liabilities', 'current_assets': 'AssetsCurrent', 'current_liabilities': 'LiabilitiesCurrent', 'retained_earnings': 'RetainedEarningsAccumulatedDeficit', 'liabilities_and_equity': 'LiabilitiesAndStockholdersEquity', 'equity': 'StockholdersEquity', 'ebit': 'OperatingIncomeLoss', 'revenue': 'RevenueFromContractWithCustomerExcludingAssessedTax', 'shares': 'EntityCommonStockSharesOutstanding'}"
29644,DCI,DONALDSON Co INC,"{'debt_st': 'LongTermDebtCurrent', 'debt_lt': 'LongTermDebtAndCapitalLeaseObligationsIncludingCurrentMaturities', 'assets': 'Assets', 'liabilities': 'Liabilities', 'current_assets': 'AssetsCurrent', 'current_liabilities': 'LiabilitiesCurrent', 'retained_earnings': 'RetainedEarningsAccumulatedDeficit', 'liabilities_and_equity': 'LiabilitiesAndStockholdersEquity', 'equity': 'StockholdersEquity', 'ebit': 'OperatingIncomeLoss', 'revenue': 'Revenues', 'shares': 'EntityCommonStockSharesOutstanding'}"
29905,DOV,DOVER Corp,"{'debt_st': 'DebtCurrent', 'debt_lt': 'LongTermDebtNoncurrent', 'assets': 'Assets', 'liabilities': 'Liabilities', 'current_assets': 'AssetsCurrent', 'current_liabilities': 'LiabilitiesCurrent', 'retained_earnings': 'RetainedEarningsAccumulatedDeficit', 'liabilities_and_equity': 'LiabilitiesAndStockholdersEquity', 'equity': 'StockholdersEquity', 'ebit': 'OperatingIncomeLoss', 'revenue': 'RevenueFromContractWithCustomerExcludingAssessedTax', 'shares': 'EntityCommonStockSharesOutstanding'}"
29989,OMC,OMNICOM GROUP INC.,"{'debt_st': 'LongTermDebtCurrent', 'debt_lt': 'LongTermDebt', 'assets': 'Assets', 'liabilities': None, 'current_assets': 'AssetsCurrent', 'current_liabilities': 'LiabilitiesCurrent', 'retained_earnings': 'RetainedEarningsAccumulatedDeficit', 'liabilities_and_equity': 'LiabilitiesAndStockholdersEquity', 'equity': 'StockholdersEquity', 'ebit': 'OperatingIncomeLoss', 'revenue': 'Revenues', 'shares': 'EntityCommonStockSharesOutstanding'}"
30305,DCO,DUCOMMUN INC /DE/,"{'debt_st': 'DebtCurrent', 'debt_lt': 'LongTermDebtNoncurrent', 'assets': 'Assets', 'liabilities': 'Liabilities', 'current_assets': 'AssetsCurrent', 'current_liabilities': 'LiabilitiesCurrent', 'retained_earnings': 'RetainedEarningsAccumulatedDeficit', 'liabilities_and_equity': 'LiabilitiesAndStockholdersEquity', 'equity': 'StockholdersEquity', 'ebit': 'OperatingIncomeLoss', 'revenue': 'RevenueFromContractWithCustomerExcludingAssessedTax', 'shares': 'EntityCommonStockSharesOutstanding'}"
30625,FLS,FLOWSERVE CORP,"{'debt_st': 'DebtCurrent', 'debt_lt': 'LongTermDebtNoncurrent', 'assets': 'Assets', 'liabilities': 'Liabilities', 'current_assets': 'AssetsCurrent', 'current_liabilities': 'LiabilitiesCurrent', 'retained_earnings': 'RetainedEarningsAccumulatedDeficit', 'liabilities_and_equity': 'LiabilitiesAndStockholdersEquity', 'equity': 'StockholdersEquity', 'ebit': 'OperatingIncomeLoss', 'revenue': 'RevenueFromContractWithCustomerExcludingAssessedTax', 'shares': 'EntityCommonStockSharesOutstanding'}"
30697,WEN,Wendy's Co,"{'debt_st': 'DebtCurrent', 'debt_lt': 'LongTermDebtNoncurrent', 'assets': 'Assets', 'liabilities': 'Liabilities', 'current_assets': 'AssetsCurrent', 'current_liabilities': 'LiabilitiesCurrent', 'retained_earnings': 'RetainedEarningsAccumulatedDeficit', 'liabilities_and_equity': 'LiabilitiesAndStockholdersEquity', 'equity': 'StockholdersEquity', 'ebit': 'OperatingIncomeLoss', 'revenue': 'Revenues', 'shares': 'EntityCommonStockSharesOutstanding'}"
31235,KODK,EASTMAN KODAK CO,"{'debt_st': 'DebtCurrent', 'debt_lt': 'LongTermDebtNoncurrent', 'assets': 'Assets', 'liabilities': 'Liabilities', 'current_assets': 'AssetsCurrent', 'current_liabilities': 'LiabilitiesCurrent', 'retained_earnings': 'RetainedEarningsAccumulatedDeficit', 'liabilities_and_equity': 'LiabilitiesAndStockholdersEquity', 'equity': 'StockholdersEquity', 'ebit': 'OperatingIncomeLoss', 'revenue': 'RevenueFromContractWithCustomerExcludingAssessedTax', 'shares': 'EntityCommonStockSharesOutstanding'}"
31462,ECL,ECOLAB INC.,"{'debt_st': 'DebtCurrent', 'debt_lt': 'LongTermDebtNoncurrent', 'assets': 'Assets', 'liabilities': 'Liabilities', 'current_assets': 'AssetsCurrent', 'current_liabilities': 'LiabilitiesCurrent', 'retained_earnings': 'RetainedEarningsAccumulatedDeficit', 'liabilities_and_equity': 'LiabilitiesAndStockholdersEquity', 'equity': 'StockholdersEquity', 'ebit': 'OperatingIncomeLoss', 'revenue': 'RevenueFromContractWithCustomerExcludingAssessedTax', 'shares': 'EntityCommonStockSharesOutstanding'}"
31791,RVTY,"REVVITY, INC.","{'debt_st': 'DebtCurrent', 'debt_lt': 'LongTermDebtNoncurrent', 'assets': 'Assets', 'liabilities': 'Liabilities', 'current_assets': 'AssetsCurrent', 'current_liabilities': 'LiabilitiesCurrent', 'retained_earnings': 'RetainedEarningsAccumulatedDeficit', 'liabilities_and_equity': 'LiabilitiesAndStockholdersEquity', 'equity': 'StockholdersEquity', 'ebit': 'OperatingIncomeLoss', 'revenue': 'RevenueFromContractWithCustomerExcludingAssessedTax', 'shares': 'EntityCommonStockSharesOutstanding'}"
32604,EMR,EMERSON ELECTRIC CO,"{'debt_st': 'DebtCurrent', 'debt_lt': 'LongTermDebtNoncurrent', 'assets': 'Assets', 'liabilities': None, 'current_assets': 'AssetsCurrent', 'current_liabilities': 'LiabilitiesCurrent', 'retained_earnings': 'RetainedEarningsAccumulatedDeficit', 'liabilities_and_equity': 'LiabilitiesAndStockholdersEquity', 'equity': 'StockholdersEquity', 'ebit': 'IncomeLossFromContinuingOperationsBeforeIncomeTaxesExtraordinaryItemsNoncontrollingInterest', 'revenue': 'RevenueFromContractWithCustomerExcludingAssessedTax', 'shares': 'EntityCommonStockSharesOutstanding'}"
33002,EBF,"ENNIS, INC.","{'debt_st': 'LongTermDebtCurrent', 'debt_lt': 'LongTermDebtNoncurrent', 'assets': 'Assets', 'liabilities': 'Liabilities', 'current_assets': 'AssetsCurrent', 'current_liabilities': 'LiabilitiesCurrent', 'retained_earnings': 'RetainedEarningsAccumulatedDeficit', 'liabilities_and_equity': 'LiabilitiesAndStockholdersEquity', 'equity': 'StockholdersEquity', 'ebit': 'OperatingIncomeLoss', 'revenue': 'RevenueFromContractWithCustomerExcludingAssessedTax', 'shares': 'EntityCommonStockSharesOutstanding'}"
33185,EFX,EQUIFAX INC,"{'debt_st': 'DebtCurrent', 'debt_lt': 'LongTermDebtNoncurrent', 'assets': 'Assets', 'liabilities': 'Liabilities', 'current_assets': 'AssetsCurrent', 'current_liabilities': 'LiabilitiesCurrent', 'retained_earnings': 'RetainedEarningsAccumulatedDeficit', 'liabilities_and_equity': 'LiabilitiesAndStockholdersEquity', 'equity': 'StockholdersEquity', 'ebit': 'OperatingIncomeLoss', 'revenue': 'RevenueFromContractWithCustomerExcludingAssessedTax', 'shares': 'EntityCommonStockSharesOutstanding'}"
33213,EQT,EQT Corp,"{'debt_st': 'LongTermDebtCurrent', 'debt_lt': 'LongTermDebtNoncurrent', 'assets': 'Assets', 'liabilities': 'Liabilities', 'current_assets': 'AssetsCurrent', 'current_liabilities': 'LiabilitiesCurrent', 'retained_earnings': 'RetainedEarningsAccumulatedDeficit', 'liabilities_and_equity': 'LiabilitiesAndStockholdersEquity', 'equity': 'StockholdersEquity', 'ebit': 'OperatingIncomeLoss', 'revenue': 'RevenueFromContractWithCustomerExcludingAssessedTax', 'shares': 'EntityCommonStockSharesOutstanding'}"
34067,BOOM,DMC Global Inc.,"{'debt_st': 'LongTermDebtCurrent', 'debt_lt': 'LongTermDebtNoncurrent', 'assets': 'Assets', 'liabilities': 'Liabilities', 'current_assets': 'AssetsCurrent', 'current_liabilities': 'LiabilitiesCurrent', 'retained_earnings': 'RetainedEarningsAccumulatedDeficit', 'liabilities_and_equity': 'LiabilitiesAndStockholdersEquity', 'equity': 'StockholdersEquity', 'ebit': 'OperatingIncomeLoss', 'revenue': 'RevenueFromContractWithCustomerExcludingAssessedTax', 'shares': 'EntityCommonStockSharesOutstanding'}"
34088,XOM,EXXON MOBIL CORP,"{'debt_st': 'DebtCurrent', 'debt_lt': 'LongTermDebtNoncurrent', 'assets': 'Assets', 'liabilities': 'Liabilities', 'current_assets': 'AssetsCurrent', 'current_liabilities': 'LiabilitiesCurrent', 'retained_earnings': 'RetainedEarningsAccumulatedDeficit', 'liabilities_and_equity': 'LiabilitiesAndStockholdersEquity', 'equity': 'StockholdersEquity', 'ebit': 'IncomeLossFromContinuingOperationsBeforeIncomeTaxesExtraordinaryItemsNoncontrollingInterest', 'revenue': 'RevenueFromContractWithCustomerExcludingAssessedTax', 'shares': 'EntityCommonStockSharesOutstanding'}"
34563,FARM,FARMER BROTHERS CO,"{'debt_st': 'LongTermDebtCurrent', 'debt_lt': 'LongTermDebt', 'assets': 'Assets', 'liabilities': 'Liabilities', 'current_assets': 'AssetsCurrent', 'current_liabilities': 'LiabilitiesCurrent', 'retained_earnings': 'RetainedEarningsAccumulatedDeficit', 'liabilities_and_equity': 'LiabilitiesAndStockholdersEquity', 'equity': 'StockholdersEquity', 'ebit': 'OperatingIncomeLoss', 'revenue': 'RevenueFromContractWithCustomerExcludingAssessedTax', 'shares': 'EntityCommonStockSharesOutstanding'}"
37785,FMC,FMC CORP,"{'debt_st': 'DebtCurrent', 'debt_lt': 'LongTermDebtNoncurrent', 'assets': 'Assets', 'liabilities': None, 'current_assets': 'AssetsCurrent', 'current_liabilities': 'LiabilitiesCurrent', 'retained_earnings': 'RetainedEarningsAccumulatedDeficit', 'liabilities_and_equity': 'LiabilitiesAndStockholdersEquity', 'equity': 'StockholdersEquity', 'ebit': 'OperatingIncomeLoss', 'revenue': 'RevenueFromContractWithCustomerExcludingAssessedTax', 'shares': 'EntityCommonStockSharesOutstanding'}"
38725,FELE,FRANKLIN ELECTRIC CO INC,"{'debt_st': 'DebtCurrent', 'debt_lt': 'LongTermDebtNoncurrent', 'assets': 'Assets', 'liabilities': None, 'current_assets': 'AssetsCurrent', 'current_liabilities': 'LiabilitiesCurrent', 'retained_earnings': 'RetainedEarningsAccumulatedDeficit', 'liabilities_and_equity': 'LiabilitiesAndStockholdersEquity', 'equity': 'StockholdersEquity', 'ebit': 'OperatingIncomeLoss', 'revenue': 'RevenueFromContractWithCustomerExcludingAssessedTax', 'shares': 'EntityCommonStockSharesOutstanding'}"
39368,FUL,FULLER H B CO,"{'debt_st': 'DebtCurrent', 'debt_lt': 'LongTermDebtNoncurrent', 'assets': 'Assets', 'liabilities': 'Liabilities', 'current_assets': 'AssetsCurrent', 'current_liabilities': 'LiabilitiesCurrent', 'retained_earnings': 'RetainedEarningsAccumulatedDeficit', 'liabilities_and_equity': 'LiabilitiesAndStockholdersEquity', 'equity': 'StockholdersEquity', 'ebit': 'OperatingIncomeLoss', 'revenue': 'Revenues', 'shares': 'EntityCommonStockSharesOutstanding'}"
39899,TGNA,TEGNA INC,"{'debt_st': 'LongTermDebtCurrent', 'debt_lt': 'LongTermDebtNoncurrent', 'assets': 'Assets', 'liabilities': 'Liabilities', 'current_assets': 'AssetsCurrent', 'current_liabilities': 'LiabilitiesCurrent', 'retained_earnings': 'RetainedEarningsAccumulatedDeficit', 'liabilities_and_equity': 'LiabilitiesAndStockholdersEquity', 'equity': 'StockholdersEquity', 'ebit': 'OperatingIncomeLoss', 'revenue': 'RevenueFromContractWithCustomerExcludingAssessedTax', 'shares': 'EntityCommonStockSharesOutstanding'}"
39911,GAP,GAP INC,"{'debt_st': 'DebtCurrent', 'debt_lt': 'LongTermDebtNoncurrent', 'assets': 'Assets', 'liabilities': None, 'current_assets': 'AssetsCurrent', 'current_liabilities': 'LiabilitiesCurrent', 'retained_earnings': 'RetainedEarningsAccumulatedDeficit', 'liabilities_and_equity': 'LiabilitiesAndStockholdersEquity', 'equity': 'StockholdersEquity', 'ebit': 'OperatingIncomeLoss', 'revenue': 'Revenues', 'shares': 'EntityCommonStockSharesOutstanding'}"
40211,GATX,GATX CORP,"{'debt_st': 'OtherShortTermBorrowings', 'debt_lt': 'LongTermDebt', 'assets': 'Assets', 'liabilities': 'Liabilities', 'current_assets': None, 'current_liabilities': None, 'retained_earnings': 'RetainedEarningsAccumulatedDeficit', 'liabilities_and_equity': 'LiabilitiesAndStockholdersEquity', 'equity': 'StockholdersEquity', 'ebit': 'IncomeLossFromContinuingOperationsBeforeIncomeTaxesMinorityInterestAndIncomeLossFromEquityMethodInvestments', 'revenue': 'Revenues', 'shares': 'EntityCommonStockSharesOutstanding'}"
40533,GD,GENERAL DYNAMICS CORP,"{'debt_st': 'DebtCurrent', 'debt_lt': 'LongTermDebtNoncurrent', 'assets': 'Assets', 'liabilities': None, 'current_assets': 'AssetsCurrent', 'current_liabilities': 'LiabilitiesCurrent', 'retained_earnings': 'RetainedEarningsAccumulatedDeficit', 'liabilities_and_equity': 'LiabilitiesAndStockholdersEquity', 'equity': 'StockholdersEquity', 'ebit': 'OperatingIncomeLoss', 'revenue': 'RevenueFromContractWithCustomerExcludingAssessedTax', 'shares': 'EntityCommonStockSharesOutstanding'}"
40545,GE,GENERAL ELECTRIC CO,"{'debt_st': 'DebtCurrent', 'debt_lt': 'LongTermDebtAndCapitalLeaseObligations', 'assets': 'Assets', 'liabilities': 'Liabilities', 'current_assets': 'AssetsCurrent', 'current_liabilities': 'LiabilitiesCurrent', 'retained_earnings': 'RetainedEarningsAccumulatedDeficit', 'liabilities_and_equity': 'LiabilitiesAndStockholdersEquity', 'equity': 'StockholdersEquity', 'ebit': 'OperatingIncomeLoss', 'revenue': 'RevenueFromContractWithCustomerExcludingAssessedTax', 'shares': 'EntityCommonStockSharesOutstanding'}"
40704,GIS,GENERAL MILLS INC,"{'debt_st': 'LongTermDebtCurrent', 'debt_lt': 'LongTermDebtNoncurrent', 'assets': 'Assets', 'liabilities': 'Liabilities', 'current_assets': 'AssetsCurrent', 'current_liabilities': 'LiabilitiesCurrent', 'retained_earnings': 'RetainedEarningsAccumulatedDeficit', 'liabilities_and_equity': 'LiabilitiesAndStockholdersEquity', 'equity': 'StockholdersEquity', 'ebit': 'OperatingIncomeLoss', 'revenue': 'RevenueFromContractWithCustomerExcludingAssessedTax', 'shares': 'EntityCommonStockSharesOutstanding'}"
40987,GPC,GENUINE PARTS CO,"{'debt_st': 'LongTermDebtCurrent', 'debt_lt': 'LongTermDebtNoncurrent', 'assets': 'Assets', 'liabilities': None, 'current_assets': 'AssetsCurrent', 'current_liabilities': 'LiabilitiesCurrent', 'retained_earnings': 'RetainedEarningsAccumulatedDeficit', 'liabilities_and_equity': 'LiabilitiesAndStockholdersEquity', 'equity': 'StockholdersEquity', 'ebit': 'OperatingIncomeLoss', 'revenue': 'RevenueFromContractWithCustomerExcludingAssessedTax', 'shares': 'EntityCommonStockSharesOutstanding'}"
41719,MAGN,Magnera Corp,"{'debt_st': 'LongTermDebtCurrent', 'debt_lt': 'LongTermDebtNoncurrent', 'assets': 'Assets', 'liabilities': 'Liabilities', 'current_assets': 'AssetsCurrent', 'current_liabilities': 'LiabilitiesCurrent', 'retained_earnings': 'RetainedEarningsAccumulatedDeficit', 'liabilities_and_equity': 'LiabilitiesAndStockholdersEquity', 'equity': 'StockholdersEquity', 'ebit': 'OperatingIncomeLoss', 'revenue': 'RevenueFromContractWithCustomerExcludingAssessedTax', 'shares': 'EntityCommonStockSharesOutstanding'}"
42582,GT,GOODYEAR TIRE & RUBBER CO /OH/,"{'debt_st': 'DebtCurrent', 'debt_lt': 'LongTermDebtAndCapitalLeaseObligationsIncludingCurrentMaturities', 'assets': 'Assets', 'liabilities': 'Liabilities', 'current_assets': 'AssetsCurrent', 'current_liabilities': 'LiabilitiesCurrent', 'retained_earnings': 'RetainedEarningsAccumulatedDeficit', 'liabilities_and_equity': 'LiabilitiesAndStockholdersEquity', 'equity': 'StockholdersEquity', 'ebit': 'OperatingIncomeLoss', 'revenue': 'RevenueFromContractWithCustomerExcludingAssessedTax', 'shares': 'EntityCommonStockSharesOutstanding'}"
42682,GRC,GORMAN RUPP CO,"{'debt_st': 'DebtCurrent', 'debt_lt': 'LongTermDebtNoncurrent', 'assets': 'Assets', 'liabilities': 'Liabilities', 'current_assets': 'AssetsCurrent', 'current_liabilities': 'LiabilitiesCurrent', 'retained_earnings': 'RetainedEarningsAccumulatedDeficit', 'liabilities_and_equity': 'LiabilitiesAndStockholdersEquity', 'equity': 'StockholdersEquity', 'ebit': 'OperatingIncomeLoss', 'revenue': 'RevenueFromContractWithCustomerIncludingAssessedTax', 'shares': 'EntityCommonStockSharesOutstanding'}"
42888,GGG,GRACO INC,"{'debt_st': 'LongTermDebtCurrent', 'debt_lt': 'LongTermDebtNoncurrent', 'assets': 'Assets', 'liabilities': None, 'current_assets': 'AssetsCurrent', 'current_liabilities': 'LiabilitiesCurrent', 'retained_earnings': 'RetainedEarningsAccumulatedDeficit', 'liabilities_and_equity': 'LiabilitiesAndStockholdersEquity', 'equity': 'StockholdersEquity', 'ebit': 'OperatingIncomeLoss', 'revenue': 'Revenues', 'shares': 'EntityCommonStockSharesOutstanding'}"
45012,HAL,HALLIBURTON CO,"{'debt_st': 'DebtCurrent', 'debt_lt': 'LongTermDebtNoncurrent', 'assets': 'Assets', 'liabilities': 'Liabilities', 'current_assets': 'AssetsCurrent', 'current_liabilities': 'LiabilitiesCurrent', 'retained_earnings': 'RetainedEarningsAccumulatedDeficit', 'liabilities_and_equity': 'LiabilitiesAndStockholdersEquity', 'equity': 'StockholdersEquity', 'ebit': 'OperatingIncomeLoss', 'revenue': 'Revenues', 'shares': 'EntityCommonStockSharesOutstanding'}"
46080,HAS,"HASBRO, INC.","{'debt_st': 'LongTermDebtCurrent', 'debt_lt': 'LongTermDebtNoncurrent', 'assets': 'Assets', 'liabilities': 'Liabilities', 'current_assets': 'AssetsCurrent', 'current_liabilities': 'LiabilitiesCurrent', 'retained_earnings': 'RetainedEarningsAccumulatedDeficit', 'liabilities_and_equity': 'LiabilitiesAndStockholdersEquity', 'equity': 'StockholdersEquity', 'ebit': 'OperatingIncomeLoss', 'revenue': 'RevenueFromContractWithCustomerExcludingAssessedTax', 'shares': 'EntityCommonStockSharesOutstanding'}"
46129,ALNT,ALLIENT INC,"{'debt_st': 'DebtCurrent', 'debt_lt': 'LongTermDebtNoncurrent', 'assets': 'Assets', 'liabilities': 'Liabilities', 'current_assets': 'AssetsCurrent', 'current_liabilities': 'LiabilitiesCurrent', 'retained_earnings': 'RetainedEarningsAccumulatedDeficit', 'liabilities_and_equity': 'LiabilitiesAndStockholdersEquity', 'equity': 'StockholdersEquity', 'ebit': 'OperatingIncomeLoss', 'revenue': 'RevenueFromContractWithCustomerExcludingAssessedTax', 'shares': 'EntityCommonStockSharesOutstanding'}"
46250,HWKN,HAWKINS INC,"{'debt_st': 'LongTermDebtCurrent', 'debt_lt': 'LongTermDebtNoncurrent', 'assets': 'Assets', 'liabilities': 'Liabilities', 'current_assets': 'AssetsCurrent', 'current_liabilities': 'LiabilitiesCurrent', 'retained_earnings': 'RetainedEarningsAccumulatedDeficit', 'liabilities_and_equity': 'LiabilitiesAndStockholdersEquity', 'equity': 'StockholdersEquity', 'ebit': 'OperatingIncomeLoss', 'revenue': 'Revenues', 'shares': 'EntityCommonStockSharesOutstanding'}"
46765,HP,"Helmerich & Payne, Inc.","{'debt_st': 'LongTermDebtCurrent', 'debt_lt': 'LongTermDebtNoncurrent', 'assets': 'Assets', 'liabilities': 'Liabilities', 'current_assets': 'AssetsCurrent', 'current_liabilities': 'LiabilitiesCurrent', 'retained_earnings': 'RetainedEarningsAccumulatedDeficit', 'liabilities_and_equity': 'LiabilitiesAndStockholdersEquity', 'equity': 'StockholdersEquity', 'ebit': 'OperatingIncomeLoss', 'revenue': 'RevenueFromContractWithCustomerExcludingAssessedTax', 'shares': 'EntityCommonStockSharesOutstanding'}"
47217,HPQ,HP INC,"{'debt_st': 'DebtCurrent', 'debt_lt': 'LongTermDebtNoncurrent', 'assets': 'Assets', 'liabilities': None, 'current_assets': 'AssetsCurrent', 'current_liabilities': 'LiabilitiesCurrent', 'retained_earnings': 'RetainedEarningsAccumulatedDeficit', 'liabilities_and_equity': 'LiabilitiesAndStockholdersEquity', 'equity': 'StockholdersEquity', 'ebit': 'OperatingIncomeLoss', 'revenue': 'Revenues', 'shares': 'EntityCommonStockSharesOutstanding'}"
48287,HNI,HNI CORP,"{'debt_st': 'LongTermDebtCurrent', 'debt_lt': 'LongTermDebtNoncurrent', 'assets': 'Assets', 'liabilities': 'Liabilities', 'current_assets': 'AssetsCurrent', 'current_liabilities': 'LiabilitiesCurrent', 'retained_earnings': 'RetainedEarningsAccumulatedDeficit', 'liabilities_and_equity': 'LiabilitiesAndStockholdersEquity', 'equity': 'StockholdersEquity', 'ebit': 'OperatingIncomeLoss', 'revenue': 'RevenueFromContractWithCustomerExcludingAssessedTax', 'shares': 'EntityCommonStockSharesOutstanding'}"
48898,HUBB,HUBBELL INC,"{'debt_st': 'DebtCurrent', 'debt_lt': 'LongTermDebtNoncurrent', 'assets': 'Assets', 'liabilities': 'Liabilities', 'current_assets': 'AssetsCurrent', 'current_liabilities': 'LiabilitiesCurrent', 'retained_earnings': 'RetainedEarningsAccumulatedDeficit', 'liabilities_and_equity': 'LiabilitiesAndStockholdersEquity', 'equity': 'StockholdersEquity', 'ebit': 'OperatingIncomeLoss', 'revenue': 'RevenueFromContractWithCustomerExcludingAssessedTax', 'shares': 'EntityCommonStockSharesOutstanding'}"
49754,DIN,"Dine Brands Global, Inc.","{'debt_st': 'LongTermDebtCurrent', 'debt_lt': 'LongTermDebtNoncurrent', 'assets': 'Assets', 'liabilities': 'Liabilities', 'current_assets': 'AssetsCurrent', 'current_liabilities': 'LiabilitiesCurrent', 'retained_earnings': 'RetainedEarningsAccumulatedDeficit', 'liabilities_and_equity': 'LiabilitiesAndStockholdersEquity', 'equity': 'StockholdersEquity', 'ebit': 'IncomeLossFromContinuingOperationsBeforeIncomeTaxesExtraordinaryItemsNoncontrollingInterest', 'revenue': 'Revenues', 'shares': 'EntityCommonStockSharesOutstanding'}"
49826,ITW,ILLINOIS TOOL WORKS INC,"{'debt_st': 'DebtCurrent', 'debt_lt': 'LongTermDebtNoncurrent', 'assets': 'Assets', 'liabilities': None, 'current_assets': 'AssetsCurrent', 'current_liabilities': 'LiabilitiesCurrent', 'retained_earnings': 'RetainedEarningsAccumulatedDeficit', 'liabilities_and_equity': 'LiabilitiesAndStockholdersEquity', 'equity': 'StockholdersEquity', 'ebit': 'OperatingIncomeLoss', 'revenue': 'RevenueFromContractWithCustomerExcludingAssessedTax', 'shares': 'EntityCommonStockSharesOutstanding'}"
50725,GFF,GRIFFON CORP,"{'debt_st': 'LongTermDebtCurrent', 'debt_lt': 'LongTermDebtNoncurrent', 'assets': 'Assets', 'liabilities': 'Liabilities', 'current_assets': 'AssetsCurrent', 'current_liabilities': 'LiabilitiesCurrent', 'retained_earnings': 'RetainedEarningsAccumulatedDeficit', 'liabilities_and_equity': 'LiabilitiesAndStockholdersEquity', 'equity': 'StockholdersEquity', 'ebit': 'OperatingIncomeLoss', 'revenue': 'RevenueFromContractWithCustomerExcludingAssessedTax', 'shares': 'EntityCommonStockSharesOutstanding'}"
50863,INTC,INTEL CORP,"{'debt_st': 'DebtCurrent', 'debt_lt': 'LongTermDebtNoncurrent', 'assets': 'Assets', 'liabilities': None, 'current_assets': 'AssetsCurrent', 'current_liabilities': 'LiabilitiesCurrent', 'retained_earnings': 'RetainedEarningsAccumulatedDeficit', 'liabilities_and_equity': 'LiabilitiesAndStockholdersEquity', 'equity': 'StockholdersEquity', 'ebit': 'OperatingIncomeLoss', 'revenue': 'RevenueFromContractWithCustomerExcludingAssessedTax', 'shares': 'EntityCommonStockSharesOutstanding'}"
51143,IBM,INTERNATIONAL BUSINESS MACHINES CORP,"{'debt_st': 'DebtCurrent', 'debt_lt': 'LongTermDebtNoncurrent', 'assets': 'Assets', 'liabilities': 'Liabilities', 'current_assets': 'AssetsCurrent', 'current_liabilities': 'LiabilitiesCurrent', 'retained_earnings': 'RetainedEarningsAccumulatedDeficit', 'liabilities_and_equity': 'LiabilitiesAndStockholdersEquity', 'equity': 'StockholdersEquity', 'ebit': 'IncomeLossFromContinuingOperationsBeforeIncomeTaxesExtraordinaryItemsNoncontrollingInterest', 'revenue': 'Revenues', 'shares': 'EntityCommonStockSharesOutstanding'}"
51253,IFF,INTERNATIONAL FLAVORS & FRAGRANCES INC,"{'debt_st': 'DebtCurrent', 'debt_lt': 'LongTermDebtNoncurrent', 'assets': 'Assets', 'liabilities': None, 'current_assets': 'AssetsCurrent', 'current_liabilities': 'LiabilitiesCurrent', 'retained_earnings': 'RetainedEarningsAccumulatedDeficit', 'liabilities_and_equity': 'LiabilitiesAndStockholdersEquity', 'equity': 'StockholdersEquity', 'ebit': 'OperatingIncomeLoss', 'revenue': 'RevenueFromContractWithCustomerExcludingAssessedTax', 'shares': 'EntityCommonStockSharesOutstanding'}"
51434,IP,INTERNATIONAL PAPER CO /NEW/,"{'debt_st': 'DebtCurrent', 'debt_lt': 'LongTermDebtNoncurrent', 'assets': 'Assets', 'liabilities': None, 'current_assets': 'AssetsCurrent', 'current_liabilities': 'LiabilitiesCurrent', 'retained_earnings': 'RetainedEarningsAccumulatedDeficit', 'liabilities_and_equity': 'LiabilitiesAndStockholdersEquity', 'equity': 'StockholdersEquity', 'ebit': 'OperatingIncomeLoss', 'revenue': 'RevenueFromContractWithCustomerExcludingAssessedTax', 'shares': 'EntityCommonStockSharesOutstanding'}"
51644,IPG,"INTERPUBLIC GROUP OF COMPANIES, INC.","{'debt_st': 'LongTermDebtCurrent', 'debt_lt': 'LongTermDebtNoncurrent', 'assets': 'Assets', 'liabilities': 'Liabilities', 'current_assets': 'AssetsCurrent', 'current_liabilities': 'LiabilitiesCurrent', 'retained_earnings': 'RetainedEarningsAccumulatedDeficit', 'liabilities_and_equity': 'LiabilitiesAndStockholdersEquity', 'equity': 'StockholdersEquity', 'ebit': 'OperatingIncomeLoss', 'revenue': 'RevenueFromContractWithCustomerExcludingAssessedTax', 'shares': 'EntityCommonStockSharesOutstanding'}"
52988,J,JACOBS SOLUTIONS INC.,"{'debt_st': 'LongTermDebtCurrent', 'debt_lt': 'LongTermDebtNoncurrent', 'assets': 'Assets', 'liabilities': None, 'current_assets': 'AssetsCurrent', 'current_liabilities': 'LiabilitiesCurrent', 'retained_earnings': 'RetainedEarningsAccumulatedDeficit', 'liabilities_and_equity': 'LiabilitiesAndStockholdersEquity', 'equity': 'StockholdersEquity', 'ebit': 'OperatingIncomeLoss', 'revenue': 'Revenues', 'shares': 'EntityCommonStockSharesOutstanding'}"
54381,KAMN,KAMAN Corp,"{'debt_st': 'LongTermDebtCurrent', 'debt_lt': 'LongTermDebtNoncurrent', 'assets': 'Assets', 'liabilities': None, 'current_assets': 'AssetsCurrent', 'current_liabilities': 'LiabilitiesCurrent', 'retained_earnings': 'RetainedEarningsAccumulatedDeficit', 'liabilities_and_equity': 'LiabilitiesAndStockholdersEquity', 'equity': 'StockholdersEquity', 'ebit': 'OperatingIncomeLoss', 'revenue': 'Revenues', 'shares': 'EntityCommonStockSharesOutstanding'}"
55242,KMT,KENNAMETAL INC,"{'debt_st': 'LongTermDebtCurrent', 'debt_lt': 'LongTermDebtAndCapitalLeaseObligationsIncludingCurrentMaturities', 'assets': 'Assets', 'liabilities': 'Liabilities', 'current_assets': 'AssetsCurrent', 'current_liabilities': 'LiabilitiesCurrent', 'retained_earnings': 'RetainedEarningsAccumulatedDeficit', 'liabilities_and_equity': 'LiabilitiesAndStockholdersEquity', 'equity': 'StockholdersEquity', 'ebit': 'OperatingIncomeLoss', 'revenue': 'Revenues', 'shares': 'EntityCommonStockSharesOutstanding'}"
55785,KMB,KIMBERLY CLARK CORP,"{'debt_st': 'DebtCurrent', 'debt_lt': 'LongTermDebtNoncurrent', 'assets': 'Assets', 'liabilities': None, 'current_assets': 'AssetsCurrent', 'current_liabilities': 'LiabilitiesCurrent', 'retained_earnings': 'RetainedEarningsAccumulatedDeficit', 'liabilities_and_equity': 'LiabilitiesAndStockholdersEquity', 'equity': 'StockholdersEquity', 'ebit': 'OperatingIncomeLoss', 'revenue': 'Revenues', 'shares': 'EntityCommonStockSharesOutstanding'}"
56047,KEX,KIRBY CORP,"{'debt_st': 'LongTermDebtCurrent', 'debt_lt': 'LongTermDebtNoncurrent', 'assets': 'Assets', 'liabilities': None, 'current_assets': 'AssetsCurrent', 'current_liabilities': 'LiabilitiesCurrent', 'retained_earnings': 'RetainedEarningsAccumulatedDeficit', 'liabilities_and_equity': 'LiabilitiesAndStockholdersEquity', 'equity': 'StockholdersEquity', 'ebit': 'OperatingIncomeLoss', 'revenue': 'RevenueFromContractWithCustomerExcludingAssessedTax', 'shares': 'EntityCommonStockSharesOutstanding'}"
56679,KFY,KORN FERRY,"{'debt_st': 'LongTermDebtCurrent', 'debt_lt': 'LongTermDebtNoncurrent', 'assets': 'Assets', 'liabilities': 'Liabilities', 'current_assets': 'AssetsCurrent', 'current_liabilities': 'LiabilitiesCurrent', 'retained_earnings': 'RetainedEarningsAccumulatedDeficit', 'liabilities_and_equity': 'LiabilitiesAndStockholdersEquity', 'equity': 'StockholdersEquity', 'ebit': 'OperatingIncomeLoss', 'revenue': 'RevenueFromContractWithCustomerExcludingAssessedTax', 'shares': 'EntityCommonStockSharesOutstanding'}"
56868,PNRG,PRIMEENERGY RESOURCES CORP,"{'debt_st': 'LongTermDebtCurrent', 'debt_lt': 'LongTermDebtNoncurrent', 'assets': 'Assets', 'liabilities': 'Liabilities', 'current_assets': 'AssetsCurrent', 'current_liabilities': 'LiabilitiesCurrent', 'retained_earnings': 'RetainedEarningsAccumulatedDeficit', 'liabilities_and_equity': 'LiabilitiesAndStockholdersEquity', 'equity': 'StockholdersEquity', 'ebit': 'OperatingIncomeLoss', 'revenue': 'Revenues', 'shares': 'EntityCommonStockSharesOutstanding'}"
56873,KR,KROGER CO,"{'debt_st': 'LongTermDebtCurrent', 'debt_lt': 'LongTermDebtNoncurrent', 'assets': 'Assets', 'liabilities': 'Liabilities', 'current_assets': 'AssetsCurrent', 'current_liabilities': 'LiabilitiesCurrent', 'retained_earnings': 'RetainedEarningsAccumulatedDeficit', 'liabilities_and_equity': 'LiabilitiesAndStockholdersEquity', 'equity': 'StockholdersEquity', 'ebit': 'OperatingIncomeLoss', 'revenue': 'RevenueFromContractWithCustomerExcludingAssessedTax', 'shares': 'EntityCommonStockSharesOutstanding'}"
57515,MZTI,MARZETTI CO,"{'debt_st': 'LongTermDebtCurrent', 'debt_lt': 'LongTermDebtNoncurrent', 'assets': 'Assets', 'liabilities': None, 'current_assets': 'AssetsCurrent', 'current_liabilities': 'LiabilitiesCurrent', 'retained_earnings': 'RetainedEarningsAccumulatedDeficit', 'liabilities_and_equity': 'LiabilitiesAndStockholdersEquity', 'equity': 'StockholdersEquity', 'ebit': 'OperatingIncomeLoss', 'revenue': 'RevenueFromContractWithCustomerExcludingAssessedTax', 'shares': 'EntityCommonStockSharesOutstanding'}"
58492,LEG,LEGGETT & PLATT INC,"{'debt_st': 'DebtCurrent', 'debt_lt': 'LongTermDebtAndCapitalLeaseObligations', 'assets': 'Assets', 'liabilities': None, 'current_assets': 'AssetsCurrent', 'current_liabilities': 'LiabilitiesCurrent', 'retained_earnings': 'RetainedEarningsAccumulatedDeficit', 'liabilities_and_equity': 'LiabilitiesAndStockholdersEquity', 'equity': 'StockholdersEquity', 'ebit': 'IncomeLossFromContinuingOperationsBeforeIncomeTaxesExtraordinaryItemsNoncontrollingInterest', 'revenue': 'RevenueFromContractWithCustomerExcludingAssessedTax', 'shares': 'EntityCommonStockSharesOutstanding'}"
59440,VGR,VECTOR GROUP LTD,"{'debt_st': 'LongTermDebtCurrent', 'debt_lt': 'LongTermDebtNoncurrent', 'assets': 'Assets', 'liabilities': 'Liabilities', 'current_assets': 'AssetsCurrent', 'current_liabilities': 'LiabilitiesCurrent', 'retained_earnings': 'RetainedEarningsAccumulatedDeficit', 'liabilities_and_equity': 'LiabilitiesAndStockholdersEquity', 'equity': 'StockholdersEquity', 'ebit': 'OperatingIncomeLoss', 'revenue': 'Revenues', 'shares': 'EntityCommonStockSharesOutstanding'}"
59478,LLY,ELI LILLY & Co,"{'debt_st': 'DebtCurrent', 'debt_lt': 'LongTermDebtNoncurrent', 'assets': 'Assets', 'liabilities': None, 'current_assets': 'AssetsCurrent', 'current_liabilities': 'LiabilitiesCurrent', 'retained_earnings': 'RetainedEarningsAccumulatedDeficit', 'liabilities_and_equity': 'LiabilitiesAndStockholdersEquity', 'equity': 'StockholdersEquity', 'ebit': 'IncomeLossFromContinuingOperationsBeforeIncomeTaxesExtraordinaryItemsNoncontrollingInterest', 'revenue': 'Revenues', 'shares': 'EntityCommonStockSharesOutstanding'}"
59527,LECO,LINCOLN ELECTRIC HOLDINGS INC,"{'debt_st': 'DebtCurrent', 'debt_lt': 'LongTermDebtNoncurrent', 'assets': 'Assets', 'liabilities': 'Liabilities', 'current_assets': 'AssetsCurrent', 'current_liabilities': 'LiabilitiesCurrent', 'retained_earnings': 'RetainedEarningsAccumulatedDeficit', 'liabilities_and_equity': 'LiabilitiesAndStockholdersEquity', 'equity': 'StockholdersEquity', 'ebit': 'OperatingIncomeLoss', 'revenue': 'RevenueFromContractWithCustomerExcludingAssessedTax', 'shares': 'EntityCommonStockSharesOutstanding'}"
60519,LPX,LOUISIANA-PACIFIC CORP,"{'debt_st': 'LongTermDebtCurrent', 'debt_lt': 'LongTermDebtNoncurrent', 'assets': 'Assets', 'liabilities': 'Liabilities', 'current_assets': 'AssetsCurrent', 'current_liabilities': 'LiabilitiesCurrent', 'retained_earnings': 'RetainedEarningsAccumulatedDeficit', 'liabilities_and_equity': 'LiabilitiesAndStockholdersEquity', 'equity': 'StockholdersEquity', 'ebit': 'OperatingIncomeLoss', 'revenue': 'RevenueFromContractWithCustomerExcludingAssessedTax', 'shares': 'EntityCommonStockSharesOutstanding'}"
60714,LXU,"LSB INDUSTRIES, INC.","{'debt_st': 'LongTermDebtCurrent', 'debt_lt': 'LongTermDebtNoncurrent', 'assets': 'Assets', 'liabilities': None, 'current_assets': 'AssetsCurrent', 'current_liabilities': 'LiabilitiesCurrent', 'retained_earnings': 'RetainedEarningsAccumulatedDeficit', 'liabilities_and_equity': 'LiabilitiesAndStockholdersEquity', 'equity': 'StockholdersEquity', 'ebit': 'OperatingIncomeLoss', 'revenue': 'RevenueFromContractWithCustomerExcludingAssessedTax', 'shares': 'EntityCommonStockSharesOutstanding'}"
61986,MTW,MANITOWOC CO INC,"{'debt_st': 'DebtCurrent', 'debt_lt': 'LongTermDebtNoncurrent', 'assets': 'Assets', 'liabilities': None, 'current_assets': 'AssetsCurrent', 'current_liabilities': 'LiabilitiesCurrent', 'retained_earnings': 'RetainedEarningsAccumulatedDeficit', 'liabilities_and_equity': 'LiabilitiesAndStockholdersEquity', 'equity': 'StockholdersEquity', 'ebit': 'OperatingIncomeLoss', 'revenue': 'RevenueFromContractWithCustomerExcludingAssessedTax', 'shares': 'EntityCommonStockSharesOutstanding'}"
62234,MCS,MARCUS CORP,"{'debt_st': 'LongTermDebtCurrent', 'debt_lt': 'LongTermDebtNoncurrent', 'assets': 'Assets', 'liabilities': None, 'current_assets': 'AssetsCurrent', 'current_liabilities': 'LiabilitiesCurrent', 'retained_earnings': 'RetainedEarningsAccumulatedDeficit', 'liabilities_and_equity': 'LiabilitiesAndStockholdersEquity', 'equity': 'StockholdersEquity', 'ebit': 'OperatingIncomeLoss', 'revenue': 'Revenues', 'shares': 'EntityCommonStockSharesOutstanding'}"
62996,MAS,MASCO CORP /DE/,"{'debt_st': 'LongTermDebtCurrent', 'debt_lt': 'LongTermDebtNoncurrent', 'assets': 'Assets', 'liabilities': 'Liabilities', 'current_assets': 'AssetsCurrent', 'current_liabilities': 'LiabilitiesCurrent', 'retained_earnings': 'RetainedEarningsAccumulatedDeficit', 'liabilities_and_equity': 'LiabilitiesAndStockholdersEquity', 'equity': 'StockholdersEquity', 'ebit': 'OperatingIncomeLoss', 'revenue': 'RevenueFromContractWithCustomerExcludingAssessedTax', 'shares': 'EntityCommonStockSharesOutstanding'}"
63276,MAT,MATTEL INC /DE/,"{'debt_st': 'LongTermDebtCurrent', 'debt_lt': 'LongTermDebtNoncurrent', 'assets': 'Assets', 'liabilities': None, 'current_assets': 'AssetsCurrent', 'current_liabilities': 'LiabilitiesCurrent', 'retained_earnings': 'RetainedEarningsAccumulatedDeficit', 'liabilities_and_equity': 'LiabilitiesAndStockholdersEquity', 'equity': 'StockholdersEquity', 'ebit': 'OperatingIncomeLoss', 'revenue': 'RevenueFromContractWithCustomerExcludingAssessedTax', 'shares': 'EntityCommonStockSharesOutstanding'}"
63296,MATW,MATTHEWS INTERNATIONAL CORP,"{'debt_st': 'LongTermDebtCurrent', 'debt_lt': 'LongTermDebtNoncurrent', 'assets': 'Assets', 'liabilities': 'Liabilities', 'current_assets': 'AssetsCurrent', 'current_liabilities': 'LiabilitiesCurrent', 'retained_earnings': 'RetainedEarningsAccumulatedDeficit', 'liabilities_and_equity': 'LiabilitiesAndStockholdersEquity', 'equity': 'StockholdersEquity', 'ebit': 'OperatingIncomeLoss', 'revenue': 'RevenueFromContractWithCustomerExcludingAssessedTax', 'shares': 'EntityCommonStockSharesOutstanding'}"
63908,MCD,MCDONALDS CORP,"{'debt_st': 'DebtCurrent', 'debt_lt': 'LongTermDebtNoncurrent', 'assets': 'Assets', 'liabilities': None, 'current_assets': 'AssetsCurrent', 'current_liabilities': 'LiabilitiesCurrent', 'retained_earnings': 'RetainedEarningsAccumulatedDeficit', 'liabilities_and_equity': 'LiabilitiesAndStockholdersEquity', 'equity': 'StockholdersEquity', 'ebit': 'OperatingIncomeLoss', 'revenue': 'Revenues', 'shares': 'EntityCommonStockSharesOutstanding'}"
64040,SPGI,S&P Global Inc.,"{'debt_st': 'DebtCurrent', 'debt_lt': 'LongTermDebtNoncurrent', 'assets': 'Assets', 'liabilities': 'Liabilities', 'current_assets': 'AssetsCurrent', 'current_liabilities': 'LiabilitiesCurrent', 'retained_earnings': 'RetainedEarningsAccumulatedDeficit', 'liabilities_and_equity': 'LiabilitiesAndStockholdersEquity', 'equity': 'StockholdersEquity', 'ebit': 'OperatingIncomeLoss', 'revenue': 'RevenueFromContractWithCustomerExcludingAssessedTax', 'shares': 'EntityCommonStockSharesOutstanding'}"
64803,CVS,CVS HEALTH Corp,"{'debt_st': 'LongTermDebtCurrent', 'debt_lt': 'LongTermDebtNoncurrent', 'assets': 'Assets', 'liabilities': 'Liabilities', 'current_assets': 'AssetsCurrent', 'current_liabilities': 'LiabilitiesCurrent', 'retained_earnings': 'RetainedEarningsAccumulatedDeficit', 'liabilities_and_equity': 'LiabilitiesAndStockholdersEquity', 'equity': 'StockholdersEquity', 'ebit': 'OperatingIncomeLoss', 'revenue': 'RevenueFromContractWithCustomerExcludingAssessedTax', 'shares': 'EntityCommonStockSharesOutstanding'}"
65270,MEI,METHODE ELECTRONICS INC,"{'debt_st': 'LongTermDebtCurrent', 'debt_lt': 'LongTermDebtNoncurrent', 'assets': 'Assets', 'liabilities': 'Liabilities', 'current_assets': 'AssetsCurrent', 'current_liabilities': 'LiabilitiesCurrent', 'retained_earnings': 'RetainedEarningsAccumulatedDeficit', 'liabilities_and_equity': 'LiabilitiesAndStockholdersEquity', 'equity': 'StockholdersEquity', 'ebit': 'OperatingIncomeLoss', 'revenue': 'RevenueFromContractWithCustomerExcludingAssessedTax', 'shares': 'EntityCommonStockSharesOutstanding'}"
65984,ETR,ENTERGY CORP /DE/,"{'debt_st': 'LongTermDebtCurrent', 'debt_lt': 'LongTermDebtNoncurrent', 'assets': 'Assets', 'liabilities': None, 'current_assets': 'AssetsCurrent', 'current_liabilities': 'LiabilitiesCurrent', 'retained_earnings': 'RetainedEarningsAccumulatedDeficit', 'liabilities_and_equity': 'LiabilitiesAndStockholdersEquity', 'equity': 'StockholdersEquity', 'ebit': 'OperatingIncomeLoss', 'revenue': 'RevenueFromContractWithCustomerExcludingAssessedTax', 'shares': 'EntityCommonStockSharesOutstanding'}"
66004,MSEX,MIDDLESEX WATER CO,"{'debt_st': 'LongTermDebtCurrent', 'debt_lt': 'LongTermDebtNoncurrent', 'assets': 'Assets', 'liabilities': None, 'current_assets': 'AssetsCurrent', 'current_liabilities': 'LiabilitiesCurrent', 'retained_earnings': 'RetainedEarningsAccumulatedDeficit', 'liabilities_and_equity': 'LiabilitiesAndStockholdersEquity', 'equity': 'StockholdersEquity', 'ebit': 'OperatingIncomeLoss', 'revenue': 'Revenues', 'shares': 'EntityCommonStockSharesOutstanding'}"
66382,MLKN,"MILLERKNOLL, INC.","{'debt_st': 'DebtCurrent', 'debt_lt': 'LongTermDebtNoncurrent', 'assets': 'Assets', 'liabilities': 'Liabilities', 'current_assets': 'AssetsCurrent', 'current_liabilities': 'LiabilitiesCurrent', 'retained_earnings': 'RetainedEarningsAccumulatedDeficit', 'liabilities_and_equity': 'LiabilitiesAndStockholdersEquity', 'equity': 'StockholdersEquity', 'ebit': 'OperatingIncomeLoss', 'revenue': 'RevenueFromContractWithCustomerExcludingAssessedTax', 'shares': 'EntityCommonStockSharesOutstanding'}"
66570,MSA,MSA Safety Inc,"{'debt_st': 'DebtCurrent', 'debt_lt': 'LongTermDebtNoncurrent', 'assets': 'Assets', 'liabilities': 'Liabilities', 'current_assets': 'AssetsCurrent', 'current_liabilities': 'LiabilitiesCurrent', 'retained_earnings': 'RetainedEarningsAccumulatedDeficit', 'liabilities_and_equity': 'LiabilitiesAndStockholdersEquity', 'equity': 'StockholdersEquity', 'ebit': 'OperatingIncomeLoss', 'revenue': 'RevenueFromContractWithCustomerExcludingAssessedTax', 'shares': 'EntityCommonStockSharesOutstanding'}"
66740,MMM,3M CO,"{'debt_st': 'DebtCurrent', 'debt_lt': 'LongTermDebtNoncurrent', 'assets': 'Assets', 'liabilities': 'Liabilities', 'current_assets': 'AssetsCurrent', 'current_liabilities': 'LiabilitiesCurrent', 'retained_earnings': 'RetainedEarningsAccumulatedDeficit', 'liabilities_and_equity': 'LiabilitiesAndStockholdersEquity', 'equity': 'StockholdersEquity', 'ebit': 'OperatingIncomeLoss', 'revenue': 'RevenueFromContractWithCustomerExcludingAssessedTax', 'shares': 'EntityCommonStockSharesOutstanding'}"
66756,ALE,ALLETE INC,"{'debt_st': 'DebtCurrent', 'debt_lt': 'LongTermDebtNoncurrent', 'assets': 'Assets', 'liabilities': 'Liabilities', 'current_assets': 'AssetsCurrent', 'current_liabilities': 'LiabilitiesCurrent', 'retained_earnings': 'RetainedEarningsAccumulatedDeficit', 'liabilities_and_equity': 'LiabilitiesAndStockholdersEquity', 'equity': 'StockholdersEquity', 'ebit': 'OperatingIncomeLoss', 'revenue': 'Revenues', 'shares': 'EntityCommonStockSharesOutstanding'}"
67215,DY,DYCOM INDUSTRIES INC,"{'debt_st': 'DebtCurrent', 'debt_lt': 'LongTermDebtNoncurrent', 'assets': 'Assets', 'liabilities': 'Liabilities', 'current_assets': 'AssetsCurrent', 'current_liabilities': 'LiabilitiesCurrent', 'retained_earnings': 'RetainedEarningsAccumulatedDeficit', 'liabilities_and_equity': 'LiabilitiesAndStockholdersEquity', 'equity': 'StockholdersEquity', 'ebit': 'IncomeLossFromContinuingOperationsBeforeIncomeTaxesExtraordinaryItemsNoncontrollingInterest', 'revenue': 'RevenueFromContractWithCustomerExcludingAssessedTax', 'shares': 'EntityCommonStockSharesOutstanding'}"
67716,MDU,MDU RESOURCES GROUP INC,"{'debt_st': 'LongTermDebtCurrent', 'debt_lt': 'LongTermDebtNoncurrent', 'assets': 'Assets', 'liabilities': None, 'current_assets': 'AssetsCurrent', 'current_liabilities': 'LiabilitiesCurrent', 'retained_earnings': 'RetainedEarningsAccumulatedDeficit', 'liabilities_and_equity': 'LiabilitiesAndStockholdersEquity', 'equity': 'StockholdersEquity', 'ebit': 'OperatingIncomeLoss', 'revenue': 'RevenueFromContractWithCustomerExcludingAssessedTax', 'shares': 'EntityCommonStockSharesOutstanding'}"
68505,MSI,"Motorola Solutions, Inc.","{'debt_st': 'DebtCurrent', 'debt_lt': 'LongTermDebtNoncurrent', 'assets': 'Assets', 'liabilities': None, 'current_assets': 'AssetsCurrent', 'current_liabilities': 'LiabilitiesCurrent', 'retained_earnings': 'RetainedEarningsAccumulatedDeficit', 'liabilities_and_equity': 'LiabilitiesAndStockholdersEquity', 'equity': 'StockholdersEquity', 'ebit': 'OperatingIncomeLoss', 'revenue': 'RevenueFromContractWithCustomerExcludingAssessedTax', 'shares': 'EntityCommonStockSharesOutstanding'}"
69488,MYE,MYERS INDUSTRIES INC,"{'debt_st': 'LongTermDebtCurrent', 'debt_lt': 'LongTermDebtNoncurrent', 'assets': 'Assets', 'liabilities': 'Liabilities', 'current_assets': 'AssetsCurrent', 'current_liabilities': 'LiabilitiesCurrent', 'retained_earnings': 'RetainedEarningsAccumulatedDeficit', 'liabilities_and_equity': 'LiabilitiesAndStockholdersEquity', 'equity': 'StockholdersEquity', 'ebit': 'OperatingIncomeLoss', 'revenue': 'RevenueFromContractWithCustomerExcludingAssessedTax', 'shares': 'EntityCommonStockSharesOutstanding'}"
69891,FIZZ,NATIONAL BEVERAGE CORP,"{'debt_st': None, 'debt_lt': 'LongTermDebtNoncurrent', 'assets': 'Assets', 'liabilities': 'Liabilities', 'current_assets': 'AssetsCurrent', 'current_liabilities': 'LiabilitiesCurrent', 'retained_earnings': 'RetainedEarningsAccumulatedDeficit', 'liabilities_and_equity': 'LiabilitiesAndStockholdersEquity', 'equity': 'StockholdersEquity', 'ebit': 'OperatingIncomeLoss', 'revenue': 'Revenues', 'shares': 'EntityCommonStockSharesOutstanding'}"
70145,NFG,NATIONAL FUEL GAS CO,"{'debt_st': 'LongTermDebtCurrent', 'debt_lt': 'LongTermDebtNoncurrent', 'assets': 'Assets', 'liabilities': None, 'current_assets': 'AssetsCurrent', 'current_liabilities': 'LiabilitiesCurrent', 'retained_earnings': 'RetainedEarningsAccumulatedDeficit', 'liabilities_and_equity': 'LiabilitiesAndStockholdersEquity', 'equity': 'StockholdersEquity', 'ebit': 'OperatingIncomeLoss', 'revenue': 'RevenueFromContractWithCustomerExcludingAssessedTax', 'shares': 'EntityCommonStockSharesOutstanding'}"
70866,VYX,NCR Voyix Corp,"{'debt_st': 'ShortTermBorrowings', 'debt_lt': 'LongTermDebtNoncurrent', 'assets': 'Assets', 'liabilities': 'Liabilities', 'current_assets': 'AssetsCurrent', 'current_liabilities': 'LiabilitiesCurrent', 'retained_earnings': 'RetainedEarningsAccumulatedDeficit', 'liabilities_and_equity': 'LiabilitiesAndStockholdersEquity', 'equity': 'StockholdersEquity', 'ebit': 'OperatingIncomeLoss', 'revenue': 'RevenueFromContractWithCustomerExcludingAssessedTax', 'shares': 'EntityCommonStockSharesOutstanding'}"
71829,NPKI,NPK International Inc.,"{'debt_st': 'LongTermDebtCurrent', 'debt_lt': 'LongTermDebtNoncurrent', 'assets': 'Assets', 'liabilities': 'Liabilities', 'current_assets': 'AssetsCurrent', 'current_liabilities': 'LiabilitiesCurrent', 'retained_earnings': 'RetainedEarningsAccumulatedDeficit', 'liabilities_and_equity': 'LiabilitiesAndStockholdersEquity', 'equity': 'StockholdersEquity', 'ebit': 'OperatingIncomeLoss', 'revenue': 'RevenueFromContractWithCustomerExcludingAssessedTax', 'shares': 'EntityCommonStockSharesOutstanding'}"
72331,NDSN,NORDSON CORP,"{'debt_st': 'LongTermDebtCurrent', 'debt_lt': 'LongTermDebtNoncurrent', 'assets': 'Assets', 'liabilities': None, 'current_assets': 'AssetsCurrent', 'current_liabilities': 'LiabilitiesCurrent', 'retained_earnings': 'RetainedEarningsAccumulatedDeficit', 'liabilities_and_equity': 'LiabilitiesAndStockholdersEquity', 'equity': 'StockholdersEquity', 'ebit': 'OperatingIncomeLoss', 'revenue': 'RevenueFromContractWithCustomerExcludingAssessedTax', 'shares': 'EntityCommonStockSharesOutstanding'}"
72333,JWN,NORDSTROM INC,"{'debt_st': 'LongTermDebtCurrent', 'debt_lt': 'LongTermDebtNoncurrent', 'assets': 'Assets', 'liabilities': None, 'current_assets': 'AssetsCurrent', 'current_liabilities': 'LiabilitiesCurrent', 'retained_earnings': 'RetainedEarningsAccumulatedDeficit', 'liabilities_and_equity': 'LiabilitiesAndStockholdersEquity', 'equity': 'StockholdersEquity', 'ebit': 'OperatingIncomeLoss', 'revenue': 'Revenues', 'shares': 'EntityCommonStockSharesOutstanding'}"
72741,ES,EVERSOURCE ENERGY,"{'debt_st': 'LongTermDebtCurrent', 'debt_lt': 'LongTermDebtNoncurrent', 'assets': 'Assets', 'liabilities': None, 'current_assets': 'AssetsCurrent', 'current_liabilities': 'LiabilitiesCurrent', 'retained_earnings': 'RetainedEarningsAccumulatedDeficit', 'liabilities_and_equity': 'LiabilitiesAndStockholdersEquity', 'equity': 'StockholdersEquity', 'ebit': 'OperatingIncomeLoss', 'revenue': 'Revenues', 'shares': 'EntityCommonStockSharesOutstanding'}"
72903,XEL,XCEL ENERGY INC,"{'debt_st': 'LongTermDebtCurrent', 'debt_lt': 'LongTermDebtNoncurrent', 'assets': 'Assets', 'liabilities': None, 'current_assets': 'AssetsCurrent', 'current_liabilities': 'LiabilitiesCurrent', 'retained_earnings': 'RetainedEarningsAccumulatedDeficit', 'liabilities_and_equity': 'LiabilitiesAndStockholdersEquity', 'equity': 'StockholdersEquity', 'ebit': 'OperatingIncomeLoss', 'revenue': 'RevenueFromContractWithCustomerExcludingAssessedTax', 'shares': 'EntityCommonStockSharesOutstanding'}"
73309,NUE,NUCOR CORP,"{'debt_st': 'LongTermDebtCurrent', 'debt_lt': 'LongTermDebtNoncurrent', 'assets': 'Assets', 'liabilities': 'Liabilities', 'current_assets': 'AssetsCurrent', 'current_liabilities': 'LiabilitiesCurrent', 'retained_earnings': 'RetainedEarningsAccumulatedDeficit', 'liabilities_and_equity': 'LiabilitiesAndStockholdersEquity', 'equity': 'StockholdersEquity', 'ebit': 'IncomeLossFromContinuingOperationsBeforeIncomeTaxesExtraordinaryItemsNoncontrollingInterest', 'revenue': 'RevenueFromContractWithCustomerExcludingAssessedTax', 'shares': 'EntityCommonStockSharesOutstanding'}"
73756,OII,OCEANEERING INTERNATIONAL INC,"{'debt_st': 'LongTermDebtCurrent', 'debt_lt': 'LongTermDebtNoncurrent', 'assets': 'Assets', 'liabilities': None, 'current_assets': 'AssetsCurrent', 'current_liabilities': 'LiabilitiesCurrent', 'retained_earnings': 'RetainedEarningsAccumulatedDeficit', 'liabilities_and_equity': 'LiabilitiesAndStockholdersEquity', 'equity': 'StockholdersEquity', 'ebit': 'OperatingIncomeLoss', 'revenue': 'RevenueFromContractWithCustomerExcludingAssessedTax', 'shares': 'EntityCommonStockSharesOutstanding'}"
74303,OLN,OLIN Corp,"{'debt_st': 'DebtCurrent', 'debt_lt': 'LongTermDebtNoncurrent', 'assets': 'Assets', 'liabilities': 'Liabilities', 'current_assets': 'AssetsCurrent', 'current_liabilities': 'LiabilitiesCurrent', 'retained_earnings': 'RetainedEarningsAccumulatedDeficit', 'liabilities_and_equity': 'LiabilitiesAndStockholdersEquity', 'equity': 'StockholdersEquity', 'ebit': 'OperatingIncomeLoss', 'revenue': 'RevenueFromContractWithCustomerExcludingAssessedTax', 'shares': 'EntityCommonStockSharesOutstanding'}"
75252,ACH,ACCENDRA HEALTH INC/VA/,"{'debt_st': 'LongTermDebtCurrent', 'debt_lt': 'LongTermDebtNoncurrent', 'assets': 'Assets', 'liabilities': 'Liabilities', 'current_assets': 'AssetsCurrent', 'current_liabilities': 'LiabilitiesCurrent', 'retained_earnings': 'RetainedEarningsAccumulatedDeficit', 'liabilities_and_equity': 'LiabilitiesAndStockholdersEquity', 'equity': 'StockholdersEquity', 'ebit': 'OperatingIncomeLoss', 'revenue': 'RevenueFromContractWithCustomerExcludingAssessedTax', 'shares': 'EntityCommonStockSharesOutstanding'}"
75288,OXM,OXFORD INDUSTRIES INC,"{'debt_st': 'DebtCurrent', 'debt_lt': 'LongTermDebtNoncurrent', 'assets': 'Assets', 'liabilities': None, 'current_assets': 'AssetsCurrent', 'current_liabilities': 'LiabilitiesCurrent', 'retained_earnings': 'RetainedEarningsAccumulatedDeficit', 'liabilities_and_equity': 'LiabilitiesAndStockholdersEquity', 'equity': 'StockholdersEquity', 'ebit': 'OperatingIncomeLoss', 'revenue': 'RevenueFromContractWithCustomerExcludingAssessedTax', 'shares': 'EntityCommonStockSharesOutstanding'}"
75677,PKG,PACKAGING CORP OF AMERICA,"{'debt_st': 'LongTermDebtCurrent', 'debt_lt': 'LongTermDebtNoncurrent', 'assets': 'Assets', 'liabilities': None, 'current_assets': 'AssetsCurrent', 'current_liabilities': 'LiabilitiesCurrent', 'retained_earnings': 'RetainedEarningsAccumulatedDeficit', 'liabilities_and_equity': 'LiabilitiesAndStockholdersEquity', 'equity': 'StockholdersEquity', 'ebit': 'OperatingIncomeLoss', 'revenue': 'RevenueFromContractWithCustomerExcludingAssessedTax', 'shares': 'EntityCommonStockSharesOutstanding'}"
76282,PKOH,PARK OHIO HOLDINGS CORP,"{'debt_st': 'DebtCurrent', 'debt_lt': 'LongTermDebtNoncurrent', 'assets': 'Assets', 'liabilities': None, 'current_assets': 'AssetsCurrent', 'current_liabilities': 'LiabilitiesCurrent', 'retained_earnings': 'RetainedEarningsAccumulatedDeficit', 'liabilities_and_equity': 'LiabilitiesAndStockholdersEquity', 'equity': 'StockholdersEquity', 'ebit': 'OperatingIncomeLoss', 'revenue': 'RevenueFromContractWithCustomerExcludingAssessedTax', 'shares': 'EntityCommonStockSharesOutstanding'}"
76334,PH,Parker-Hannifin Corp,"{'debt_st': 'DebtCurrent', 'debt_lt': 'LongTermDebtNoncurrent', 'assets': 'Assets', 'liabilities': 'Liabilities', 'current_assets': 'AssetsCurrent', 'current_liabilities': 'LiabilitiesCurrent', 'retained_earnings': 'RetainedEarningsAccumulatedDeficit', 'liabilities_and_equity': 'LiabilitiesAndStockholdersEquity', 'equity': 'StockholdersEquity', 'ebit': 'OperatingIncomeLoss', 'revenue': 'RevenueFromContractWithCustomerExcludingAssessedTax', 'shares': 'EntityCommonStockSharesOutstanding'}"
76605,PATK,PATRICK INDUSTRIES INC,"{'debt_st': 'LongTermDebtCurrent', 'debt_lt': 'LongTermDebtNoncurrent', 'assets': 'Assets', 'liabilities': 'Liabilities', 'current_assets': 'AssetsCurrent', 'current_liabilities': 'LiabilitiesCurrent', 'retained_earnings': 'RetainedEarningsAccumulatedDeficit', 'liabilities_and_equity': 'LiabilitiesAndStockholdersEquity', 'equity': 'StockholdersEquity', 'ebit': 'OperatingIncomeLoss', 'revenue': 'RevenueFromContractWithCustomerExcludingAssessedTax', 'shares': 'EntityCommonStockSharesOutstanding'}"
77360,PNR,PENTAIR plc,"{'debt_st': 'DebtCurrent', 'debt_lt': 'LongTermDebtNoncurrent', 'assets': 'Assets', 'liabilities': 'Liabilities', 'current_assets': 'AssetsCurrent', 'current_liabilities': 'LiabilitiesCurrent', 'retained_earnings': 'RetainedEarningsAccumulatedDeficit', 'liabilities_and_equity': 'LiabilitiesAndStockholdersEquity', 'equity': 'StockholdersEquity', 'ebit': 'OperatingIncomeLoss', 'revenue': 'RevenueFromContractWithCustomerExcludingAssessedTax', 'shares': 'EntityCommonStockSharesOutstanding'}"
77476,PEP,PEPSICO INC,"{'debt_st': 'DebtCurrent', 'debt_lt': 'LongTermDebtNoncurrent', 'assets': 'Assets', 'liabilities': 'Liabilities', 'current_assets': 'AssetsCurrent', 'current_liabilities': 'LiabilitiesCurrent', 'retained_earnings': 'RetainedEarningsAccumulatedDeficit', 'liabilities_and_equity': 'LiabilitiesAndStockholdersEquity', 'equity': 'StockholdersEquity', 'ebit': 'OperatingIncomeLoss', 'revenue': 'Revenues', 'shares': 'EntityCommonStockSharesOutstanding'}"
77543,TPC,TUTOR PERINI CORP,"{'debt_st': 'DebtCurrent', 'debt_lt': 'LongTermDebtNoncurrent', 'assets': 'Assets', 'liabilities': 'Liabilities', 'current_assets': 'AssetsCurrent', 'current_liabilities': 'LiabilitiesCurrent', 'retained_earnings': 'RetainedEarningsAccumulatedDeficit', 'liabilities_and_equity': 'LiabilitiesAndStockholdersEquity', 'equity': 'StockholdersEquity', 'ebit': 'OperatingIncomeLoss', 'revenue': 'RevenueFromContractWithCustomerExcludingAssessedTax', 'shares': 'EntityCommonStockSharesOutstanding'}"
78003,PFE,PFIZER INC,"{'debt_st': 'DebtCurrent', 'debt_lt': 'LongTermDebtNoncurrent', 'assets': 'Assets', 'liabilities': 'Liabilities', 'current_assets': 'AssetsCurrent', 'current_liabilities': 'LiabilitiesCurrent', 'retained_earnings': 'RetainedEarningsAccumulatedDeficit', 'liabilities_and_equity': 'LiabilitiesAndStockholdersEquity', 'equity': 'StockholdersEquity', 'ebit': 'IncomeLossFromContinuingOperationsBeforeIncomeTaxesExtraordinaryItemsNoncontrollingInterest', 'revenue': 'RevenueFromContractWithCustomerExcludingAssessedTax', 'shares': 'EntityCommonStockSharesOutstanding'}"
78128,WTRG,"Essential Utilities, Inc.","{'debt_st': 'LongTermDebtCurrent', 'debt_lt': 'LongTermDebtNoncurrent', 'assets': 'Assets', 'liabilities': None, 'current_assets': 'AssetsCurrent', 'current_liabilities': 'LiabilitiesCurrent', 'retained_earnings': 'RetainedEarningsAccumulatedDeficit', 'liabilities_and_equity': 'LiabilitiesAndStockholdersEquity', 'equity': 'StockholdersEquity', 'ebit': 'OperatingIncomeLoss', 'revenue': 'RevenueFromContractWithCustomerExcludingAssessedTax', 'shares': 'EntityCommonStockSharesOutstanding'}"
78239,PVH,PVH CORP. /DE/,"{'debt_st': 'LongTermDebtCurrent', 'debt_lt': 'LongTermDebtNoncurrent', 'assets': 'Assets', 'liabilities': None, 'current_assets': 'AssetsCurrent', 'current_liabilities': 'LiabilitiesCurrent', 'retained_earnings': 'RetainedEarningsAccumulatedDeficit', 'liabilities_and_equity': 'LiabilitiesAndStockholdersEquity', 'equity': 'StockholdersEquity', 'ebit': 'OperatingIncomeLoss', 'revenue': 'Revenues', 'shares': 'EntityCommonStockSharesOutstanding'}"
78749,AGYS,AGILYSYS INC,"{'debt_st': None, 'debt_lt': 'LongTermDebtNoncurrent', 'assets': 'Assets', 'liabilities': None, 'current_assets': 'AssetsCurrent', 'current_liabilities': 'LiabilitiesCurrent', 'retained_earnings': 'RetainedEarningsAccumulatedDeficit', 'liabilities_and_equity': 'LiabilitiesAndStockholdersEquity', 'equity': 'StockholdersEquity', 'ebit': 'OperatingIncomeLoss', 'revenue': 'RevenueFromContractWithCustomerExcludingAssessedTax', 'shares': 'EntityCommonStockSharesOutstanding'}"
78814,PBI,PITNEY BOWES INC /DE/,"{'debt_st': 'DebtCurrent', 'debt_lt': 'LongTermDebtNoncurrent', 'assets': 'Assets', 'liabilities': 'Liabilities', 'current_assets': 'AssetsCurrent', 'current_liabilities': 'LiabilitiesCurrent', 'retained_earnings': 'RetainedEarningsAccumulatedDeficit', 'liabilities_and_equity': 'LiabilitiesAndStockholdersEquity', 'equity': 'StockholdersEquity', 'ebit': 'IncomeLossFromContinuingOperationsBeforeIncomeTaxesExtraordinaryItemsNoncontrollingInterest', 'revenue': 'RevenueFromContractWithCustomerExcludingAssessedTax', 'shares': 'EntityCommonStockSharesOutstanding'}"
78890,BCO,BRINKS CO,"{'debt_st': 'DebtCurrent', 'debt_lt': 'LongTermDebtNoncurrent', 'assets': 'Assets', 'liabilities': 'Liabilities', 'current_assets': 'AssetsCurrent', 'current_liabilities': 'LiabilitiesCurrent', 'retained_earnings': 'RetainedEarningsAccumulatedDeficit', 'liabilities_and_equity': 'LiabilitiesAndStockholdersEquity', 'equity': 'StockholdersEquity', 'ebit': 'OperatingIncomeLoss', 'revenue': 'RevenueFromContractWithCustomerExcludingAssessedTax', 'shares': 'EntityCommonStockSharesOutstanding'}"
79879,PPG,PPG INDUSTRIES INC,"{'debt_st': 'DebtCurrent', 'debt_lt': 'LongTermDebtNoncurrent', 'assets': 'Assets', 'liabilities': 'Liabilities', 'current_assets': 'AssetsCurrent', 'current_liabilities': 'LiabilitiesCurrent', 'retained_earnings': 'RetainedEarningsAccumulatedDeficit', 'liabilities_and_equity': 'LiabilitiesAndStockholdersEquity', 'equity': 'StockholdersEquity', 'ebit': 'OperatingIncomeLoss', 'revenue': 'RevenueFromContractWithCustomerExcludingAssessedTax', 'shares': 'EntityCommonStockSharesOutstanding'}"
80035,PLPC,PREFORMED LINE PRODUCTS CO,"{'debt_st': 'LongTermDebtCurrent', 'debt_lt': 'LongTermDebtNoncurrent', 'assets': 'Assets', 'liabilities': None, 'current_assets': 'AssetsCurrent', 'current_liabilities': 'LiabilitiesCurrent', 'retained_earnings': 'RetainedEarningsAccumulatedDeficit', 'liabilities_and_equity': 'LiabilitiesAndStockholdersEquity', 'equity': 'StockholdersEquity', 'ebit': 'OperatingIncomeLoss', 'revenue': 'RevenueFromContractWithCustomerExcludingAssessedTax', 'shares': 'EntityCommonStockSharesOutstanding'}"
80420,POWL,POWELL INDUSTRIES INC,"{'debt_st': 'LongTermDebtCurrent', 'debt_lt': 'LongTermDebtNoncurrent', 'assets': 'Assets', 'liabilities': 'Liabilities', 'current_assets': 'AssetsCurrent', 'current_liabilities': 'LiabilitiesCurrent', 'retained_earnings': 'RetainedEarningsAccumulatedDeficit', 'liabilities_and_equity': 'LiabilitiesAndStockholdersEquity', 'equity': 'StockholdersEquity', 'ebit': 'OperatingIncomeLoss', 'revenue': 'RevenueFromContractWithCustomerExcludingAssessedTax', 'shares': 'EntityCommonStockSharesOutstanding'}"
80424,PG,PROCTER & GAMBLE Co,"{'debt_st': 'DebtCurrent', 'debt_lt': 'LongTermDebtNoncurrent', 'assets': 'Assets', 'liabilities': 'Liabilities', 'current_assets': 'AssetsCurrent', 'current_liabilities': 'LiabilitiesCurrent', 'retained_earnings': 'RetainedEarningsAccumulatedDeficit', 'liabilities_and_equity': 'LiabilitiesAndStockholdersEquity', 'equity': 'StockholdersEquityIncludingPortionAttributableToNoncontrollingInterest', 'ebit': 'OperatingIncomeLoss', 'revenue': 'Revenues', 'shares': 'EntityCommonStockSharesOutstanding'}"
81362,KWR,QUAKER CHEMICAL CORP,"{'debt_st': 'DebtCurrent', 'debt_lt': 'LongTermDebtNoncurrent', 'assets': 'Assets', 'liabilities': 'Liabilities', 'current_assets': 'AssetsCurrent', 'current_liabilities': 'LiabilitiesCurrent', 'retained_earnings': 'RetainedEarningsAccumulatedDeficit', 'liabilities_and_equity': 'LiabilitiesAndStockholdersEquity', 'equity': 'StockholdersEquity', 'ebit': 'OperatingIncomeLoss', 'revenue': 'RevenueFromContractWithCustomerExcludingAssessedTax', 'shares': 'EntityCommonStockSharesOutstanding'}"
82020,USLM,UNITED STATES LIME & MINERALS INC,"{'debt_st': 'LongTermDebtCurrent', 'debt_lt': 'LongTermDebtNoncurrent', 'assets': 'Assets', 'liabilities': 'Liabilities', 'current_assets': 'AssetsCurrent', 'current_liabilities': 'LiabilitiesCurrent', 'retained_earnings': 'RetainedEarningsAccumulatedDeficit', 'liabilities_and_equity': 'LiabilitiesAndStockholdersEquity', 'equity': 'StockholdersEquity', 'ebit': 'OperatingIncomeLoss', 'revenue': 'RevenueFromContractWithCustomerExcludingAssessedTax', 'shares': 'EntityCommonStockSharesOutstanding'}"
82811,RRX,REGAL REXNORD CORP,"{'debt_st': 'LongTermDebtCurrent', 'debt_lt': 'LongTermDebtNoncurrent', 'assets': 'Assets', 'liabilities': None, 'current_assets': 'AssetsCurrent', 'current_liabilities': 'LiabilitiesCurrent', 'retained_earnings': 'RetainedEarningsAccumulatedDeficit', 'liabilities_and_equity': 'LiabilitiesAndStockholdersEquity', 'equity': 'StockholdersEquity', 'ebit': 'OperatingIncomeLoss', 'revenue': 'RevenueFromContractWithCustomerExcludingAssessedTax', 'shares': 'EntityCommonStockSharesOutstanding'}"
84129,RADCQ,"NEW RITE AID, LLC","{'debt_st': 'DebtCurrent', 'debt_lt': 'LongTermDebtNoncurrent', 'assets': 'Assets', 'liabilities': 'Liabilities', 'current_assets': 'AssetsCurrent', 'current_liabilities': 'LiabilitiesCurrent', 'retained_earnings': 'RetainedEarningsAccumulatedDeficit', 'liabilities_and_equity': 'LiabilitiesAndStockholdersEquity', 'equity': 'StockholdersEquity', 'ebit': 'IncomeLossFromContinuingOperationsBeforeIncomeTaxesExtraordinaryItemsNoncontrollingInterest', 'revenue': 'RevenueFromContractWithCustomerExcludingAssessedTax', 'shares': 'EntityCommonStockSharesOutstanding'}"
84748,ROG,ROGERS CORP,"{'debt_st': 'LongTermDebtCurrent', 'debt_lt': 'LongTermDebtNoncurrent', 'assets': 'Assets', 'liabilities': None, 'current_assets': 'AssetsCurrent', 'current_liabilities': 'LiabilitiesCurrent', 'retained_earnings': 'RetainedEarningsAccumulatedDeficit', 'liabilities_and_equity': 'LiabilitiesAndStockholdersEquity', 'equity': 'StockholdersEquity', 'ebit': 'OperatingIncomeLoss', 'revenue': 'RevenueFromContractWithCustomerExcludingAssessedTax', 'shares': 'EntityCommonStockSharesOutstanding'}"
84839,ROL,ROLLINS INC,"{'debt_st': 'ShortTermBorrowings', 'debt_lt': 'LongTermDebt', 'assets': 'Assets', 'liabilities': 'Liabilities', 'current_assets': 'AssetsCurrent', 'current_liabilities': 'LiabilitiesCurrent', 'retained_earnings': 'RetainedEarningsAccumulatedDeficit', 'liabilities_and_equity': 'LiabilitiesAndStockholdersEquity', 'equity': 'StockholdersEquity', 'ebit': 'OperatingIncomeLoss', 'revenue': 'RevenueFromContractWithCustomerExcludingAssessedTax', 'shares': 'EntityCommonStockSharesOutstanding'}"
85961,R,RYDER SYSTEM INC,"{'debt_st': 'DebtCurrent', 'debt_lt': 'LongTermDebtAndCapitalLeaseObligationsIncludingCurrentMaturities', 'assets': 'Assets', 'liabilities': 'Liabilities', 'current_assets': 'AssetsCurrent', 'current_liabilities': 'LiabilitiesCurrent', 'retained_earnings': 'RetainedEarningsAccumulatedDeficit', 'liabilities_and_equity': 'LiabilitiesAndStockholdersEquity', 'equity': 'StockholdersEquity', 'ebit': 'IncomeLossFromContinuingOperationsBeforeIncomeTaxesExtraordinaryItemsNoncontrollingInterest', 'revenue': 'Revenues', 'shares': 'EntityCommonStockSharesOutstanding'}"
87347,SLB,SLB LIMITED/NV,"{'debt_st': 'LongTermDebtCurrent', 'debt_lt': 'LongTermDebtNoncurrent', 'assets': 'Assets', 'liabilities': 'Liabilities', 'current_assets': 'AssetsCurrent', 'current_liabilities': 'LiabilitiesCurrent', 'retained_earnings': 'RetainedEarningsAccumulatedDeficit', 'liabilities_and_equity': 'LiabilitiesAndStockholdersEquity', 'equity': 'StockholdersEquity', 'ebit': 'OperatingIncomeLoss', 'revenue': 'RevenueFromContractWithCustomerExcludingAssessedTax', 'shares': 'EntityCommonStockSharesOutstanding'}"
88121,SEB,SEABOARD CORP /DE/,"{'debt_st': 'LongTermDebtCurrent', 'debt_lt': 'LongTermDebtNoncurrent', 'assets': 'Assets', 'liabilities': 'Liabilities', 'current_assets': 'AssetsCurrent', 'current_liabilities': 'LiabilitiesCurrent', 'retained_earnings': 'RetainedEarningsAccumulatedDeficit', 'liabilities_and_equity': 'LiabilitiesAndStockholdersEquity', 'equity': 'StockholdersEquity', 'ebit': 'OperatingIncomeLoss', 'revenue': 'RevenueFromContractWithCustomerExcludingAssessedTax', 'shares': 'EntityCommonStockSharesOutstanding'}"
88205,SPXC,"SPX Technologies, Inc.","{'debt_st': 'LongTermDebtCurrent', 'debt_lt': 'LongTermDebtAndCapitalLeaseObligations', 'assets': 'Assets', 'liabilities': None, 'current_assets': 'AssetsCurrent', 'current_liabilities': 'LiabilitiesCurrent', 'retained_earnings': 'RetainedEarningsAccumulatedDeficit', 'liabilities_and_equity': 'LiabilitiesAndStockholdersEquity', 'equity': 'StockholdersEquity', 'ebit': 'OperatingIncomeLoss', 'revenue': 'RevenueFromContractWithCustomerExcludingAssessedTax', 'shares': 'EntityCommonStockSharesOutstanding'}"
88941,SMTC,SEMTECH CORP,"{'debt_st': 'LongTermDebtCurrent', 'debt_lt': 'LongTermDebtNoncurrent', 'assets': 'Assets', 'liabilities': None, 'current_assets': 'AssetsCurrent', 'current_liabilities': 'LiabilitiesCurrent', 'retained_earnings': 'RetainedEarningsAccumulatedDeficit', 'liabilities_and_equity': 'LiabilitiesAndStockholdersEquity', 'equity': 'StockholdersEquity', 'ebit': 'OperatingIncomeLoss', 'revenue': 'RevenueFromContractWithCustomerExcludingAssessedTax', 'shares': 'EntityCommonStockSharesOutstanding'}"
89089,SCI,SERVICE CORP INTERNATIONAL,"{'debt_st': 'LongTermDebtCurrent', 'debt_lt': 'LongTermDebtNoncurrent', 'assets': 'Assets', 'liabilities': None, 'current_assets': 'AssetsCurrent', 'current_liabilities': 'LiabilitiesCurrent', 'retained_earnings': 'RetainedEarningsAccumulatedDeficit', 'liabilities_and_equity': 'LiabilitiesAndStockholdersEquity', 'equity': 'StockholdersEquity', 'ebit': 'OperatingIncomeLoss', 'revenue': 'Revenues', 'shares': 'EntityCommonStockSharesOutstanding'}"
89439,MLI,MUELLER INDUSTRIES INC,"{'debt_st': 'DebtCurrent', 'debt_lt': 'LongTermDebtNoncurrent', 'assets': 'Assets', 'liabilities': 'Liabilities', 'current_assets': 'AssetsCurrent', 'current_liabilities': 'LiabilitiesCurrent', 'retained_earnings': 'RetainedEarningsAccumulatedDeficit', 'liabilities_and_equity': 'LiabilitiesAndStockholdersEquity', 'equity': 'StockholdersEquity', 'ebit': 'OperatingIncomeLoss', 'revenue': 'RevenueFromContractWithCustomerExcludingAssessedTax', 'shares': 'EntityCommonStockSharesOutstanding'}"
89800,SHW,SHERWIN WILLIAMS CO,"{'debt_st': 'LongTermDebtCurrent', 'debt_lt': 'LongTermDebtNoncurrent', 'assets': 'Assets', 'liabilities': None, 'current_assets': 'AssetsCurrent', 'current_liabilities': 'LiabilitiesCurrent', 'retained_earnings': 'RetainedEarningsAccumulatedDeficit', 'liabilities_and_equity': 'LiabilitiesAndStockholdersEquity', 'equity': 'StockholdersEquity', 'ebit': 'OperatingIncomeLoss', 'revenue': 'RevenueFromContractWithCustomerExcludingAssessedTax', 'shares': 'EntityCommonStockSharesOutstanding'}"
90896,SKY,"Champion Homes, Inc.","{'debt_st': 'LongTermDebtCurrent', 'debt_lt': 'LongTermDebtNoncurrent', 'assets': 'Assets', 'liabilities': 'Liabilities', 'current_assets': 'AssetsCurrent', 'current_liabilities': 'LiabilitiesCurrent', 'retained_earnings': 'RetainedEarningsAccumulatedDeficit', 'liabilities_and_equity': 'LiabilitiesAndStockholdersEquity', 'equity': 'StockholdersEquity', 'ebit': 'OperatingIncomeLoss', 'revenue': 'RevenueFromContractWithCustomerExcludingAssessedTax', 'shares': 'EntityCommonStockSharesOutstanding'}"
91388,SFD,SMITHFIELD FOODS INC,"{'debt_st': 'LongTermDebtCurrent', 'debt_lt': 'LongTermDebtNoncurrent', 'assets': 'Assets', 'liabilities': None, 'current_assets': 'AssetsCurrent', 'current_liabilities': 'LiabilitiesCurrent', 'retained_earnings': 'RetainedEarningsAccumulatedDeficit', 'liabilities_and_equity': 'LiabilitiesAndStockholdersEquity', 'equity': 'StockholdersEquity', 'ebit': 'OperatingIncomeLoss', 'revenue': 'RevenueFromContractWithCustomerExcludingAssessedTax', 'shares': 'EntityCommonStockSharesOutstanding'}"
91419,SJM,J M SMUCKER Co,"{'debt_st': 'LongTermDebtCurrent', 'debt_lt': 'LongTermDebtNoncurrent', 'assets': 'Assets', 'liabilities': 'Liabilities', 'current_assets': 'AssetsCurrent', 'current_liabilities': 'LiabilitiesCurrent', 'retained_earnings': 'RetainedEarningsAccumulatedDeficit', 'liabilities_and_equity': 'LiabilitiesAndStockholdersEquity', 'equity': 'StockholdersEquity', 'ebit': 'OperatingIncomeLoss', 'revenue': 'RevenueFromContractWithCustomerIncludingAssessedTax', 'shares': 'EntityCommonStockSharesOutstanding'}"
91440,SNA,Snap-on Inc,"{'debt_st': 'DebtCurrent', 'debt_lt': 'LongTermDebtNoncurrent', 'assets': 'Assets', 'liabilities': 'Liabilities', 'current_assets': 'AssetsCurrent', 'current_liabilities': 'LiabilitiesCurrent', 'retained_earnings': 'RetainedEarningsAccumulatedDeficit', 'liabilities_and_equity': 'LiabilitiesAndStockholdersEquity', 'equity': 'StockholdersEquity', 'ebit': 'OperatingIncomeLoss', 'revenue': 'RevenueFromContractWithCustomerExcludingAssessedTax', 'shares': 'EntityCommonStockSharesOutstanding'}"
91767,SON,SONOCO PRODUCTS CO,"{'debt_st': 'DebtCurrent', 'debt_lt': 'LongTermDebtNoncurrent', 'assets': 'Assets', 'liabilities': 'Liabilities', 'current_assets': 'AssetsCurrent', 'current_liabilities': 'LiabilitiesCurrent', 'retained_earnings': 'RetainedEarningsAccumulatedDeficit', 'liabilities_and_equity': 'LiabilitiesAndStockholdersEquity', 'equity': 'StockholdersEquity', 'ebit': 'OperatingIncomeLoss', 'revenue': 'RevenueFromContractWithCustomerExcludingAssessedTax', 'shares': 'EntityCommonStockSharesOutstanding'}"
91928,SJIJ,SOUTH JERSEY INDUSTRIES INC,"{'debt_st': 'LongTermDebtCurrent', 'debt_lt': 'LongTermDebtNoncurrent', 'assets': 'Assets', 'liabilities': None, 'current_assets': 'AssetsCurrent', 'current_liabilities': 'LiabilitiesCurrent', 'retained_earnings': 'RetainedEarningsAccumulatedDeficit', 'liabilities_and_equity': 'LiabilitiesAndStockholdersEquity', 'equity': 'StockholdersEquity', 'ebit': 'OperatingIncomeLoss', 'revenue': 'RevenueFromContractWithCustomerExcludingAssessedTax', 'shares': 'EntityCommonStockSharesOutstanding'}"
92122,SO,SOUTHERN CO,"{'debt_st': 'ShortTermBorrowings', 'debt_lt': 'LongTermDebtAndCapitalLeaseObligations', 'assets': 'Assets', 'liabilities': 'Liabilities', 'current_assets': 'AssetsCurrent', 'current_liabilities': 'LiabilitiesCurrent', 'retained_earnings': 'RetainedEarningsAccumulatedDeficit', 'liabilities_and_equity': 'LiabilitiesAndStockholdersEquity', 'equity': 'StockholdersEquity', 'ebit': 'OperatingIncomeLoss', 'revenue': 'Revenues', 'shares': 'EntityCommonStockSharesOutstanding'}"
92416,SWX,SOUTHWEST GAS CORP,"{'debt_st': 'LongTermDebtCurrent', 'debt_lt': 'LongTermDebtNoncurrent', 'assets': 'Assets', 'liabilities': None, 'current_assets': 'AssetsCurrent', 'current_liabilities': 'LiabilitiesCurrent', 'retained_earnings': 'RetainedEarningsAccumulatedDeficit', 'liabilities_and_equity': 'LiabilitiesAndStockholdersEquity', 'equity': 'StockholdersEquity', 'ebit': 'OperatingIncomeLoss', 'revenue': 'Revenues', 'shares': 'EntityCommonStockSharesOutstanding'}"
93389,SMP,"STANDARD MOTOR PRODUCTS, INC.","{'debt_st': 'DebtCurrent', 'debt_lt': 'LongTermDebtNoncurrent', 'assets': 'Assets', 'liabilities': 'Liabilities', 'current_assets': 'AssetsCurrent', 'current_liabilities': 'LiabilitiesCurrent', 'retained_earnings': 'RetainedEarningsAccumulatedDeficit', 'liabilities_and_equity': 'LiabilitiesAndStockholdersEquity', 'equity': 'StockholdersEquity', 'ebit': 'OperatingIncomeLoss', 'revenue': 'RevenueFromContractWithCustomerExcludingAssessedTax', 'shares': 'EntityCommonStockSharesOutstanding'}"
93410,CVX,CHEVRON CORP,"{'debt_st': 'DebtCurrent', 'debt_lt': 'LongTermDebtNoncurrent', 'assets': 'Assets', 'liabilities': 'Liabilities', 'current_assets': 'AssetsCurrent', 'current_liabilities': 'LiabilitiesCurrent', 'retained_earnings': 'RetainedEarningsAccumulatedDeficit', 'liabilities_and_equity': 'LiabilitiesAndStockholdersEquity', 'equity': 'StockholdersEquity', 'ebit': 'IncomeLossFromContinuingOperationsBeforeIncomeTaxesMinorityInterestAndIncomeLossFromEquityMethodInvestments', 'revenue': 'RevenueFromContractWithCustomerExcludingAssessedTax', 'shares': 'EntityCommonStockSharesOutstanding'}"
93556,SWK,"STANLEY BLACK & DECKER, INC.","{'debt_st': 'LongTermDebtCurrent', 'debt_lt': 'LongTermDebtNoncurrent', 'assets': 'Assets', 'liabilities': None, 'current_assets': 'AssetsCurrent', 'current_liabilities': 'LiabilitiesCurrent', 'retained_earnings': 'RetainedEarningsAccumulatedDeficit', 'liabilities_and_equity': 'LiabilitiesAndStockholdersEquity', 'equity': 'StockholdersEquity', 'ebit': 'OperatingIncomeLoss', 'revenue': 'Revenues', 'shares': 'EntityCommonStockSharesOutstanding'}"
94049,SCL,STEPAN CO,"{'debt_st': 'LongTermDebtCurrent', 'debt_lt': 'LongTermDebtNoncurrent', 'assets': 'Assets', 'liabilities': None, 'current_assets': 'AssetsCurrent', 'current_liabilities': 'LiabilitiesCurrent', 'retained_earnings': 'RetainedEarningsAccumulatedDeficit', 'liabilities_and_equity': 'LiabilitiesAndStockholdersEquity', 'equity': 'StockholdersEquity', 'ebit': 'OperatingIncomeLoss', 'revenue': 'RevenueFromContractWithCustomerExcludingAssessedTax', 'shares': 'EntityCommonStockSharesOutstanding'}"
94845,LEVI,LEVI STRAUSS & CO,"{'debt_st': 'LongTermDebtCurrent', 'debt_lt': 'LongTermDebtNoncurrent', 'assets': 'Assets', 'liabilities': 'Liabilities', 'current_assets': 'AssetsCurrent', 'current_liabilities': 'LiabilitiesCurrent', 'retained_earnings': 'RetainedEarningsAccumulatedDeficit', 'liabilities_and_equity': 'LiabilitiesAndStockholdersEquity', 'equity': 'StockholdersEquity', 'ebit': 'OperatingIncomeLoss', 'revenue': 'RevenueFromContractWithCustomerExcludingAssessedTax', 'shares': 'EntityCommonStockSharesOutstanding'}"
95574,SGC,"SUPERIOR GROUP OF COMPANIES, INC.","{'debt_st': 'LongTermDebtCurrent', 'debt_lt': 'LongTermDebtNoncurrent', 'assets': 'Assets', 'liabilities': 'Liabilities', 'current_assets': 'AssetsCurrent', 'current_liabilities': 'LiabilitiesCurrent', 'retained_earnings': 'RetainedEarningsAccumulatedDeficit', 'liabilities_and_equity': 'LiabilitiesAndStockholdersEquity', 'equity': 'StockholdersEquity', 'ebit': 'IncomeLossFromContinuingOperationsBeforeIncomeTaxesExtraordinaryItemsNoncontrollingInterest', 'revenue': 'RevenueFromContractWithCustomerExcludingAssessedTax', 'shares': 'EntityCommonStockSharesOutstanding'}"
96021,SYY,SYSCO CORP,"{'debt_st': 'DebtCurrent', 'debt_lt': 'LongTermDebtAndCapitalLeaseObligations', 'assets': 'Assets', 'liabilities': None, 'current_assets': 'AssetsCurrent', 'current_liabilities': 'LiabilitiesCurrent', 'retained_earnings': None, 'liabilities_and_equity': 'LiabilitiesAndStockholdersEquity', 'equity': 'StockholdersEquity', 'ebit': 'OperatingIncomeLoss', 'revenue': 'RevenueFromContractWithCustomerExcludingAssessedTax', 'shares': 'EntityCommonStockSharesOutstanding'}"
96943,TFX,TELEFLEX INC,"{'debt_st': 'DebtCurrent', 'debt_lt': 'LongTermDebtNoncurrent', 'assets': 'Assets', 'liabilities': 'Liabilities', 'current_assets': 'AssetsCurrent', 'current_liabilities': 'LiabilitiesCurrent', 'retained_earnings': 'RetainedEarningsAccumulatedDeficit', 'liabilities_and_equity': 'LiabilitiesAndStockholdersEquity', 'equity': 'StockholdersEquity', 'ebit': 'OperatingIncomeLoss', 'revenue': 'RevenueFromContractWithCustomerExcludingAssessedTax', 'shares': 'EntityCommonStockSharesOutstanding'}"
97134,TNC,TENNANT CO,"{'debt_st': 'DebtCurrent', 'debt_lt': 'LongTermDebtAndCapitalLeaseObligations', 'assets': 'Assets', 'liabilities': 'Liabilities', 'current_assets': 'AssetsCurrent', 'current_liabilities': 'LiabilitiesCurrent', 'retained_earnings': 'RetainedEarningsAccumulatedDeficit', 'liabilities_and_equity': 'LiabilitiesAndStockholdersEquity', 'equity': 'StockholdersEquity', 'ebit': 'OperatingIncomeLoss', 'revenue': 'RevenueFromContractWithCustomerExcludingAssessedTax', 'shares': 'EntityCommonStockSharesOutstanding'}"
97216,TEX,TEREX CORP,"{'debt_st': 'DebtCurrent', 'debt_lt': 'LongTermDebtNoncurrent', 'assets': 'Assets', 'liabilities': 'Liabilities', 'current_assets': 'AssetsCurrent', 'current_liabilities': 'LiabilitiesCurrent', 'retained_earnings': 'RetainedEarningsAccumulatedDeficit', 'liabilities_and_equity': 'LiabilitiesAndStockholdersEquity', 'equity': 'StockholdersEquity', 'ebit': 'OperatingIncomeLoss', 'revenue': 'RevenueFromContractWithCustomerExcludingAssessedTax', 'shares': 'EntityCommonStockSharesOutstanding'}"
97476,TXN,TEXAS INSTRUMENTS INC,"{'debt_st': 'DebtCurrent', 'debt_lt': 'LongTermDebtNoncurrent', 'assets': 'Assets', 'liabilities': 'Liabilities', 'current_assets': 'AssetsCurrent', 'current_liabilities': 'LiabilitiesCurrent', 'retained_earnings': 'RetainedEarningsAccumulatedDeficit', 'liabilities_and_equity': 'LiabilitiesAndStockholdersEquity', 'equity': 'StockholdersEquity', 'ebit': 'OperatingIncomeLoss', 'revenue': 'RevenueFromContractWithCustomerExcludingAssessedTax', 'shares': 'EntityCommonStockSharesOutstanding'}"
97745,TMO,THERMO FISHER SCIENTIFIC INC.,"{'debt_st': 'DebtCurrent', 'debt_lt': 'LongTermDebtNoncurrent', 'assets': 'Assets', 'liabilities': None, 'current_assets': 'AssetsCurrent', 'current_liabilities': 'LiabilitiesCurrent', 'retained_earnings': 'RetainedEarningsAccumulatedDeficit', 'liabilities_and_equity': 'LiabilitiesAndStockholdersEquity', 'equity': 'StockholdersEquity', 'ebit': 'OperatingIncomeLoss', 'revenue': 'RevenueFromContractWithCustomerExcludingAssessedTax', 'shares': 'EntityCommonStockSharesOutstanding'}"
98222,TDW,TIDEWATER INC,"{'debt_st': 'DebtCurrent', 'debt_lt': 'LongTermDebtNoncurrent', 'assets': 'Assets', 'liabilities': None, 'current_assets': 'AssetsCurrent', 'current_liabilities': 'LiabilitiesCurrent', 'retained_earnings': 'RetainedEarningsAccumulatedDeficit', 'liabilities_and_equity': 'LiabilitiesAndStockholdersEquity', 'equity': 'StockholdersEquity', 'ebit': 'OperatingIncomeLoss', 'revenue': 'RevenueFromContractWithCustomerExcludingAssessedTax', 'shares': 'EntityCommonStockSharesOutstanding'}"
98362,TKR,TIMKEN CO,"{'debt_st': 'DebtCurrent', 'debt_lt': 'LongTermDebtNoncurrent', 'assets': 'Assets', 'liabilities': 'Liabilities', 'current_assets': 'AssetsCurrent', 'current_liabilities': 'LiabilitiesCurrent', 'retained_earnings': 'RetainedEarningsAccumulatedDeficit', 'liabilities_and_equity': 'LiabilitiesAndStockholdersEquity', 'equity': 'StockholdersEquity', 'ebit': 'OperatingIncomeLoss', 'revenue': 'RevenueFromContractWithCustomerExcludingAssessedTax', 'shares': 'EntityCommonStockSharesOutstanding'}"
99302,TRNS,TRANSCAT INC,"{'debt_st': 'LongTermDebtCurrent', 'debt_lt': 'LongTermDebtNoncurrent', 'assets': 'Assets', 'liabilities': 'Liabilities', 'current_assets': 'AssetsCurrent', 'current_liabilities': 'LiabilitiesCurrent', 'retained_earnings': 'RetainedEarningsAccumulatedDeficit', 'liabilities_and_equity': 'LiabilitiesAndStockholdersEquity', 'equity': 'StockholdersEquity', 'ebit': 'OperatingIncomeLoss', 'revenue': 'Revenues', 'shares': 'EntityCommonStockSharesOutstanding'}"
100378,TWIN,TWIN DISC INC,"{'debt_st': 'DebtCurrent', 'debt_lt': 'LongTermDebtNoncurrent', 'assets': 'Assets', 'liabilities': 'Liabilities', 'current_assets': 'AssetsCurrent', 'current_liabilities': 'LiabilitiesCurrent', 'retained_earnings': 'RetainedEarningsAccumulatedDeficit', 'liabilities_and_equity': 'LiabilitiesAndStockholdersEquity', 'equity': 'StockholdersEquity', 'ebit': 'OperatingIncomeLoss', 'revenue': 'Revenues', 'shares': 'EntityCommonStockSharesOutstanding'}"
100726,UFI,UNIFI INC,"{'debt_st': 'LongTermDebtCurrent', 'debt_lt': 'LongTermDebtNoncurrent', 'assets': 'Assets', 'liabilities': 'Liabilities', 'current_assets': 'AssetsCurrent', 'current_liabilities': 'LiabilitiesCurrent', 'retained_earnings': 'RetainedEarningsAccumulatedDeficit', 'liabilities_and_equity': 'LiabilitiesAndStockholdersEquity', 'equity': 'StockholdersEquity', 'ebit': 'OperatingIncomeLoss', 'revenue': 'RevenueFromContractWithCustomerExcludingAssessedTax', 'shares': 'EntityCommonStockSharesOutstanding'}"
100885,UNP,UNION PACIFIC CORP,"{'debt_st': None, 'debt_lt': 'LongTermDebtAndCapitalLeaseObligationsIncludingCurrentMaturities', 'assets': 'Assets', 'liabilities': 'Liabilities', 'current_assets': 'AssetsCurrent', 'current_liabilities': 'LiabilitiesCurrent', 'retained_earnings': 'RetainedEarningsAccumulatedDeficit', 'liabilities_and_equity': 'LiabilitiesAndStockholdersEquity', 'equity': 'StockholdersEquity', 'ebit': 'OperatingIncomeLoss', 'revenue': 'RevenueFromContractWithCustomerExcludingAssessedTax', 'shares': 'EntityCommonStockSharesOutstanding'}"
101829,RTX,RTX Corp,"{'debt_st': 'ShortTermBorrowings', 'debt_lt': 'LongTermDebtAndCapitalLeaseObligationsIncludingCurrentMaturities', 'assets': 'Assets', 'liabilities': 'Liabilities', 'current_assets': 'AssetsCurrent', 'current_liabilities': 'LiabilitiesCurrent', 'retained_earnings': 'RetainedEarningsAccumulatedDeficit', 'liabilities_and_equity': 'LiabilitiesAndStockholdersEquity', 'equity': 'StockholdersEquity', 'ebit': 'OperatingIncomeLoss', 'revenue': 'RevenueFromContractWithCustomerExcludingAssessedTax', 'shares': 'EntityCommonStockSharesOutstanding'}"
102037,UVV,UNIVERSAL CORP /VA/,"{'debt_st': 'LongTermDebtCurrent', 'debt_lt': 'LongTermDebtNoncurrent', 'assets': 'Assets', 'liabilities': 'Liabilities', 'current_assets': 'AssetsCurrent', 'current_liabilities': 'LiabilitiesCurrent', 'retained_earnings': 'RetainedEarningsAccumulatedDeficit', 'liabilities_and_equity': 'LiabilitiesAndStockholdersEquity', 'equity': 'StockholdersEquity', 'ebit': 'OperatingIncomeLoss', 'revenue': 'RevenueFromContractWithCustomerExcludingAssessedTax', 'shares': 'EntityCommonStockSharesOutstanding'}"
102729,VMI,VALMONT INDUSTRIES INC,"{'debt_st': 'LongTermDebtCurrent', 'debt_lt': 'LongTermDebtNoncurrent', 'assets': 'Assets', 'liabilities': 'Liabilities', 'current_assets': 'AssetsCurrent', 'current_liabilities': 'LiabilitiesCurrent', 'retained_earnings': 'RetainedEarningsAccumulatedDeficit', 'liabilities_and_equity': 'LiabilitiesAndStockholdersEquity', 'equity': 'StockholdersEquity', 'ebit': 'OperatingIncomeLoss', 'revenue': 'RevenueFromContractWithCustomerExcludingAssessedTax', 'shares': 'EntityCommonStockSharesOutstanding'}"
102752,VSEC,VSE CORP,"{'debt_st': 'LongTermDebtCurrent', 'debt_lt': 'LongTermDebtNoncurrent', 'assets': 'Assets', 'liabilities': 'Liabilities', 'current_assets': 'AssetsCurrent', 'current_liabilities': 'LiabilitiesCurrent', 'retained_earnings': 'RetainedEarningsAccumulatedDeficit', 'liabilities_and_equity': 'LiabilitiesAndStockholdersEquity', 'equity': 'StockholdersEquity', 'ebit': 'OperatingIncomeLoss', 'revenue': 'RevenueFromContractWithCustomerExcludingAssessedTax', 'shares': 'EntityCommonStockSharesOutstanding'}"
103145,VECO,VEECO INSTRUMENTS INC,"{'debt_st': 'LongTermDebtCurrent', 'debt_lt': 'LongTermDebtNoncurrent', 'assets': 'Assets', 'liabilities': 'Liabilities', 'current_assets': 'AssetsCurrent', 'current_liabilities': 'LiabilitiesCurrent', 'retained_earnings': 'RetainedEarningsAccumulatedDeficit', 'liabilities_and_equity': 'LiabilitiesAndStockholdersEquity', 'equity': 'StockholdersEquity', 'ebit': 'OperatingIncomeLoss', 'revenue': 'RevenueFromContractWithCustomerIncludingAssessedTax', 'shares': 'EntityCommonStockSharesOutstanding'}"
103379,VFC,V F CORP,"{'debt_st': 'DebtCurrent', 'debt_lt': 'LongTermDebtNoncurrent', 'assets': 'Assets', 'liabilities': 'Liabilities', 'current_assets': 'AssetsCurrent', 'current_liabilities': 'LiabilitiesCurrent', 'retained_earnings': 'RetainedEarningsAccumulatedDeficit', 'liabilities_and_equity': 'LiabilitiesAndStockholdersEquity', 'equity': 'StockholdersEquity', 'ebit': 'OperatingIncomeLoss', 'revenue': 'RevenueFromContractWithCustomerExcludingAssessedTax', 'shares': 'EntityCommonStockSharesOutstanding'}"
104169,WMT,Walmart Inc.,"{'debt_st': 'LongTermDebtCurrent', 'debt_lt': 'LongTermDebtNoncurrent', 'assets': 'Assets', 'liabilities': None, 'current_assets': 'AssetsCurrent', 'current_liabilities': 'LiabilitiesCurrent', 'retained_earnings': 'RetainedEarningsAccumulatedDeficit', 'liabilities_and_equity': 'LiabilitiesAndStockholdersEquity', 'equity': 'StockholdersEquity', 'ebit': 'OperatingIncomeLoss', 'revenue': 'RevenueFromContractWithCustomerExcludingAssessedTax', 'shares': 'EntityCommonStockSharesOutstanding'}"
104918,AVA,AVISTA CORP,"{'debt_st': 'LongTermDebtCurrent', 'debt_lt': 'LongTermDebtNoncurrent', 'assets': 'Assets', 'liabilities': 'Liabilities', 'current_assets': 'AssetsCurrent', 'current_liabilities': 'LiabilitiesCurrent', 'retained_earnings': 'RetainedEarningsAccumulatedDeficit', 'liabilities_and_equity': 'LiabilitiesAndStockholdersEquity', 'equity': 'StockholdersEquity', 'ebit': 'OperatingIncomeLoss', 'revenue': 'Revenues', 'shares': 'EntityCommonStockSharesOutstanding'}"
105132,WDFC,WD 40 CO,"{'debt_st': 'DebtCurrent', 'debt_lt': 'LongTermDebtNoncurrent', 'assets': 'Assets', 'liabilities': 'Liabilities', 'current_assets': 'AssetsCurrent', 'current_liabilities': 'LiabilitiesCurrent', 'retained_earnings': 'RetainedEarningsAccumulatedDeficit', 'liabilities_and_equity': 'LiabilitiesAndStockholdersEquity', 'equity': 'StockholdersEquity', 'ebit': 'OperatingIncomeLoss', 'revenue': 'RevenueFromContractWithCustomerExcludingAssessedTax', 'shares': 'EntityCommonStockSharesOutstanding'}"
105418,WMK,WEIS MARKETS INC,"{'debt_st': None, 'debt_lt': 'LongTermDebtNoncurrent', 'assets': 'Assets', 'liabilities': 'Liabilities', 'current_assets': 'AssetsCurrent', 'current_liabilities': 'LiabilitiesCurrent', 'retained_earnings': 'RetainedEarningsAccumulatedDeficit', 'liabilities_and_equity': 'LiabilitiesAndStockholdersEquity', 'equity': 'StockholdersEquity', 'ebit': 'OperatingIncomeLoss', 'revenue': 'RevenueFromContractWithCustomerExcludingAssessedTax', 'shares': 'EntityCommonStockSharesOutstanding'}"
105634,EME,"EMCOR Group, Inc.","{'debt_st': None, 'debt_lt': 'LongTermDebtAndCapitalLeaseObligations', 'assets': 'Assets', 'liabilities': 'Liabilities', 'current_assets': 'AssetsCurrent', 'current_liabilities': 'LiabilitiesCurrent', 'retained_earnings': 'RetainedEarningsAccumulatedDeficit', 'liabilities_and_equity': 'LiabilitiesAndStockholdersEquity', 'equity': 'StockholdersEquity', 'ebit': 'OperatingIncomeLoss', 'revenue': 'Revenues', 'shares': 'EntityCommonStockSharesOutstanding'}"
105770,WST,WEST PHARMACEUTICAL SERVICES INC,"{'debt_st': 'DebtCurrent', 'debt_lt': 'LongTermDebtNoncurrent', 'assets': 'Assets', 'liabilities': 'Liabilities', 'current_assets': 'AssetsCurrent', 'current_liabilities': 'LiabilitiesCurrent', 'retained_earnings': 'RetainedEarningsAccumulatedDeficit', 'liabilities_and_equity': 'LiabilitiesAndStockholdersEquity', 'equity': 'StockholdersEquity', 'ebit': 'OperatingIncomeLoss', 'revenue': 'RevenueFromContractWithCustomerExcludingAssessedTax', 'shares': 'EntityCommonStockSharesOutstanding'}"
106040,WDC,WESTERN DIGITAL CORP,"{'debt_st': 'LongTermDebtCurrent', 'debt_lt': 'LongTermDebtNoncurrent', 'assets': 'Assets', 'liabilities': 'Liabilities', 'current_assets': 'AssetsCurrent', 'current_liabilities': 'LiabilitiesCurrent', 'retained_earnings': 'RetainedEarningsAccumulatedDeficit', 'liabilities_and_equity': 'LiabilitiesAndStockholdersEquity', 'equity': 'StockholdersEquity', 'ebit': 'OperatingIncomeLoss', 'revenue': 'RevenueFromContractWithCustomerExcludingAssessedTax', 'shares': 'EntityCommonStockSharesOutstanding'}"
106532,WEYS,WEYCO GROUP INC,"{'debt_st': 'ShortTermBorrowings', 'debt_lt': None, 'assets': 'Assets', 'liabilities': 'Liabilities', 'current_assets': 'AssetsCurrent', 'current_liabilities': 'LiabilitiesCurrent', 'retained_earnings': 'RetainedEarningsAccumulatedDeficit', 'liabilities_and_equity': 'LiabilitiesAndStockholdersEquity', 'equity': 'StockholdersEquity', 'ebit': 'OperatingIncomeLoss', 'revenue': 'Revenues', 'shares': 'EntityCommonStockSharesOutstanding'}"
106640,WHR,WHIRLPOOL CORP /DE/,"{'debt_st': 'LongTermDebtCurrent', 'debt_lt': 'LongTermDebtNoncurrent', 'assets': 'Assets', 'liabilities': None, 'current_assets': 'AssetsCurrent', 'current_liabilities': 'LiabilitiesCurrent', 'retained_earnings': 'RetainedEarningsAccumulatedDeficit', 'liabilities_and_equity': 'LiabilitiesAndStockholdersEquity', 'equity': 'StockholdersEquity', 'ebit': 'OperatingIncomeLoss', 'revenue': 'RevenueFromContractWithCustomerExcludingAssessedTax', 'shares': 'EntityCommonStockSharesOutstanding'}"
107263,WMB,"WILLIAMS COMPANIES, INC.","{'debt_st': 'DebtCurrent', 'debt_lt': 'LongTermDebtAndCapitalLeaseObligations', 'assets': 'Assets', 'liabilities': None, 'current_assets': 'AssetsCurrent', 'current_liabilities': 'LiabilitiesCurrent', 'retained_earnings': 'RetainedEarningsAccumulatedDeficit', 'liabilities_and_equity': 'LiabilitiesAndStockholdersEquity', 'equity': 'StockholdersEquity', 'ebit': 'OperatingIncomeLoss', 'revenue': 'RevenueFromContractWithCustomerExcludingAssessedTax', 'shares': 'EntityCommonStockSharesOutstanding'}"
107687,WGO,WINNEBAGO INDUSTRIES INC,"{'debt_st': 'LongTermDebtCurrent', 'debt_lt': 'LongTermDebtNoncurrent', 'assets': 'Assets', 'liabilities': 'Liabilities', 'current_assets': 'AssetsCurrent', 'current_liabilities': 'LiabilitiesCurrent', 'retained_earnings': 'RetainedEarningsAccumulatedDeficit', 'liabilities_and_equity': 'LiabilitiesAndStockholdersEquity', 'equity': 'StockholdersEquity', 'ebit': 'OperatingIncomeLoss', 'revenue': 'RevenueFromContractWithCustomerExcludingAssessedTax', 'shares': 'EntityCommonStockSharesOutstanding'}"
108312,WWD,"Woodward, Inc.","{'debt_st': 'LongTermDebtCurrent', 'debt_lt': 'LongTermDebtNoncurrent', 'assets': 'Assets', 'liabilities': 'Liabilities', 'current_assets': 'AssetsCurrent', 'current_liabilities': 'LiabilitiesCurrent', 'retained_earnings': 'RetainedEarningsAccumulatedDeficit', 'liabilities_and_equity': 'LiabilitiesAndStockholdersEquity', 'equity': 'StockholdersEquity', 'ebit': 'IncomeLossFromContinuingOperationsBeforeIncomeTaxesExtraordinaryItemsNoncontrollingInterest', 'revenue': 'RevenueFromContractWithCustomerExcludingAssessedTax', 'shares': 'EntityCommonStockSharesOutstanding'}"
108516,WOR,"WORTHINGTON ENTERPRISES, INC.","{'debt_st': 'DebtCurrent', 'debt_lt': 'LongTermDebtNoncurrent', 'assets': 'Assets', 'liabilities': 'Liabilities', 'current_assets': 'AssetsCurrent', 'current_liabilities': 'LiabilitiesCurrent', 'retained_earnings': 'RetainedEarningsAccumulatedDeficit', 'liabilities_and_equity': 'LiabilitiesAndStockholdersEquity', 'equity': 'StockholdersEquity', 'ebit': 'OperatingIncomeLoss', 'revenue': 'RevenueFromContractWithCustomerExcludingAssessedTax', 'shares': 'EntityCommonStockSharesOutstanding'}"
108772,XRX,XEROX CORP,"{'debt_st': 'DebtCurrent', 'debt_lt': 'LongTermDebtNoncurrent', 'assets': 'Assets', 'liabilities': 'Liabilities', 'current_assets': 'AssetsCurrent', 'current_liabilities': 'LiabilitiesCurrent', 'retained_earnings': 'RetainedEarningsAccumulatedDeficit', 'liabilities_and_equity': 'LiabilitiesAndStockholdersEquity', 'equity': 'StockholdersEquity', 'ebit': 'OperatingIncomeLoss', 'revenue': 'RevenueFromContractWithCustomerExcludingAssessedTax', 'shares': 'EntityCommonStockSharesOutstanding'}"
108985,YORW,YORK WATER CO,"{'debt_st': 'LongTermDebtCurrent', 'debt_lt': 'LongTermDebtNoncurrent', 'assets': 'Assets', 'liabilities': None, 'current_assets': 'AssetsCurrent', 'current_liabilities': 'LiabilitiesCurrent', 'retained_earnings': 'RetainedEarningsAccumulatedDeficit', 'liabilities_and_equity': 'LiabilitiesAndStockholdersEquity', 'equity': 'StockholdersEquity', 'ebit': 'OperatingIncomeLoss', 'revenue': 'RevenueFromContractWithCustomerExcludingAssessedTax', 'shares': 'EntityCommonStockSharesOutstanding'}"
109177,SPB,"Spectrum Brands Holdings, Inc.","{'debt_st': 'LongTermDebtCurrent', 'debt_lt': 'LongTermDebtNoncurrent', 'assets': 'Assets', 'liabilities': 'Liabilities', 'current_assets': 'AssetsCurrent', 'current_liabilities': 'LiabilitiesCurrent', 'retained_earnings': 'RetainedEarningsAccumulatedDeficit', 'liabilities_and_equity': 'LiabilitiesAndStockholdersEquity', 'equity': 'StockholdersEquity', 'ebit': 'OperatingIncomeLoss', 'revenue': 'RevenueFromContractWithCustomerExcludingAssessedTax', 'shares': 'EntityCommonStockSharesOutstanding'}"
109198,TJX,TJX COMPANIES INC /DE/,"{'debt_st': 'LongTermDebtCurrent', 'debt_lt': 'LongTermDebtNoncurrent', 'assets': 'Assets', 'liabilities': None, 'current_assets': 'AssetsCurrent', 'current_liabilities': 'LiabilitiesCurrent', 'retained_earnings': 'RetainedEarningsAccumulatedDeficit', 'liabilities_and_equity': 'LiabilitiesAndStockholdersEquity', 'equity': 'StockholdersEquity', 'ebit': 'OperatingIncomeLoss', 'revenue': 'Revenues', 'shares': 'EntityCommonStockSharesOutstanding'}"
109563,AIT,APPLIED INDUSTRIAL TECHNOLOGIES INC,"{'debt_st': 'DebtCurrent', 'debt_lt': 'LongTermDebtNoncurrent', 'assets': 'Assets', 'liabilities': 'Liabilities', 'current_assets': 'AssetsCurrent', 'current_liabilities': 'LiabilitiesCurrent', 'retained_earnings': 'RetainedEarningsAccumulatedDeficit', 'liabilities_and_equity': 'LiabilitiesAndStockholdersEquity', 'equity': 'StockholdersEquity', 'ebit': 'OperatingIncomeLoss', 'revenue': 'RevenueFromContractWithCustomerExcludingAssessedTax', 'shares': 'EntityCommonStockSharesOutstanding'}"
110471,WWW,WOLVERINE WORLD WIDE INC /DE/,"{'debt_st': 'LongTermDebtCurrent', 'debt_lt': 'LongTermDebtNoncurrent', 'assets': 'Assets', 'liabilities': None, 'current_assets': 'AssetsCurrent', 'current_liabilities': 'LiabilitiesCurrent', 'retained_earnings': 'RetainedEarningsAccumulatedDeficit', 'liabilities_and_equity': 'LiabilitiesAndStockholdersEquity', 'equity': 'StockholdersEquity', 'ebit': 'OperatingIncomeLoss', 'revenue': 'RevenueFromContractWithCustomerExcludingAssessedTax', 'shares': 'EntityCommonStockSharesOutstanding'}"
110621,RPM,RPM INTERNATIONAL INC/DE/,"{'debt_st': 'DebtCurrent', 'debt_lt': 'LongTermDebtAndCapitalLeaseObligationsIncludingCurrentMaturities', 'assets': 'Assets', 'liabilities': None, 'current_assets': 'AssetsCurrent', 'current_liabilities': 'LiabilitiesCurrent', 'retained_earnings': 'RetainedEarningsAccumulatedDeficit', 'liabilities_and_equity': 'LiabilitiesAndStockholdersEquity', 'equity': 'StockholdersEquity', 'ebit': 'IncomeLossFromContinuingOperationsBeforeIncomeTaxesExtraordinaryItemsNoncontrollingInterest', 'revenue': 'RevenueFromContractWithCustomerExcludingAssessedTax', 'shares': 'EntityCommonStockSharesOutstanding'}"
200406,JNJ,JOHNSON & JOHNSON,"{'debt_st': 'DebtCurrent', 'debt_lt': 'LongTermDebtNoncurrent', 'assets': 'Assets', 'liabilities': 'Liabilities', 'current_assets': 'AssetsCurrent', 'current_liabilities': 'LiabilitiesCurrent', 'retained_earnings': 'RetainedEarningsAccumulatedDeficit', 'liabilities_and_equity': 'LiabilitiesAndStockholdersEquity', 'equity': 'StockholdersEquity', 'ebit': 'OperatingIncomeLoss', 'revenue': 'RevenueFromContractWithCustomerExcludingAssessedTax', 'shares': 'EntityCommonStockSharesOutstanding'}"
202058,LHX,"L3HARRIS TECHNOLOGIES, INC. /DE/","{'debt_st': 'LongTermDebtCurrent', 'debt_lt': 'LongTermDebtNoncurrent', 'assets': 'Assets', 'liabilities': 'Liabilities', 'current_assets': 'AssetsCurrent', 'current_liabilities': 'LiabilitiesCurrent', 'retained_earnings': 'RetainedEarningsAccumulatedDeficit', 'liabilities_and_equity': 'LiabilitiesAndStockholdersEquity', 'equity': 'StockholdersEquity', 'ebit': 'OperatingIncomeLoss', 'revenue': 'RevenueFromContractWithCustomerExcludingAssessedTax', 'shares': 'EntityCommonStockSharesOutstanding'}"
215466,CDE,"Coeur Mining, Inc.","{'debt_st': 'DebtCurrent', 'debt_lt': 'LongTermDebtAndCapitalLeaseObligations', 'assets': 'Assets', 'liabilities': None, 'current_assets': 'AssetsCurrent', 'current_liabilities': 'LiabilitiesCurrent', 'retained_earnings': 'RetainedEarningsAccumulatedDeficit', 'liabilities_and_equity': 'LiabilitiesAndStockholdersEquity', 'equity': 'StockholdersEquity', 'ebit': 'OperatingIncomeLoss', 'revenue': 'RevenueFromContractWithCustomerExcludingAssessedTax', 'shares': 'EntityCommonStockSharesOutstanding'}"
216228,ITT,ITT INC.,"{'debt_st': 'DebtCurrent', 'debt_lt': 'LongTermDebtNoncurrent', 'assets': 'Assets', 'liabilities': 'Liabilities', 'current_assets': 'AssetsCurrent', 'current_liabilities': 'LiabilitiesCurrent', 'retained_earnings': 'RetainedEarningsAccumulatedDeficit', 'liabilities_and_equity': 'LiabilitiesAndStockholdersEquity', 'equity': 'StockholdersEquity', 'ebit': 'OperatingIncomeLoss', 'revenue': 'Revenues', 'shares': 'EntityCommonStockSharesOutstanding'}"
275880,PSN,PARSONS CORP,"{'debt_st': 'LongTermDebtCurrent', 'debt_lt': 'LongTermDebtNoncurrent', 'assets': 'Assets', 'liabilities': 'Liabilities', 'current_assets': 'AssetsCurrent', 'current_liabilities': 'LiabilitiesCurrent', 'retained_earnings': 'RetainedEarningsAccumulatedDeficit', 'liabilities_and_equity': 'LiabilitiesAndStockholdersEquity', 'equity': 'StockholdersEquity', 'ebit': 'OperatingIncomeLoss', 'revenue': 'RevenueFromContractWithCustomerExcludingAssessedTax', 'shares': 'EntityCommonStockSharesOutstanding'}"
277135,GWW,"W.W. GRAINGER, INC.","{'debt_st': 'LongTermDebtCurrent', 'debt_lt': 'LongTermDebtNoncurrent', 'assets': 'Assets', 'liabilities': None, 'current_assets': 'AssetsCurrent', 'current_liabilities': 'LiabilitiesCurrent', 'retained_earnings': 'RetainedEarningsAccumulatedDeficit', 'liabilities_and_equity': 'LiabilitiesAndStockholdersEquity', 'equity': 'StockholdersEquity', 'ebit': 'OperatingIncomeLoss', 'revenue': 'RevenueFromContractWithCustomerExcludingAssessedTax', 'shares': 'EntityCommonStockSharesOutstanding'}"
277509,FSS,FEDERAL SIGNAL CORP /DE/,"{'debt_st': 'LongTermDebtCurrent', 'debt_lt': 'LongTermDebtAndCapitalLeaseObligationsIncludingCurrentMaturities', 'assets': 'Assets', 'liabilities': 'Liabilities', 'current_assets': 'AssetsCurrent', 'current_liabilities': 'LiabilitiesCurrent', 'retained_earnings': 'RetainedEarningsAccumulatedDeficit', 'liabilities_and_equity': 'LiabilitiesAndStockholdersEquity', 'equity': 'StockholdersEquity', 'ebit': 'OperatingIncomeLoss', 'revenue': 'RevenueFromContractWithCustomerExcludingAssessedTax', 'shares': 'EntityCommonStockSharesOutstanding'}"
277948,CSX,CSX CORP,"{'debt_st': None, 'debt_lt': 'LongTermDebtAndCapitalLeaseObligations', 'assets': 'Assets', 'liabilities': 'Liabilities', 'current_assets': 'AssetsCurrent', 'current_liabilities': 'LiabilitiesCurrent', 'retained_earnings': 'RetainedEarningsAccumulatedDeficit', 'liabilities_and_equity': 'LiabilitiesAndStockholdersEquity', 'equity': 'StockholdersEquity', 'ebit': 'OperatingIncomeLoss', 'revenue': 'RevenueFromContractWithCustomerExcludingAssessedTax', 'shares': 'EntityCommonStockSharesOutstanding'}"
310142,SXT,SENSIENT TECHNOLOGIES CORP,"{'debt_st': 'DebtCurrent', 'debt_lt': 'LongTermDebtNoncurrent', 'assets': 'Assets', 'liabilities': None, 'current_assets': 'AssetsCurrent', 'current_liabilities': 'LiabilitiesCurrent', 'retained_earnings': 'RetainedEarningsAccumulatedDeficit', 'liabilities_and_equity': 'LiabilitiesAndStockholdersEquity', 'equity': 'StockholdersEquity', 'ebit': 'OperatingIncomeLoss', 'revenue': 'RevenueFromContractWithCustomerExcludingAssessedTax', 'shares': 'EntityCommonStockSharesOutstanding'}"
310158,MRK,"Merck & Co., Inc.","{'debt_st': 'DebtCurrent', 'debt_lt': 'LongTermDebtNoncurrent', 'assets': 'Assets', 'liabilities': None, 'current_assets': 'AssetsCurrent', 'current_liabilities': 'LiabilitiesCurrent', 'retained_earnings': 'RetainedEarningsAccumulatedDeficit', 'liabilities_and_equity': 'LiabilitiesAndStockholdersEquity', 'equity': 'StockholdersEquity', 'ebit': 'IncomeLossFromContinuingOperationsBeforeIncomeTaxesExtraordinaryItemsNoncontrollingInterest', 'revenue': 'Revenues', 'shares': 'EntityCommonStockSharesOutstanding'}"
310354,SXI,STANDEX INTERNATIONAL CORP/DE/,"{'debt_st': 'LongTermDebtCurrent', 'debt_lt': 'LongTermDebtNoncurrent', 'assets': 'Assets', 'liabilities': None, 'current_assets': 'AssetsCurrent', 'current_liabilities': 'LiabilitiesCurrent', 'retained_earnings': 'RetainedEarningsAccumulatedDeficit', 'liabilities_and_equity': 'LiabilitiesAndStockholdersEquity', 'equity': 'StockholdersEquity', 'ebit': 'OperatingIncomeLoss', 'revenue': 'Revenues', 'shares': 'EntityCommonStockSharesOutstanding'}"
310764,SYK,STRYKER CORP,"{'debt_st': 'DebtCurrent', 'debt_lt': 'LongTermDebtNoncurrent', 'assets': 'Assets', 'liabilities': 'Liabilities', 'current_assets': 'AssetsCurrent', 'current_liabilities': 'LiabilitiesCurrent', 'retained_earnings': 'RetainedEarningsAccumulatedDeficit', 'liabilities_and_equity': 'LiabilitiesAndStockholdersEquity', 'equity': 'StockholdersEquity', 'ebit': 'OperatingIncomeLoss', 'revenue': 'Revenues', 'shares': 'EntityCommonStockSharesOutstanding'}"
313143,HAE,HAEMONETICS CORP,"{'debt_st': 'LongTermDebtCurrent', 'debt_lt': 'LongTermDebtNoncurrent', 'assets': 'Assets', 'liabilities': None, 'current_assets': 'AssetsCurrent', 'current_liabilities': 'LiabilitiesCurrent', 'retained_earnings': 'RetainedEarningsAccumulatedDeficit', 'liabilities_and_equity': 'LiabilitiesAndStockholdersEquity', 'equity': 'StockholdersEquity', 'ebit': 'OperatingIncomeLoss', 'revenue': 'RevenueFromContractWithCustomerExcludingAssessedTax', 'shares': 'EntityCommonStockSharesOutstanding'}"
313616,DHR,DANAHER CORP /DE/,"{'debt_st': 'DebtCurrent', 'debt_lt': 'LongTermDebtNoncurrent', 'assets': 'Assets', 'liabilities': 'Liabilities', 'current_assets': 'AssetsCurrent', 'current_liabilities': 'LiabilitiesCurrent', 'retained_earnings': 'RetainedEarningsAccumulatedDeficit', 'liabilities_and_equity': 'LiabilitiesAndStockholdersEquity', 'equity': 'StockholdersEquity', 'ebit': 'OperatingIncomeLoss', 'revenue': 'RevenueFromContractWithCustomerExcludingAssessedTax', 'shares': 'EntityCommonStockSharesOutstanding'}"
313927,CHD,CHURCH & DWIGHT CO INC /DE/,"{'debt_st': 'LongTermDebtCurrent', 'debt_lt': 'LongTermDebtNoncurrent', 'assets': 'Assets', 'liabilities': 'Liabilities', 'current_assets': 'AssetsCurrent', 'current_liabilities': 'LiabilitiesCurrent', 'retained_earnings': 'RetainedEarningsAccumulatedDeficit', 'liabilities_and_equity': 'LiabilitiesAndStockholdersEquity', 'equity': 'StockholdersEquity', 'ebit': 'OperatingIncomeLoss', 'revenue': 'RevenueFromContractWithCustomerExcludingAssessedTax', 'shares': 'EntityCommonStockSharesOutstanding'}"
314203,MUX,McEwen Inc.,"{'debt_st': 'DebtCurrent', 'debt_lt': 'LongTermDebtNoncurrent', 'assets': 'Assets', 'liabilities': 'Liabilities', 'current_assets': 'AssetsCurrent', 'current_liabilities': 'LiabilitiesCurrent', 'retained_earnings': 'RetainedEarningsAccumulatedDeficit', 'liabilities_and_equity': 'LiabilitiesAndStockholdersEquity', 'equity': 'StockholdersEquity', 'ebit': 'OperatingIncomeLoss', 'revenue': 'Revenues', 'shares': 'EntityCommonStockSharesOutstanding'}"
315189,DE,DEERE & CO,"{'debt_st': 'DebtCurrent', 'debt_lt': 'LongTermDebtNoncurrent', 'assets': 'Assets', 'liabilities': 'Liabilities', 'current_assets': None, 'current_liabilities': None, 'retained_earnings': 'RetainedEarningsAccumulatedDeficit', 'liabilities_and_equity': 'LiabilitiesAndStockholdersEquity', 'equity': 'StockholdersEquity', 'ebit': 'OperatingIncomeLoss', 'revenue': 'Revenues', 'shares': 'EntityCommonStockSharesOutstanding'}"
315213,RHI,ROBERT HALF INC.,"{'debt_st': 'LongTermDebtCurrent', 'debt_lt': 'LongTermDebtNoncurrent', 'assets': 'Assets', 'liabilities': 'Liabilities', 'current_assets': 'AssetsCurrent', 'current_liabilities': 'LiabilitiesCurrent', 'retained_earnings': 'RetainedEarningsAccumulatedDeficit', 'liabilities_and_equity': 'LiabilitiesAndStockholdersEquity', 'equity': 'StockholdersEquity', 'ebit': 'OperatingIncomeLoss', 'revenue': 'RevenueFromContractWithCustomerExcludingAssessedTax', 'shares': 'EntityCommonStockSharesOutstanding'}"
315852,RRC,RANGE RESOURCES CORP,"{'debt_st': 'LongTermDebtCurrent', 'debt_lt': 'LongTermDebtNoncurrent', 'assets': 'Assets', 'liabilities': 'Liabilities', 'current_assets': 'AssetsCurrent', 'current_liabilities': 'LiabilitiesCurrent', 'retained_earnings': 'RetainedEarningsAccumulatedDeficit', 'liabilities_and_equity': 'LiabilitiesAndStockholdersEquity', 'equity': 'StockholdersEquity', 'ebit': None, 'revenue': 'RevenueFromContractWithCustomerExcludingAssessedTax', 'shares': 'EntityCommonStockSharesOutstanding'}"
317540,COKE,"Coca-Cola Consolidated, Inc.","{'debt_st': 'LongTermDebtCurrent', 'debt_lt': 'LongTermDebtNoncurrent', 'assets': 'Assets', 'liabilities': 'Liabilities', 'current_assets': 'AssetsCurrent', 'current_liabilities': 'LiabilitiesCurrent', 'retained_earnings': 'RetainedEarningsAccumulatedDeficit', 'liabilities_and_equity': 'LiabilitiesAndStockholdersEquity', 'equity': 'StockholdersEquity', 'ebit': 'OperatingIncomeLoss', 'revenue': 'RevenueFromContractWithCustomerExcludingAssessedTax', 'shares': 'EntityCommonStockSharesOutstanding'}"
318154,AMGN,AMGEN INC,"{'debt_st': 'DebtCurrent', 'debt_lt': 'LongTermDebtNoncurrent', 'assets': 'Assets', 'liabilities': None, 'current_assets': 'AssetsCurrent', 'current_liabilities': 'LiabilitiesCurrent', 'retained_earnings': 'RetainedEarningsAccumulatedDeficit', 'liabilities_and_equity': 'LiabilitiesAndStockholdersEquity', 'equity': 'StockholdersEquity', 'ebit': 'OperatingIncomeLoss', 'revenue': 'RevenueFromContractWithCustomerExcludingAssessedTax', 'shares': 'EntityCommonStockSharesOutstanding'}"
318833,TISI,TEAM INC,"{'debt_st': 'LongTermDebtCurrent', 'debt_lt': 'LongTermDebtNoncurrent', 'assets': 'Assets', 'liabilities': 'Liabilities', 'current_assets': 'AssetsCurrent', 'current_liabilities': 'LiabilitiesCurrent', 'retained_earnings': 'RetainedEarningsAccumulatedDeficit', 'liabilities_and_equity': 'LiabilitiesAndStockholdersEquity', 'equity': 'StockholdersEquity', 'ebit': 'OperatingIncomeLoss', 'revenue': 'RevenueFromContractWithCustomerExcludingAssessedTax', 'shares': 'EntityCommonStockSharesOutstanding'}"
319201,KLAC,KLA CORP,"{'debt_st': 'LongTermDebtCurrent', 'debt_lt': 'LongTermDebtNoncurrent', 'assets': 'Assets', 'liabilities': 'Liabilities', 'current_assets': 'AssetsCurrent', 'current_liabilities': 'LiabilitiesCurrent', 'retained_earnings': 'RetainedEarningsAccumulatedDeficit', 'liabilities_and_equity': 'LiabilitiesAndStockholdersEquity', 'equity': 'StockholdersEquity', 'ebit': 'OperatingIncomeLoss', 'revenue': 'RevenueFromContractWithCustomerExcludingAssessedTax', 'shares': 'EntityCommonStockSharesOutstanding'}"
320193,AAPL,Apple Inc.,"{'debt_st': 'LongTermDebtCurrent', 'debt_lt': 'LongTermDebtNoncurrent', 'assets': 'Assets', 'liabilities': 'Liabilities', 'current_assets': 'AssetsCurrent', 'current_liabilities': 'LiabilitiesCurrent', 'retained_earnings': 'RetainedEarningsAccumulatedDeficit', 'liabilities_and_equity': 'LiabilitiesAndStockholdersEquity', 'equity': 'StockholdersEquity', 'ebit': 'OperatingIncomeLoss', 'revenue': 'RevenueFromContractWithCustomerExcludingAssessedTax', 'shares': 'EntityCommonStockSharesOutstanding'}"
351834,STKL,SunOpta Inc.,"{'debt_st': 'LongTermDebtCurrent', 'debt_lt': 'LongTermDebtNoncurrent', 'assets': 'Assets', 'liabilities': 'Liabilities', 'current_assets': 'AssetsCurrent', 'current_liabilities': 'LiabilitiesCurrent', 'retained_earnings': 'RetainedEarningsAccumulatedDeficit', 'liabilities_and_equity': 'LiabilitiesAndStockholdersEquity', 'equity': 'StockholdersEquity', 'ebit': 'OperatingIncomeLoss', 'revenue': 'Revenues', 'shares': 'EntityCommonStockSharesOutstanding'}"
352541,LNT,ALLIANT ENERGY CORP,"{'debt_st': 'LongTermDebtCurrent', 'debt_lt': 'LongTermDebtNoncurrent', 'assets': 'Assets', 'liabilities': None, 'current_assets': 'AssetsCurrent', 'current_liabilities': 'LiabilitiesCurrent', 'retained_earnings': 'RetainedEarningsAccumulatedDeficit', 'liabilities_and_equity': 'LiabilitiesAndStockholdersEquity', 'equity': 'StockholdersEquity', 'ebit': 'OperatingIncomeLoss', 'revenue': 'RevenueFromContractWithCustomerExcludingAssessedTax', 'shares': 'EntityCommonStockSharesOutstanding'}"
352825,FSTR,FOSTER L B CO,"{'debt_st': None, 'debt_lt': 'LongTermDebtAndCapitalLeaseObligations', 'assets': 'Assets', 'liabilities': None, 'current_assets': 'AssetsCurrent', 'current_liabilities': 'LiabilitiesCurrent', 'retained_earnings': 'RetainedEarningsAccumulatedDeficit', 'liabilities_and_equity': 'LiabilitiesAndStockholdersEquity', 'equity': 'StockholdersEquity', 'ebit': 'OperatingIncomeLoss', 'revenue': 'RevenueFromContractWithCustomerIncludingAssessedTax', 'shares': 'EntityCommonStockSharesOutstanding'}"
354707,HE,HAWAIIAN ELECTRIC INDUSTRIES INC,"{'debt_st': 'LongTermDebtCurrent', 'debt_lt': 'LongTermDebtNoncurrent', 'assets': 'Assets', 'liabilities': 'Liabilities', 'current_assets': 'AssetsCurrent', 'current_liabilities': 'LiabilitiesCurrent', 'retained_earnings': 'RetainedEarningsAccumulatedDeficit', 'liabilities_and_equity': 'LiabilitiesAndStockholdersEquity', 'equity': 'StockholdersEquity', 'ebit': 'OperatingIncomeLoss', 'revenue': 'Revenues', 'shares': 'EntityCommonStockSharesOutstanding'}"
354963,SHEN,SHENANDOAH TELECOMMUNICATIONS CO/VA/,"{'debt_st': 'LongTermDebtCurrent', 'debt_lt': 'LongTermDebtNoncurrent', 'assets': 'Assets', 'liabilities': None, 'current_assets': 'AssetsCurrent', 'current_liabilities': 'LiabilitiesCurrent', 'retained_earnings': 'RetainedEarningsAccumulatedDeficit', 'liabilities_and_equity': 'LiabilitiesAndStockholdersEquity', 'equity': 'StockholdersEquity', 'ebit': 'OperatingIncomeLoss', 'revenue': 'RevenueFromContractWithCustomerExcludingAssessedTax', 'shares': 'EntityCommonStockSharesOutstanding'}"
355811,GNTX,GENTEX CORP,"{'debt_st': 'LongTermDebtCurrent', 'debt_lt': 'LongTermDebt', 'assets': 'Assets', 'liabilities': 'Liabilities', 'current_assets': 'AssetsCurrent', 'current_liabilities': 'LiabilitiesCurrent', 'retained_earnings': 'RetainedEarningsAccumulatedDeficit', 'liabilities_and_equity': 'LiabilitiesAndStockholdersEquity', 'equity': 'StockholdersEquity', 'ebit': 'OperatingIncomeLoss', 'revenue': 'RevenueFromContractWithCustomerExcludingAssessedTax', 'shares': 'EntityCommonStockSharesOutstanding'}"
357294,HOV,HOVNANIAN ENTERPRISES INC,"{'debt_st': None, 'debt_lt': 'LongTermDebt', 'assets': 'Assets', 'liabilities': 'Liabilities', 'current_assets': None, 'current_liabilities': None, 'retained_earnings': 'RetainedEarningsAccumulatedDeficit', 'liabilities_and_equity': 'LiabilitiesAndStockholdersEquity', 'equity': 'StockholdersEquity', 'ebit': 'IncomeLossFromContinuingOperationsBeforeIncomeTaxesExtraordinaryItemsNoncontrollingInterest', 'revenue': 'Revenues', 'shares': 'EntityCommonStockSharesOutstanding'}"
700923,MYRG,MYR GROUP INC.,"{'debt_st': 'LongTermDebtCurrent', 'debt_lt': 'LongTermDebtNoncurrent', 'assets': 'Assets', 'liabilities': 'Liabilities', 'current_assets': 'AssetsCurrent', 'current_liabilities': 'LiabilitiesCurrent', 'retained_earnings': 'RetainedEarningsAccumulatedDeficit', 'liabilities_and_equity': 'LiabilitiesAndStockholdersEquity', 'equity': 'StockholdersEquity', 'ebit': 'OperatingIncomeLoss', 'revenue': 'RevenueFromContractWithCustomerExcludingAssessedTax', 'shares': 'EntityCommonStockSharesOutstanding'}"
701374,SIX,Six Flags Entertainment Corp/OLD,"{'debt_st': 'LongTermDebtCurrent', 'debt_lt': 'LongTermDebtNoncurrent', 'assets': 'Assets', 'liabilities': 'Liabilities', 'current_assets': 'AssetsCurrent', 'current_liabilities': 'LiabilitiesCurrent', 'retained_earnings': 'RetainedEarningsAccumulatedDeficit', 'liabilities_and_equity': 'LiabilitiesAndStockholdersEquity', 'equity': 'StockholdersEquity', 'ebit': 'OperatingIncomeLoss', 'revenue': 'RevenueFromContractWithCustomerExcludingAssessedTax', 'shares': 'EntityCommonStockSharesOutstanding'}"
701985,BBWI,"Bath & Body Works, Inc.","{'debt_st': 'DebtCurrent', 'debt_lt': 'LongTermDebtNoncurrent', 'assets': 'Assets', 'liabilities': None, 'current_assets': 'AssetsCurrent', 'current_liabilities': 'LiabilitiesCurrent', 'retained_earnings': 'RetainedEarningsAccumulatedDeficit', 'liabilities_and_equity': 'LiabilitiesAndStockholdersEquity', 'equity': 'StockholdersEquity', 'ebit': 'OperatingIncomeLoss', 'revenue': 'RevenueFromContractWithCustomerExcludingAssessedTax', 'shares': 'EntityCommonStockSharesOutstanding'}"
702165,NSC,NORFOLK SOUTHERN CORP,"{'debt_st': 'DebtCurrent', 'debt_lt': 'LongTermDebtAndCapitalLeaseObligations', 'assets': 'Assets', 'liabilities': 'Liabilities', 'current_assets': 'AssetsCurrent', 'current_liabilities': 'LiabilitiesCurrent', 'retained_earnings': 'RetainedEarningsAccumulatedDeficit', 'liabilities_and_equity': 'LiabilitiesAndStockholdersEquity', 'equity': 'StockholdersEquity', 'ebit': 'OperatingIncomeLoss', 'revenue': 'RevenueFromContractWithCustomerExcludingAssessedTax', 'shares': 'EntityCommonStockSharesOutstanding'}"
703604,DSGR,"Distribution Solutions Group, Inc.","{'debt_st': 'LongTermDebtCurrent', 'debt_lt': 'LongTermDebtNoncurrent', 'assets': 'Assets', 'liabilities': 'Liabilities', 'current_assets': 'AssetsCurrent', 'current_liabilities': 'LiabilitiesCurrent', 'retained_earnings': 'RetainedEarningsAccumulatedDeficit', 'liabilities_and_equity': 'LiabilitiesAndStockholdersEquity', 'equity': 'StockholdersEquity', 'ebit': 'OperatingIncomeLoss', 'revenue': 'RevenueFromContractWithCustomerExcludingAssessedTax', 'shares': 'EntityCommonStockSharesOutstanding'}"
704562,CDMO,"Avid Bioservices, Inc.","{'debt_st': 'LongTermDebtCurrent', 'debt_lt': 'LongTermDebt', 'assets': 'Assets', 'liabilities': 'Liabilities', 'current_assets': 'AssetsCurrent', 'current_liabilities': 'LiabilitiesCurrent', 'retained_earnings': 'RetainedEarningsAccumulatedDeficit', 'liabilities_and_equity': 'LiabilitiesAndStockholdersEquity', 'equity': 'StockholdersEquity', 'ebit': 'OperatingIncomeLoss', 'revenue': 'RevenueFromContractWithCustomerExcludingAssessedTax', 'shares': 'EntityCommonStockSharesOutstanding'}"
707549,LRCX,LAM RESEARCH CORP,"{'debt_st': 'DebtCurrent', 'debt_lt': 'LongTermDebtNoncurrent', 'assets': 'Assets', 'liabilities': 'Liabilities', 'current_assets': 'AssetsCurrent', 'current_liabilities': 'LiabilitiesCurrent', 'retained_earnings': 'RetainedEarningsAccumulatedDeficit', 'liabilities_and_equity': 'LiabilitiesAndStockholdersEquity', 'equity': 'StockholdersEquity', 'ebit': 'OperatingIncomeLoss', 'revenue': 'RevenueFromContractWithCustomerExcludingAssessedTax', 'shares': 'EntityCommonStockSharesOutstanding'}"
708781,CASS,CASS INFORMATION SYSTEMS INC,"{'debt_st': 'ShortTermBorrowings', 'debt_lt': None, 'assets': 'Assets', 'liabilities': 'Liabilities', 'current_assets': None, 'current_liabilities': None, 'retained_earnings': 'RetainedEarningsAccumulatedDeficit', 'liabilities_and_equity': 'LiabilitiesAndStockholdersEquity', 'equity': 'StockholdersEquity', 'ebit': 'IncomeLossFromContinuingOperationsBeforeIncomeTaxesExtraordinaryItemsNoncontrollingInterest', 'revenue': 'RevenueFromContractWithCustomerExcludingAssessedTax', 'shares': 'EntityCommonStockSharesOutstanding'}"
708821,PAR,PAR TECHNOLOGY CORP,"{'debt_st': 'LongTermDebtCurrent', 'debt_lt': 'LongTermDebtNoncurrent', 'assets': 'Assets', 'liabilities': 'Liabilities', 'current_assets': 'AssetsCurrent', 'current_liabilities': 'LiabilitiesCurrent', 'retained_earnings': 'RetainedEarningsAccumulatedDeficit', 'liabilities_and_equity': 'LiabilitiesAndStockholdersEquity', 'equity': 'StockholdersEquity', 'ebit': 'OperatingIncomeLoss', 'revenue': 'RevenueFromContractWithCustomerExcludingAssessedTax', 'shares': 'EntityCommonStockSharesOutstanding'}"
711377,NEOG,NEOGEN CORP,"{'debt_st': 'LongTermDebtCurrent', 'debt_lt': 'LongTermDebtNoncurrent', 'assets': 'Assets', 'liabilities': 'Liabilities', 'current_assets': 'AssetsCurrent', 'current_liabilities': 'LiabilitiesCurrent', 'retained_earnings': 'RetainedEarningsAccumulatedDeficit', 'liabilities_and_equity': 'LiabilitiesAndStockholdersEquity', 'equity': 'StockholdersEquity', 'ebit': 'OperatingIncomeLoss', 'revenue': 'RevenueFromContractWithCustomerExcludingAssessedTax', 'shares': 'EntityCommonStockSharesOutstanding'}"
711404,COO,"COOPER COMPANIES, INC.","{'debt_st': 'DebtCurrent', 'debt_lt': 'LongTermDebtNoncurrent', 'assets': 'Assets', 'liabilities': 'Liabilities', 'current_assets': 'AssetsCurrent', 'current_liabilities': 'LiabilitiesCurrent', 'retained_earnings': 'RetainedEarningsAccumulatedDeficit', 'liabilities_and_equity': 'LiabilitiesAndStockholdersEquity', 'equity': 'StockholdersEquity', 'ebit': 'OperatingIncomeLoss', 'revenue': 'RevenueFromContractWithCustomerExcludingAssessedTax', 'shares': 'EntityCommonStockSharesOutstanding'}"
712034,ACCO,ACCO BRANDS Corp,"{'debt_st': 'DebtCurrent', 'debt_lt': 'LongTermDebtNoncurrent', 'assets': 'Assets', 'liabilities': 'Liabilities', 'current_assets': 'AssetsCurrent', 'current_liabilities': 'LiabilitiesCurrent', 'retained_earnings': 'RetainedEarningsAccumulatedDeficit', 'liabilities_and_equity': 'LiabilitiesAndStockholdersEquity', 'equity': 'StockholdersEquity', 'ebit': 'OperatingIncomeLoss', 'revenue': 'RevenueFromContractWithCustomerExcludingAssessedTax', 'shares': 'EntityCommonStockSharesOutstanding'}"
715787,TILE,INTERFACE INC,"{'debt_st': 'LongTermDebtCurrent', 'debt_lt': 'LongTermDebtNoncurrent', 'assets': 'Assets', 'liabilities': 'Liabilities', 'current_assets': 'AssetsCurrent', 'current_liabilities': 'LiabilitiesCurrent', 'retained_earnings': 'RetainedEarningsAccumulatedDeficit', 'liabilities_and_equity': 'LiabilitiesAndStockholdersEquity', 'equity': 'StockholdersEquity', 'ebit': 'OperatingIncomeLoss', 'revenue': 'RevenueFromContractWithCustomerExcludingAssessedTax', 'shares': 'EntityCommonStockSharesOutstanding'}"
715957,D,"DOMINION ENERGY, INC","{'debt_st': 'LongTermDebtCurrent', 'debt_lt': 'LongTermDebtNoncurrent', 'assets': 'Assets', 'liabilities': 'Liabilities', 'current_assets': 'AssetsCurrent', 'current_liabilities': 'LiabilitiesCurrent', 'retained_earnings': 'RetainedEarningsAccumulatedDeficit', 'liabilities_and_equity': 'LiabilitiesAndStockholdersEquity', 'equity': 'StockholdersEquity', 'ebit': 'OperatingIncomeLoss', 'revenue': 'RevenueFromContractWithCustomerExcludingAssessedTax', 'shares': 'EntityCommonStockSharesOutstanding'}"
716643,RGS,REGIS CORP,"{'debt_st': 'DebtCurrent', 'debt_lt': 'LongTermDebtNoncurrent', 'assets': 'Assets', 'liabilities': 'Liabilities', 'current_assets': 'AssetsCurrent', 'current_liabilities': 'LiabilitiesCurrent', 'retained_earnings': 'RetainedEarningsAccumulatedDeficit', 'liabilities_and_equity': 'LiabilitiesAndStockholdersEquity', 'equity': 'StockholdersEquity', 'ebit': 'OperatingIncomeLoss', 'revenue': 'RevenueFromContractWithCustomerExcludingAssessedTax', 'shares': 'EntityCommonStockSharesOutstanding'}"
717423,MUR,MURPHY OIL CORP,"{'debt_st': 'LongTermDebtCurrent', 'debt_lt': 'LongTermDebtNoncurrent', 'assets': 'Assets', 'liabilities': 'Liabilities', 'current_assets': 'AssetsCurrent', 'current_liabilities': 'LiabilitiesCurrent', 'retained_earnings': 'RetainedEarningsAccumulatedDeficit', 'liabilities_and_equity': 'LiabilitiesAndStockholdersEquity', 'equity': 'StockholdersEquity', 'ebit': 'OperatingIncomeLoss', 'revenue': 'RevenueFromContractWithCustomerExcludingAssessedTax', 'shares': 'EntityCommonStockSharesOutstanding'}"
717605,HXL,HEXCEL CORP /DE/,"{'debt_st': 'DebtCurrent', 'debt_lt': 'LongTermDebtNoncurrent', 'assets': 'Assets', 'liabilities': 'Liabilities', 'current_assets': 'AssetsCurrent', 'current_liabilities': 'LiabilitiesCurrent', 'retained_earnings': 'RetainedEarningsAccumulatedDeficit', 'liabilities_and_equity': 'LiabilitiesAndStockholdersEquity', 'equity': 'StockholdersEquity', 'ebit': 'OperatingIncomeLoss', 'revenue': 'RevenueFromContractWithCustomerExcludingAssessedTax', 'shares': 'EntityCommonStockSharesOutstanding'}"
718877,ATVI,"Activision Blizzard, Inc.","{'debt_st': 'LongTermDebtCurrent', 'debt_lt': 'LongTermDebtNoncurrent', 'assets': 'Assets', 'liabilities': 'Liabilities', 'current_assets': 'AssetsCurrent', 'current_liabilities': 'LiabilitiesCurrent', 'retained_earnings': 'RetainedEarningsAccumulatedDeficit', 'liabilities_and_equity': 'LiabilitiesAndStockholdersEquity', 'equity': 'StockholdersEquity', 'ebit': 'OperatingIncomeLoss', 'revenue': 'RevenueFromContractWithCustomerExcludingAssessedTax', 'shares': 'EntityCommonStockSharesOutstanding'}"
719413,HL,HECLA MINING CO/DE/,"{'debt_st': 'DebtCurrent', 'debt_lt': 'LongTermDebtNoncurrent', 'assets': 'Assets', 'liabilities': 'Liabilities', 'current_assets': 'AssetsCurrent', 'current_liabilities': 'LiabilitiesCurrent', 'retained_earnings': 'RetainedEarningsAccumulatedDeficit', 'liabilities_and_equity': 'LiabilitiesAndStockholdersEquity', 'equity': 'StockholdersEquity', 'ebit': 'OperatingIncomeLoss', 'revenue': 'Revenues', 'shares': 'EntityCommonStockSharesOutstanding'}"
719733,KTCC,KEY TRONIC CORP,"{'debt_st': 'LongTermDebtCurrent', 'debt_lt': 'LongTermDebtNoncurrent', 'assets': 'Assets', 'liabilities': 'Liabilities', 'current_assets': 'AssetsCurrent', 'current_liabilities': 'LiabilitiesCurrent', 'retained_earnings': 'RetainedEarningsAccumulatedDeficit', 'liabilities_and_equity': 'LiabilitiesAndStockholdersEquity', 'equity': 'StockholdersEquity', 'ebit': 'OperatingIncomeLoss', 'revenue': 'Revenues', 'shares': 'EntityCommonStockSharesOutstanding'}"
719955,WSM,WILLIAMS SONOMA INC,"{'debt_st': 'DebtCurrent', 'debt_lt': 'LongTermDebtNoncurrent', 'assets': 'Assets', 'liabilities': 'Liabilities', 'current_assets': 'AssetsCurrent', 'current_liabilities': 'LiabilitiesCurrent', 'retained_earnings': 'RetainedEarningsAccumulatedDeficit', 'liabilities_and_equity': 'LiabilitiesAndStockholdersEquity', 'equity': 'StockholdersEquity', 'ebit': 'OperatingIncomeLoss', 'revenue': 'RevenueFromContractWithCustomerExcludingAssessedTax', 'shares': 'EntityCommonStockSharesOutstanding'}"
721371,CAH,CARDINAL HEALTH INC,"{'debt_st': 'DebtCurrent', 'debt_lt': 'LongTermDebtAndCapitalLeaseObligations', 'assets': 'Assets', 'liabilities': None, 'current_assets': 'AssetsCurrent', 'current_liabilities': 'LiabilitiesCurrent', 'retained_earnings': 'RetainedEarningsAccumulatedDeficit', 'liabilities_and_equity': 'LiabilitiesAndStockholdersEquity', 'equity': 'StockholdersEquity', 'ebit': 'OperatingIncomeLoss', 'revenue': 'Revenues', 'shares': 'EntityCommonStockSharesOutstanding'}"
723125,MU,MICRON TECHNOLOGY INC,"{'debt_st': 'DebtCurrent', 'debt_lt': 'LongTermDebtNoncurrent', 'assets': 'Assets', 'liabilities': 'Liabilities', 'current_assets': 'AssetsCurrent', 'current_liabilities': 'LiabilitiesCurrent', 'retained_earnings': 'RetainedEarningsAccumulatedDeficit', 'liabilities_and_equity': 'LiabilitiesAndStockholdersEquity', 'equity': 'StockholdersEquity', 'ebit': 'OperatingIncomeLoss', 'revenue': 'RevenueFromContractWithCustomerExcludingAssessedTax', 'shares': 'EntityCommonStockSharesOutstanding'}"
723254,CTAS,CINTAS CORP,"{'debt_st': 'DebtCurrent', 'debt_lt': 'LongTermDebtNoncurrent', 'assets': 'Assets', 'liabilities': None, 'current_assets': 'AssetsCurrent', 'current_liabilities': 'LiabilitiesCurrent', 'retained_earnings': 'RetainedEarningsAccumulatedDeficit', 'liabilities_and_equity': 'LiabilitiesAndStockholdersEquity', 'equity': 'StockholdersEquity', 'ebit': 'OperatingIncomeLoss', 'revenue': 'RevenueFromContractWithCustomerExcludingAssessedTax', 'shares': 'EntityCommonStockSharesOutstanding'}"
723531,PAYX,PAYCHEX INC,"{'debt_st': 'LongTermDebtCurrent', 'debt_lt': 'LongTermDebtNoncurrent', 'assets': 'Assets', 'liabilities': 'Liabilities', 'current_assets': 'AssetsCurrent', 'current_liabilities': 'LiabilitiesCurrent', 'retained_earnings': 'RetainedEarningsAccumulatedDeficit', 'liabilities_and_equity': 'LiabilitiesAndStockholdersEquity', 'equity': 'StockholdersEquity', 'ebit': 'OperatingIncomeLoss', 'revenue': 'RevenueFromContractWithCustomerExcludingAssessedTax', 'shares': 'EntityCommonStockSharesOutstanding'}"
723612,CAR,"AVIS BUDGET GROUP, INC.","{'debt_st': 'DebtCurrent', 'debt_lt': 'LongTermDebtNoncurrent', 'assets': 'Assets', 'liabilities': None, 'current_assets': 'AssetsCurrent', 'current_liabilities': 'LiabilitiesCurrent', 'retained_earnings': 'RetainedEarningsAccumulatedDeficit', 'liabilities_and_equity': 'LiabilitiesAndStockholdersEquity', 'equity': 'StockholdersEquity', 'ebit': 'IncomeLossFromContinuingOperationsBeforeIncomeTaxesExtraordinaryItemsNoncontrollingInterest', 'revenue': 'Revenues', 'shares': 'EntityCommonStockSharesOutstanding'}"
724004,MLAB,MESA LABORATORIES INC /CO/,"{'debt_st': 'LongTermDebtCurrent', 'debt_lt': 'LongTermDebtNoncurrent', 'assets': 'Assets', 'liabilities': 'Liabilities', 'current_assets': 'AssetsCurrent', 'current_liabilities': 'LiabilitiesCurrent', 'retained_earnings': 'RetainedEarningsAccumulatedDeficit', 'liabilities_and_equity': 'LiabilitiesAndStockholdersEquity', 'equity': 'StockholdersEquity', 'ebit': 'OperatingIncomeLoss', 'revenue': 'RevenueFromContractWithCustomerExcludingAssessedTax', 'shares': 'EntityCommonStockSharesOutstanding'}"
726958,CASY,CASEYS GENERAL STORES INC,"{'debt_st': 'LongTermDebtCurrent', 'debt_lt': 'LongTermDebtNoncurrent', 'assets': 'Assets', 'liabilities': 'Liabilities', 'current_assets': 'AssetsCurrent', 'current_liabilities': 'LiabilitiesCurrent', 'retained_earnings': 'RetainedEarningsAccumulatedDeficit', 'liabilities_and_equity': 'LiabilitiesAndStockholdersEquity', 'equity': 'StockholdersEquity', 'ebit': 'IncomeLossFromContinuingOperationsBeforeIncomeTaxesMinorityInterestAndIncomeLossFromEquityMethodInvestments', 'revenue': 'Revenues', 'shares': 'EntityCommonStockSharesOutstanding'}"
728535,JBHT,HUNT J B TRANSPORT SERVICES INC,"{'debt_st': 'DebtCurrent', 'debt_lt': 'LongTermDebtNoncurrent', 'assets': 'Assets', 'liabilities': 'Liabilities', 'current_assets': 'AssetsCurrent', 'current_liabilities': 'LiabilitiesCurrent', 'retained_earnings': 'RetainedEarningsAccumulatedDeficit', 'liabilities_and_equity': 'LiabilitiesAndStockholdersEquity', 'equity': 'StockholdersEquity', 'ebit': 'OperatingIncomeLoss', 'revenue': 'Revenues', 'shares': 'EntityCommonStockSharesOutstanding'}"
730263,THO,THOR INDUSTRIES INC,"{'debt_st': 'LongTermDebtCurrent', 'debt_lt': 'LongTermDebtNoncurrent', 'assets': 'Assets', 'liabilities': None, 'current_assets': 'AssetsCurrent', 'current_liabilities': 'LiabilitiesCurrent', 'retained_earnings': 'RetainedEarningsAccumulatedDeficit', 'liabilities_and_equity': 'LiabilitiesAndStockholdersEquity', 'equity': 'StockholdersEquity', 'ebit': 'IncomeLossFromContinuingOperationsBeforeIncomeTaxesExtraordinaryItemsNoncontrollingInterest', 'revenue': 'RevenueFromContractWithCustomerExcludingAssessedTax', 'shares': 'EntityCommonStockSharesOutstanding'}"
730272,RGEN,REPLIGEN CORP,"{'debt_st': None, 'debt_lt': 'LongTermDebt', 'assets': 'Assets', 'liabilities': 'Liabilities', 'current_assets': 'AssetsCurrent', 'current_liabilities': 'LiabilitiesCurrent', 'retained_earnings': 'RetainedEarningsAccumulatedDeficit', 'liabilities_and_equity': 'LiabilitiesAndStockholdersEquity', 'equity': 'StockholdersEquity', 'ebit': 'OperatingIncomeLoss', 'revenue': 'Revenues', 'shares': 'EntityCommonStockSharesOutstanding'}"
730464,CVSA,Covista Inc.,"{'debt_st': 'LongTermDebtCurrent', 'debt_lt': 'LongTermDebtNoncurrent', 'assets': 'Assets', 'liabilities': 'Liabilities', 'current_assets': 'AssetsCurrent', 'current_liabilities': 'LiabilitiesCurrent', 'retained_earnings': 'RetainedEarningsAccumulatedDeficit', 'liabilities_and_equity': 'LiabilitiesAndStockholdersEquity', 'equity': 'StockholdersEquity', 'ebit': 'OperatingIncomeLoss', 'revenue': 'Revenues', 'shares': 'EntityCommonStockSharesOutstanding'}"
731802,ATO,ATMOS ENERGY CORP,"{'debt_st': 'LongTermDebtCurrent', 'debt_lt': 'LongTermDebtNoncurrent', 'assets': 'Assets', 'liabilities': None, 'current_assets': 'AssetsCurrent', 'current_liabilities': 'LiabilitiesCurrent', 'retained_earnings': 'RetainedEarningsAccumulatedDeficit', 'liabilities_and_equity': 'LiabilitiesAndStockholdersEquity', 'equity': 'StockholdersEquity', 'ebit': 'OperatingIncomeLoss', 'revenue': 'Revenues', 'shares': 'EntityCommonStockSharesOutstanding'}"
732712,VZ,VERIZON COMMUNICATIONS INC,"{'debt_st': 'DebtCurrent', 'debt_lt': 'LongTermDebtNoncurrent', 'assets': 'Assets', 'liabilities': None, 'current_assets': 'AssetsCurrent', 'current_liabilities': 'LiabilitiesCurrent', 'retained_earnings': 'RetainedEarningsAccumulatedDeficit', 'liabilities_and_equity': 'LiabilitiesAndStockholdersEquity', 'equity': 'StockholdersEquityIncludingPortionAttributableToNoncontrollingInterest', 'ebit': 'OperatingIncomeLoss', 'revenue': 'Revenues', 'shares': 'EntityCommonStockSharesOutstanding'}"
732717,T,AT&T INC.,"{'debt_st': 'DebtCurrent', 'debt_lt': 'LongTermDebtNoncurrent', 'assets': 'Assets', 'liabilities': 'Liabilities', 'current_assets': 'AssetsCurrent', 'current_liabilities': 'LiabilitiesCurrent', 'retained_earnings': 'RetainedEarningsAccumulatedDeficit', 'liabilities_and_equity': 'LiabilitiesAndStockholdersEquity', 'equity': 'StockholdersEquityIncludingPortionAttributableToNoncontrollingInterest', 'ebit': 'OperatingIncomeLoss', 'revenue': 'Revenues', 'shares': 'EntityCommonStockSharesOutstanding'}"
737758,TTC,TORO CO,"{'debt_st': 'DebtCurrent', 'debt_lt': 'LongTermDebtNoncurrent', 'assets': 'Assets', 'liabilities': None, 'current_assets': 'AssetsCurrent', 'current_liabilities': 'LiabilitiesCurrent', 'retained_earnings': 'RetainedEarningsAccumulatedDeficit', 'liabilities_and_equity': 'LiabilitiesAndStockholdersEquity', 'equity': 'StockholdersEquity', 'ebit': 'OperatingIncomeLoss', 'revenue': 'RevenueFromContractWithCustomerExcludingAssessedTax', 'shares': 'EntityCommonStockSharesOutstanding'}"
742278,RES,RPC INC,"{'debt_st': 'NotesPayableCurrent', 'debt_lt': 'LongTermNotesPayable', 'assets': 'Assets', 'liabilities': 'Liabilities', 'current_assets': 'AssetsCurrent', 'current_liabilities': 'LiabilitiesCurrent', 'retained_earnings': 'RetainedEarningsAccumulatedDeficit', 'liabilities_and_equity': 'LiabilitiesAndStockholdersEquity', 'equity': 'StockholdersEquity', 'ebit': 'OperatingIncomeLoss', 'revenue': 'RevenueFromContractWithCustomerExcludingAssessedTax', 'shares': 'EntityCommonStockSharesOutstanding'}"
743238,SHYF,"SHYFT GROUP, INC.","{'debt_st': 'LongTermDebtCurrent', 'debt_lt': 'LongTermDebtNoncurrent', 'assets': 'Assets', 'liabilities': 'Liabilities', 'current_assets': 'AssetsCurrent', 'current_liabilities': 'LiabilitiesCurrent', 'retained_earnings': 'RetainedEarningsAccumulatedDeficit', 'liabilities_and_equity': 'LiabilitiesAndStockholdersEquity', 'equity': 'StockholdersEquity', 'ebit': 'OperatingIncomeLoss', 'revenue': 'RevenueFromContractWithCustomerExcludingAssessedTax', 'shares': 'EntityCommonStockSharesOutstanding'}"
745732,ROST,"ROSS STORES, INC.","{'debt_st': 'LongTermDebtCurrent', 'debt_lt': 'LongTermDebtNoncurrent', 'assets': 'Assets', 'liabilities': None, 'current_assets': 'AssetsCurrent', 'current_liabilities': 'LiabilitiesCurrent', 'retained_earnings': 'RetainedEarningsAccumulatedDeficit', 'liabilities_and_equity': 'LiabilitiesAndStockholdersEquity', 'equity': 'StockholdersEquity', 'ebit': 'OperatingIncomeLoss', 'revenue': 'RevenueFromContractWithCustomerExcludingAssessedTax', 'shares': 'EntityCommonStockSharesOutstanding'}"
749098,MGA,MAGNA INTERNATIONAL INC,"{'debt_st': 'LongTermDebtCurrent', 'debt_lt': 'LongTermDebtNoncurrent', 'assets': 'Assets', 'liabilities': 'Liabilities', 'current_assets': 'AssetsCurrent', 'current_liabilities': 'LiabilitiesCurrent', 'retained_earnings': 'RetainedEarningsAccumulatedDeficit', 'liabilities_and_equity': 'LiabilitiesAndStockholdersEquity', 'equity': 'StockholdersEquity', 'ebit': 'IncomeLossFromContinuingOperationsBeforeIncomeTaxesExtraordinaryItemsNoncontrollingInterest', 'revenue': 'RevenueFromContractWithCustomerExcludingAssessedTax', 'shares': 'EntityCommonStockSharesOutstanding'}"
749251,IT,GARTNER INC,"{'debt_st': 'DebtCurrent', 'debt_lt': 'LongTermDebtNoncurrent', 'assets': 'Assets', 'liabilities': 'Liabilities', 'current_assets': 'AssetsCurrent', 'current_liabilities': 'LiabilitiesCurrent', 'retained_earnings': 'RetainedEarningsAccumulatedDeficit', 'liabilities_and_equity': 'LiabilitiesAndStockholdersEquity', 'equity': 'StockholdersEquity', 'ebit': 'OperatingIncomeLoss', 'revenue': 'RevenueFromContractWithCustomerExcludingAssessedTax', 'shares': 'EntityCommonStockSharesOutstanding'}"
753308,NEE,NEXTERA ENERGY INC,"{'debt_st': 'DebtCurrent', 'debt_lt': 'LongTermDebtNoncurrent', 'assets': 'Assets', 'liabilities': 'Liabilities', 'current_assets': 'AssetsCurrent', 'current_liabilities': 'LiabilitiesCurrent', 'retained_earnings': 'RetainedEarningsAccumulatedDeficit', 'liabilities_and_equity': 'LiabilitiesAndStockholdersEquity', 'equity': 'StockholdersEquity', 'ebit': 'OperatingIncomeLoss', 'revenue': 'Revenues', 'shares': 'EntityCommonStockSharesOutstanding'}"
755001,UTL,UNITIL CORP,"{'debt_st': 'LongTermDebtCurrent', 'debt_lt': 'LongTermDebtNoncurrent', 'assets': 'Assets', 'liabilities': None, 'current_assets': 'AssetsCurrent', 'current_liabilities': 'LiabilitiesCurrent', 'retained_earnings': 'RetainedEarningsAccumulatedDeficit', 'liabilities_and_equity': 'LiabilitiesAndStockholdersEquity', 'equity': 'StockholdersEquity', 'ebit': 'OperatingIncomeLoss', 'revenue': 'RevenueFromContractWithCustomerExcludingAssessedTax', 'shares': 'EntityCommonStockSharesOutstanding'}"
763532,LYTS,LSI INDUSTRIES INC,"{'debt_st': 'LongTermDebtCurrent', 'debt_lt': 'LongTermDebtNoncurrent', 'assets': 'Assets', 'liabilities': None, 'current_assets': 'AssetsCurrent', 'current_liabilities': 'LiabilitiesCurrent', 'retained_earnings': 'RetainedEarningsAccumulatedDeficit', 'liabilities_and_equity': 'LiabilitiesAndStockholdersEquity', 'equity': 'StockholdersEquity', 'ebit': 'OperatingIncomeLoss', 'revenue': 'Revenues', 'shares': 'EntityCommonStockSharesOutstanding'}"
763744,LCII,LCI INDUSTRIES,"{'debt_st': 'LongTermDebtCurrent', 'debt_lt': 'LongTermDebtNoncurrent', 'assets': 'Assets', 'liabilities': 'Liabilities', 'current_assets': 'AssetsCurrent', 'current_liabilities': 'LiabilitiesCurrent', 'retained_earnings': 'RetainedEarningsAccumulatedDeficit', 'liabilities_and_equity': 'LiabilitiesAndStockholdersEquity', 'equity': 'StockholdersEquity', 'ebit': 'OperatingIncomeLoss', 'revenue': 'Revenues', 'shares': 'EntityCommonStockSharesOutstanding'}"
764065,CLF,CLEVELAND-CLIFFS INC.,"{'debt_st': 'LongTermDebtCurrent', 'debt_lt': 'LongTermDebtNoncurrent', 'assets': 'Assets', 'liabilities': 'Liabilities', 'current_assets': 'AssetsCurrent', 'current_liabilities': 'LiabilitiesCurrent', 'retained_earnings': 'RetainedEarningsAccumulatedDeficit', 'liabilities_and_equity': 'LiabilitiesAndStockholdersEquity', 'equity': 'StockholdersEquity', 'ebit': 'OperatingIncomeLoss', 'revenue': 'Revenues', 'shares': 'EntityCommonStockSharesOutstanding'}"
764180,MO,"ALTRIA GROUP, INC.","{'debt_st': 'LongTermDebtCurrent', 'debt_lt': 'LongTermDebtNoncurrent', 'assets': 'Assets', 'liabilities': 'Liabilities', 'current_assets': 'AssetsCurrent', 'current_liabilities': 'LiabilitiesCurrent', 'retained_earnings': 'RetainedEarningsAccumulatedDeficit', 'liabilities_and_equity': 'LiabilitiesAndStockholdersEquity', 'equity': 'StockholdersEquity', 'ebit': 'OperatingIncomeLoss', 'revenue': 'RevenueFromContractWithCustomerExcludingAssessedTax', 'shares': 'EntityCommonStockSharesOutstanding'}"
764401,IIIN,INSTEEL INDUSTRIES INC,"{'debt_st': 'NotesPayableCurrent', 'debt_lt': 'LongTermDebtNoncurrent', 'assets': 'Assets', 'liabilities': None, 'current_assets': 'AssetsCurrent', 'current_liabilities': 'LiabilitiesCurrent', 'retained_earnings': 'RetainedEarningsAccumulatedDeficit', 'liabilities_and_equity': 'LiabilitiesAndStockholdersEquity', 'equity': 'StockholdersEquity', 'ebit': 'IncomeLossFromContinuingOperationsBeforeIncomeTaxesExtraordinaryItemsNoncontrollingInterest', 'revenue': 'RevenueFromContractWithCustomerExcludingAssessedTax', 'shares': 'EntityCommonStockSharesOutstanding'}"
764478,BBY,BEST BUY CO INC,"{'debt_st': 'LongTermDebtCurrent', 'debt_lt': 'LongTermDebtNoncurrent', 'assets': 'Assets', 'liabilities': None, 'current_assets': 'AssetsCurrent', 'current_liabilities': 'LiabilitiesCurrent', 'retained_earnings': 'RetainedEarningsAccumulatedDeficit', 'liabilities_and_equity': 'LiabilitiesAndStockholdersEquity', 'equity': 'StockholdersEquity', 'ebit': 'OperatingIncomeLoss', 'revenue': 'Revenues', 'shares': 'EntityCommonStockSharesOutstanding'}"
764622,PNW,PINNACLE WEST CAPITAL CORP,"{'debt_st': 'LongTermDebtCurrent', 'debt_lt': 'LongTermDebtNoncurrent', 'assets': 'Assets', 'liabilities': None, 'current_assets': 'AssetsCurrent', 'current_liabilities': 'LiabilitiesCurrent', 'retained_earnings': 'RetainedEarningsAccumulatedDeficit', 'liabilities_and_equity': 'LiabilitiesAndStockholdersEquity', 'equity': 'StockholdersEquity', 'ebit': 'OperatingIncomeLoss', 'revenue': 'RevenueFromContractWithCustomerExcludingAssessedTax', 'shares': 'EntityCommonStockSharesOutstanding'}"
766421,ALK,"ALASKA AIR GROUP, INC.","{'debt_st': 'DebtCurrent', 'debt_lt': 'LongTermDebtNoncurrent', 'assets': 'Assets', 'liabilities': None, 'current_assets': 'AssetsCurrent', 'current_liabilities': 'LiabilitiesCurrent', 'retained_earnings': 'RetainedEarningsAccumulatedDeficit', 'liabilities_and_equity': 'LiabilitiesAndStockholdersEquity', 'equity': 'StockholdersEquity', 'ebit': 'OperatingIncomeLoss', 'revenue': 'RevenueFromContractWithCustomerExcludingAssessedTax', 'shares': 'EntityCommonStockSharesOutstanding'}"
766829,HTO,H2O AMERICA,"{'debt_st': 'LongTermDebtCurrent', 'debt_lt': 'LongTermDebtNoncurrent', 'assets': 'Assets', 'liabilities': None, 'current_assets': 'AssetsCurrent', 'current_liabilities': 'LiabilitiesCurrent', 'retained_earnings': 'RetainedEarningsAccumulatedDeficit', 'liabilities_and_equity': 'LiabilitiesAndStockholdersEquity', 'equity': 'StockholdersEquity', 'ebit': 'OperatingIncomeLoss', 'revenue': 'RevenueFromContractWithCustomerExcludingAssessedTax', 'shares': 'EntityCommonStockSharesOutstanding'}"
768899,TBI,"TrueBlue, Inc.","{'debt_st': 'LongTermDebtCurrent', 'debt_lt': 'LongTermDebtNoncurrent', 'assets': 'Assets', 'liabilities': 'Liabilities', 'current_assets': 'AssetsCurrent', 'current_liabilities': 'LiabilitiesCurrent', 'retained_earnings': 'RetainedEarningsAccumulatedDeficit', 'liabilities_and_equity': 'LiabilitiesAndStockholdersEquity', 'equity': 'StockholdersEquity', 'ebit': 'OperatingIncomeLoss', 'revenue': 'Revenues', 'shares': 'EntityCommonStockSharesOutstanding'}"
769397,ADSK,"Autodesk, Inc.","{'debt_st': 'ShortTermBorrowings', 'debt_lt': 'LongTermDebt', 'assets': 'Assets', 'liabilities': None, 'current_assets': 'AssetsCurrent', 'current_liabilities': 'LiabilitiesCurrent', 'retained_earnings': 'RetainedEarningsAccumulatedDeficit', 'liabilities_and_equity': 'LiabilitiesAndStockholdersEquity', 'equity': 'StockholdersEquity', 'ebit': 'OperatingIncomeLoss', 'revenue': 'RevenueFromContractWithCustomerExcludingAssessedTax', 'shares': 'EntityCommonStockSharesOutstanding'}"
769520,MIDD,MIDDLEBY Corp,"{'debt_st': 'LongTermDebtCurrent', 'debt_lt': 'LongTermDebtNoncurrent', 'assets': 'Assets', 'liabilities': None, 'current_assets': 'AssetsCurrent', 'current_liabilities': 'LiabilitiesCurrent', 'retained_earnings': 'RetainedEarningsAccumulatedDeficit', 'liabilities_and_equity': 'LiabilitiesAndStockholdersEquity', 'equity': 'StockholdersEquity', 'ebit': 'OperatingIncomeLoss', 'revenue': 'RevenueFromContractWithCustomerExcludingAssessedTax', 'shares': 'EntityCommonStockSharesOutstanding'}"
771497,ABM,ABM INDUSTRIES INC /DE/,"{'debt_st': 'DebtCurrent', 'debt_lt': 'LongTermDebtNoncurrent', 'assets': 'Assets', 'liabilities': 'Liabilities', 'current_assets': 'AssetsCurrent', 'current_liabilities': 'LiabilitiesCurrent', 'retained_earnings': 'RetainedEarningsAccumulatedDeficit', 'liabilities_and_equity': 'LiabilitiesAndStockholdersEquity', 'equity': 'StockholdersEquity', 'ebit': 'OperatingIncomeLoss', 'revenue': 'RevenueFromContractWithCustomerExcludingAssessedTax', 'shares': 'EntityCommonStockSharesOutstanding'}"
773840,HON,HONEYWELL INTERNATIONAL INC,"{'debt_st': 'ShortTermBorrowings', 'debt_lt': 'LongTermDebtAndCapitalLeaseObligations', 'assets': 'Assets', 'liabilities': None, 'current_assets': 'AssetsCurrent', 'current_liabilities': 'LiabilitiesCurrent', 'retained_earnings': 'RetainedEarningsAccumulatedDeficit', 'liabilities_and_equity': 'LiabilitiesAndStockholdersEquity', 'equity': 'StockholdersEquity', 'ebit': 'OperatingIncomeLoss', 'revenue': 'RevenueFromContractWithCustomerExcludingAssessedTax', 'shares': 'EntityCommonStockSharesOutstanding'}"
775158,OSK,OSHKOSH CORP,"{'debt_st': 'DebtCurrent', 'debt_lt': 'LongTermDebtNoncurrent', 'assets': 'Assets', 'liabilities': None, 'current_assets': 'AssetsCurrent', 'current_liabilities': 'LiabilitiesCurrent', 'retained_earnings': 'RetainedEarningsAccumulatedDeficit', 'liabilities_and_equity': 'LiabilitiesAndStockholdersEquity', 'equity': 'StockholdersEquity', 'ebit': 'OperatingIncomeLoss', 'revenue': 'RevenueFromContractWithCustomerExcludingAssessedTax', 'shares': 'EntityCommonStockSharesOutstanding'}"
779152,JKHY,JACK HENRY & ASSOCIATES INC,"{'debt_st': 'DebtCurrent', 'debt_lt': 'LongTermDebtNoncurrent', 'assets': 'Assets', 'liabilities': 'Liabilities', 'current_assets': 'AssetsCurrent', 'current_liabilities': 'LiabilitiesCurrent', 'retained_earnings': 'RetainedEarningsAccumulatedDeficit', 'liabilities_and_equity': 'LiabilitiesAndStockholdersEquity', 'equity': 'StockholdersEquity', 'ebit': 'OperatingIncomeLoss', 'revenue': 'RevenueFromContractWithCustomerExcludingAssessedTax', 'shares': 'EntityCommonStockSharesOutstanding'}"
780571,ITRI,"ITRON, INC.","{'debt_st': 'LongTermDebtCurrent', 'debt_lt': 'LongTermDebtNoncurrent', 'assets': 'Assets', 'liabilities': 'Liabilities', 'current_assets': 'AssetsCurrent', 'current_liabilities': 'LiabilitiesCurrent', 'retained_earnings': 'RetainedEarningsAccumulatedDeficit', 'liabilities_and_equity': 'LiabilitiesAndStockholdersEquity', 'equity': 'StockholdersEquity', 'ebit': 'OperatingIncomeLoss', 'revenue': 'RevenueFromContractWithCustomerExcludingAssessedTax', 'shares': 'EntityCommonStockSharesOutstanding'}"
783325,WEC,"WEC ENERGY GROUP, INC.","{'debt_st': 'LongTermDebtCurrent', 'debt_lt': 'LongTermDebtNoncurrent', 'assets': 'Assets', 'liabilities': None, 'current_assets': 'AssetsCurrent', 'current_liabilities': 'LiabilitiesCurrent', 'retained_earnings': 'RetainedEarningsAccumulatedDeficit', 'liabilities_and_equity': 'LiabilitiesAndStockholdersEquity', 'equity': 'StockholdersEquity', 'ebit': 'OperatingIncomeLoss', 'revenue': 'Revenues', 'shares': 'EntityCommonStockSharesOutstanding'}"
784199,AORT,"ARTIVION, INC.","{'debt_st': 'LongTermDebtCurrent', 'debt_lt': 'LongTermDebtNoncurrent', 'assets': 'Assets', 'liabilities': 'Liabilities', 'current_assets': 'AssetsCurrent', 'current_liabilities': 'LiabilitiesCurrent', 'retained_earnings': 'RetainedEarningsAccumulatedDeficit', 'liabilities_and_equity': 'LiabilitiesAndStockholdersEquity', 'equity': 'StockholdersEquity', 'ebit': 'OperatingIncomeLoss', 'revenue': 'RevenueFromContractWithCustomerExcludingAssessedTax', 'shares': 'EntityCommonStockSharesOutstanding'}"
784977,POR,PORTLAND GENERAL ELECTRIC CO /OR/,"{'debt_st': 'LongTermDebtCurrent', 'debt_lt': 'LongTermDebtNoncurrent', 'assets': 'Assets', 'liabilities': 'Liabilities', 'current_assets': 'AssetsCurrent', 'current_liabilities': 'LiabilitiesCurrent', 'retained_earnings': 'RetainedEarningsAccumulatedDeficit', 'liabilities_and_equity': 'LiabilitiesAndStockholdersEquity', 'equity': 'StockholdersEquity', 'ebit': 'OperatingIncomeLoss', 'revenue': 'Revenues', 'shares': 'EntityCommonStockSharesOutstanding'}"
785956,JJSF,J&J SNACK FOODS CORP,"{'debt_st': 'LongTermDebtCurrent', 'debt_lt': 'LongTermDebtNoncurrent', 'assets': 'Assets', 'liabilities': None, 'current_assets': 'AssetsCurrent', 'current_liabilities': 'LiabilitiesCurrent', 'retained_earnings': 'RetainedEarningsAccumulatedDeficit', 'liabilities_and_equity': 'LiabilitiesAndStockholdersEquity', 'equity': 'StockholdersEquity', 'ebit': 'OperatingIncomeLoss', 'revenue': 'Revenues', 'shares': 'EntityCommonStockSharesOutstanding'}"
788784,PEG,PUBLIC SERVICE ENTERPRISE GROUP INC,"{'debt_st': 'LongTermDebtCurrent', 'debt_lt': 'LongTermDebtNoncurrent', 'assets': 'Assets', 'liabilities': None, 'current_assets': 'AssetsCurrent', 'current_liabilities': 'LiabilitiesCurrent', 'retained_earnings': 'RetainedEarningsAccumulatedDeficit', 'liabilities_and_equity': 'LiabilitiesAndStockholdersEquity', 'equity': 'StockholdersEquity', 'ebit': 'OperatingIncomeLoss', 'revenue': 'Revenues', 'shares': 'EntityCommonStockSharesOutstanding'}"
788965,HNRG,HALLADOR ENERGY CO,"{'debt_st': 'LongTermDebtCurrent', 'debt_lt': 'LongTermDebtNoncurrent', 'assets': 'Assets', 'liabilities': 'Liabilities', 'current_assets': 'AssetsCurrent', 'current_liabilities': 'LiabilitiesCurrent', 'retained_earnings': 'RetainedEarningsAccumulatedDeficit', 'liabilities_and_equity': 'LiabilitiesAndStockholdersEquity', 'equity': 'StockholdersEquity', 'ebit': 'OperatingIncomeLoss', 'revenue': 'RevenueFromContractWithCustomerExcludingAssessedTax', 'shares': 'EntityCommonStockSharesOutstanding'}"
789019,MSFT,MICROSOFT CORP,"{'debt_st': 'LongTermDebtCurrent', 'debt_lt': 'LongTermDebtNoncurrent', 'assets': 'Assets', 'liabilities': 'Liabilities', 'current_assets': 'AssetsCurrent', 'current_liabilities': 'LiabilitiesCurrent', 'retained_earnings': 'RetainedEarningsAccumulatedDeficit', 'liabilities_and_equity': 'LiabilitiesAndStockholdersEquity', 'equity': 'StockholdersEquity', 'ebit': 'OperatingIncomeLoss', 'revenue': 'RevenueFromContractWithCustomerExcludingAssessedTax', 'shares': 'EntityCommonStockSharesOutstanding'}"
789460,WKC,WORLD KINECT CORP,"{'debt_st': 'DebtCurrent', 'debt_lt': 'LongTermDebtNoncurrent', 'assets': 'Assets', 'liabilities': 'Liabilities', 'current_assets': 'AssetsCurrent', 'current_liabilities': 'LiabilitiesCurrent', 'retained_earnings': 'RetainedEarningsAccumulatedDeficit', 'liabilities_and_equity': 'LiabilitiesAndStockholdersEquity', 'equity': 'StockholdersEquity', 'ebit': 'OperatingIncomeLoss', 'revenue': 'Revenues', 'shares': 'EntityCommonStockSharesOutstanding'}"
789570,MGM,MGM Resorts International,"{'debt_st': 'LongTermDebtCurrent', 'debt_lt': 'LongTermDebtNoncurrent', 'assets': 'Assets', 'liabilities': 'Liabilities', 'current_assets': 'AssetsCurrent', 'current_liabilities': 'LiabilitiesCurrent', 'retained_earnings': 'RetainedEarningsAccumulatedDeficit', 'liabilities_and_equity': 'LiabilitiesAndStockholdersEquity', 'equity': 'StockholdersEquity', 'ebit': 'OperatingIncomeLoss', 'revenue': 'RevenueFromContractWithCustomerExcludingAssessedTax', 'shares': 'EntityCommonStockSharesOutstanding'}"
790051,CSL,CARLISLE COMPANIES INC,"{'debt_st': 'DebtCurrent', 'debt_lt': 'LongTermDebtNoncurrent', 'assets': 'Assets', 'liabilities': None, 'current_assets': 'AssetsCurrent', 'current_liabilities': 'LiabilitiesCurrent', 'retained_earnings': 'RetainedEarningsAccumulatedDeficit', 'liabilities_and_equity': 'LiabilitiesAndStockholdersEquity', 'equity': 'StockholdersEquity', 'ebit': 'OperatingIncomeLoss', 'revenue': 'RevenueFromContractWithCustomerExcludingAssessedTax', 'shares': 'EntityCommonStockSharesOutstanding'}"
790526,RDNT,"RadNet, Inc.","{'debt_st': 'DebtCurrent', 'debt_lt': 'LongTermDebtNoncurrent', 'assets': 'Assets', 'liabilities': 'Liabilities', 'current_assets': 'AssetsCurrent', 'current_liabilities': 'LiabilitiesCurrent', 'retained_earnings': 'RetainedEarningsAccumulatedDeficit', 'liabilities_and_equity': 'LiabilitiesAndStockholdersEquity', 'equity': 'StockholdersEquity', 'ebit': 'OperatingIncomeLoss', 'revenue': 'RevenueFromContractWithCustomerExcludingAssessedTax', 'shares': 'EntityCommonStockSharesOutstanding'}"
792987,ASTE,ASTEC INDUSTRIES INC,"{'debt_st': 'DebtCurrent', 'debt_lt': 'LongTermDebtNoncurrent', 'assets': 'Assets', 'liabilities': 'Liabilities', 'current_assets': 'AssetsCurrent', 'current_liabilities': 'LiabilitiesCurrent', 'retained_earnings': 'RetainedEarningsAccumulatedDeficit', 'liabilities_and_equity': 'LiabilitiesAndStockholdersEquity', 'equity': 'StockholdersEquity', 'ebit': 'OperatingIncomeLoss', 'revenue': 'RevenueFromContractWithCustomerExcludingAssessedTax', 'shares': 'EntityCommonStockSharesOutstanding'}"
793074,WERN,WERNER ENTERPRISES INC,"{'debt_st': 'LongTermDebtCurrent', 'debt_lt': 'LongTermDebtNoncurrent', 'assets': 'Assets', 'liabilities': 'Liabilities', 'current_assets': 'AssetsCurrent', 'current_liabilities': 'LiabilitiesCurrent', 'retained_earnings': 'RetainedEarningsAccumulatedDeficit', 'liabilities_and_equity': 'LiabilitiesAndStockholdersEquity', 'equity': 'StockholdersEquity', 'ebit': 'OperatingIncomeLoss', 'revenue': 'RevenueFromContractWithCustomerExcludingAssessedTax', 'shares': 'EntityCommonStockSharesOutstanding'}"
793733,SKYW,SKYWEST INC,"{'debt_st': 'LongTermDebtCurrent', 'debt_lt': 'LongTermDebtNoncurrent', 'assets': 'Assets', 'liabilities': None, 'current_assets': 'AssetsCurrent', 'current_liabilities': 'LiabilitiesCurrent', 'retained_earnings': 'RetainedEarningsAccumulatedDeficit', 'liabilities_and_equity': 'LiabilitiesAndStockholdersEquity', 'equity': 'StockholdersEquity', 'ebit': 'OperatingIncomeLoss', 'revenue': 'Revenues', 'shares': 'EntityCommonStockSharesOutstanding'}"
793952,HOG,"HARLEY-DAVIDSON, INC.","{'debt_st': 'DebtCurrent', 'debt_lt': 'LongTermDebtNoncurrent', 'assets': 'Assets', 'liabilities': None, 'current_assets': 'AssetsCurrent', 'current_liabilities': 'LiabilitiesCurrent', 'retained_earnings': 'RetainedEarningsAccumulatedDeficit', 'liabilities_and_equity': 'LiabilitiesAndStockholdersEquity', 'equity': 'StockholdersEquity', 'ebit': 'OperatingIncomeLoss', 'revenue': 'RevenueFromContractWithCustomerExcludingAssessedTax', 'shares': 'EntityCommonStockSharesOutstanding'}"
794367,M,"Macy's, Inc.","{'debt_st': 'DebtCurrent', 'debt_lt': 'LongTermDebtAndCapitalLeaseObligations', 'assets': 'Assets', 'liabilities': None, 'current_assets': 'AssetsCurrent', 'current_liabilities': 'LiabilitiesCurrent', 'retained_earnings': 'RetainedEarningsAccumulatedDeficit', 'liabilities_and_equity': 'LiabilitiesAndStockholdersEquity', 'equity': 'StockholdersEquity', 'ebit': 'OperatingIncomeLoss', 'revenue': 'RevenueFromContractWithCustomerExcludingAssessedTax', 'shares': 'EntityCommonStockSharesOutstanding'}"
794619,AMWD,AMERICAN WOODMARK CORP,"{'debt_st': 'LongTermDebtCurrent', 'debt_lt': 'LongTermDebtNoncurrent', 'assets': 'Assets', 'liabilities': None, 'current_assets': 'AssetsCurrent', 'current_liabilities': 'LiabilitiesCurrent', 'retained_earnings': 'RetainedEarningsAccumulatedDeficit', 'liabilities_and_equity': 'LiabilitiesAndStockholdersEquity', 'equity': 'StockholdersEquity', 'ebit': 'OperatingIncomeLoss', 'revenue': 'RevenueFromContractWithCustomerExcludingAssessedTax', 'shares': 'EntityCommonStockSharesOutstanding'}"
796343,ADBE,ADOBE INC.,"{'debt_st': 'DebtCurrent', 'debt_lt': 'LongTermDebtNoncurrent', 'assets': 'Assets', 'liabilities': 'Liabilities', 'current_assets': 'AssetsCurrent', 'current_liabilities': 'LiabilitiesCurrent', 'retained_earnings': 'RetainedEarningsAccumulatedDeficit', 'liabilities_and_equity': 'LiabilitiesAndStockholdersEquity', 'equity': 'StockholdersEquity', 'ebit': 'OperatingIncomeLoss', 'revenue': 'Revenues', 'shares': 'EntityCommonStockSharesOutstanding'}"
796505,CLFD,"Clearfield, Inc.","{'debt_st': 'DebtCurrent', 'debt_lt': 'LongTermDebtNoncurrent', 'assets': 'Assets', 'liabilities': 'Liabilities', 'current_assets': 'AssetsCurrent', 'current_liabilities': 'LiabilitiesCurrent', 'retained_earnings': 'RetainedEarningsAccumulatedDeficit', 'liabilities_and_equity': 'LiabilitiesAndStockholdersEquity', 'equity': 'StockholdersEquity', 'ebit': 'OperatingIncomeLoss', 'revenue': 'RevenueFromContractWithCustomerExcludingAssessedTax', 'shares': 'EntityCommonStockSharesOutstanding'}"
797468,OXY,OCCIDENTAL PETROLEUM CORP /DE/,"{'debt_st': 'DebtCurrent', 'debt_lt': 'LongTermDebtNoncurrent', 'assets': 'Assets', 'liabilities': None, 'current_assets': 'AssetsCurrent', 'current_liabilities': 'LiabilitiesCurrent', 'retained_earnings': 'RetainedEarningsAccumulatedDeficit', 'liabilities_and_equity': 'LiabilitiesAndStockholdersEquity', 'equity': 'StockholdersEquity', 'ebit': 'IncomeLossFromContinuingOperationsBeforeIncomeTaxesExtraordinaryItemsNoncontrollingInterest', 'revenue': 'RevenueFromContractWithCustomerExcludingAssessedTax', 'shares': 'EntityCommonStockSharesOutstanding'}"
797721,VSAT,VIASAT INC,"{'debt_st': 'LongTermDebtCurrent', 'debt_lt': 'LongTermDebtNoncurrent', 'assets': 'Assets', 'liabilities': 'Liabilities', 'current_assets': 'AssetsCurrent', 'current_liabilities': 'LiabilitiesCurrent', 'retained_earnings': 'RetainedEarningsAccumulatedDeficit', 'liabilities_and_equity': 'LiabilitiesAndStockholdersEquity', 'equity': 'StockholdersEquity', 'ebit': 'OperatingIncomeLoss', 'revenue': 'RevenueFromContractWithCustomerExcludingAssessedTax', 'shares': 'EntityCommonStockSharesOutstanding'}"
798287,PAMT,PAMT CORP,"{'debt_st': 'LongTermDebtCurrent', 'debt_lt': 'LongTermDebtNoncurrent', 'assets': 'Assets', 'liabilities': 'Liabilities', 'current_assets': 'AssetsCurrent', 'current_liabilities': 'LiabilitiesCurrent', 'retained_earnings': 'RetainedEarningsAccumulatedDeficit', 'liabilities_and_equity': 'LiabilitiesAndStockholdersEquity', 'equity': 'StockholdersEquity', 'ebit': 'OperatingIncomeLoss', 'revenue': 'Revenues', 'shares': 'EntityCommonStockSharesOutstanding'}"
798354,FISV,FISERV INC,"{'debt_st': 'DebtCurrent', 'debt_lt': 'LongTermDebtNoncurrent', 'assets': 'Assets', 'liabilities': 'Liabilities', 'current_assets': 'AssetsCurrent', 'current_liabilities': 'LiabilitiesCurrent', 'retained_earnings': 'RetainedEarningsAccumulatedDeficit', 'liabilities_and_equity': 'LiabilitiesAndStockholdersEquity', 'equity': 'StockholdersEquity', 'ebit': 'OperatingIncomeLoss', 'revenue': 'RevenueFromContractWithCustomerExcludingAssessedTax', 'shares': 'EntityCommonStockSharesOutstanding'}"
799167,MRTN,MARTEN TRANSPORT LTD,"{'debt_st': 'DebtCurrent', 'debt_lt': 'LongTermDebtNoncurrent', 'assets': 'Assets', 'liabilities': 'Liabilities', 'current_assets': 'AssetsCurrent', 'current_liabilities': 'LiabilitiesCurrent', 'retained_earnings': 'RetainedEarningsAccumulatedDeficit', 'liabilities_and_equity': 'LiabilitiesAndStockholdersEquity', 'equity': 'StockholdersEquity', 'ebit': 'OperatingIncomeLoss', 'revenue': 'Revenues', 'shares': 'EntityCommonStockSharesOutstanding'}"
799233,HTLD,HEARTLAND EXPRESS INC,"{'debt_st': 'LongTermDebtCurrent', 'debt_lt': 'LongTermDebtNoncurrent', 'assets': 'Assets', 'liabilities': None, 'current_assets': 'AssetsCurrent', 'current_liabilities': 'LiabilitiesCurrent', 'retained_earnings': 'RetainedEarningsAccumulatedDeficit', 'liabilities_and_equity': 'LiabilitiesAndStockholdersEquity', 'equity': 'StockholdersEquity', 'ebit': 'OperatingIncomeLoss', 'revenue': 'Revenues', 'shares': 'EntityCommonStockSharesOutstanding'}"
799288,LE,"LANDS' END, INC.","{'debt_st': 'DebtCurrent', 'debt_lt': 'LongTermDebtNoncurrent', 'assets': 'Assets', 'liabilities': 'Liabilities', 'current_assets': 'AssetsCurrent', 'current_liabilities': 'LiabilitiesCurrent', 'retained_earnings': 'RetainedEarningsAccumulatedDeficit', 'liabilities_and_equity': 'LiabilitiesAndStockholdersEquity', 'equity': 'StockholdersEquity', 'ebit': 'OperatingIncomeLoss', 'revenue': 'RevenueFromContractWithCustomerExcludingAssessedTax', 'shares': 'EntityCommonStockSharesOutstanding'}"
799850,CRMT,AMERICAS CARMART INC,"{'debt_st': None, 'debt_lt': 'LongTermDebtAndCapitalLeaseObligationsIncludingCurrentMaturities', 'assets': 'Assets', 'liabilities': 'Liabilities', 'current_assets': None, 'current_liabilities': None, 'retained_earnings': 'RetainedEarningsAccumulatedDeficit', 'liabilities_and_equity': 'LiabilitiesAndStockholdersEquity', 'equity': 'StockholdersEquity', 'ebit': 'IncomeLossFromContinuingOperationsBeforeIncomeTaxesExtraordinaryItemsNoncontrollingInterest', 'revenue': 'RevenueFromContractWithCustomerExcludingAssessedTax', 'shares': 'EntityCommonStockSharesOutstanding'}"
800240,ODP,ODP Corp,"{'debt_st': 'DebtCurrent', 'debt_lt': 'LongTermDebtAndCapitalLeaseObligations', 'assets': 'Assets', 'liabilities': 'Liabilities', 'current_assets': 'AssetsCurrent', 'current_liabilities': 'LiabilitiesCurrent', 'retained_earnings': 'RetainedEarningsAccumulatedDeficit', 'liabilities_and_equity': 'LiabilitiesAndStockholdersEquity', 'equity': 'StockholdersEquity', 'ebit': 'OperatingIncomeLoss', 'revenue': 'RevenueFromContractWithCustomerExcludingAssessedTax', 'shares': 'EntityCommonStockSharesOutstanding'}"
804328,QCOM,QUALCOMM INC/DE,"{'debt_st': 'DebtCurrent', 'debt_lt': 'LongTermDebtNoncurrent', 'assets': 'Assets', 'liabilities': 'Liabilities', 'current_assets': 'AssetsCurrent', 'current_liabilities': 'LiabilitiesCurrent', 'retained_earnings': 'RetainedEarningsAccumulatedDeficit', 'liabilities_and_equity': 'LiabilitiesAndStockholdersEquity', 'equity': 'StockholdersEquity', 'ebit': 'OperatingIncomeLoss', 'revenue': 'Revenues', 'shares': 'EntityCommonStockSharesOutstanding'}"
807707,VOXX,VOXX International Corp,"{'debt_st': 'DebtCurrent', 'debt_lt': 'LongTermDebtNoncurrent', 'assets': 'Assets', 'liabilities': 'Liabilities', 'current_assets': 'AssetsCurrent', 'current_liabilities': 'LiabilitiesCurrent', 'retained_earnings': 'RetainedEarningsAccumulatedDeficit', 'liabilities_and_equity': 'LiabilitiesAndStockholdersEquity', 'equity': 'StockholdersEquity', 'ebit': 'OperatingIncomeLoss', 'revenue': 'RevenueFromContractWithCustomerExcludingAssessedTax', 'shares': 'EntityCommonStockSharesOutstanding'}"
807863,MITK,MITEK SYSTEMS INC,"{'debt_st': 'LongTermDebtCurrent', 'debt_lt': 'LongTermDebtNoncurrent', 'assets': 'Assets', 'liabilities': 'Liabilities', 'current_assets': 'AssetsCurrent', 'current_liabilities': 'LiabilitiesCurrent', 'retained_earnings': 'RetainedEarningsAccumulatedDeficit', 'liabilities_and_equity': 'LiabilitiesAndStockholdersEquity', 'equity': 'StockholdersEquity', 'ebit': 'OperatingIncomeLoss', 'revenue': 'RevenueFromContractWithCustomerExcludingAssessedTax', 'shares': 'EntityCommonStockSharesOutstanding'}"
807882,JACK,JACK IN THE BOX INC,"{'debt_st': 'LongTermDebtCurrent', 'debt_lt': 'LongTermDebtAndCapitalLeaseObligations', 'assets': 'Assets', 'liabilities': None, 'current_assets': 'AssetsCurrent', 'current_liabilities': 'LiabilitiesCurrent', 'retained_earnings': 'RetainedEarningsAccumulatedDeficit', 'liabilities_and_equity': 'LiabilitiesAndStockholdersEquity', 'equity': 'StockholdersEquity', 'ebit': 'OperatingIncomeLoss', 'revenue': 'Revenues', 'shares': 'EntityCommonStockSharesOutstanding'}"
808362,BKR,Baker Hughes Holdings LLC,"{'debt_st': 'DebtCurrent', 'debt_lt': 'LongTermDebtNoncurrent', 'assets': 'Assets', 'liabilities': None, 'current_assets': 'AssetsCurrent', 'current_liabilities': 'LiabilitiesCurrent', 'retained_earnings': 'RetainedEarningsAccumulatedDeficit', 'liabilities_and_equity': 'LiabilitiesAndStockholdersEquity', 'equity': 'StockholdersEquity', 'ebit': 'OperatingIncomeLoss', 'revenue': 'RevenueFromContractWithCustomerExcludingAssessedTax', 'shares': 'EntityCommonStockSharesOutstanding'}"
810136,PLAB,PHOTRONICS INC,"{'debt_st': 'DebtCurrent', 'debt_lt': 'LongTermDebtNoncurrent', 'assets': 'Assets', 'liabilities': 'Liabilities', 'current_assets': 'AssetsCurrent', 'current_liabilities': 'LiabilitiesCurrent', 'retained_earnings': 'RetainedEarningsAccumulatedDeficit', 'liabilities_and_equity': 'LiabilitiesAndStockholdersEquity', 'equity': 'StockholdersEquity', 'ebit': 'OperatingIncomeLoss', 'revenue': 'RevenueFromContractWithCustomerExcludingAssessedTax', 'shares': 'EntityCommonStockSharesOutstanding'}"
811156,CMS,CMS ENERGY CORP,"{'debt_st': 'DebtCurrent', 'debt_lt': 'LongTermDebtNoncurrent', 'assets': 'Assets', 'liabilities': None, 'current_assets': 'AssetsCurrent', 'current_liabilities': 'LiabilitiesCurrent', 'retained_earnings': 'RetainedEarningsAccumulatedDeficit', 'liabilities_and_equity': 'LiabilitiesAndStockholdersEquity', 'equity': 'StockholdersEquity', 'ebit': 'OperatingIncomeLoss', 'revenue': 'RevenueFromContractWithCustomerExcludingAssessedTax', 'shares': 'EntityCommonStockSharesOutstanding'}"
811596,KALU,KAISER ALUMINUM CORP,"{'debt_st': 'LongTermDebtCurrent', 'debt_lt': 'LongTermDebtNoncurrent', 'assets': 'Assets', 'liabilities': 'Liabilities', 'current_assets': 'AssetsCurrent', 'current_liabilities': 'LiabilitiesCurrent', 'retained_earnings': 'RetainedEarningsAccumulatedDeficit', 'liabilities_and_equity': 'LiabilitiesAndStockholdersEquity', 'equity': 'StockholdersEquity', 'ebit': 'OperatingIncomeLoss', 'revenue': 'RevenueFromContractWithCustomerExcludingAssessedTax', 'shares': 'EntityCommonStockSharesOutstanding'}"
812011,MTN,VAIL RESORTS INC,"{'debt_st': 'DebtCurrent', 'debt_lt': 'LongTermDebtNoncurrent', 'assets': 'Assets', 'liabilities': 'Liabilities', 'current_assets': 'AssetsCurrent', 'current_liabilities': 'LiabilitiesCurrent', 'retained_earnings': 'RetainedEarningsAccumulatedDeficit', 'liabilities_and_equity': 'LiabilitiesAndStockholdersEquity', 'equity': 'StockholdersEquity', 'ebit': 'OperatingIncomeLoss', 'revenue': 'Revenues', 'shares': 'EntityCommonStockSharesOutstanding'}"
812074,OI,"O-I Glass, Inc. /DE/","{'debt_st': 'DebtCurrent', 'debt_lt': 'LongTermDebtNoncurrent', 'assets': 'Assets', 'liabilities': None, 'current_assets': 'AssetsCurrent', 'current_liabilities': 'LiabilitiesCurrent', 'retained_earnings': 'RetainedEarningsAccumulatedDeficit', 'liabilities_and_equity': 'LiabilitiesAndStockholdersEquity', 'equity': 'StockholdersEquity', 'ebit': 'OperatingIncomeLoss', 'revenue': 'Revenues', 'shares': 'EntityCommonStockSharesOutstanding'}"
813298,DXLG,"DESTINATION XL GROUP, INC.","{'debt_st': 'LongTermDebtCurrent', 'debt_lt': 'LongTermDebtNoncurrent', 'assets': 'Assets', 'liabilities': 'Liabilities', 'current_assets': 'AssetsCurrent', 'current_liabilities': 'LiabilitiesCurrent', 'retained_earnings': 'RetainedEarningsAccumulatedDeficit', 'liabilities_and_equity': 'LiabilitiesAndStockholdersEquity', 'equity': 'StockholdersEquity', 'ebit': 'OperatingIncomeLoss', 'revenue': 'RevenueFromContractWithCustomerExcludingAssessedTax', 'shares': 'EntityCommonStockSharesOutstanding'}"
813672,CDNS,CADENCE DESIGN SYSTEMS INC,"{'debt_st': 'LongTermDebtCurrent', 'debt_lt': None, 'assets': 'Assets', 'liabilities': None, 'current_assets': 'AssetsCurrent', 'current_liabilities': 'LiabilitiesCurrent', 'retained_earnings': 'RetainedEarningsAccumulatedDeficit', 'liabilities_and_equity': 'LiabilitiesAndStockholdersEquity', 'equity': 'StockholdersEquity', 'ebit': 'OperatingIncomeLoss', 'revenue': 'RevenueFromContractWithCustomerExcludingAssessedTax', 'shares': 'EntityCommonStockSharesOutstanding'}"
814453,NWL,NEWELL BRANDS INC.,"{'debt_st': 'DebtCurrent', 'debt_lt': 'LongTermDebtNoncurrent', 'assets': 'Assets', 'liabilities': 'Liabilities', 'current_assets': 'AssetsCurrent', 'current_liabilities': 'LiabilitiesCurrent', 'retained_earnings': 'RetainedEarningsAccumulatedDeficit', 'liabilities_and_equity': 'LiabilitiesAndStockholdersEquity', 'equity': 'StockholdersEquity', 'ebit': 'OperatingIncomeLoss', 'revenue': 'RevenueFromContractWithCustomerExcludingAssessedTax', 'shares': 'EntityCommonStockSharesOutstanding'}"
814547,FICO,FAIR ISAAC CORP,"{'debt_st': 'DebtCurrent', 'debt_lt': 'LongTermDebtNoncurrent', 'assets': 'Assets', 'liabilities': 'Liabilities', 'current_assets': 'AssetsCurrent', 'current_liabilities': 'LiabilitiesCurrent', 'retained_earnings': 'RetainedEarningsAccumulatedDeficit', 'liabilities_and_equity': 'LiabilitiesAndStockholdersEquity', 'equity': 'StockholdersEquity', 'ebit': 'OperatingIncomeLoss', 'revenue': 'RevenueFromContractWithCustomerExcludingAssessedTax', 'shares': 'EntityCommonStockSharesOutstanding'}"
814549,EBIXQ,EBIX INC,"{'debt_st': 'DebtCurrent', 'debt_lt': 'LongTermDebtNoncurrent', 'assets': 'Assets', 'liabilities': 'Liabilities', 'current_assets': 'AssetsCurrent', 'current_liabilities': 'LiabilitiesCurrent', 'retained_earnings': 'RetainedEarningsAccumulatedDeficit', 'liabilities_and_equity': 'LiabilitiesAndStockholdersEquity', 'equity': 'StockholdersEquity', 'ebit': 'OperatingIncomeLoss', 'revenue': 'Revenues', 'shares': 'EntityCommonStockSharesOutstanding'}"
815097,CCL,Carnival Corp Ltd.,"{'debt_st': 'LongTermDebtCurrent', 'debt_lt': 'LongTermDebtNoncurrent', 'assets': 'Assets', 'liabilities': None, 'current_assets': 'AssetsCurrent', 'current_liabilities': 'LiabilitiesCurrent', 'retained_earnings': 'RetainedEarningsAccumulatedDeficit', 'liabilities_and_equity': 'LiabilitiesAndStockholdersEquity', 'equity': 'StockholdersEquity', 'ebit': 'OperatingIncomeLoss', 'revenue': 'RevenueFromContractWithCustomerExcludingAssessedTax', 'shares': 'EntityCommonStockSharesOutstanding'}"
815556,FAST,FASTENAL CO,"{'debt_st': 'LongTermDebtCurrent', 'debt_lt': 'LongTermDebtNoncurrent', 'assets': 'Assets', 'liabilities': None, 'current_assets': 'AssetsCurrent', 'current_liabilities': 'LiabilitiesCurrent', 'retained_earnings': 'RetainedEarningsAccumulatedDeficit', 'liabilities_and_equity': 'LiabilitiesAndStockholdersEquity', 'equity': 'StockholdersEquity', 'ebit': 'OperatingIncomeLoss', 'revenue': 'RevenueFromContractWithCustomerExcludingAssessedTax', 'shares': 'EntityCommonStockSharesOutstanding'}"
816761,TDC,TERADATA CORP /DE/,"{'debt_st': 'LongTermDebtCurrent', 'debt_lt': 'LongTermDebtNoncurrent', 'assets': 'Assets', 'liabilities': 'Liabilities', 'current_assets': 'AssetsCurrent', 'current_liabilities': 'LiabilitiesCurrent', 'retained_earnings': 'RetainedEarningsAccumulatedDeficit', 'liabilities_and_equity': 'LiabilitiesAndStockholdersEquity', 'equity': 'StockholdersEquity', 'ebit': 'OperatingIncomeLoss', 'revenue': 'RevenueFromContractWithCustomerExcludingAssessedTax', 'shares': 'EntityCommonStockSharesOutstanding'}"
816956,CNMD,CONMED Corp,"{'debt_st': 'LongTermDebtCurrent', 'debt_lt': 'LongTermDebtNoncurrent', 'assets': 'Assets', 'liabilities': 'Liabilities', 'current_assets': 'AssetsCurrent', 'current_liabilities': 'LiabilitiesCurrent', 'retained_earnings': 'RetainedEarningsAccumulatedDeficit', 'liabilities_and_equity': 'LiabilitiesAndStockholdersEquity', 'equity': 'StockholdersEquity', 'ebit': 'OperatingIncomeLoss', 'revenue': 'RevenueFromContractWithCustomerExcludingAssessedTax', 'shares': 'EntityCommonStockSharesOutstanding'}"
817720,SYNA,SYNAPTICS Inc,"{'debt_st': 'LongTermDebtCurrent', 'debt_lt': 'LongTermDebtNoncurrent', 'assets': 'Assets', 'liabilities': 'Liabilities', 'current_assets': 'AssetsCurrent', 'current_liabilities': 'LiabilitiesCurrent', 'retained_earnings': 'RetainedEarningsAccumulatedDeficit', 'liabilities_and_equity': 'LiabilitiesAndStockholdersEquity', 'equity': 'StockholdersEquity', 'ebit': 'OperatingIncomeLoss', 'revenue': 'RevenueFromContractWithCustomerExcludingAssessedTax', 'shares': 'EntityCommonStockSharesOutstanding'}"
818479,XRAY,DENTSPLY SIRONA Inc.,"{'debt_st': 'DebtCurrent', 'debt_lt': 'LongTermDebtNoncurrent', 'assets': 'Assets', 'liabilities': 'Liabilities', 'current_assets': 'AssetsCurrent', 'current_liabilities': 'LiabilitiesCurrent', 'retained_earnings': 'RetainedEarningsAccumulatedDeficit', 'liabilities_and_equity': 'LiabilitiesAndStockholdersEquity', 'equity': 'StockholdersEquity', 'ebit': 'OperatingIncomeLoss', 'revenue': 'RevenueFromContractWithCustomerExcludingAssessedTax', 'shares': 'EntityCommonStockSharesOutstanding'}"
818686,TEVA,TEVA PHARMACEUTICAL INDUSTRIES LTD,"{'debt_st': 'DebtCurrent', 'debt_lt': 'LongTermDebt', 'assets': 'Assets', 'liabilities': 'Liabilities', 'current_assets': 'AssetsCurrent', 'current_liabilities': 'LiabilitiesCurrent', 'retained_earnings': 'RetainedEarningsAccumulatedDeficit', 'liabilities_and_equity': 'LiabilitiesAndStockholdersEquity', 'equity': 'StockholdersEquity', 'ebit': 'OperatingIncomeLoss', 'revenue': 'RevenueFromContractWithCustomerExcludingAssessedTax', 'shares': 'EntityCommonStockSharesOutstanding'}"
819793,AIN,ALBANY INTERNATIONAL CORP /DE/,"{'debt_st': 'LongTermDebtCurrent', 'debt_lt': 'LongTermDebtNoncurrent', 'assets': 'Assets', 'liabilities': 'Liabilities', 'current_assets': 'AssetsCurrent', 'current_liabilities': 'LiabilitiesCurrent', 'retained_earnings': 'RetainedEarningsAccumulatedDeficit', 'liabilities_and_equity': 'LiabilitiesAndStockholdersEquity', 'equity': 'StockholdersEquity', 'ebit': 'OperatingIncomeLoss', 'revenue': 'RevenueFromContractWithCustomerExcludingAssessedTax', 'shares': 'EntityCommonStockSharesOutstanding'}"
820313,APH,AMPHENOL CORP /DE/,"{'debt_st': 'LongTermDebtCurrent', 'debt_lt': 'LongTermDebtNoncurrent', 'assets': 'Assets', 'liabilities': 'Liabilities', 'current_assets': 'AssetsCurrent', 'current_liabilities': 'LiabilitiesCurrent', 'retained_earnings': 'RetainedEarningsAccumulatedDeficit', 'liabilities_and_equity': 'LiabilitiesAndStockholdersEquity', 'equity': 'StockholdersEquity', 'ebit': 'OperatingIncomeLoss', 'revenue': 'RevenueFromContractWithCustomerExcludingAssessedTax', 'shares': 'EntityCommonStockSharesOutstanding'}"
820318,COHR,COHERENT CORP.,"{'debt_st': 'LongTermDebtCurrent', 'debt_lt': 'LongTermDebtNoncurrent', 'assets': 'Assets', 'liabilities': 'Liabilities', 'current_assets': 'AssetsCurrent', 'current_liabilities': 'LiabilitiesCurrent', 'retained_earnings': 'RetainedEarningsAccumulatedDeficit', 'liabilities_and_equity': 'LiabilitiesAndStockholdersEquity', 'equity': 'StockholdersEquity', 'ebit': 'OperatingIncomeLoss', 'revenue': 'RevenueFromContractWithCustomerExcludingAssessedTax', 'shares': 'EntityCommonStockSharesOutstanding'}"
821002,GIII,G III APPAREL GROUP LTD /DE/,"{'debt_st': 'LongTermDebtCurrent', 'debt_lt': 'LongTermDebtNoncurrent', 'assets': 'Assets', 'liabilities': 'Liabilities', 'current_assets': 'AssetsCurrent', 'current_liabilities': 'LiabilitiesCurrent', 'retained_earnings': 'RetainedEarningsAccumulatedDeficit', 'liabilities_and_equity': 'LiabilitiesAndStockholdersEquity', 'equity': 'StockholdersEquity', 'ebit': 'OperatingIncomeLoss', 'revenue': 'RevenueFromContractWithCustomerIncludingAssessedTax', 'shares': 'EntityCommonStockSharesOutstanding'}"
821026,ANDE,"Andersons, Inc.","{'debt_st': 'DebtCurrent', 'debt_lt': 'LongTermDebtNoncurrent', 'assets': 'Assets', 'liabilities': 'Liabilities', 'current_assets': 'AssetsCurrent', 'current_liabilities': 'LiabilitiesCurrent', 'retained_earnings': 'RetainedEarningsAccumulatedDeficit', 'liabilities_and_equity': 'LiabilitiesAndStockholdersEquity', 'equity': 'StockholdersEquity', 'ebit': 'IncomeLossFromContinuingOperationsBeforeIncomeTaxesExtraordinaryItemsNoncontrollingInterest', 'revenue': 'RevenueFromContractWithCustomerExcludingAssessedTax', 'shares': 'EntityCommonStockSharesOutstanding'}"
821189,EOG,EOG RESOURCES INC,"{'debt_st': 'LongTermDebtCurrent', 'debt_lt': 'LongTermDebtNoncurrent', 'assets': 'Assets', 'liabilities': None, 'current_assets': 'AssetsCurrent', 'current_liabilities': 'LiabilitiesCurrent', 'retained_earnings': 'RetainedEarningsAccumulatedDeficit', 'liabilities_and_equity': 'LiabilitiesAndStockholdersEquity', 'equity': 'StockholdersEquity', 'ebit': 'OperatingIncomeLoss', 'revenue': 'Revenues', 'shares': 'EntityCommonStockSharesOutstanding'}"
822416,PHM,PULTEGROUP INC/MI/,"{'debt_st': None, 'debt_lt': 'LongTermDebt', 'assets': 'Assets', 'liabilities': 'Liabilities', 'current_assets': None, 'current_liabilities': None, 'retained_earnings': 'RetainedEarningsAccumulatedDeficit', 'liabilities_and_equity': 'LiabilitiesAndStockholdersEquity', 'equity': 'StockholdersEquity', 'ebit': None, 'revenue': 'RevenueFromContractWithCustomerExcludingAssessedTax', 'shares': 'EntityCommonStockSharesOutstanding'}"
822663,IPAR,INTERPARFUMS INC,"{'debt_st': 'LongTermDebtCurrent', 'debt_lt': 'LongTermDebtNoncurrent', 'assets': 'Assets', 'liabilities': 'Liabilities', 'current_assets': 'AssetsCurrent', 'current_liabilities': 'LiabilitiesCurrent', 'retained_earnings': 'RetainedEarningsAccumulatedDeficit', 'liabilities_and_equity': 'LiabilitiesAndStockholdersEquity', 'equity': 'StockholdersEquity', 'ebit': 'OperatingIncomeLoss', 'revenue': 'RevenueFromContractWithCustomerExcludingAssessedTax', 'shares': 'EntityCommonStockSharesOutstanding'}"
822818,CLH,CLEAN HARBORS INC,"{'debt_st': 'LongTermDebtCurrent', 'debt_lt': 'LongTermDebtNoncurrent', 'assets': 'Assets', 'liabilities': 'Liabilities', 'current_assets': 'AssetsCurrent', 'current_liabilities': 'LiabilitiesCurrent', 'retained_earnings': 'RetainedEarningsAccumulatedDeficit', 'liabilities_and_equity': 'LiabilitiesAndStockholdersEquity', 'equity': 'StockholdersEquity', 'ebit': 'OperatingIncomeLoss', 'revenue': 'RevenueFromContractWithCustomerExcludingAssessedTax', 'shares': 'EntityCommonStockSharesOutstanding'}"
823768,WM,WASTE MANAGEMENT INC,"{'debt_st': 'DebtCurrent', 'debt_lt': 'LongTermDebtAndCapitalLeaseObligations', 'assets': 'Assets', 'liabilities': 'Liabilities', 'current_assets': 'AssetsCurrent', 'current_liabilities': 'LiabilitiesCurrent', 'retained_earnings': 'RetainedEarningsAccumulatedDeficit', 'liabilities_and_equity': 'LiabilitiesAndStockholdersEquity', 'equity': 'StockholdersEquity', 'ebit': 'OperatingIncomeLoss', 'revenue': 'RevenueFromContractWithCustomerExcludingAssessedTax', 'shares': 'EntityCommonStockSharesOutstanding'}"
824142,AAON,"AAON, INC.","{'debt_st': 'DebtCurrent', 'debt_lt': None, 'assets': 'Assets', 'liabilities': None, 'current_assets': 'AssetsCurrent', 'current_liabilities': 'LiabilitiesCurrent', 'retained_earnings': 'RetainedEarningsAccumulatedDeficit', 'liabilities_and_equity': 'LiabilitiesAndStockholdersEquity', 'equity': 'StockholdersEquityIncludingPortionAttributableToNoncontrollingInterest', 'ebit': 'OperatingIncomeLoss', 'revenue': 'RevenueFromContractWithCustomerIncludingAssessedTax', 'shares': 'EntityCommonStockSharesOutstanding'}"
825542,SMG,SCOTTS MIRACLE-GRO CO,"{'debt_st': 'LongTermDebtCurrent', 'debt_lt': 'LongTermDebtNoncurrent', 'assets': 'Assets', 'liabilities': 'Liabilities', 'current_assets': 'AssetsCurrent', 'current_liabilities': 'LiabilitiesCurrent', 'retained_earnings': 'RetainedEarningsAccumulatedDeficit', 'liabilities_and_equity': 'LiabilitiesAndStockholdersEquity', 'equity': 'StockholdersEquity', 'ebit': 'OperatingIncomeLoss', 'revenue': 'RevenueFromContractWithCustomerExcludingAssessedTax', 'shares': 'EntityCommonStockSharesOutstanding'}"
827052,EIX,EDISON INTERNATIONAL,"{'debt_st': 'LongTermDebtCurrent', 'debt_lt': 'LongTermDebtNoncurrent', 'assets': 'Assets', 'liabilities': 'Liabilities', 'current_assets': 'AssetsCurrent', 'current_liabilities': 'LiabilitiesCurrent', 'retained_earnings': 'RetainedEarningsAccumulatedDeficit', 'liabilities_and_equity': 'LiabilitiesAndStockholdersEquity', 'equity': 'StockholdersEquity', 'ebit': 'OperatingIncomeLoss', 'revenue': 'Revenues', 'shares': 'EntityCommonStockSharesOutstanding'}"
827054,MCHP,MICROCHIP TECHNOLOGY INC,"{'debt_st': 'LongTermDebtCurrent', 'debt_lt': 'LongTermDebtNoncurrent', 'assets': 'Assets', 'liabilities': None, 'current_assets': 'AssetsCurrent', 'current_liabilities': 'LiabilitiesCurrent', 'retained_earnings': 'RetainedEarningsAccumulatedDeficit', 'liabilities_and_equity': 'LiabilitiesAndStockholdersEquity', 'equity': 'StockholdersEquity', 'ebit': 'OperatingIncomeLoss', 'revenue': 'RevenueFromContractWithCustomerExcludingAssessedTax', 'shares': 'EntityCommonStockSharesOutstanding'}"
829224,SBUX,STARBUCKS CORP,"{'debt_st': 'LongTermDebtCurrent', 'debt_lt': 'LongTermDebtNoncurrent', 'assets': 'Assets', 'liabilities': 'Liabilities', 'current_assets': 'AssetsCurrent', 'current_liabilities': 'LiabilitiesCurrent', 'retained_earnings': 'RetainedEarningsAccumulatedDeficit', 'liabilities_and_equity': 'LiabilitiesAndStockholdersEquity', 'equity': 'StockholdersEquity', 'ebit': 'OperatingIncomeLoss', 'revenue': 'Revenues', 'shares': 'EntityCommonStockSharesOutstanding'}"
831259,FCX,FREEPORT-MCMORAN INC,"{'debt_st': 'DebtCurrent', 'debt_lt': 'LongTermDebtNoncurrent', 'assets': 'Assets', 'liabilities': 'Liabilities', 'current_assets': 'AssetsCurrent', 'current_liabilities': 'LiabilitiesCurrent', 'retained_earnings': 'RetainedEarningsAccumulatedDeficit', 'liabilities_and_equity': 'LiabilitiesAndStockholdersEquity', 'equity': 'StockholdersEquity', 'ebit': 'OperatingIncomeLoss', 'revenue': 'RevenueFromContractWithCustomerExcludingAssessedTax', 'shares': 'EntityCommonStockSharesOutstanding'}"
831641,TTEK,TETRA TECH INC,"{'debt_st': 'DebtCurrent', 'debt_lt': 'LongTermDebtNoncurrent', 'assets': 'Assets', 'liabilities': None, 'current_assets': 'AssetsCurrent', 'current_liabilities': 'LiabilitiesCurrent', 'retained_earnings': 'RetainedEarningsAccumulatedDeficit', 'liabilities_and_equity': 'LiabilitiesAndStockholdersEquity', 'equity': 'StockholdersEquity', 'ebit': 'OperatingIncomeLoss', 'revenue': 'RevenueFromContractWithCustomerExcludingAssessedTax', 'shares': 'EntityCommonStockSharesOutstanding'}"
832101,IEX,IDEX CORP /DE/,"{'debt_st': 'DebtCurrent', 'debt_lt': 'LongTermDebtNoncurrent', 'assets': 'Assets', 'liabilities': 'Liabilities', 'current_assets': 'AssetsCurrent', 'current_liabilities': 'LiabilitiesCurrent', 'retained_earnings': 'RetainedEarningsAccumulatedDeficit', 'liabilities_and_equity': 'LiabilitiesAndStockholdersEquity', 'equity': 'StockholdersEquity', 'ebit': 'OperatingIncomeLoss', 'revenue': 'RevenueFromContractWithCustomerExcludingAssessedTax', 'shares': 'EntityCommonStockSharesOutstanding'}"
832988,SIG,SIGNET JEWELERS LTD,"{'debt_st': 'DebtCurrent', 'debt_lt': 'LongTermDebtNoncurrent', 'assets': 'Assets', 'liabilities': 'Liabilities', 'current_assets': 'AssetsCurrent', 'current_liabilities': 'LiabilitiesCurrent', 'retained_earnings': 'RetainedEarningsAccumulatedDeficit', 'liabilities_and_equity': 'LiabilitiesAndStockholdersEquity', 'equity': 'StockholdersEquity', 'ebit': 'OperatingIncomeLoss', 'revenue': 'RevenueFromContractWithCustomerExcludingAssessedTax', 'shares': 'EntityCommonStockSharesOutstanding'}"
833444,JCI,Johnson Controls International plc,"{'debt_st': 'DebtCurrent', 'debt_lt': 'LongTermDebtAndCapitalLeaseObligationsIncludingCurrentMaturities', 'assets': 'Assets', 'liabilities': 'Liabilities', 'current_assets': 'AssetsCurrent', 'current_liabilities': 'LiabilitiesCurrent', 'retained_earnings': 'RetainedEarningsAccumulatedDeficit', 'liabilities_and_equity': 'LiabilitiesAndStockholdersEquity', 'equity': 'StockholdersEquity', 'ebit': 'OperatingIncomeLoss', 'revenue': 'RevenueFromContractWithCustomerExcludingAssessedTax', 'shares': 'EntityCommonStockSharesOutstanding'}"
834365,BLFS,BIOLIFE SOLUTIONS INC,"{'debt_st': 'LongTermDebtCurrent', 'debt_lt': 'LongTermDebtNoncurrent', 'assets': 'Assets', 'liabilities': 'Liabilities', 'current_assets': 'AssetsCurrent', 'current_liabilities': 'LiabilitiesCurrent', 'retained_earnings': 'RetainedEarningsAccumulatedDeficit', 'liabilities_and_equity': 'LiabilitiesAndStockholdersEquity', 'equity': 'StockholdersEquity', 'ebit': 'OperatingIncomeLoss', 'revenue': 'RevenueFromContractWithCustomerIncludingAssessedTax', 'shares': 'EntityCommonStockSharesOutstanding'}"
835011,MGPI,MGP INGREDIENTS INC,"{'debt_st': 'LongTermDebtCurrent', 'debt_lt': 'LongTermDebtNoncurrent', 'assets': 'Assets', 'liabilities': 'Liabilities', 'current_assets': 'AssetsCurrent', 'current_liabilities': 'LiabilitiesCurrent', 'retained_earnings': 'RetainedEarningsAccumulatedDeficit', 'liabilities_and_equity': 'LiabilitiesAndStockholdersEquity', 'equity': 'StockholdersEquity', 'ebit': 'OperatingIncomeLoss', 'revenue': 'RevenueFromContractWithCustomerExcludingAssessedTax', 'shares': 'EntityCommonStockSharesOutstanding'}"
836157,LNN,LINDSAY CORP,"{'debt_st': 'LongTermDebtCurrent', 'debt_lt': 'LongTermDebtNoncurrent', 'assets': 'Assets', 'liabilities': 'Liabilities', 'current_assets': 'AssetsCurrent', 'current_liabilities': 'LiabilitiesCurrent', 'retained_earnings': 'RetainedEarningsAccumulatedDeficit', 'liabilities_and_equity': 'LiabilitiesAndStockholdersEquity', 'equity': 'StockholdersEquity', 'ebit': 'OperatingIncomeLoss', 'revenue': 'RevenueFromContractWithCustomerExcludingAssessedTax', 'shares': 'EntityCommonStockSharesOutstanding'}"
837465,CALY,Callaway Golf Co,"{'debt_st': 'LongTermDebtCurrent', 'debt_lt': 'LongTermDebtNoncurrent', 'assets': 'Assets', 'liabilities': None, 'current_assets': 'AssetsCurrent', 'current_liabilities': 'LiabilitiesCurrent', 'retained_earnings': 'RetainedEarningsAccumulatedDeficit', 'liabilities_and_equity': 'LiabilitiesAndStockholdersEquity', 'equity': 'StockholdersEquity', 'ebit': 'OperatingIncomeLoss', 'revenue': 'RevenueFromContractWithCustomerExcludingAssessedTax', 'shares': 'EntityCommonStockSharesOutstanding'}"
840489,FCFS,"FirstCash Holdings, Inc.","{'debt_st': 'LongTermDebtCurrent', 'debt_lt': 'LongTermDebtNoncurrent', 'assets': 'Assets', 'liabilities': 'Liabilities', 'current_assets': 'AssetsCurrent', 'current_liabilities': 'LiabilitiesCurrent', 'retained_earnings': 'RetainedEarningsAccumulatedDeficit', 'liabilities_and_equity': 'LiabilitiesAndStockholdersEquity', 'equity': 'StockholdersEquity', 'ebit': 'IncomeLossFromContinuingOperationsBeforeIncomeTaxesExtraordinaryItemsNoncontrollingInterest', 'revenue': 'RevenueFromContractWithCustomerExcludingAssessedTax', 'shares': 'EntityCommonStockSharesOutstanding'}"
842023,TECH,BIO-TECHNE Corp,"{'debt_st': 'LongTermDebtCurrent', 'debt_lt': 'LongTermDebtAndCapitalLeaseObligations', 'assets': 'Assets', 'liabilities': None, 'current_assets': 'AssetsCurrent', 'current_liabilities': 'LiabilitiesCurrent', 'retained_earnings': 'RetainedEarningsAccumulatedDeficit', 'liabilities_and_equity': 'LiabilitiesAndStockholdersEquity', 'equity': 'StockholdersEquity', 'ebit': 'OperatingIncomeLoss', 'revenue': 'RevenueFromContractWithCustomerExcludingAssessedTax', 'shares': 'EntityCommonStockSharesOutstanding'}"
842162,LEA,LEAR CORP,"{'debt_st': 'LongTermDebtCurrent', 'debt_lt': 'LongTermDebtNoncurrent', 'assets': 'Assets', 'liabilities': None, 'current_assets': 'AssetsCurrent', 'current_liabilities': 'LiabilitiesCurrent', 'retained_earnings': 'RetainedEarningsAccumulatedDeficit', 'liabilities_and_equity': 'LiabilitiesAndStockholdersEquity', 'equity': 'StockholdersEquity', 'ebit': 'OperatingIncomeLoss', 'revenue': 'RevenueFromContractWithCustomerExcludingAssessedTax', 'shares': 'EntityCommonStockSharesOutstanding'}"
842633,TRS,TRIMAS CORP,"{'debt_st': 'DebtCurrent', 'debt_lt': 'LongTermDebtNoncurrent', 'assets': 'Assets', 'liabilities': 'Liabilities', 'current_assets': 'AssetsCurrent', 'current_liabilities': 'LiabilitiesCurrent', 'retained_earnings': 'RetainedEarningsAccumulatedDeficit', 'liabilities_and_equity': 'LiabilitiesAndStockholdersEquity', 'equity': 'StockholdersEquity', 'ebit': 'OperatingIncomeLoss', 'revenue': 'RevenueFromContractWithCustomerExcludingAssessedTax', 'shares': 'EntityCommonStockSharesOutstanding'}"
844965,TTI,TETRA TECHNOLOGIES INC,"{'debt_st': 'LongTermDebtCurrent', 'debt_lt': 'LongTermDebtNoncurrent', 'assets': 'Assets', 'liabilities': None, 'current_assets': 'AssetsCurrent', 'current_liabilities': 'LiabilitiesCurrent', 'retained_earnings': 'RetainedEarningsAccumulatedDeficit', 'liabilities_and_equity': 'LiabilitiesAndStockholdersEquity', 'equity': 'StockholdersEquity', 'ebit': 'OperatingIncomeLoss', 'revenue': 'Revenues', 'shares': 'EntityCommonStockSharesOutstanding'}"
849395,CRH,CRH PUBLIC LTD CO,"{'debt_st': 'DebtCurrent', 'debt_lt': 'LongTermDebtNoncurrent', 'assets': 'Assets', 'liabilities': 'Liabilities', 'current_assets': 'AssetsCurrent', 'current_liabilities': 'LiabilitiesCurrent', 'retained_earnings': 'RetainedEarningsAccumulatedDeficit', 'liabilities_and_equity': 'LiabilitiesAndStockholdersEquity', 'equity': 'StockholdersEquity', 'ebit': 'OperatingIncomeLoss', 'revenue': 'RevenueFromContractWithCustomerExcludingAssessedTax', 'shares': 'EntityCommonStockSharesOutstanding'}"
849399,GEN,Gen Digital Inc.,"{'debt_st': 'LongTermDebtCurrent', 'debt_lt': 'LongTermDebtNoncurrent', 'assets': 'Assets', 'liabilities': 'Liabilities', 'current_assets': 'AssetsCurrent', 'current_liabilities': 'LiabilitiesCurrent', 'retained_earnings': 'RetainedEarningsAccumulatedDeficit', 'liabilities_and_equity': 'LiabilitiesAndStockholdersEquity', 'equity': 'StockholdersEquity', 'ebit': 'OperatingIncomeLoss', 'revenue': 'RevenueFromContractWithCustomerExcludingAssessedTax', 'shares': 'EntityCommonStockSharesOutstanding'}"
849869,SLGN,SILGAN HOLDINGS INC,"{'debt_st': 'LongTermDebtCurrent', 'debt_lt': 'LongTermDebtNoncurrent', 'assets': 'Assets', 'liabilities': None, 'current_assets': 'AssetsCurrent', 'current_liabilities': 'LiabilitiesCurrent', 'retained_earnings': 'RetainedEarningsAccumulatedDeficit', 'liabilities_and_equity': 'LiabilitiesAndStockholdersEquity', 'equity': 'StockholdersEquity', 'ebit': 'OperatingIncomeLoss', 'revenue': 'RevenueFromContractWithCustomerExcludingAssessedTax', 'shares': 'EntityCommonStockSharesOutstanding'}"
850209,FL,"FOOT LOCKER, INC.","{'debt_st': None, 'debt_lt': 'LongTermDebtNoncurrent', 'assets': 'Assets', 'liabilities': 'Liabilities', 'current_assets': 'AssetsCurrent', 'current_liabilities': 'LiabilitiesCurrent', 'retained_earnings': 'RetainedEarningsAccumulatedDeficit', 'liabilities_and_equity': 'LiabilitiesAndStockholdersEquity', 'equity': 'StockholdersEquity', 'ebit': 'OperatingIncomeLoss', 'revenue': 'RevenueFromContractWithCustomerExcludingAssessedTax', 'shares': 'EntityCommonStockSharesOutstanding'}"
850429,TG,TREDEGAR CORP,"{'debt_st': 'LongTermDebtCurrent', 'debt_lt': 'LongTermDebtNoncurrent', 'assets': 'Assets', 'liabilities': 'Liabilities', 'current_assets': 'AssetsCurrent', 'current_liabilities': 'LiabilitiesCurrent', 'retained_earnings': 'RetainedEarningsAccumulatedDeficit', 'liabilities_and_equity': 'LiabilitiesAndStockholdersEquity', 'equity': 'StockholdersEquity', 'ebit': 'IncomeLossFromContinuingOperationsBeforeIncomeTaxesExtraordinaryItemsNoncontrollingInterest', 'revenue': 'Revenues', 'shares': 'EntityCommonStockSharesOutstanding'}"
851310,HLIT,HARMONIC INC.,"{'debt_st': 'LongTermDebtCurrent', 'debt_lt': 'LongTermDebtNoncurrent', 'assets': 'Assets', 'liabilities': 'Liabilities', 'current_assets': 'AssetsCurrent', 'current_liabilities': 'LiabilitiesCurrent', 'retained_earnings': 'RetainedEarningsAccumulatedDeficit', 'liabilities_and_equity': 'LiabilitiesAndStockholdersEquity', 'equity': 'StockholdersEquity', 'ebit': 'OperatingIncomeLoss', 'revenue': 'RevenueFromContractWithCustomerExcludingAssessedTax', 'shares': 'EntityCommonStockSharesOutstanding'}"
851968,MHK,MOHAWK INDUSTRIES INC,"{'debt_st': 'LongTermDebtCurrent', 'debt_lt': 'LongTermDebtNoncurrent', 'assets': 'Assets', 'liabilities': 'Liabilities', 'current_assets': 'AssetsCurrent', 'current_liabilities': 'LiabilitiesCurrent', 'retained_earnings': 'RetainedEarningsAccumulatedDeficit', 'liabilities_and_equity': 'LiabilitiesAndStockholdersEquity', 'equity': 'StockholdersEquity', 'ebit': 'OperatingIncomeLoss', 'revenue': 'RevenueFromContractWithCustomerExcludingAssessedTax', 'shares': 'EntityCommonStockSharesOutstanding'}"
852772,DENN,DENNY'S Corp,"{'debt_st': 'LongTermDebtCurrent', 'debt_lt': 'LongTermDebtNoncurrent', 'assets': 'Assets', 'liabilities': 'Liabilities', 'current_assets': 'AssetsCurrent', 'current_liabilities': 'LiabilitiesCurrent', 'retained_earnings': 'RetainedEarningsAccumulatedDeficit', 'liabilities_and_equity': 'LiabilitiesAndStockholdersEquity', 'equity': 'StockholdersEquity', 'ebit': 'OperatingIncomeLoss', 'revenue': 'RevenueFromContractWithCustomerExcludingAssessedTax', 'shares': 'EntityCommonStockSharesOutstanding'}"
853816,LSTR,LANDSTAR SYSTEM INC,"{'debt_st': None, 'debt_lt': 'LongTermDebtAndCapitalLeaseObligations', 'assets': 'Assets', 'liabilities': None, 'current_assets': 'AssetsCurrent', 'current_liabilities': 'LiabilitiesCurrent', 'retained_earnings': 'RetainedEarningsAccumulatedDeficit', 'liabilities_and_equity': 'LiabilitiesAndStockholdersEquity', 'equity': 'StockholdersEquity', 'ebit': 'OperatingIncomeLoss', 'revenue': 'RevenueFromContractWithCustomerExcludingAssessedTax', 'shares': 'EntityCommonStockSharesOutstanding'}"
854775,DGII,DIGI INTERNATIONAL INC,"{'debt_st': 'LongTermDebtCurrent', 'debt_lt': 'LongTermDebtNoncurrent', 'assets': 'Assets', 'liabilities': 'Liabilities', 'current_assets': 'AssetsCurrent', 'current_liabilities': 'LiabilitiesCurrent', 'retained_earnings': 'RetainedEarningsAccumulatedDeficit', 'liabilities_and_equity': 'LiabilitiesAndStockholdersEquity', 'equity': 'StockholdersEquity', 'ebit': 'OperatingIncomeLoss', 'revenue': 'RevenueFromContractWithCustomerExcludingAssessedTax', 'shares': 'EntityCommonStockSharesOutstanding'}"
855658,LSCC,LATTICE SEMICONDUCTOR CORP,"{'debt_st': 'LongTermDebtCurrent', 'debt_lt': 'LongTermDebtNoncurrent', 'assets': 'Assets', 'liabilities': 'Liabilities', 'current_assets': 'AssetsCurrent', 'current_liabilities': 'LiabilitiesCurrent', 'retained_earnings': 'RetainedEarningsAccumulatedDeficit', 'liabilities_and_equity': 'LiabilitiesAndStockholdersEquity', 'equity': 'StockholdersEquity', 'ebit': 'OperatingIncomeLoss', 'revenue': 'RevenueFromContractWithCustomerExcludingAssessedTax', 'shares': 'EntityCommonStockSharesOutstanding'}"
856982,MMSI,MERIT MEDICAL SYSTEMS INC,"{'debt_st': 'LongTermDebtCurrent', 'debt_lt': 'LongTermDebtNoncurrent', 'assets': 'Assets', 'liabilities': 'Liabilities', 'current_assets': 'AssetsCurrent', 'current_liabilities': 'LiabilitiesCurrent', 'retained_earnings': 'RetainedEarningsAccumulatedDeficit', 'liabilities_and_equity': 'LiabilitiesAndStockholdersEquity', 'equity': 'StockholdersEquity', 'ebit': 'OperatingIncomeLoss', 'revenue': 'RevenueFromContractWithCustomerExcludingAssessedTax', 'shares': 'EntityCommonStockSharesOutstanding'}"
857005,PTC,PTC INC.,"{'debt_st': 'LongTermDebtCurrent', 'debt_lt': 'LongTermDebt', 'assets': 'Assets', 'liabilities': 'Liabilities', 'current_assets': 'AssetsCurrent', 'current_liabilities': 'LiabilitiesCurrent', 'retained_earnings': 'RetainedEarningsAccumulatedDeficit', 'liabilities_and_equity': 'LiabilitiesAndStockholdersEquity', 'equity': 'StockholdersEquity', 'ebit': 'OperatingIncomeLoss', 'revenue': 'RevenueFromContractWithCustomerExcludingAssessedTax', 'shares': 'EntityCommonStockSharesOutstanding'}"
858470,CTRA,Coterra Energy Inc.,"{'debt_st': 'LongTermDebtCurrent', 'debt_lt': 'LongTermDebtNoncurrent', 'assets': 'Assets', 'liabilities': 'Liabilities', 'current_assets': 'AssetsCurrent', 'current_liabilities': 'LiabilitiesCurrent', 'retained_earnings': 'RetainedEarningsAccumulatedDeficit', 'liabilities_and_equity': 'LiabilitiesAndStockholdersEquity', 'equity': 'StockholdersEquity', 'ebit': 'OperatingIncomeLoss', 'revenue': 'RevenueFromContractWithCustomerExcludingAssessedTax', 'shares': 'EntityCommonStockSharesOutstanding'}"
858655,HAYN,HAYNES INTERNATIONAL INC,"{'debt_st': None, 'debt_lt': 'LongTermDebtAndCapitalLeaseObligations', 'assets': 'Assets', 'liabilities': 'Liabilities', 'current_assets': 'AssetsCurrent', 'current_liabilities': 'LiabilitiesCurrent', 'retained_earnings': 'RetainedEarningsAccumulatedDeficit', 'liabilities_and_equity': 'LiabilitiesAndStockholdersEquity', 'equity': 'StockholdersEquity', 'ebit': 'OperatingIncomeLoss', 'revenue': 'RevenueFromContractWithCustomerExcludingAssessedTax', 'shares': 'EntityCommonStockSharesOutstanding'}"
858877,CSCO,"CISCO SYSTEMS, INC.","{'debt_st': 'DebtCurrent', 'debt_lt': 'LongTermDebtNoncurrent', 'assets': 'Assets', 'liabilities': 'Liabilities', 'current_assets': 'AssetsCurrent', 'current_liabilities': 'LiabilitiesCurrent', 'retained_earnings': 'RetainedEarningsAccumulatedDeficit', 'liabilities_and_equity': 'LiabilitiesAndStockholdersEquity', 'equity': 'StockholdersEquity', 'ebit': 'OperatingIncomeLoss', 'revenue': 'RevenueFromContractWithCustomerExcludingAssessedTax', 'shares': 'EntityCommonStockSharesOutstanding'}"
859737,HOLX,HOLOGIC INC,"{'debt_st': 'LongTermDebtCurrent', 'debt_lt': 'LongTermDebtNoncurrent', 'assets': 'Assets', 'liabilities': 'Liabilities', 'current_assets': 'AssetsCurrent', 'current_liabilities': 'LiabilitiesCurrent', 'retained_earnings': 'RetainedEarningsAccumulatedDeficit', 'liabilities_and_equity': 'LiabilitiesAndStockholdersEquity', 'equity': 'StockholdersEquity', 'ebit': 'OperatingIncomeLoss', 'revenue': 'Revenues', 'shares': 'EntityCommonStockSharesOutstanding'}"
860730,HCA,"HCA Healthcare, Inc.","{'debt_st': 'DebtCurrent', 'debt_lt': 'LongTermDebtNoncurrent', 'assets': 'Assets', 'liabilities': 'Liabilities', 'current_assets': 'AssetsCurrent', 'current_liabilities': 'LiabilitiesCurrent', 'retained_earnings': 'RetainedEarningsAccumulatedDeficit', 'liabilities_and_equity': 'LiabilitiesAndStockholdersEquity', 'equity': 'StockholdersEquity', 'ebit': 'IncomeLossFromContinuingOperationsBeforeIncomeTaxesExtraordinaryItemsNoncontrollingInterest', 'revenue': 'Revenues', 'shares': 'EntityCommonStockSharesOutstanding'}"
860731,TYL,TYLER TECHNOLOGIES INC,"{'debt_st': 'LongTermDebtCurrent', 'debt_lt': 'LongTermDebtNoncurrent', 'assets': 'Assets', 'liabilities': 'Liabilities', 'current_assets': 'AssetsCurrent', 'current_liabilities': 'LiabilitiesCurrent', 'retained_earnings': 'RetainedEarningsAccumulatedDeficit', 'liabilities_and_equity': 'LiabilitiesAndStockholdersEquity', 'equity': 'StockholdersEquity', 'ebit': 'OperatingIncomeLoss', 'revenue': 'RevenueFromContractWithCustomerExcludingAssessedTax', 'shares': 'EntityCommonStockSharesOutstanding'}"
861459,GVA,GRANITE CONSTRUCTION INC,"{'debt_st': 'LongTermDebtCurrent', 'debt_lt': 'LongTermDebtNoncurrent', 'assets': 'Assets', 'liabilities': None, 'current_assets': 'AssetsCurrent', 'current_liabilities': 'LiabilitiesCurrent', 'retained_earnings': 'RetainedEarningsAccumulatedDeficit', 'liabilities_and_equity': 'LiabilitiesAndStockholdersEquity', 'equity': 'StockholdersEquity', 'ebit': 'OperatingIncomeLoss', 'revenue': 'RevenueFromContractWithCustomerExcludingAssessedTax', 'shares': 'EntityCommonStockSharesOutstanding'}"
861884,RS,"RELIANCE, INC.","{'debt_st': 'DebtCurrent', 'debt_lt': 'LongTermDebtNoncurrent', 'assets': 'Assets', 'liabilities': 'Liabilities', 'current_assets': 'AssetsCurrent', 'current_liabilities': 'LiabilitiesCurrent', 'retained_earnings': 'RetainedEarningsAccumulatedDeficit', 'liabilities_and_equity': 'LiabilitiesAndStockholdersEquity', 'equity': 'StockholdersEquity', 'ebit': 'OperatingIncomeLoss', 'revenue': 'RevenueFromContractWithCustomerExcludingAssessedTax', 'shares': 'EntityCommonStockSharesOutstanding'}"
863436,BHE,BENCHMARK ELECTRONICS INC,"{'debt_st': None, 'debt_lt': 'LongTermDebtAndCapitalLeaseObligationsIncludingCurrentMaturities', 'assets': 'Assets', 'liabilities': 'Liabilities', 'current_assets': 'AssetsCurrent', 'current_liabilities': 'LiabilitiesCurrent', 'retained_earnings': 'RetainedEarningsAccumulatedDeficit', 'liabilities_and_equity': 'LiabilitiesAndStockholdersEquity', 'equity': 'StockholdersEquity', 'ebit': 'OperatingIncomeLoss', 'revenue': 'RevenueFromContractWithCustomerExcludingAssessedTax', 'shares': 'EntityCommonStockSharesOutstanding'}"
864749,TRMB,TRIMBLE INC.,"{'debt_st': 'LongTermDebtCurrent', 'debt_lt': 'LongTermDebtNoncurrent', 'assets': 'Assets', 'liabilities': 'Liabilities', 'current_assets': 'AssetsCurrent', 'current_liabilities': 'LiabilitiesCurrent', 'retained_earnings': 'RetainedEarningsAccumulatedDeficit', 'liabilities_and_equity': 'LiabilitiesAndStockholdersEquity', 'equity': 'StockholdersEquity', 'ebit': 'OperatingIncomeLoss', 'revenue': 'RevenueFromContractWithCustomerExcludingAssessedTax', 'shares': 'EntityCommonStockSharesOutstanding'}"
865752,MNST,Monster Beverage Corp,"{'debt_st': 'LongTermDebtCurrent', 'debt_lt': 'LongTermDebtNoncurrent', 'assets': 'Assets', 'liabilities': None, 'current_assets': 'AssetsCurrent', 'current_liabilities': 'LiabilitiesCurrent', 'retained_earnings': 'RetainedEarningsAccumulatedDeficit', 'liabilities_and_equity': 'LiabilitiesAndStockholdersEquity', 'equity': 'StockholdersEquity', 'ebit': 'OperatingIncomeLoss', 'revenue': 'RevenueFromContractWithCustomerExcludingAssessedTax', 'shares': 'EntityCommonStockSharesOutstanding'}"
866273,MTRX,MATRIX SERVICE CO,"{'debt_st': None, 'debt_lt': 'LongTermDebtNoncurrent', 'assets': 'Assets', 'liabilities': 'Liabilities', 'current_assets': 'AssetsCurrent', 'current_liabilities': 'LiabilitiesCurrent', 'retained_earnings': 'RetainedEarningsAccumulatedDeficit', 'liabilities_and_equity': 'LiabilitiesAndStockholdersEquity', 'equity': 'StockholdersEquity', 'ebit': 'OperatingIncomeLoss', 'revenue': 'Revenues', 'shares': 'EntityCommonStockSharesOutstanding'}"
866291,ALGM,"ALLEGRO MICROSYSTEMS, INC.","{'debt_st': 'LongTermDebtCurrent', 'debt_lt': 'LongTermDebtNoncurrent', 'assets': 'Assets', 'liabilities': 'Liabilities', 'current_assets': 'AssetsCurrent', 'current_liabilities': 'LiabilitiesCurrent', 'retained_earnings': 'RetainedEarningsAccumulatedDeficit', 'liabilities_and_equity': 'LiabilitiesAndStockholdersEquity', 'equity': 'StockholdersEquity', 'ebit': 'OperatingIncomeLoss', 'revenue': 'RevenueFromContractWithCustomerExcludingAssessedTax', 'shares': 'EntityCommonStockSharesOutstanding'}"
866374,FLEX,FLEX LTD.,"{'debt_st': 'DebtCurrent', 'debt_lt': 'LongTermDebtNoncurrent', 'assets': 'Assets', 'liabilities': 'Liabilities', 'current_assets': 'AssetsCurrent', 'current_liabilities': 'LiabilitiesCurrent', 'retained_earnings': 'RetainedEarningsAccumulatedDeficit', 'liabilities_and_equity': 'LiabilitiesAndStockholdersEquity', 'equity': 'StockholdersEquity', 'ebit': 'OperatingIncomeLoss', 'revenue': 'RevenueFromContractWithCustomerExcludingAssessedTax', 'shares': 'EntityCommonStockSharesOutstanding'}"
866706,ESE,ESCO TECHNOLOGIES INC,"{'debt_st': 'DebtCurrent', 'debt_lt': 'LongTermDebtNoncurrent', 'assets': 'Assets', 'liabilities': 'Liabilities', 'current_assets': 'AssetsCurrent', 'current_liabilities': 'LiabilitiesCurrent', 'retained_earnings': 'RetainedEarningsAccumulatedDeficit', 'liabilities_and_equity': 'LiabilitiesAndStockholdersEquity', 'equity': 'StockholdersEquity', 'ebit': 'OperatingIncomeLoss', 'revenue': 'RevenueFromContractWithCustomerExcludingAssessedTax', 'shares': 'EntityCommonStockSharesOutstanding'}"
866787,AZO,AUTOZONE INC,"{'debt_st': 'LongTermDebtCurrent', 'debt_lt': 'LongTermDebtNoncurrent', 'assets': 'Assets', 'liabilities': None, 'current_assets': 'AssetsCurrent', 'current_liabilities': 'LiabilitiesCurrent', 'retained_earnings': 'RetainedEarningsAccumulatedDeficit', 'liabilities_and_equity': 'LiabilitiesAndStockholdersEquity', 'equity': 'StockholdersEquity', 'ebit': 'OperatingIncomeLoss', 'revenue': 'Revenues', 'shares': 'EntityCommonStockSharesOutstanding'}"
867773,SPWR,SUNPOWER CORP,"{'debt_st': 'DebtCurrent', 'debt_lt': 'LongTermDebtNoncurrent', 'assets': 'Assets', 'liabilities': 'Liabilities', 'current_assets': 'AssetsCurrent', 'current_liabilities': 'LiabilitiesCurrent', 'retained_earnings': 'RetainedEarningsAccumulatedDeficit', 'liabilities_and_equity': 'LiabilitiesAndStockholdersEquity', 'equity': 'StockholdersEquity', 'ebit': 'OperatingIncomeLoss', 'revenue': 'RevenueFromContractWithCustomerExcludingAssessedTax', 'shares': 'EntityCommonStockSharesOutstanding'}"
868780,DORM,"Dorman Products, Inc.","{'debt_st': 'LongTermDebtCurrent', 'debt_lt': 'LongTermDebtNoncurrent', 'assets': 'Assets', 'liabilities': None, 'current_assets': 'AssetsCurrent', 'current_liabilities': 'LiabilitiesCurrent', 'retained_earnings': 'RetainedEarningsAccumulatedDeficit', 'liabilities_and_equity': 'LiabilitiesAndStockholdersEquity', 'equity': 'StockholdersEquity', 'ebit': 'OperatingIncomeLoss', 'revenue': 'RevenueFromContractWithCustomerExcludingAssessedTax', 'shares': 'EntityCommonStockSharesOutstanding'}"
868857,ACM,AECOM,"{'debt_st': 'DebtCurrent', 'debt_lt': 'LongTermDebtNoncurrent', 'assets': 'Assets', 'liabilities': 'Liabilities', 'current_assets': 'AssetsCurrent', 'current_liabilities': 'LiabilitiesCurrent', 'retained_earnings': 'RetainedEarningsAccumulatedDeficit', 'liabilities_and_equity': 'LiabilitiesAndStockholdersEquity', 'equity': 'StockholdersEquity', 'ebit': 'OperatingIncomeLoss', 'revenue': 'RevenueFromContractWithCustomerExcludingAssessedTax', 'shares': 'EntityCommonStockSharesOutstanding'}"
871763,MAN,ManpowerGroup Inc.,"{'debt_st': 'DebtCurrent', 'debt_lt': 'LongTermDebtNoncurrent', 'assets': 'Assets', 'liabilities': None, 'current_assets': 'AssetsCurrent', 'current_liabilities': 'LiabilitiesCurrent', 'retained_earnings': 'RetainedEarningsAccumulatedDeficit', 'liabilities_and_equity': 'LiabilitiesAndStockholdersEquity', 'equity': 'StockholdersEquity', 'ebit': 'OperatingIncomeLoss', 'revenue': 'RevenueFromContractWithCustomerExcludingAssessedTax', 'shares': 'EntityCommonStockSharesOutstanding'}"
873303,SRPT,"Sarepta Therapeutics, Inc.","{'debt_st': 'LongTermDebtCurrent', 'debt_lt': 'LongTermDebtNoncurrent', 'assets': 'Assets', 'liabilities': 'Liabilities', 'current_assets': 'AssetsCurrent', 'current_liabilities': 'LiabilitiesCurrent', 'retained_earnings': 'RetainedEarningsAccumulatedDeficit', 'liabilities_and_equity': 'LiabilitiesAndStockholdersEquity', 'equity': 'StockholdersEquity', 'ebit': 'OperatingIncomeLoss', 'revenue': 'RevenueFromContractWithCustomerExcludingAssessedTax', 'shares': 'EntityCommonStockSharesOutstanding'}"
874015,IONS,IONIS PHARMACEUTICALS INC,"{'debt_st': 'LongTermDebtCurrent', 'debt_lt': 'LongTermDebtNoncurrent', 'assets': 'Assets', 'liabilities': 'Liabilities', 'current_assets': 'AssetsCurrent', 'current_liabilities': 'LiabilitiesCurrent', 'retained_earnings': 'RetainedEarningsAccumulatedDeficit', 'liabilities_and_equity': 'LiabilitiesAndStockholdersEquity', 'equity': 'StockholdersEquity', 'ebit': 'OperatingIncomeLoss', 'revenue': 'RevenueFromContractWithCustomerExcludingAssessedTax', 'shares': 'EntityCommonStockSharesOutstanding'}"
874238,STRL,"STERLING INFRASTRUCTURE, INC.","{'debt_st': 'LongTermDebtCurrent', 'debt_lt': 'LongTermDebtNoncurrent', 'assets': 'Assets', 'liabilities': 'Liabilities', 'current_assets': 'AssetsCurrent', 'current_liabilities': 'LiabilitiesCurrent', 'retained_earnings': 'RetainedEarningsAccumulatedDeficit', 'liabilities_and_equity': 'LiabilitiesAndStockholdersEquity', 'equity': 'StockholdersEquity', 'ebit': 'OperatingIncomeLoss', 'revenue': 'RevenueFromContractWithCustomerExcludingAssessedTax', 'shares': 'EntityCommonStockSharesOutstanding'}"
874396,LCUT,"LIFETIME BRANDS, INC","{'debt_st': 'LongTermDebtCurrent', 'debt_lt': 'LongTermDebtNoncurrent', 'assets': 'Assets', 'liabilities': None, 'current_assets': 'AssetsCurrent', 'current_liabilities': 'LiabilitiesCurrent', 'retained_earnings': 'RetainedEarningsAccumulatedDeficit', 'liabilities_and_equity': 'LiabilitiesAndStockholdersEquity', 'equity': 'StockholdersEquity', 'ebit': 'OperatingIncomeLoss', 'revenue': 'RevenueFromContractWithCustomerExcludingAssessedTax', 'shares': 'EntityCommonStockSharesOutstanding'}"
874716,IDXX,IDEXX LABORATORIES INC /DE,"{'debt_st': 'LongTermDebtCurrent', 'debt_lt': 'LongTermDebtNoncurrent', 'assets': 'Assets', 'liabilities': 'Liabilities', 'current_assets': 'AssetsCurrent', 'current_liabilities': 'LiabilitiesCurrent', 'retained_earnings': 'RetainedEarningsAccumulatedDeficit', 'liabilities_and_equity': 'LiabilitiesAndStockholdersEquity', 'equity': 'StockholdersEquity', 'ebit': 'OperatingIncomeLoss', 'revenue': 'RevenueFromContractWithCustomerExcludingAssessedTax', 'shares': 'EntityCommonStockSharesOutstanding'}"
875045,BIIB,BIOGEN INC.,"{'debt_st': 'DebtCurrent', 'debt_lt': 'LongTermDebtAndCapitalLeaseObligations', 'assets': 'Assets', 'liabilities': 'Liabilities', 'current_assets': 'AssetsCurrent', 'current_liabilities': 'LiabilitiesCurrent', 'retained_earnings': 'RetainedEarningsAccumulatedDeficit', 'liabilities_and_equity': 'LiabilitiesAndStockholdersEquity', 'equity': 'StockholdersEquity', 'ebit': 'OperatingIncomeLoss', 'revenue': 'Revenues', 'shares': 'EntityCommonStockSharesOutstanding'}"
876167,PRGS,PROGRESS SOFTWARE CORP /MA,"{'debt_st': 'LongTermDebtCurrent', 'debt_lt': 'LongTermDebtNoncurrent', 'assets': 'Assets', 'liabilities': None, 'current_assets': 'AssetsCurrent', 'current_liabilities': 'LiabilitiesCurrent', 'retained_earnings': 'RetainedEarningsAccumulatedDeficit', 'liabilities_and_equity': 'LiabilitiesAndStockholdersEquity', 'equity': 'StockholdersEquity', 'ebit': 'OperatingIncomeLoss', 'revenue': 'RevenueFromContractWithCustomerExcludingAssessedTax', 'shares': 'EntityCommonStockSharesOutstanding'}"
876427,MNRO,"MONRO, INC.","{'debt_st': 'DebtCurrent', 'debt_lt': 'LongTermDebtNoncurrent', 'assets': 'Assets', 'liabilities': 'Liabilities', 'current_assets': 'AssetsCurrent', 'current_liabilities': 'LiabilitiesCurrent', 'retained_earnings': 'RetainedEarningsAccumulatedDeficit', 'liabilities_and_equity': 'LiabilitiesAndStockholdersEquity', 'equity': 'StockholdersEquityIncludingPortionAttributableToNoncontrollingInterest', 'ebit': 'OperatingIncomeLoss', 'revenue': 'RevenueFromContractWithCustomerExcludingAssessedTax', 'shares': 'EntityCommonStockSharesOutstanding'}"
876883,STGW,Stagwell Inc,"{'debt_st': 'LongTermDebtCurrent', 'debt_lt': 'LongTermDebtNoncurrent', 'assets': 'Assets', 'liabilities': 'Liabilities', 'current_assets': 'AssetsCurrent', 'current_liabilities': 'LiabilitiesCurrent', 'retained_earnings': 'RetainedEarningsAccumulatedDeficit', 'liabilities_and_equity': 'LiabilitiesAndStockholdersEquity', 'equity': 'StockholdersEquity', 'ebit': 'OperatingIncomeLoss', 'revenue': 'Revenues', 'shares': 'EntityCommonStockSharesOutstanding'}"
877212,ZBRA,ZEBRA TECHNOLOGIES CORP,"{'debt_st': 'DebtCurrent', 'debt_lt': 'LongTermDebtNoncurrent', 'assets': 'Assets', 'liabilities': 'Liabilities', 'current_assets': 'AssetsCurrent', 'current_liabilities': 'LiabilitiesCurrent', 'retained_earnings': 'RetainedEarningsAccumulatedDeficit', 'liabilities_and_equity': 'LiabilitiesAndStockholdersEquity', 'equity': 'StockholdersEquity', 'ebit': 'OperatingIncomeLoss', 'revenue': 'RevenueFromContractWithCustomerExcludingAssessedTax', 'shares': 'EntityCommonStockSharesOutstanding'}"
877422,SPTN,SpartanNash Co,"{'debt_st': 'LongTermDebtCurrent', 'debt_lt': 'LongTermDebtAndCapitalLeaseObligations', 'assets': 'Assets', 'liabilities': None, 'current_assets': 'AssetsCurrent', 'current_liabilities': 'LiabilitiesCurrent', 'retained_earnings': 'RetainedEarningsAccumulatedDeficit', 'liabilities_and_equity': 'LiabilitiesAndStockholdersEquity', 'equity': 'StockholdersEquity', 'ebit': 'OperatingIncomeLoss', 'revenue': 'RevenueFromContractWithCustomerExcludingAssessedTax', 'shares': 'EntityCommonStockSharesOutstanding'}"
878927,ODFL,"OLD DOMINION FREIGHT LINE, INC.","{'debt_st': 'LongTermDebtCurrent', 'debt_lt': 'LongTermDebtNoncurrent', 'assets': 'Assets', 'liabilities': 'Liabilities', 'current_assets': 'AssetsCurrent', 'current_liabilities': 'LiabilitiesCurrent', 'retained_earnings': 'RetainedEarningsAccumulatedDeficit', 'liabilities_and_equity': 'LiabilitiesAndStockholdersEquity', 'equity': 'StockholdersEquity', 'ebit': 'OperatingIncomeLoss', 'revenue': 'RevenueFromContractWithCustomerIncludingAssessedTax', 'shares': 'EntityCommonStockSharesOutstanding'}"
879407,ARWR,"ARROWHEAD PHARMACEUTICALS, INC.","{'debt_st': 'NotesPayableCurrent', 'debt_lt': 'LongTermNotesPayable', 'assets': 'Assets', 'liabilities': None, 'current_assets': 'AssetsCurrent', 'current_liabilities': 'LiabilitiesCurrent', 'retained_earnings': 'RetainedEarningsAccumulatedDeficit', 'liabilities_and_equity': 'LiabilitiesAndStockholdersEquity', 'equity': 'StockholdersEquity', 'ebit': 'OperatingIncomeLoss', 'revenue': 'RevenueFromContractWithCustomerExcludingAssessedTax', 'shares': 'EntityCommonStockSharesOutstanding'}"
879526,WNC,WABASH NATIONAL Corp,"{'debt_st': 'LongTermDebtCurrent', 'debt_lt': 'LongTermDebtNoncurrent', 'assets': 'Assets', 'liabilities': 'Liabilities', 'current_assets': 'AssetsCurrent', 'current_liabilities': 'LiabilitiesCurrent', 'retained_earnings': 'RetainedEarningsAccumulatedDeficit', 'liabilities_and_equity': 'LiabilitiesAndStockholdersEquity', 'equity': 'StockholdersEquity', 'ebit': 'OperatingIncomeLoss', 'revenue': 'RevenueFromContractWithCustomerExcludingAssessedTax', 'shares': 'EntityCommonStockSharesOutstanding'}"
879585,ATNI,"ATN International, Inc.","{'debt_st': 'LongTermDebtCurrent', 'debt_lt': 'LongTermDebtNoncurrent', 'assets': 'Assets', 'liabilities': 'Liabilities', 'current_assets': 'AssetsCurrent', 'current_liabilities': 'LiabilitiesCurrent', 'retained_earnings': 'RetainedEarningsAccumulatedDeficit', 'liabilities_and_equity': 'LiabilitiesAndStockholdersEquity', 'equity': 'StockholdersEquity', 'ebit': 'OperatingIncomeLoss', 'revenue': 'RevenueFromContractWithCustomerExcludingAssessedTax', 'shares': 'EntityCommonStockSharesOutstanding'}"
880266,AGCO,AGCO CORP /DE,"{'debt_st': 'DebtCurrent', 'debt_lt': 'LongTermDebtNoncurrent', 'assets': 'Assets', 'liabilities': 'Liabilities', 'current_assets': 'AssetsCurrent', 'current_liabilities': 'LiabilitiesCurrent', 'retained_earnings': 'RetainedEarningsAccumulatedDeficit', 'liabilities_and_equity': 'LiabilitiesAndStockholdersEquity', 'equity': 'StockholdersEquity', 'ebit': 'OperatingIncomeLoss', 'revenue': 'RevenueFromContractWithCustomerExcludingAssessedTax', 'shares': 'EntityCommonStockSharesOutstanding'}"
880807,AMSC,AMERICAN SUPERCONDUCTOR CORP /DE/,"{'debt_st': 'DebtCurrent', 'debt_lt': 'LongTermDebtNoncurrent', 'assets': 'Assets', 'liabilities': 'Liabilities', 'current_assets': 'AssetsCurrent', 'current_liabilities': 'LiabilitiesCurrent', 'retained_earnings': 'RetainedEarningsAccumulatedDeficit', 'liabilities_and_equity': 'LiabilitiesAndStockholdersEquity', 'equity': 'StockholdersEquity', 'ebit': 'OperatingIncomeLoss', 'revenue': 'Revenues', 'shares': 'EntityCommonStockSharesOutstanding'}"
882095,GILD,"GILEAD SCIENCES, INC.","{'debt_st': 'DebtCurrent', 'debt_lt': 'LongTermDebtNoncurrent', 'assets': 'Assets', 'liabilities': None, 'current_assets': 'AssetsCurrent', 'current_liabilities': 'LiabilitiesCurrent', 'retained_earnings': 'RetainedEarningsAccumulatedDeficit', 'liabilities_and_equity': 'LiabilitiesAndStockholdersEquity', 'equity': 'StockholdersEquity', 'ebit': 'OperatingIncomeLoss', 'revenue': 'RevenueFromContractWithCustomerExcludingAssessedTax', 'shares': 'EntityCommonStockSharesOutstanding'}"
882796,BCRX,BIOCRYST PHARMACEUTICALS INC,"{'debt_st': 'NotesPayableCurrent', 'debt_lt': 'LongTermDebtNoncurrent', 'assets': 'Assets', 'liabilities': 'Liabilities', 'current_assets': 'AssetsCurrent', 'current_liabilities': 'LiabilitiesCurrent', 'retained_earnings': 'RetainedEarningsAccumulatedDeficit', 'liabilities_and_equity': 'LiabilitiesAndStockholdersEquity', 'equity': 'StockholdersEquity', 'ebit': 'OperatingIncomeLoss', 'revenue': 'Revenues', 'shares': 'EntityCommonStockSharesOutstanding'}"
882835,ROP,ROPER TECHNOLOGIES INC,"{'debt_st': 'LongTermDebtCurrent', 'debt_lt': 'LongTermDebtNoncurrent', 'assets': 'Assets', 'liabilities': 'Liabilities', 'current_assets': 'AssetsCurrent', 'current_liabilities': 'LiabilitiesCurrent', 'retained_earnings': 'RetainedEarningsAccumulatedDeficit', 'liabilities_and_equity': 'LiabilitiesAndStockholdersEquity', 'equity': 'StockholdersEquity', 'ebit': 'OperatingIncomeLoss', 'revenue': 'RevenueFromContractWithCustomerExcludingAssessedTax', 'shares': 'EntityCommonStockSharesOutstanding'}"
883241,SNPS,SYNOPSYS INC,"{'debt_st': 'DebtCurrent', 'debt_lt': 'LongTermDebtNoncurrent', 'assets': 'Assets', 'liabilities': 'Liabilities', 'current_assets': 'AssetsCurrent', 'current_liabilities': 'LiabilitiesCurrent', 'retained_earnings': 'RetainedEarningsAccumulatedDeficit', 'liabilities_and_equity': 'LiabilitiesAndStockholdersEquity', 'equity': 'StockholdersEquity', 'ebit': 'OperatingIncomeLoss', 'revenue': 'RevenueFromContractWithCustomerExcludingAssessedTax', 'shares': 'EntityCommonStockSharesOutstanding'}"
883569,FOSL,"Fossil Group, Inc.","{'debt_st': 'DebtCurrent', 'debt_lt': 'LongTermDebtNoncurrent', 'assets': 'Assets', 'liabilities': None, 'current_assets': 'AssetsCurrent', 'current_liabilities': 'LiabilitiesCurrent', 'retained_earnings': 'RetainedEarningsAccumulatedDeficit', 'liabilities_and_equity': 'LiabilitiesAndStockholdersEquity', 'equity': 'StockholdersEquity', 'ebit': 'OperatingIncomeLoss', 'revenue': 'RevenueFromContractWithCustomerExcludingAssessedTax', 'shares': 'EntityCommonStockSharesOutstanding'}"
883984,ICUI,ICU MEDICAL INC/DE,"{'debt_st': 'DebtCurrent', 'debt_lt': 'LongTermDebtNoncurrent', 'assets': 'Assets', 'liabilities': None, 'current_assets': 'AssetsCurrent', 'current_liabilities': 'LiabilitiesCurrent', 'retained_earnings': 'RetainedEarningsAccumulatedDeficit', 'liabilities_and_equity': 'LiabilitiesAndStockholdersEquity', 'equity': 'StockholdersEquity', 'ebit': 'OperatingIncomeLoss', 'revenue': 'Revenues', 'shares': 'EntityCommonStockSharesOutstanding'}"
884144,ASUR,ASURE SOFTWARE INC,"{'debt_st': 'LongTermDebtCurrent', 'debt_lt': 'LongTermDebtNoncurrent', 'assets': 'Assets', 'liabilities': 'Liabilities', 'current_assets': 'AssetsCurrent', 'current_liabilities': 'LiabilitiesCurrent', 'retained_earnings': 'RetainedEarningsAccumulatedDeficit', 'liabilities_and_equity': 'LiabilitiesAndStockholdersEquity', 'equity': 'StockholdersEquity', 'ebit': 'OperatingIncomeLoss', 'revenue': 'RevenueFromContractWithCustomerExcludingAssessedTax', 'shares': 'EntityCommonStockSharesOutstanding'}"
884219,PRSU,"Pursuit Attractions & Hospitality, Inc.","{'debt_st': 'LongTermDebtCurrent', 'debt_lt': 'LongTermDebtNoncurrent', 'assets': 'Assets', 'liabilities': 'Liabilities', 'current_assets': 'AssetsCurrent', 'current_liabilities': 'LiabilitiesCurrent', 'retained_earnings': 'RetainedEarningsAccumulatedDeficit', 'liabilities_and_equity': 'LiabilitiesAndStockholdersEquity', 'equity': 'StockholdersEquity', 'ebit': 'OperatingIncomeLoss', 'revenue': 'RevenueFromContractWithCustomerExcludingAssessedTax', 'shares': 'EntityCommonStockSharesOutstanding'}"
884614,UGI,UGI CORP /PA/,"{'debt_st': 'LongTermDebtCurrent', 'debt_lt': 'LongTermDebtNoncurrent', 'assets': 'Assets', 'liabilities': 'Liabilities', 'current_assets': 'AssetsCurrent', 'current_liabilities': 'LiabilitiesCurrent', 'retained_earnings': 'RetainedEarningsAccumulatedDeficit', 'liabilities_and_equity': 'LiabilitiesAndStockholdersEquity', 'equity': 'StockholdersEquity', 'ebit': 'OperatingIncomeLoss', 'revenue': 'RevenueFromContractWithCustomerExcludingAssessedTax', 'shares': 'EntityCommonStockSharesOutstanding'}"
884624,OFIX,Orthofix Medical Inc.,"{'debt_st': 'LongTermDebtCurrent', 'debt_lt': 'LongTermDebtNoncurrent', 'assets': 'Assets', 'liabilities': 'Liabilities', 'current_assets': 'AssetsCurrent', 'current_liabilities': 'LiabilitiesCurrent', 'retained_earnings': 'RetainedEarningsAccumulatedDeficit', 'liabilities_and_equity': 'LiabilitiesAndStockholdersEquity', 'equity': 'StockholdersEquity', 'ebit': 'OperatingIncomeLoss', 'revenue': 'RevenueFromContractWithCustomerExcludingAssessedTax', 'shares': 'EntityCommonStockSharesOutstanding'}"
884887,RCL,ROYAL CARIBBEAN CRUISES LTD,"{'debt_st': 'DebtCurrent', 'debt_lt': 'LongTermDebtNoncurrent', 'assets': 'Assets', 'liabilities': 'Liabilities', 'current_assets': 'AssetsCurrent', 'current_liabilities': 'LiabilitiesCurrent', 'retained_earnings': 'RetainedEarningsAccumulatedDeficit', 'liabilities_and_equity': 'LiabilitiesAndStockholdersEquity', 'equity': 'StockholdersEquity', 'ebit': 'OperatingIncomeLoss', 'revenue': 'RevenueFromContractWithCustomerExcludingAssessedTax', 'shares': 'EntityCommonStockSharesOutstanding'}"
884905,LIN,LINDE INC,"{'debt_st': 'ShortTermBorrowings', 'debt_lt': 'LongTermDebtAndCapitalLeaseObligations', 'assets': 'Assets', 'liabilities': 'Liabilities', 'current_assets': 'AssetsCurrent', 'current_liabilities': 'LiabilitiesCurrent', 'retained_earnings': 'RetainedEarningsAccumulatedDeficit', 'liabilities_and_equity': 'LiabilitiesAndStockholdersEquity', 'equity': 'StockholdersEquity', 'ebit': 'OperatingIncomeLoss', 'revenue': 'SalesRevenueNet', 'shares': 'EntityCommonStockSharesOutstanding'}"
885462,GURE,"GULF RESOURCES, INC.","{'debt_st': 'ShortTermBorrowings', 'debt_lt': None, 'assets': 'Assets', 'liabilities': 'Liabilities', 'current_assets': 'AssetsCurrent', 'current_liabilities': 'LiabilitiesCurrent', 'retained_earnings': 'RetainedEarningsAccumulatedDeficit', 'liabilities_and_equity': 'LiabilitiesAndStockholdersEquity', 'equity': 'StockholdersEquity', 'ebit': 'OperatingIncomeLoss', 'revenue': 'Revenues', 'shares': 'EntityCommonStockSharesOutstanding'}"
885590,BHC,Bausch Health Companies Inc.,"{'debt_st': 'LongTermDebtCurrent', 'debt_lt': 'LongTermDebtNoncurrent', 'assets': 'Assets', 'liabilities': 'Liabilities', 'current_assets': 'AssetsCurrent', 'current_liabilities': 'LiabilitiesCurrent', 'retained_earnings': 'RetainedEarningsAccumulatedDeficit', 'liabilities_and_equity': 'LiabilitiesAndStockholdersEquity', 'equity': 'StockholdersEquity', 'ebit': 'OperatingIncomeLoss', 'revenue': 'RevenueFromContractWithCustomerExcludingAssessedTax', 'shares': 'EntityCommonStockSharesOutstanding'}"
885639,KSS,KOHLS Corp,"{'debt_st': 'LongTermDebtCurrent', 'debt_lt': 'LongTermDebtNoncurrent', 'assets': 'Assets', 'liabilities': None, 'current_assets': 'AssetsCurrent', 'current_liabilities': 'LiabilitiesCurrent', 'retained_earnings': 'RetainedEarningsAccumulatedDeficit', 'liabilities_and_equity': 'LiabilitiesAndStockholdersEquity', 'equity': 'StockholdersEquity', 'ebit': 'OperatingIncomeLoss', 'revenue': 'RevenueFromContractWithCustomerExcludingAssessedTax', 'shares': 'EntityCommonStockSharesOutstanding'}"
885725,BSX,BOSTON SCIENTIFIC CORP,"{'debt_st': 'DebtCurrent', 'debt_lt': 'LongTermDebtAndCapitalLeaseObligations', 'assets': 'Assets', 'liabilities': None, 'current_assets': 'AssetsCurrent', 'current_liabilities': 'LiabilitiesCurrent', 'retained_earnings': 'RetainedEarningsAccumulatedDeficit', 'liabilities_and_equity': 'LiabilitiesAndStockholdersEquity', 'equity': 'StockholdersEquity', 'ebit': 'OperatingIncomeLoss', 'revenue': 'RevenueFromContractWithCustomerExcludingAssessedTax', 'shares': 'EntityCommonStockSharesOutstanding'}"
885740,SPNS,SAPIENS INTERNATIONAL CORP N V,"{'debt_st': 'LongTermDebtCurrent', 'debt_lt': 'LongTermDebtNoncurrent', 'assets': 'Assets', 'liabilities': None, 'current_assets': 'AssetsCurrent', 'current_liabilities': 'LiabilitiesCurrent', 'retained_earnings': 'RetainedEarningsAccumulatedDeficit', 'liabilities_and_equity': 'LiabilitiesAndStockholdersEquity', 'equity': 'StockholdersEquity', 'ebit': 'OperatingIncomeLoss', 'revenue': 'Revenues', 'shares': 'EntityCommonStockSharesOutstanding'}"
885978,USPH,U S PHYSICAL THERAPY INC /NV,"{'debt_st': 'LongTermDebtCurrent', 'debt_lt': 'LongTermDebtNoncurrent', 'assets': 'Assets', 'liabilities': 'Liabilities', 'current_assets': 'AssetsCurrent', 'current_liabilities': 'LiabilitiesCurrent', 'retained_earnings': 'RetainedEarningsAccumulatedDeficit', 'liabilities_and_equity': 'LiabilitiesAndStockholdersEquity', 'equity': 'StockholdersEquity', 'ebit': 'OperatingIncomeLoss', 'revenue': 'RevenueFromContractWithCustomerExcludingAssessedTax', 'shares': 'EntityCommonStockSharesOutstanding'}"
886128,FCEL,FUELCELL ENERGY INC,"{'debt_st': 'DebtCurrent', 'debt_lt': 'LongTermDebtNoncurrent', 'assets': 'Assets', 'liabilities': 'Liabilities', 'current_assets': 'AssetsCurrent', 'current_liabilities': 'LiabilitiesCurrent', 'retained_earnings': 'RetainedEarningsAccumulatedDeficit', 'liabilities_and_equity': 'LiabilitiesAndStockholdersEquity', 'equity': 'StockholdersEquity', 'ebit': 'OperatingIncomeLoss', 'revenue': 'RevenueFromContractWithCustomerExcludingAssessedTax', 'shares': 'EntityCommonStockSharesOutstanding'}"
886163,LGND,LIGAND PHARMACEUTICALS INC,"{'debt_st': 'NotesPayableCurrent', 'debt_lt': 'LongTermDebt', 'assets': 'Assets', 'liabilities': 'Liabilities', 'current_assets': 'AssetsCurrent', 'current_liabilities': 'LiabilitiesCurrent', 'retained_earnings': 'RetainedEarningsAccumulatedDeficit', 'liabilities_and_equity': 'LiabilitiesAndStockholdersEquity', 'equity': 'StockholdersEquity', 'ebit': 'OperatingIncomeLoss', 'revenue': 'RevenueFromContractWithCustomerExcludingAssessedTax', 'shares': 'EntityCommonStockSharesOutstanding'}"
886346,KAI,KADANT INC,"{'debt_st': 'DebtCurrent', 'debt_lt': 'LongTermDebtNoncurrent', 'assets': 'Assets', 'liabilities': None, 'current_assets': 'AssetsCurrent', 'current_liabilities': 'LiabilitiesCurrent', 'retained_earnings': 'RetainedEarningsAccumulatedDeficit', 'liabilities_and_equity': 'LiabilitiesAndStockholdersEquity', 'equity': 'StockholdersEquity', 'ebit': 'OperatingIncomeLoss', 'revenue': 'RevenueFromContractWithCustomerExcludingAssessedTax', 'shares': 'EntityCommonStockSharesOutstanding'}"
886744,GERN,GERON CORP,"{'debt_st': 'DebtCurrent', 'debt_lt': 'LongTermDebtNoncurrent', 'assets': 'Assets', 'liabilities': 'Liabilities', 'current_assets': 'AssetsCurrent', 'current_liabilities': 'LiabilitiesCurrent', 'retained_earnings': 'RetainedEarningsAccumulatedDeficit', 'liabilities_and_equity': 'LiabilitiesAndStockholdersEquity', 'equity': 'StockholdersEquity', 'ebit': 'OperatingIncomeLoss', 'revenue': 'RevenueFromContractWithCustomerExcludingAssessedTax', 'shares': 'EntityCommonStockSharesOutstanding'}"
887359,VCEL,Vericel Corp,"{'debt_st': 'LongTermDebtCurrent', 'debt_lt': 'LongTermDebtNoncurrent', 'assets': 'Assets', 'liabilities': 'Liabilities', 'current_assets': 'AssetsCurrent', 'current_liabilities': 'LiabilitiesCurrent', 'retained_earnings': 'RetainedEarningsAccumulatedDeficit', 'liabilities_and_equity': 'LiabilitiesAndStockholdersEquity', 'equity': 'StockholdersEquity', 'ebit': 'OperatingIncomeLoss', 'revenue': 'RevenueFromContractWithCustomerExcludingAssessedTax', 'shares': 'EntityCommonStockSharesOutstanding'}"
887596,CAKE,CHEESECAKE FACTORY INC,"{'debt_st': 'LongTermDebtCurrent', 'debt_lt': 'LongTermDebtNoncurrent', 'assets': 'Assets', 'liabilities': 'Liabilities', 'current_assets': 'AssetsCurrent', 'current_liabilities': 'LiabilitiesCurrent', 'retained_earnings': 'RetainedEarningsAccumulatedDeficit', 'liabilities_and_equity': 'LiabilitiesAndStockholdersEquity', 'equity': 'StockholdersEquity', 'ebit': 'OperatingIncomeLoss', 'revenue': 'RevenueFromContractWithCustomerExcludingAssessedTax', 'shares': 'EntityCommonStockSharesOutstanding'}"
887921,REVRQ,REVLON INC /DE/,"{'debt_st': 'LongTermDebtCurrent', 'debt_lt': 'LongTermDebtNoncurrent', 'assets': 'Assets', 'liabilities': None, 'current_assets': 'AssetsCurrent', 'current_liabilities': 'LiabilitiesCurrent', 'retained_earnings': 'RetainedEarningsAccumulatedDeficit', 'liabilities_and_equity': 'LiabilitiesAndStockholdersEquity', 'equity': 'StockholdersEquity', 'ebit': 'OperatingIncomeLoss', 'revenue': 'RevenueFromContractWithCustomerExcludingAssessedTax', 'shares': 'EntityCommonStockSharesOutstanding'}"
887936,FCN,"FTI CONSULTING, INC","{'debt_st': 'LongTermDebtCurrent', 'debt_lt': 'LongTermDebtNoncurrent', 'assets': 'Assets', 'liabilities': 'Liabilities', 'current_assets': 'AssetsCurrent', 'current_liabilities': 'LiabilitiesCurrent', 'retained_earnings': 'RetainedEarningsAccumulatedDeficit', 'liabilities_and_equity': 'LiabilitiesAndStockholdersEquity', 'equity': 'StockholdersEquity', 'ebit': 'OperatingIncomeLoss', 'revenue': 'RevenueFromContractWithCustomerExcludingAssessedTax', 'shares': 'EntityCommonStockSharesOutstanding'}"
889331,LFUS,LITTELFUSE INC /DE,"{'debt_st': 'LongTermDebtCurrent', 'debt_lt': 'LongTermDebtNoncurrent', 'assets': 'Assets', 'liabilities': 'Liabilities', 'current_assets': 'AssetsCurrent', 'current_liabilities': 'LiabilitiesCurrent', 'retained_earnings': 'RetainedEarningsAccumulatedDeficit', 'liabilities_and_equity': 'LiabilitiesAndStockholdersEquity', 'equity': 'StockholdersEquity', 'ebit': 'OperatingIncomeLoss', 'revenue': 'Revenues', 'shares': 'EntityCommonStockSharesOutstanding'}"
889900,PTEN,PATTERSON UTI ENERGY INC,"{'debt_st': 'DebtCurrent', 'debt_lt': 'LongTermDebtNoncurrent', 'assets': 'Assets', 'liabilities': 'Liabilities', 'current_assets': 'AssetsCurrent', 'current_liabilities': 'LiabilitiesCurrent', 'retained_earnings': 'RetainedEarningsAccumulatedDeficit', 'liabilities_and_equity': 'LiabilitiesAndStockholdersEquity', 'equity': 'StockholdersEquity', 'ebit': 'OperatingIncomeLoss', 'revenue': 'RevenueFromContractWithCustomerExcludingAssessedTax', 'shares': 'EntityCommonStockSharesOutstanding'}"
890564,EFOR,Everforth Inc,"{'debt_st': 'LongTermDebtCurrent', 'debt_lt': 'LongTermDebtNoncurrent', 'assets': 'Assets', 'liabilities': 'Liabilities', 'current_assets': 'AssetsCurrent', 'current_liabilities': 'LiabilitiesCurrent', 'retained_earnings': 'RetainedEarningsAccumulatedDeficit', 'liabilities_and_equity': 'LiabilitiesAndStockholdersEquity', 'equity': 'StockholdersEquity', 'ebit': 'OperatingIncomeLoss', 'revenue': 'Revenues', 'shares': 'EntityCommonStockSharesOutstanding'}"
891014,MTX,MINERALS TECHNOLOGIES INC,"{'debt_st': 'LongTermDebtCurrent', 'debt_lt': 'LongTermDebtNoncurrent', 'assets': 'Assets', 'liabilities': 'Liabilities', 'current_assets': 'AssetsCurrent', 'current_liabilities': 'LiabilitiesCurrent', 'retained_earnings': 'RetainedEarningsAccumulatedDeficit', 'liabilities_and_equity': 'LiabilitiesAndStockholdersEquity', 'equity': 'StockholdersEquity', 'ebit': 'OperatingIncomeLoss', 'revenue': 'RevenueFromContractWithCustomerExcludingAssessedTax', 'shares': 'EntityCommonStockSharesOutstanding'}"
891024,PDCO,"PATTERSON COMPANIES, INC.","{'debt_st': 'LongTermDebtCurrent', 'debt_lt': 'LongTermDebtNoncurrent', 'assets': 'Assets', 'liabilities': 'Liabilities', 'current_assets': 'AssetsCurrent', 'current_liabilities': 'LiabilitiesCurrent', 'retained_earnings': 'RetainedEarningsAccumulatedDeficit', 'liabilities_and_equity': 'LiabilitiesAndStockholdersEquity', 'equity': 'StockholdersEquity', 'ebit': 'OperatingIncomeLoss', 'revenue': 'RevenueFromContractWithCustomerExcludingAssessedTax', 'shares': 'EntityCommonStockSharesOutstanding'}"
891103,MTCH,"Match Group, Inc.","{'debt_st': 'LongTermDebtCurrent', 'debt_lt': 'LongTermDebtNoncurrent', 'assets': 'Assets', 'liabilities': None, 'current_assets': 'AssetsCurrent', 'current_liabilities': 'LiabilitiesCurrent', 'retained_earnings': 'RetainedEarningsAccumulatedDeficit', 'liabilities_and_equity': 'LiabilitiesAndStockholdersEquity', 'equity': 'StockholdersEquity', 'ebit': 'OperatingIncomeLoss', 'revenue': 'RevenueFromContractWithCustomerExcludingAssessedTax', 'shares': 'EntityCommonStockSharesOutstanding'}"
891482,FLL,FULL HOUSE RESORTS INC,"{'debt_st': 'LongTermDebtCurrent', 'debt_lt': 'LongTermDebtNoncurrent', 'assets': 'Assets', 'liabilities': 'Liabilities', 'current_assets': 'AssetsCurrent', 'current_liabilities': 'LiabilitiesCurrent', 'retained_earnings': 'RetainedEarningsAccumulatedDeficit', 'liabilities_and_equity': 'LiabilitiesAndStockholdersEquity', 'equity': 'StockholdersEquity', 'ebit': 'OperatingIncomeLoss', 'revenue': 'RevenueFromContractWithCustomerExcludingAssessedTax', 'shares': 'EntityCommonStockSharesOutstanding'}"
892553,GTLS,CHART INDUSTRIES INC,"{'debt_st': 'LongTermDebtCurrent', 'debt_lt': 'LongTermDebtNoncurrent', 'assets': 'Assets', 'liabilities': 'Liabilities', 'current_assets': 'AssetsCurrent', 'current_liabilities': 'LiabilitiesCurrent', 'retained_earnings': 'RetainedEarningsAccumulatedDeficit', 'liabilities_and_equity': 'LiabilitiesAndStockholdersEquity', 'equity': 'StockholdersEquity', 'ebit': 'OperatingIncomeLoss', 'revenue': 'RevenueFromContractWithCustomerExcludingAssessedTax', 'shares': 'EntityCommonStockSharesOutstanding'}"
893538,SM,SM Energy Co,"{'debt_st': None, 'debt_lt': 'LongTermDebtNoncurrent', 'assets': 'Assets', 'liabilities': None, 'current_assets': 'AssetsCurrent', 'current_liabilities': 'LiabilitiesCurrent', 'retained_earnings': 'RetainedEarningsAccumulatedDeficit', 'liabilities_and_equity': 'LiabilitiesAndStockholdersEquity', 'equity': 'StockholdersEquity', 'ebit': 'OperatingIncomeLoss', 'revenue': 'Revenues', 'shares': 'EntityCommonStockSharesOutstanding'}"
893949,MD,"Pediatrix Medical Group, Inc.","{'debt_st': 'LongTermDebtCurrent', 'debt_lt': 'LongTermDebtNoncurrent', 'assets': 'Assets', 'liabilities': 'Liabilities', 'current_assets': 'AssetsCurrent', 'current_liabilities': 'LiabilitiesCurrent', 'retained_earnings': 'RetainedEarningsAccumulatedDeficit', 'liabilities_and_equity': 'LiabilitiesAndStockholdersEquity', 'equity': 'StockholdersEquity', 'ebit': 'OperatingIncomeLoss', 'revenue': 'RevenueFromContractWithCustomerIncludingAssessedTax', 'shares': 'EntityCommonStockSharesOutstanding'}"
894081,ATSG,"Air Transport Services Group, Inc.","{'debt_st': 'DebtCurrent', 'debt_lt': 'LongTermDebtNoncurrent', 'assets': 'Assets', 'liabilities': 'Liabilities', 'current_assets': 'AssetsCurrent', 'current_liabilities': 'LiabilitiesCurrent', 'retained_earnings': 'RetainedEarningsAccumulatedDeficit', 'liabilities_and_equity': 'LiabilitiesAndStockholdersEquity', 'equity': 'StockholdersEquity', 'ebit': 'OperatingIncomeLoss', 'revenue': 'Revenues', 'shares': 'EntityCommonStockSharesOutstanding'}"
894405,ARCB,ARCBEST CORP /TX/,"{'debt_st': 'LongTermDebtCurrent', 'debt_lt': 'LongTermDebtNoncurrent', 'assets': 'Assets', 'liabilities': None, 'current_assets': 'AssetsCurrent', 'current_liabilities': 'LiabilitiesCurrent', 'retained_earnings': 'RetainedEarningsAccumulatedDeficit', 'liabilities_and_equity': 'LiabilitiesAndStockholdersEquity', 'equity': 'StockholdersEquity', 'ebit': 'OperatingIncomeLoss', 'revenue': 'RevenueFromContractWithCustomerExcludingAssessedTax', 'shares': 'EntityCommonStockSharesOutstanding'}"
894627,EGY,VAALCO ENERGY INC /DE/,"{'debt_st': 'LongTermDebtCurrent', 'debt_lt': 'LongTermDebtNoncurrent', 'assets': 'Assets', 'liabilities': 'Liabilities', 'current_assets': 'AssetsCurrent', 'current_liabilities': 'LiabilitiesCurrent', 'retained_earnings': 'RetainedEarningsAccumulatedDeficit', 'liabilities_and_equity': 'LiabilitiesAndStockholdersEquity', 'equity': 'StockholdersEquity', 'ebit': 'OperatingIncomeLoss', 'revenue': 'Revenues', 'shares': 'EntityCommonStockSharesOutstanding'}"
895456,RCKY,"ROCKY BRANDS, INC.","{'debt_st': 'LongTermDebtCurrent', 'debt_lt': 'LongTermDebtNoncurrent', 'assets': 'Assets', 'liabilities': 'Liabilities', 'current_assets': 'AssetsCurrent', 'current_liabilities': 'LiabilitiesCurrent', 'retained_earnings': 'RetainedEarningsAccumulatedDeficit', 'liabilities_and_equity': 'LiabilitiesAndStockholdersEquity', 'equity': 'StockholdersEquity', 'ebit': 'OperatingIncomeLoss', 'revenue': 'Revenues', 'shares': 'EntityCommonStockSharesOutstanding'}"
896156,ETD,ETHAN ALLEN INTERIORS INC,"{'debt_st': 'DebtCurrent', 'debt_lt': 'LongTermDebtNoncurrent', 'assets': 'Assets', 'liabilities': 'Liabilities', 'current_assets': 'AssetsCurrent', 'current_liabilities': 'LiabilitiesCurrent', 'retained_earnings': 'RetainedEarningsAccumulatedDeficit', 'liabilities_and_equity': 'LiabilitiesAndStockholdersEquity', 'equity': 'StockholdersEquity', 'ebit': 'OperatingIncomeLoss', 'revenue': 'RevenueFromContractWithCustomerExcludingAssessedTax', 'shares': 'EntityCommonStockSharesOutstanding'}"
896262,AMED,AMEDISYS INC,"{'debt_st': 'DebtCurrent', 'debt_lt': 'LongTermDebtNoncurrent', 'assets': 'Assets', 'liabilities': 'Liabilities', 'current_assets': 'AssetsCurrent', 'current_liabilities': 'LiabilitiesCurrent', 'retained_earnings': 'RetainedEarningsAccumulatedDeficit', 'liabilities_and_equity': 'LiabilitiesAndStockholdersEquity', 'equity': 'StockholdersEquity', 'ebit': 'OperatingIncomeLoss', 'revenue': 'Revenues', 'shares': 'EntityCommonStockSharesOutstanding'}"
896429,CTLP,"CANTALOUPE, INC.","{'debt_st': 'LongTermDebtCurrent', 'debt_lt': 'LongTermDebtNoncurrent', 'assets': 'Assets', 'liabilities': 'Liabilities', 'current_assets': 'AssetsCurrent', 'current_liabilities': 'LiabilitiesCurrent', 'retained_earnings': 'RetainedEarningsAccumulatedDeficit', 'liabilities_and_equity': 'LiabilitiesAndStockholdersEquity', 'equity': 'StockholdersEquity', 'ebit': 'OperatingIncomeLoss', 'revenue': 'RevenueFromContractWithCustomerExcludingAssessedTax', 'shares': 'EntityCommonStockSharesOutstanding'}"
896493,GPUS,"Hyperscale Data, Inc.","{'debt_st': 'LongTermDebtCurrent', 'debt_lt': 'LongTermDebt', 'assets': 'Assets', 'liabilities': 'Liabilities', 'current_assets': 'AssetsCurrent', 'current_liabilities': 'LiabilitiesCurrent', 'retained_earnings': 'RetainedEarningsAccumulatedDeficit', 'liabilities_and_equity': 'LiabilitiesAndStockholdersEquity', 'equity': 'StockholdersEquity', 'ebit': 'OperatingIncomeLoss', 'revenue': 'Revenues', 'shares': 'EntityCommonStockSharesOutstanding'}"
896622,ATR,"APTARGROUP, INC.","{'debt_st': 'ShortTermBorrowings', 'debt_lt': 'LongTermDebtAndCapitalLeaseObligationsIncludingCurrentMaturities', 'assets': 'Assets', 'liabilities': None, 'current_assets': 'AssetsCurrent', 'current_liabilities': 'LiabilitiesCurrent', 'retained_earnings': 'RetainedEarningsAccumulatedDeficit', 'liabilities_and_equity': 'LiabilitiesAndStockholdersEquity', 'equity': 'StockholdersEquity', 'ebit': 'OperatingIncomeLoss', 'revenue': 'RevenueFromContractWithCustomerExcludingAssessedTax', 'shares': 'EntityCommonStockSharesOutstanding'}"
896878,INTU,INTUIT INC.,"{'debt_st': 'DebtCurrent', 'debt_lt': 'LongTermDebtNoncurrent', 'assets': 'Assets', 'liabilities': 'Liabilities', 'current_assets': 'AssetsCurrent', 'current_liabilities': 'LiabilitiesCurrent', 'retained_earnings': 'RetainedEarningsAccumulatedDeficit', 'liabilities_and_equity': 'LiabilitiesAndStockholdersEquity', 'equity': 'StockholdersEquity', 'ebit': 'OperatingIncomeLoss', 'revenue': 'RevenueFromContractWithCustomerExcludingAssessedTax', 'shares': 'EntityCommonStockSharesOutstanding'}"
897077,ALG,ALAMO GROUP INC,"{'debt_st': 'LongTermDebtCurrent', 'debt_lt': 'LongTermDebtNoncurrent', 'assets': 'Assets', 'liabilities': 'Liabilities', 'current_assets': 'AssetsCurrent', 'current_liabilities': 'LiabilitiesCurrent', 'retained_earnings': 'RetainedEarningsAccumulatedDeficit', 'liabilities_and_equity': 'LiabilitiesAndStockholdersEquity', 'equity': 'StockholdersEquity', 'ebit': 'OperatingIncomeLoss', 'revenue': 'RevenueFromContractWithCustomerExcludingAssessedTax', 'shares': 'EntityCommonStockSharesOutstanding'}"
897322,GILT,GILAT SATELLITE NETWORKS LTD,"{'debt_st': 'LongTermDebtCurrent', 'debt_lt': 'LongTermDebtAndCapitalLeaseObligations', 'assets': 'Assets', 'liabilities': None, 'current_assets': 'AssetsCurrent', 'current_liabilities': 'LiabilitiesCurrent', 'retained_earnings': 'RetainedEarningsAccumulatedDeficit', 'liabilities_and_equity': 'LiabilitiesAndStockholdersEquity', 'equity': 'StockholdersEquity', 'ebit': 'OperatingIncomeLoss', 'revenue': 'Revenues', 'shares': 'EntityCommonStockSharesOutstanding'}"
897429,CHS,"CHICO'S FAS, INC.","{'debt_st': 'DebtCurrent', 'debt_lt': 'LongTermDebtNoncurrent', 'assets': 'Assets', 'liabilities': None, 'current_assets': 'AssetsCurrent', 'current_liabilities': 'LiabilitiesCurrent', 'retained_earnings': 'RetainedEarningsAccumulatedDeficit', 'liabilities_and_equity': 'LiabilitiesAndStockholdersEquity', 'equity': 'StockholdersEquity', 'ebit': 'OperatingIncomeLoss', 'revenue': 'RevenueFromContractWithCustomerExcludingAssessedTax', 'shares': 'EntityCommonStockSharesOutstanding'}"
897723,SANM,SANMINA CORP,"{'debt_st': 'DebtCurrent', 'debt_lt': 'LongTermDebtNoncurrent', 'assets': 'Assets', 'liabilities': None, 'current_assets': 'AssetsCurrent', 'current_liabilities': 'LiabilitiesCurrent', 'retained_earnings': 'RetainedEarningsAccumulatedDeficit', 'liabilities_and_equity': 'LiabilitiesAndStockholdersEquity', 'equity': 'StockholdersEquity', 'ebit': 'OperatingIncomeLoss', 'revenue': 'RevenueFromContractWithCustomerExcludingAssessedTax', 'shares': 'EntityCommonStockSharesOutstanding'}"
898173,ORLY,O REILLY AUTOMOTIVE INC,"{'debt_st': 'LongTermDebtCurrent', 'debt_lt': 'LongTermDebtNoncurrent', 'assets': 'Assets', 'liabilities': None, 'current_assets': 'AssetsCurrent', 'current_liabilities': 'LiabilitiesCurrent', 'retained_earnings': 'RetainedEarningsAccumulatedDeficit', 'liabilities_and_equity': 'LiabilitiesAndStockholdersEquity', 'equity': 'StockholdersEquity', 'ebit': 'OperatingIncomeLoss', 'revenue': 'RevenueFromContractWithCustomerExcludingAssessedTax', 'shares': 'EntityCommonStockSharesOutstanding'}"
898293,JBL,JABIL INC,"{'debt_st': 'DebtCurrent', 'debt_lt': 'LongTermDebtNoncurrent', 'assets': 'Assets', 'liabilities': 'Liabilities', 'current_assets': 'AssetsCurrent', 'current_liabilities': 'LiabilitiesCurrent', 'retained_earnings': 'RetainedEarningsAccumulatedDeficit', 'liabilities_and_equity': 'LiabilitiesAndStockholdersEquity', 'equity': 'StockholdersEquity', 'ebit': 'OperatingIncomeLoss', 'revenue': 'RevenueFromContractWithCustomerExcludingAssessedTax', 'shares': 'EntityCommonStockSharesOutstanding'}"
898437,ANIK,"Anika Therapeutics, Inc.","{'debt_st': 'LongTermDebtCurrent', 'debt_lt': 'LongTermDebtNoncurrent', 'assets': 'Assets', 'liabilities': None, 'current_assets': 'AssetsCurrent', 'current_liabilities': 'LiabilitiesCurrent', 'retained_earnings': 'RetainedEarningsAccumulatedDeficit', 'liabilities_and_equity': 'LiabilitiesAndStockholdersEquity', 'equity': 'StockholdersEquity', 'ebit': 'OperatingIncomeLoss', 'revenue': 'RevenueFromContractWithCustomerExcludingAssessedTax', 'shares': 'EntityCommonStockSharesOutstanding'}"
899460,MNKD,MANNKIND CORP,"{'debt_st': 'LongTermDebtCurrent', 'debt_lt': 'LongTermDebtNoncurrent', 'assets': 'Assets', 'liabilities': 'Liabilities', 'current_assets': 'AssetsCurrent', 'current_liabilities': 'LiabilitiesCurrent', 'retained_earnings': 'RetainedEarningsAccumulatedDeficit', 'liabilities_and_equity': 'LiabilitiesAndStockholdersEquity', 'equity': 'StockholdersEquity', 'ebit': 'OperatingIncomeLoss', 'revenue': 'RevenueFromContractWithCustomerExcludingAssessedTax', 'shares': 'EntityCommonStockSharesOutstanding'}"
899751,TWI,TITAN INTERNATIONAL INC,"{'debt_st': 'LongTermDebtCurrent', 'debt_lt': 'LongTermDebtNoncurrent', 'assets': 'Assets', 'liabilities': 'Liabilities', 'current_assets': 'AssetsCurrent', 'current_liabilities': 'LiabilitiesCurrent', 'retained_earnings': 'RetainedEarningsAccumulatedDeficit', 'liabilities_and_equity': 'LiabilitiesAndStockholdersEquity', 'equity': 'StockholdersEquity', 'ebit': 'OperatingIncomeLoss', 'revenue': 'RevenueFromContractWithCustomerExcludingAssessedTax', 'shares': 'EntityCommonStockSharesOutstanding'}"
899923,MYGN,MYRIAD GENETICS INC,"{'debt_st': 'DebtCurrent', 'debt_lt': 'LongTermDebtNoncurrent', 'assets': 'Assets', 'liabilities': 'Liabilities', 'current_assets': 'AssetsCurrent', 'current_liabilities': 'LiabilitiesCurrent', 'retained_earnings': 'RetainedEarningsAccumulatedDeficit', 'liabilities_and_equity': 'LiabilitiesAndStockholdersEquity', 'equity': 'StockholdersEquity', 'ebit': 'OperatingIncomeLoss', 'revenue': 'RevenueFromContractWithCustomerExcludingAssessedTax', 'shares': 'EntityCommonStockSharesOutstanding'}"
900075,CPRT,COPART INC,"{'debt_st': 'ShortTermBorrowings', 'debt_lt': 'LongTermDebtNoncurrent', 'assets': 'Assets', 'liabilities': 'Liabilities', 'current_assets': 'AssetsCurrent', 'current_liabilities': 'LiabilitiesCurrent', 'retained_earnings': 'RetainedEarningsAccumulatedDeficit', 'liabilities_and_equity': 'LiabilitiesAndStockholdersEquity', 'equity': 'StockholdersEquity', 'ebit': 'OperatingIncomeLoss', 'revenue': 'Revenues', 'shares': 'EntityCommonStockSharesOutstanding'}"
901491,PZZA,PAPA JOHNS INTERNATIONAL INC,"{'debt_st': 'LongTermDebtCurrent', 'debt_lt': 'LongTermDebtNoncurrent', 'assets': 'Assets', 'liabilities': 'Liabilities', 'current_assets': 'AssetsCurrent', 'current_liabilities': 'LiabilitiesCurrent', 'retained_earnings': 'RetainedEarningsAccumulatedDeficit', 'liabilities_and_equity': 'LiabilitiesAndStockholdersEquity', 'equity': 'StockholdersEquity', 'ebit': 'OperatingIncomeLoss', 'revenue': 'RevenueFromContractWithCustomerExcludingAssessedTax', 'shares': 'EntityCommonStockSharesOutstanding'}"
902791,BBSI,BARRETT BUSINESS SERVICES INC,"{'debt_st': 'LongTermDebtCurrent', 'debt_lt': 'LongTermDebtNoncurrent', 'assets': 'Assets', 'liabilities': 'Liabilities', 'current_assets': 'AssetsCurrent', 'current_liabilities': 'LiabilitiesCurrent', 'retained_earnings': 'RetainedEarningsAccumulatedDeficit', 'liabilities_and_equity': 'LiabilitiesAndStockholdersEquity', 'equity': 'StockholdersEquity', 'ebit': 'OperatingIncomeLoss', 'revenue': 'Revenues', 'shares': 'EntityCommonStockSharesOutstanding'}"
903129,THRM,Gentherm Inc,"{'debt_st': 'LongTermDebtCurrent', 'debt_lt': 'LongTermDebtNoncurrent', 'assets': 'Assets', 'liabilities': 'Liabilities', 'current_assets': 'AssetsCurrent', 'current_liabilities': 'LiabilitiesCurrent', 'retained_earnings': 'RetainedEarningsAccumulatedDeficit', 'liabilities_and_equity': 'LiabilitiesAndStockholdersEquity', 'equity': 'StockholdersEquity', 'ebit': 'OperatingIncomeLoss', 'revenue': 'RevenueFromContractWithCustomerExcludingAssessedTax', 'shares': 'EntityCommonStockSharesOutstanding'}"
906553,BYD,BOYD GAMING CORP,"{'debt_st': 'LongTermDebtCurrent', 'debt_lt': 'LongTermDebtNoncurrent', 'assets': 'Assets', 'liabilities': None, 'current_assets': 'AssetsCurrent', 'current_liabilities': 'LiabilitiesCurrent', 'retained_earnings': 'RetainedEarningsAccumulatedDeficit', 'liabilities_and_equity': 'LiabilitiesAndStockholdersEquity', 'equity': 'StockholdersEquity', 'ebit': 'OperatingIncomeLoss', 'revenue': 'RevenueFromContractWithCustomerExcludingAssessedTax', 'shares': 'EntityCommonStockSharesOutstanding'}"
907242,MCRI,MONARCH CASINO & RESORT INC,"{'debt_st': 'LongTermDebtCurrent', 'debt_lt': 'LongTermDebtNoncurrent', 'assets': 'Assets', 'liabilities': 'Liabilities', 'current_assets': 'AssetsCurrent', 'current_liabilities': 'LiabilitiesCurrent', 'retained_earnings': 'RetainedEarningsAccumulatedDeficit', 'liabilities_and_equity': 'LiabilitiesAndStockholdersEquity', 'equity': 'StockholdersEquity', 'ebit': 'OperatingIncomeLoss', 'revenue': 'RevenueFromContractWithCustomerExcludingAssessedTax', 'shares': 'EntityCommonStockSharesOutstanding'}"
908255,BWA,BORGWARNER INC,"{'debt_st': 'LongTermDebtCurrent', 'debt_lt': 'LongTermDebtNoncurrent', 'assets': 'Assets', 'liabilities': 'Liabilities', 'current_assets': 'AssetsCurrent', 'current_liabilities': 'LiabilitiesCurrent', 'retained_earnings': 'RetainedEarningsAccumulatedDeficit', 'liabilities_and_equity': 'LiabilitiesAndStockholdersEquity', 'equity': 'StockholdersEquity', 'ebit': 'OperatingIncomeLoss', 'revenue': 'RevenueFromContractWithCustomerExcludingAssessedTax', 'shares': 'EntityCommonStockSharesOutstanding'}"
908937,SIRI,SIRIUS XM HOLDINGS INC.,"{'debt_st': 'LongTermDebtCurrent', 'debt_lt': 'LongTermDebtAndCapitalLeaseObligationsIncludingCurrentMaturities', 'assets': 'Assets', 'liabilities': 'Liabilities', 'current_assets': 'AssetsCurrent', 'current_liabilities': 'LiabilitiesCurrent', 'retained_earnings': 'RetainedEarningsAccumulatedDeficit', 'liabilities_and_equity': 'LiabilitiesAndStockholdersEquity', 'equity': 'StockholdersEquity', 'ebit': 'OperatingIncomeLoss', 'revenue': 'RevenueFromContractWithCustomerExcludingAssessedTax', 'shares': 'EntityCommonStockSharesOutstanding'}"
909494,TCX,TUCOWS INC /PA/,"{'debt_st': None, 'debt_lt': 'LongTermDebt', 'assets': 'Assets', 'liabilities': None, 'current_assets': 'AssetsCurrent', 'current_liabilities': 'LiabilitiesCurrent', 'retained_earnings': 'RetainedEarningsAccumulatedDeficit', 'liabilities_and_equity': 'LiabilitiesAndStockholdersEquity', 'equity': 'StockholdersEquity', 'ebit': 'OperatingIncomeLoss', 'revenue': 'Revenues', 'shares': 'EntityCommonStockSharesOutstanding'}"
909832,COST,COSTCO WHOLESALE CORP /NEW,"{'debt_st': 'LongTermDebtCurrent', 'debt_lt': 'LongTermDebtNoncurrent', 'assets': 'Assets', 'liabilities': 'Liabilities', 'current_assets': 'AssetsCurrent', 'current_liabilities': 'LiabilitiesCurrent', 'retained_earnings': 'RetainedEarningsAccumulatedDeficit', 'liabilities_and_equity': 'LiabilitiesAndStockholdersEquity', 'equity': 'StockholdersEquity', 'ebit': 'OperatingIncomeLoss', 'revenue': 'RevenueFromContractWithCustomerExcludingAssessedTax', 'shares': 'EntityCommonStockSharesOutstanding'}"
910406,HAIN,HAIN CELESTIAL GROUP INC,"{'debt_st': 'LongTermDebtCurrent', 'debt_lt': 'LongTermDebtNoncurrent', 'assets': 'Assets', 'liabilities': 'Liabilities', 'current_assets': 'AssetsCurrent', 'current_liabilities': 'LiabilitiesCurrent', 'retained_earnings': 'RetainedEarningsAccumulatedDeficit', 'liabilities_and_equity': 'LiabilitiesAndStockholdersEquity', 'equity': 'StockholdersEquity', 'ebit': 'OperatingIncomeLoss', 'revenue': 'RevenueFromContractWithCustomerExcludingAssessedTax', 'shares': 'EntityCommonStockSharesOutstanding'}"
910521,DECK,DECKERS OUTDOOR CORP,"{'debt_st': 'ShortTermBorrowings', 'debt_lt': 'LongTermNotesPayable', 'assets': 'Assets', 'liabilities': None, 'current_assets': 'AssetsCurrent', 'current_liabilities': 'LiabilitiesCurrent', 'retained_earnings': 'RetainedEarningsAccumulatedDeficit', 'liabilities_and_equity': 'LiabilitiesAndStockholdersEquity', 'equity': 'StockholdersEquity', 'ebit': 'OperatingIncomeLoss', 'revenue': 'RevenueFromContractWithCustomerExcludingAssessedTax', 'shares': 'EntityCommonStockSharesOutstanding'}"
910638,DDD,3D SYSTEMS CORP,"{'debt_st': 'DebtCurrent', 'debt_lt': 'LongTermDebtNoncurrent', 'assets': 'Assets', 'liabilities': 'Liabilities', 'current_assets': 'AssetsCurrent', 'current_liabilities': 'LiabilitiesCurrent', 'retained_earnings': 'RetainedEarningsAccumulatedDeficit', 'liabilities_and_equity': 'LiabilitiesAndStockholdersEquity', 'equity': 'StockholdersEquity', 'ebit': 'OperatingIncomeLoss', 'revenue': 'RevenueFromContractWithCustomerExcludingAssessedTax', 'shares': 'EntityCommonStockSharesOutstanding'}"
911147,CNTY,CENTURY CASINOS INC /CO/,"{'debt_st': 'LongTermDebtCurrent', 'debt_lt': 'LongTermDebtNoncurrent', 'assets': 'Assets', 'liabilities': 'Liabilities', 'current_assets': 'AssetsCurrent', 'current_liabilities': 'LiabilitiesCurrent', 'retained_earnings': 'RetainedEarningsAccumulatedDeficit', 'liabilities_and_equity': 'LiabilitiesAndStockholdersEquity', 'equity': 'StockholdersEquity', 'ebit': 'OperatingIncomeLoss', 'revenue': 'RevenueFromContractWithCustomerExcludingAssessedTax', 'shares': 'EntityCommonStockSharesOutstanding'}"
911971,TK,TEEKAY CORP LTD,"{'debt_st': 'LongTermDebtCurrent', 'debt_lt': 'LongTermDebtNoncurrent', 'assets': 'Assets', 'liabilities': 'Liabilities', 'current_assets': 'AssetsCurrent', 'current_liabilities': 'LiabilitiesCurrent', 'retained_earnings': 'RetainedEarningsAccumulatedDeficit', 'liabilities_and_equity': 'LiabilitiesAndStockholdersEquity', 'equity': 'StockholdersEquityIncludingPortionAttributableToNoncontrollingInterest', 'ebit': 'OperatingIncomeLoss', 'revenue': 'RevenueFromContractWithCustomerExcludingAssessedTax', 'shares': 'EntityCommonStockSharesOutstanding'}"
912093,VIAV,VIAVI SOLUTIONS INC.,"{'debt_st': 'DebtCurrent', 'debt_lt': 'LongTermDebt', 'assets': 'Assets', 'liabilities': 'Liabilities', 'current_assets': 'AssetsCurrent', 'current_liabilities': 'LiabilitiesCurrent', 'retained_earnings': 'RetainedEarningsAccumulatedDeficit', 'liabilities_and_equity': 'LiabilitiesAndStockholdersEquity', 'equity': 'StockholdersEquity', 'ebit': 'OperatingIncomeLoss', 'revenue': 'RevenueFromContractWithCustomerExcludingAssessedTax', 'shares': 'EntityCommonStockSharesOutstanding'}"
912463,GES,GUESS INC,"{'debt_st': 'DebtCurrent', 'debt_lt': 'LongTermDebtNoncurrent', 'assets': 'Assets', 'liabilities': 'Liabilities', 'current_assets': 'AssetsCurrent', 'current_liabilities': 'LiabilitiesCurrent', 'retained_earnings': 'RetainedEarningsAccumulatedDeficit', 'liabilities_and_equity': 'LiabilitiesAndStockholdersEquity', 'equity': 'StockholdersEquity', 'ebit': 'OperatingIncomeLoss', 'revenue': 'RevenueFromContractWithCustomerExcludingAssessedTax', 'shares': 'EntityCommonStockSharesOutstanding'}"
912562,ROCK,"GIBRALTAR INDUSTRIES, INC.","{'debt_st': 'LongTermDebtCurrent', 'debt_lt': 'LongTermDebtNoncurrent', 'assets': 'Assets', 'liabilities': None, 'current_assets': 'AssetsCurrent', 'current_liabilities': 'LiabilitiesCurrent', 'retained_earnings': 'RetainedEarningsAccumulatedDeficit', 'liabilities_and_equity': 'LiabilitiesAndStockholdersEquity', 'equity': 'StockholdersEquity', 'ebit': 'OperatingIncomeLoss', 'revenue': 'Revenues', 'shares': 'EntityCommonStockSharesOutstanding'}"
912615,URBN,URBAN OUTFITTERS INC,"{'debt_st': 'ShortTermBorrowings', 'debt_lt': 'LongTermDebtNoncurrent', 'assets': 'Assets', 'liabilities': 'Liabilities', 'current_assets': 'AssetsCurrent', 'current_liabilities': 'LiabilitiesCurrent', 'retained_earnings': 'RetainedEarningsAccumulatedDeficit', 'liabilities_and_equity': 'LiabilitiesAndStockholdersEquity', 'equity': 'StockholdersEquity', 'ebit': 'OperatingIncomeLoss', 'revenue': 'RevenueFromContractWithCustomerExcludingAssessedTax', 'shares': 'EntityCommonStockSharesOutstanding'}"
912728,FWRD,FORWARD AIR CORP,"{'debt_st': 'LongTermDebtCurrent', 'debt_lt': 'LongTermDebtNoncurrent', 'assets': 'Assets', 'liabilities': 'Liabilities', 'current_assets': 'AssetsCurrent', 'current_liabilities': 'LiabilitiesCurrent', 'retained_earnings': 'RetainedEarningsAccumulatedDeficit', 'liabilities_and_equity': 'LiabilitiesAndStockholdersEquity', 'equity': 'StockholdersEquity', 'ebit': 'OperatingIncomeLoss', 'revenue': 'RevenueFromContractWithCustomerExcludingAssessedTax', 'shares': 'EntityCommonStockSharesOutstanding'}"
912766,LAUR,"LAUREATE EDUCATION, INC.","{'debt_st': None, 'debt_lt': 'LongTermDebtNoncurrent', 'assets': 'Assets', 'liabilities': 'Liabilities', 'current_assets': 'AssetsCurrent', 'current_liabilities': 'LiabilitiesCurrent', 'retained_earnings': 'RetainedEarningsAccumulatedDeficit', 'liabilities_and_equity': 'LiabilitiesAndStockholdersEquity', 'equity': 'StockholdersEquity', 'ebit': 'OperatingIncomeLoss', 'revenue': 'RevenueFromContractWithCustomerExcludingAssessedTax', 'shares': 'EntityCommonStockSharesOutstanding'}"
912767,UFPI,UFP INDUSTRIES INC,"{'debt_st': 'LongTermDebtCurrent', 'debt_lt': 'LongTermDebtNoncurrent', 'assets': 'Assets', 'liabilities': 'Liabilities', 'current_assets': 'AssetsCurrent', 'current_liabilities': 'LiabilitiesCurrent', 'retained_earnings': 'RetainedEarningsAccumulatedDeficit', 'liabilities_and_equity': 'LiabilitiesAndStockholdersEquity', 'equity': 'StockholdersEquity', 'ebit': 'OperatingIncomeLoss', 'revenue': 'Revenues', 'shares': 'EntityCommonStockSharesOutstanding'}"
913142,BDC,BELDEN INC.,"{'debt_st': 'LongTermDebtCurrent', 'debt_lt': 'LongTermDebtNoncurrent', 'assets': 'Assets', 'liabilities': None, 'current_assets': 'AssetsCurrent', 'current_liabilities': 'LiabilitiesCurrent', 'retained_earnings': 'RetainedEarningsAccumulatedDeficit', 'liabilities_and_equity': 'LiabilitiesAndStockholdersEquity', 'equity': 'StockholdersEquity', 'ebit': 'OperatingIncomeLoss', 'revenue': 'RevenueFromContractWithCustomerExcludingAssessedTax', 'shares': 'EntityCommonStockSharesOutstanding'}"
913241,SHOO,"STEVEN MADDEN, LTD.","{'debt_st': 'LongTermDebtCurrent', 'debt_lt': 'LongTermDebtNoncurrent', 'assets': 'Assets', 'liabilities': 'Liabilities', 'current_assets': 'AssetsCurrent', 'current_liabilities': 'LiabilitiesCurrent', 'retained_earnings': 'RetainedEarningsAccumulatedDeficit', 'liabilities_and_equity': 'LiabilitiesAndStockholdersEquity', 'equity': 'StockholdersEquity', 'ebit': 'OperatingIncomeLoss', 'revenue': 'RevenueFromContractWithCustomerExcludingAssessedTax', 'shares': 'EntityCommonStockSharesOutstanding'}"
913277,CLAR,Clarus Corp,"{'debt_st': 'LongTermDebtCurrent', 'debt_lt': 'LongTermDebtNoncurrent', 'assets': 'Assets', 'liabilities': 'Liabilities', 'current_assets': 'AssetsCurrent', 'current_liabilities': 'LiabilitiesCurrent', 'retained_earnings': 'RetainedEarningsAccumulatedDeficit', 'liabilities_and_equity': 'LiabilitiesAndStockholdersEquity', 'equity': 'StockholdersEquity', 'ebit': 'OperatingIncomeLoss', 'revenue': 'RevenueFromContractWithCustomerExcludingAssessedTax', 'shares': 'EntityCommonStockSharesOutstanding'}"
913290,FRO,Frontline plc,"{'debt_st': 'LongTermDebtCurrent', 'debt_lt': 'LongTermDebtNoncurrent', 'assets': 'Assets', 'liabilities': 'Liabilities', 'current_assets': 'AssetsCurrent', 'current_liabilities': 'LiabilitiesCurrent', 'retained_earnings': 'RetainedEarningsAccumulatedDeficit', 'liabilities_and_equity': 'LiabilitiesAndStockholdersEquity', 'equity': 'StockholdersEquity', 'ebit': 'OperatingIncomeLoss', 'revenue': 'RevenueFromContractWithCustomerExcludingAssessedTax', 'shares': 'EntityCommonStockSharesOutstanding'}"
914156,UFPT,UFP TECHNOLOGIES INC,"{'debt_st': 'LongTermDebtCurrent', 'debt_lt': 'LongTermDebtNoncurrent', 'assets': 'Assets', 'liabilities': 'Liabilities', 'current_assets': 'AssetsCurrent', 'current_liabilities': 'LiabilitiesCurrent', 'retained_earnings': 'RetainedEarningsAccumulatedDeficit', 'liabilities_and_equity': 'LiabilitiesAndStockholdersEquity', 'equity': 'StockholdersEquity', 'ebit': 'OperatingIncomeLoss', 'revenue': 'RevenueFromContractWithCustomerExcludingAssessedTax', 'shares': 'EntityCommonStockSharesOutstanding'}"
914712,STCN,Steel Connect LLC,"{'debt_st': 'LongTermDebtCurrent', 'debt_lt': 'LongTermDebtNoncurrent', 'assets': 'Assets', 'liabilities': 'Liabilities', 'current_assets': 'AssetsCurrent', 'current_liabilities': 'LiabilitiesCurrent', 'retained_earnings': 'RetainedEarningsAccumulatedDeficit', 'liabilities_and_equity': 'LiabilitiesAndStockholdersEquity', 'equity': 'StockholdersEquity', 'ebit': 'OperatingIncomeLoss', 'revenue': 'RevenueFromContractWithCustomerExcludingAssessedTax', 'shares': 'EntityCommonStockSharesOutstanding'}"
915389,EMN,EASTMAN CHEMICAL CO,"{'debt_st': 'ShortTermBorrowings', 'debt_lt': 'LongTermDebtNoncurrent', 'assets': 'Assets', 'liabilities': 'Liabilities', 'current_assets': 'AssetsCurrent', 'current_liabilities': 'LiabilitiesCurrent', 'retained_earnings': 'RetainedEarningsAccumulatedDeficit', 'liabilities_and_equity': 'LiabilitiesAndStockholdersEquity', 'equity': 'StockholdersEquity', 'ebit': 'OperatingIncomeLoss', 'revenue': 'Revenues', 'shares': 'EntityCommonStockSharesOutstanding'}"
915779,DAKT,DAKTRONICS INC /SD/,"{'debt_st': 'LongTermDebtCurrent', 'debt_lt': 'LongTermDebtNoncurrent', 'assets': 'Assets', 'liabilities': 'Liabilities', 'current_assets': 'AssetsCurrent', 'current_liabilities': 'LiabilitiesCurrent', 'retained_earnings': 'RetainedEarningsAccumulatedDeficit', 'liabilities_and_equity': 'LiabilitiesAndStockholdersEquity', 'equity': 'StockholdersEquity', 'ebit': 'OperatingIncomeLoss', 'revenue': 'RevenueFromContractWithCustomerExcludingAssessedTax', 'shares': 'EntityCommonStockSharesOutstanding'}"
915913,ALB,ALBEMARLE CORP,"{'debt_st': 'LongTermDebtCurrent', 'debt_lt': 'LongTermDebtNoncurrent', 'assets': 'Assets', 'liabilities': None, 'current_assets': 'AssetsCurrent', 'current_liabilities': 'LiabilitiesCurrent', 'retained_earnings': 'RetainedEarningsAccumulatedDeficit', 'liabilities_and_equity': 'LiabilitiesAndStockholdersEquity', 'equity': 'StockholdersEquity', 'ebit': 'OperatingIncomeLoss', 'revenue': 'Revenues', 'shares': 'EntityCommonStockSharesOutstanding'}"
916076,MLM,MARTIN MARIETTA MATERIALS INC,"{'debt_st': 'DebtCurrent', 'debt_lt': 'LongTermDebtNoncurrent', 'assets': 'Assets', 'liabilities': 'Liabilities', 'current_assets': 'AssetsCurrent', 'current_liabilities': 'LiabilitiesCurrent', 'retained_earnings': 'RetainedEarningsAccumulatedDeficit', 'liabilities_and_equity': 'LiabilitiesAndStockholdersEquity', 'equity': 'StockholdersEquity', 'ebit': 'OperatingIncomeLoss', 'revenue': 'RevenueFromContractWithCustomerExcludingAssessedTax', 'shares': 'EntityCommonStockSharesOutstanding'}"
916365,TSCO,TRACTOR SUPPLY CO /DE/,"{'debt_st': None, 'debt_lt': 'LongTermDebtNoncurrent', 'assets': 'Assets', 'liabilities': 'Liabilities', 'current_assets': 'AssetsCurrent', 'current_liabilities': 'LiabilitiesCurrent', 'retained_earnings': 'RetainedEarningsAccumulatedDeficit', 'liabilities_and_equity': 'LiabilitiesAndStockholdersEquity', 'equity': 'StockholdersEquity', 'ebit': 'OperatingIncomeLoss', 'revenue': 'Revenues', 'shares': 'EntityCommonStockSharesOutstanding'}"
916540,DAR,DARLING INGREDIENTS INC.,"{'debt_st': 'LongTermDebtCurrent', 'debt_lt': 'LongTermDebtNoncurrent', 'assets': 'Assets', 'liabilities': 'Liabilities', 'current_assets': 'AssetsCurrent', 'current_liabilities': 'LiabilitiesCurrent', 'retained_earnings': 'RetainedEarningsAccumulatedDeficit', 'liabilities_and_equity': 'LiabilitiesAndStockholdersEquity', 'equity': 'StockholdersEquity', 'ebit': 'OperatingIncomeLoss', 'revenue': 'RevenueFromContractWithCustomerExcludingAssessedTax', 'shares': 'EntityCommonStockSharesOutstanding'}"
916789,HELE,HELEN OF TROY LTD,"{'debt_st': 'LongTermDebtCurrent', 'debt_lt': 'LongTermDebtNoncurrent', 'assets': 'Assets', 'liabilities': 'Liabilities', 'current_assets': 'AssetsCurrent', 'current_liabilities': 'LiabilitiesCurrent', 'retained_earnings': 'RetainedEarningsAccumulatedDeficit', 'liabilities_and_equity': 'LiabilitiesAndStockholdersEquity', 'equity': 'StockholdersEquity', 'ebit': 'OperatingIncomeLoss', 'revenue': 'RevenueFromContractWithCustomerExcludingAssessedTax', 'shares': 'EntityCommonStockSharesOutstanding'}"
917470,ZEUS,OLYMPIC STEEL INC,"{'debt_st': 'LongTermDebtCurrent', 'debt_lt': 'LongTermDebtNoncurrent', 'assets': 'Assets', 'liabilities': 'Liabilities', 'current_assets': 'AssetsCurrent', 'current_liabilities': 'LiabilitiesCurrent', 'retained_earnings': 'RetainedEarningsAccumulatedDeficit', 'liabilities_and_equity': 'LiabilitiesAndStockholdersEquity', 'equity': 'StockholdersEquity', 'ebit': 'OperatingIncomeLoss', 'revenue': 'RevenueFromContractWithCustomerIncludingAssessedTax', 'shares': 'EntityCommonStockSharesOutstanding'}"
917491,FARO,FARO TECHNOLOGIES INC,"{'debt_st': None, 'debt_lt': 'LongTermDebt', 'assets': 'Assets', 'liabilities': 'Liabilities', 'current_assets': 'AssetsCurrent', 'current_liabilities': 'LiabilitiesCurrent', 'retained_earnings': 'RetainedEarningsAccumulatedDeficit', 'liabilities_and_equity': 'LiabilitiesAndStockholdersEquity', 'equity': 'StockholdersEquity', 'ebit': 'OperatingIncomeLoss', 'revenue': 'RevenueFromContractWithCustomerExcludingAssessedTax', 'shares': 'EntityCommonStockSharesOutstanding'}"
917520,IART,INTEGRA LIFESCIENCES HOLDINGS CORP,"{'debt_st': None, 'debt_lt': 'LongTermDebt', 'assets': 'Assets', 'liabilities': 'Liabilities', 'current_assets': 'AssetsCurrent', 'current_liabilities': 'LiabilitiesCurrent', 'retained_earnings': 'RetainedEarningsAccumulatedDeficit', 'liabilities_and_equity': 'LiabilitiesAndStockholdersEquity', 'equity': 'StockholdersEquity', 'ebit': 'OperatingIncomeLoss', 'revenue': 'RevenueFromContractWithCustomerExcludingAssessedTax', 'shares': 'EntityCommonStockSharesOutstanding'}"
918251,MPAA,MOTORCAR PARTS OF AMERICA INC,"{'debt_st': 'LongTermDebtCurrent', 'debt_lt': 'LongTermDebtNoncurrent', 'assets': 'Assets', 'liabilities': 'Liabilities', 'current_assets': 'AssetsCurrent', 'current_liabilities': 'LiabilitiesCurrent', 'retained_earnings': 'RetainedEarningsAccumulatedDeficit', 'liabilities_and_equity': 'LiabilitiesAndStockholdersEquity', 'equity': 'StockholdersEquity', 'ebit': 'OperatingIncomeLoss', 'revenue': 'RevenueFromContractWithCustomerExcludingAssessedTax', 'shares': 'EntityCommonStockSharesOutstanding'}"
918541,NNBR,NN INC,"{'debt_st': 'LongTermDebtCurrent', 'debt_lt': 'LongTermDebtNoncurrent', 'assets': 'Assets', 'liabilities': 'Liabilities', 'current_assets': 'AssetsCurrent', 'current_liabilities': 'LiabilitiesCurrent', 'retained_earnings': 'RetainedEarningsAccumulatedDeficit', 'liabilities_and_equity': 'LiabilitiesAndStockholdersEquity', 'equity': 'StockholdersEquity', 'ebit': 'OperatingIncomeLoss', 'revenue': 'RevenueFromContractWithCustomerExcludingAssessedTax', 'shares': 'EntityCommonStockSharesOutstanding'}"
918646,EXP,EAGLE MATERIALS INC,"{'debt_st': 'LongTermDebtCurrent', 'debt_lt': 'LongTermDebtNoncurrent', 'assets': 'Assets', 'liabilities': 'Liabilities', 'current_assets': 'AssetsCurrent', 'current_liabilities': 'LiabilitiesCurrent', 'retained_earnings': 'RetainedEarningsAccumulatedDeficit', 'liabilities_and_equity': 'LiabilitiesAndStockholdersEquity', 'equity': 'StockholdersEquity', 'ebit': 'OperatingIncomeLoss', 'revenue': 'RevenueFromContractWithCustomerExcludingAssessedTax', 'shares': 'EntityCommonStockSharesOutstanding'}"
918965,SCSC,"SCANSOURCE, INC.","{'debt_st': 'DebtCurrent', 'debt_lt': 'LongTermDebtNoncurrent', 'assets': 'Assets', 'liabilities': 'Liabilities', 'current_assets': 'AssetsCurrent', 'current_liabilities': 'LiabilitiesCurrent', 'retained_earnings': 'RetainedEarningsAccumulatedDeficit', 'liabilities_and_equity': 'LiabilitiesAndStockholdersEquity', 'equity': 'StockholdersEquity', 'ebit': 'OperatingIncomeLoss', 'revenue': 'RevenueFromContractWithCustomerExcludingAssessedTax', 'shares': 'EntityCommonStockSharesOutstanding'}"
919012,AEO,AMERICAN EAGLE OUTFITTERS INC,"{'debt_st': 'NotesPayableCurrent', 'debt_lt': 'LongTermDebtNoncurrent', 'assets': 'Assets', 'liabilities': None, 'current_assets': 'AssetsCurrent', 'current_liabilities': 'LiabilitiesCurrent', 'retained_earnings': 'RetainedEarningsAccumulatedDeficit', 'liabilities_and_equity': 'LiabilitiesAndStockholdersEquity', 'equity': 'StockholdersEquity', 'ebit': 'OperatingIncomeLoss', 'revenue': 'RevenueFromContractWithCustomerExcludingAssessedTax', 'shares': 'EntityCommonStockSharesOutstanding'}"
920148,LH,LABCORP HOLDINGS INC.,"{'debt_st': 'DebtCurrent', 'debt_lt': 'LongTermDebtNoncurrent', 'assets': 'Assets', 'liabilities': 'Liabilities', 'current_assets': 'AssetsCurrent', 'current_liabilities': 'LiabilitiesCurrent', 'retained_earnings': 'RetainedEarningsAccumulatedDeficit', 'liabilities_and_equity': 'LiabilitiesAndStockholdersEquity', 'equity': 'StockholdersEquity', 'ebit': 'OperatingIncomeLoss', 'revenue': 'Revenues', 'shares': 'EntityCommonStockSharesOutstanding'}"
920371,SSD,"Simpson Manufacturing Co., Inc.","{'debt_st': 'LongTermDebtCurrent', 'debt_lt': 'LongTermDebtNoncurrent', 'assets': 'Assets', 'liabilities': 'Liabilities', 'current_assets': 'AssetsCurrent', 'current_liabilities': 'LiabilitiesCurrent', 'retained_earnings': 'RetainedEarningsAccumulatedDeficit', 'liabilities_and_equity': 'LiabilitiesAndStockholdersEquity', 'equity': 'StockholdersEquity', 'ebit': 'OperatingIncomeLoss', 'revenue': 'RevenueFromContractWithCustomerExcludingAssessedTax', 'shares': 'EntityCommonStockSharesOutstanding'}"
921299,KYNB,"KYNTRA BIO, INC.","{'debt_st': None, 'debt_lt': 'LongTermDebt', 'assets': 'Assets', 'liabilities': 'Liabilities', 'current_assets': 'AssetsCurrent', 'current_liabilities': 'LiabilitiesCurrent', 'retained_earnings': 'RetainedEarningsAccumulatedDeficit', 'liabilities_and_equity': 'LiabilitiesAndStockholdersEquity', 'equity': 'StockholdersEquity', 'ebit': 'OperatingIncomeLoss', 'revenue': 'RevenueFromContractWithCustomerExcludingAssessedTax', 'shares': 'EntityCommonStockSharesOutstanding'}"
921582,IMAX,IMAX CORP,"{'debt_st': None, 'debt_lt': 'LongTermDebt', 'assets': 'Assets', 'liabilities': 'Liabilities', 'current_assets': None, 'current_liabilities': None, 'retained_earnings': 'RetainedEarningsAccumulatedDeficit', 'liabilities_and_equity': 'LiabilitiesAndStockholdersEquity', 'equity': 'StockholdersEquity', 'ebit': 'OperatingIncomeLoss', 'revenue': 'RevenueFromContractWithCustomerExcludingAssessedTax', 'shares': 'EntityCommonStockSharesOutstanding'}"
921738,PENN,"PENN Entertainment, Inc.","{'debt_st': 'LongTermDebtCurrent', 'debt_lt': 'LongTermDebtNoncurrent', 'assets': 'Assets', 'liabilities': 'Liabilities', 'current_assets': 'AssetsCurrent', 'current_liabilities': 'LiabilitiesCurrent', 'retained_earnings': 'RetainedEarningsAccumulatedDeficit', 'liabilities_and_equity': 'LiabilitiesAndStockholdersEquity', 'equity': 'StockholdersEquity', 'ebit': 'OperatingIncomeLoss', 'revenue': 'RevenueFromContractWithCustomerExcludingAssessedTax', 'shares': 'EntityCommonStockSharesOutstanding'}"
922224,PPL,PPL Corp,"{'debt_st': 'LongTermDebtCurrent', 'debt_lt': 'LongTermDebtNoncurrent', 'assets': 'Assets', 'liabilities': None, 'current_assets': 'AssetsCurrent', 'current_liabilities': 'LiabilitiesCurrent', 'retained_earnings': 'RetainedEarningsAccumulatedDeficit', 'liabilities_and_equity': 'LiabilitiesAndStockholdersEquity', 'equity': 'StockholdersEquity', 'ebit': 'OperatingIncomeLoss', 'revenue': 'RevenueFromContractWithCustomerExcludingAssessedTax', 'shares': 'EntityCommonStockSharesOutstanding'}"
923120,GBX,GREENBRIER COMPANIES INC,"{'debt_st': None, 'debt_lt': 'LongTermDebt', 'assets': 'Assets', 'liabilities': None, 'current_assets': None, 'current_liabilities': None, 'retained_earnings': 'RetainedEarningsAccumulatedDeficit', 'liabilities_and_equity': 'LiabilitiesAndStockholdersEquity', 'equity': 'StockholdersEquity', 'ebit': 'OperatingIncomeLoss', 'revenue': 'RevenueFromContractWithCustomerExcludingAssessedTax', 'shares': 'EntityCommonStockSharesOutstanding'}"
923796,GEO,GEO GROUP INC,"{'debt_st': 'LongTermDebtCurrent', 'debt_lt': 'LongTermDebtNoncurrent', 'assets': 'Assets', 'liabilities': None, 'current_assets': 'AssetsCurrent', 'current_liabilities': 'LiabilitiesCurrent', 'retained_earnings': 'RetainedEarningsAccumulatedDeficit', 'liabilities_and_equity': 'LiabilitiesAndStockholdersEquity', 'equity': 'StockholdersEquity', 'ebit': 'OperatingIncomeLoss', 'revenue': 'RevenueFromContractWithCustomerExcludingAssessedTax', 'shares': 'EntityCommonStockSharesOutstanding'}"
924822,MLR,MILLER INDUSTRIES INC /TN/,"{'debt_st': 'LongTermDebtCurrent', 'debt_lt': 'LongTermDebtNoncurrent', 'assets': 'Assets', 'liabilities': 'Liabilities', 'current_assets': 'AssetsCurrent', 'current_liabilities': 'LiabilitiesCurrent', 'retained_earnings': 'RetainedEarningsAccumulatedDeficit', 'liabilities_and_equity': 'LiabilitiesAndStockholdersEquity', 'equity': 'StockholdersEquity', 'ebit': 'OperatingIncomeLoss', 'revenue': 'RevenueFromContractWithCustomerIncludingAssessedTax', 'shares': 'EntityCommonStockSharesOutstanding'}"
925528,HDSN,HUDSON TECHNOLOGIES INC /NY,"{'debt_st': 'DebtCurrent', 'debt_lt': 'LongTermDebtNoncurrent', 'assets': 'Assets', 'liabilities': 'Liabilities', 'current_assets': 'AssetsCurrent', 'current_liabilities': 'LiabilitiesCurrent', 'retained_earnings': 'RetainedEarningsAccumulatedDeficit', 'liabilities_and_equity': 'LiabilitiesAndStockholdersEquity', 'equity': 'StockholdersEquity', 'ebit': 'OperatingIncomeLoss', 'revenue': 'Revenues', 'shares': 'EntityCommonStockSharesOutstanding'}"
926282,ADTN,"ADTRAN Holdings, Inc.","{'debt_st': 'DebtCurrent', 'debt_lt': 'LongTermDebtNoncurrent', 'assets': 'Assets', 'liabilities': 'Liabilities', 'current_assets': 'AssetsCurrent', 'current_liabilities': 'LiabilitiesCurrent', 'retained_earnings': 'RetainedEarningsAccumulatedDeficit', 'liabilities_and_equity': 'LiabilitiesAndStockholdersEquity', 'equity': 'StockholdersEquity', 'ebit': 'OperatingIncomeLoss', 'revenue': 'RevenueFromContractWithCustomerExcludingAssessedTax', 'shares': 'EntityCommonStockSharesOutstanding'}"
926326,OMCL,"OMNICELL, INC.","{'debt_st': 'LongTermDebtCurrent', 'debt_lt': 'LongTermDebtNoncurrent', 'assets': 'Assets', 'liabilities': 'Liabilities', 'current_assets': 'AssetsCurrent', 'current_liabilities': 'LiabilitiesCurrent', 'retained_earnings': 'RetainedEarningsAccumulatedDeficit', 'liabilities_and_equity': 'LiabilitiesAndStockholdersEquity', 'equity': 'StockholdersEquity', 'ebit': 'OperatingIncomeLoss', 'revenue': 'RevenueFromContractWithCustomerExcludingAssessedTax', 'shares': 'EntityCommonStockSharesOutstanding'}"
927003,AEIS,ADVANCED ENERGY INDUSTRIES INC,"{'debt_st': 'LongTermDebtCurrent', 'debt_lt': 'LongTermDebtNoncurrent', 'assets': 'Assets', 'liabilities': 'Liabilities', 'current_assets': 'AssetsCurrent', 'current_liabilities': 'LiabilitiesCurrent', 'retained_earnings': 'RetainedEarningsAccumulatedDeficit', 'liabilities_and_equity': 'LiabilitiesAndStockholdersEquity', 'equity': 'StockholdersEquity', 'ebit': 'OperatingIncomeLoss', 'revenue': 'RevenueFromContractWithCustomerExcludingAssessedTax', 'shares': 'EntityCommonStockSharesOutstanding'}"
927653,MCK,MCKESSON CORP,"{'debt_st': 'LongTermDebtCurrent', 'debt_lt': 'LongTermDebtNoncurrent', 'assets': 'Assets', 'liabilities': None, 'current_assets': 'AssetsCurrent', 'current_liabilities': 'LiabilitiesCurrent', 'retained_earnings': 'RetainedEarningsAccumulatedDeficit', 'liabilities_and_equity': 'LiabilitiesAndStockholdersEquity', 'equity': 'StockholdersEquity', 'ebit': 'OperatingIncomeLoss', 'revenue': 'RevenueFromContractWithCustomerExcludingAssessedTax', 'shares': 'EntityCommonStockSharesOutstanding'}"
928054,FTK,FLOTEK INDUSTRIES INC/CN/,"{'debt_st': 'LongTermDebtCurrent', 'debt_lt': 'LongTermDebtNoncurrent', 'assets': 'Assets', 'liabilities': 'Liabilities', 'current_assets': 'AssetsCurrent', 'current_liabilities': 'LiabilitiesCurrent', 'retained_earnings': 'RetainedEarningsAccumulatedDeficit', 'liabilities_and_equity': 'LiabilitiesAndStockholdersEquity', 'equity': 'StockholdersEquity', 'ebit': 'OperatingIncomeLoss', 'revenue': 'RevenueFromContractWithCustomerExcludingAssessedTax', 'shares': 'EntityCommonStockSharesOutstanding'}"
928465,DIT,AMCON DISTRIBUTING CO,"{'debt_st': 'LongTermDebtCurrent', 'debt_lt': 'LongTermDebtNoncurrent', 'assets': 'Assets', 'liabilities': None, 'current_assets': 'AssetsCurrent', 'current_liabilities': 'LiabilitiesCurrent', 'retained_earnings': 'RetainedEarningsAccumulatedDeficit', 'liabilities_and_equity': 'LiabilitiesAndStockholdersEquity', 'equity': 'StockholdersEquity', 'ebit': 'OperatingIncomeLoss', 'revenue': 'Revenues', 'shares': 'EntityCommonStockSharesOutstanding'}"
928876,TSEM,TOWER SEMICONDUCTOR LTD,"{'debt_st': 'DebtCurrent', 'debt_lt': 'LongTermDebtNoncurrent', 'assets': 'Assets', 'liabilities': 'Liabilities', 'current_assets': 'AssetsCurrent', 'current_liabilities': 'LiabilitiesCurrent', 'retained_earnings': 'RetainedEarningsAccumulatedDeficit', 'liabilities_and_equity': 'LiabilitiesAndStockholdersEquity', 'equity': 'StockholdersEquity', 'ebit': 'OperatingIncomeLoss', 'revenue': 'Revenues', 'shares': 'EntityCommonStockSharesOutstanding'}"
929008,WCC,WESCO INTERNATIONAL INC,"{'debt_st': 'DebtCurrent', 'debt_lt': 'LongTermDebtNoncurrent', 'assets': 'Assets', 'liabilities': 'Liabilities', 'current_assets': 'AssetsCurrent', 'current_liabilities': 'LiabilitiesCurrent', 'retained_earnings': 'RetainedEarningsAccumulatedDeficit', 'liabilities_and_equity': 'LiabilitiesAndStockholdersEquity', 'equity': 'StockholdersEquity', 'ebit': 'OperatingIncomeLoss', 'revenue': 'RevenueFromContractWithCustomerExcludingAssessedTax', 'shares': 'EntityCommonStockSharesOutstanding'}"
929351,STRZ,STARZ ENTERTAINMENT CORP /CN/,"{'debt_st': 'LongTermDebtCurrent', 'debt_lt': 'LongTermDebtNoncurrent', 'assets': 'Assets', 'liabilities': 'Liabilities', 'current_assets': 'AssetsCurrent', 'current_liabilities': 'LiabilitiesCurrent', 'retained_earnings': 'RetainedEarningsAccumulatedDeficit', 'liabilities_and_equity': 'LiabilitiesAndStockholdersEquity', 'equity': 'StockholdersEquity', 'ebit': 'OperatingIncomeLoss', 'revenue': 'RevenueFromContractWithCustomerExcludingAssessedTax', 'shares': 'EntityCommonStockSharesOutstanding'}"
929940,AZPN,ASPENTECH Corp,"{'debt_st': 'ShortTermBorrowings', 'debt_lt': 'LongTermDebt', 'assets': 'Assets', 'liabilities': None, 'current_assets': 'AssetsCurrent', 'current_liabilities': 'LiabilitiesCurrent', 'retained_earnings': 'RetainedEarningsAccumulatedDeficit', 'liabilities_and_equity': 'LiabilitiesAndStockholdersEquity', 'equity': 'StockholdersEquity', 'ebit': 'OperatingIncomeLoss', 'revenue': 'Revenues', 'shares': 'EntityCommonStockSharesOutstanding'}"
930420,KFRC,KFORCE INC,"{'debt_st': 'ShortTermBorrowings', 'debt_lt': None, 'assets': 'Assets', 'liabilities': 'Liabilities', 'current_assets': 'AssetsCurrent', 'current_liabilities': 'LiabilitiesCurrent', 'retained_earnings': 'RetainedEarningsAccumulatedDeficit', 'liabilities_and_equity': 'LiabilitiesAndStockholdersEquity', 'equity': 'StockholdersEquity', 'ebit': 'OperatingIncomeLoss', 'revenue': 'RevenueFromContractWithCustomerExcludingAssessedTax', 'shares': 'EntityCommonStockSharesOutstanding'}"
931015,PII,Polaris Inc.,"{'debt_st': 'LongTermDebtCurrent', 'debt_lt': 'LongTermDebtNoncurrent', 'assets': 'Assets', 'liabilities': 'Liabilities', 'current_assets': 'AssetsCurrent', 'current_liabilities': 'LiabilitiesCurrent', 'retained_earnings': 'RetainedEarningsAccumulatedDeficit', 'liabilities_and_equity': 'LiabilitiesAndStockholdersEquity', 'equity': 'StockholdersEquity', 'ebit': 'OperatingIncomeLoss', 'revenue': 'RevenueFromContractWithCustomerExcludingAssessedTax', 'shares': 'EntityCommonStockSharesOutstanding'}"
931148,EAF,GRAFTECH INTERNATIONAL LTD,"{'debt_st': 'LongTermDebtCurrent', 'debt_lt': 'LongTermDebtNoncurrent', 'assets': 'Assets', 'liabilities': None, 'current_assets': 'AssetsCurrent', 'current_liabilities': 'LiabilitiesCurrent', 'retained_earnings': 'RetainedEarningsAccumulatedDeficit', 'liabilities_and_equity': 'LiabilitiesAndStockholdersEquity', 'equity': 'StockholdersEquity', 'ebit': 'OperatingIncomeLoss', 'revenue': 'RevenueFromContractWithCustomerExcludingAssessedTax', 'shares': 'EntityCommonStockSharesOutstanding'}"
931584,USAP,UNIVERSAL STAINLESS & ALLOY PRODUCTS INC,"{'debt_st': 'DebtCurrent', 'debt_lt': 'LongTermDebtNoncurrent', 'assets': 'Assets', 'liabilities': 'Liabilities', 'current_assets': 'AssetsCurrent', 'current_liabilities': 'LiabilitiesCurrent', 'retained_earnings': 'RetainedEarningsAccumulatedDeficit', 'liabilities_and_equity': 'LiabilitiesAndStockholdersEquity', 'equity': 'StockholdersEquity', 'ebit': 'OperatingIncomeLoss', 'revenue': 'RevenueFromContractWithCustomerExcludingAssessedTax', 'shares': 'EntityCommonStockSharesOutstanding'}"
932696,NSIT,INSIGHT ENTERPRISES INC,"{'debt_st': None, 'debt_lt': 'LongTermDebtAndCapitalLeaseObligations', 'assets': 'Assets', 'liabilities': 'Liabilities', 'current_assets': 'AssetsCurrent', 'current_liabilities': 'LiabilitiesCurrent', 'retained_earnings': 'RetainedEarningsAccumulatedDeficit', 'liabilities_and_equity': 'LiabilitiesAndStockholdersEquity', 'equity': 'StockholdersEquity', 'ebit': 'OperatingIncomeLoss', 'revenue': 'RevenueFromContractWithCustomerExcludingAssessedTax', 'shares': 'EntityCommonStockSharesOutstanding'}"
932787,STM,STMicroelectronics N.V.,"{'debt_st': 'DebtCurrent', 'debt_lt': 'LongTermDebtNoncurrent', 'assets': 'Assets', 'liabilities': 'Liabilities', 'current_assets': 'AssetsCurrent', 'current_liabilities': 'LiabilitiesCurrent', 'retained_earnings': 'RetainedEarningsAccumulatedDeficit', 'liabilities_and_equity': 'LiabilitiesAndStockholdersEquity', 'equity': 'StockholdersEquity', 'ebit': 'OperatingIncomeLoss', 'revenue': 'RevenueFromContractWithCustomerExcludingAssessedTax', 'shares': 'EntityCommonStockSharesOutstanding'}"
933036,UPBD,"UPBOUND GROUP, INC.","{'debt_st': None, 'debt_lt': 'LongTermDebt', 'assets': 'Assets', 'liabilities': 'Liabilities', 'current_assets': None, 'current_liabilities': None, 'retained_earnings': 'RetainedEarningsAccumulatedDeficit', 'liabilities_and_equity': 'LiabilitiesAndStockholdersEquity', 'equity': 'StockholdersEquity', 'ebit': 'OperatingIncomeLoss', 'revenue': 'Revenues', 'shares': 'EntityCommonStockSharesOutstanding'}"
933974,AZTA,"Azenta, Inc.","{'debt_st': 'LongTermDebtCurrent', 'debt_lt': 'LongTermDebtNoncurrent', 'assets': 'Assets', 'liabilities': 'Liabilities', 'current_assets': 'AssetsCurrent', 'current_liabilities': 'LiabilitiesCurrent', 'retained_earnings': 'RetainedEarningsAccumulatedDeficit', 'liabilities_and_equity': 'LiabilitiesAndStockholdersEquity', 'equity': 'StockholdersEquity', 'ebit': 'OperatingIncomeLoss', 'revenue': 'RevenueFromContractWithCustomerExcludingAssessedTax', 'shares': 'EntityCommonStockSharesOutstanding'}"
935036,ACIW,"ACI WORLDWIDE, INC.","{'debt_st': 'LongTermDebtCurrent', 'debt_lt': 'LongTermDebtNoncurrent', 'assets': 'Assets', 'liabilities': 'Liabilities', 'current_assets': 'AssetsCurrent', 'current_liabilities': 'LiabilitiesCurrent', 'retained_earnings': 'RetainedEarningsAccumulatedDeficit', 'liabilities_and_equity': 'LiabilitiesAndStockholdersEquity', 'equity': 'StockholdersEquity', 'ebit': 'OperatingIncomeLoss', 'revenue': 'RevenueFromContractWithCustomerExcludingAssessedTax', 'shares': 'EntityCommonStockSharesOutstanding'}"
935419,RICK,"RCI HOSPITALITY HOLDINGS, INC.","{'debt_st': 'DebtCurrent', 'debt_lt': 'LongTermDebtNoncurrent', 'assets': 'Assets', 'liabilities': 'Liabilities', 'current_assets': 'AssetsCurrent', 'current_liabilities': 'LiabilitiesCurrent', 'retained_earnings': 'RetainedEarningsAccumulatedDeficit', 'liabilities_and_equity': 'LiabilitiesAndStockholdersEquity', 'equity': 'StockholdersEquity', 'ebit': 'OperatingIncomeLoss', 'revenue': 'RevenueFromContractWithCustomerExcludingAssessedTax', 'shares': 'EntityCommonStockSharesOutstanding'}"
935703,DLTR,"DOLLAR TREE, INC.","{'debt_st': 'DebtCurrent', 'debt_lt': 'LongTermDebtNoncurrent', 'assets': 'Assets', 'liabilities': 'Liabilities', 'current_assets': 'AssetsCurrent', 'current_liabilities': 'LiabilitiesCurrent', 'retained_earnings': 'RetainedEarningsAccumulatedDeficit', 'liabilities_and_equity': 'LiabilitiesAndStockholdersEquity', 'equity': 'StockholdersEquity', 'ebit': 'OperatingIncomeLoss', 'revenue': 'RevenueFromContractWithCustomerExcludingAssessedTax', 'shares': 'EntityCommonStockSharesOutstanding'}"
936340,DTE,DTE ENERGY CO,"{'debt_st': 'DebtCurrent', 'debt_lt': 'LongTermDebtNoncurrent', 'assets': 'Assets', 'liabilities': None, 'current_assets': 'AssetsCurrent', 'current_liabilities': 'LiabilitiesCurrent', 'retained_earnings': 'RetainedEarningsAccumulatedDeficit', 'liabilities_and_equity': 'LiabilitiesAndStockholdersEquity', 'equity': 'StockholdersEquity', 'ebit': 'OperatingIncomeLoss', 'revenue': 'Revenues', 'shares': 'EntityCommonStockSharesOutstanding'}"
936395,CIEN,CIENA CORP,"{'debt_st': 'LongTermDebtCurrent', 'debt_lt': 'LongTermDebtNoncurrent', 'assets': 'Assets', 'liabilities': 'Liabilities', 'current_assets': 'AssetsCurrent', 'current_liabilities': 'LiabilitiesCurrent', 'retained_earnings': 'RetainedEarningsAccumulatedDeficit', 'liabilities_and_equity': 'LiabilitiesAndStockholdersEquity', 'equity': 'StockholdersEquity', 'ebit': 'OperatingIncomeLoss', 'revenue': 'Revenues', 'shares': 'EntityCommonStockSharesOutstanding'}"
936468,LMT,LOCKHEED MARTIN CORP,"{'debt_st': 'DebtCurrent', 'debt_lt': 'LongTermDebtNoncurrent', 'assets': 'Assets', 'liabilities': 'Liabilities', 'current_assets': 'AssetsCurrent', 'current_liabilities': 'LiabilitiesCurrent', 'retained_earnings': 'RetainedEarningsAccumulatedDeficit', 'liabilities_and_equity': 'LiabilitiesAndStockholdersEquity', 'equity': 'StockholdersEquity', 'ebit': 'OperatingIncomeLoss', 'revenue': 'RevenueFromContractWithCustomerExcludingAssessedTax', 'shares': 'EntityCommonStockSharesOutstanding'}"
937098,TNET,"TRINET GROUP, INC.","{'debt_st': 'LongTermDebtCurrent', 'debt_lt': 'LongTermDebtNoncurrent', 'assets': 'Assets', 'liabilities': 'Liabilities', 'current_assets': 'AssetsCurrent', 'current_liabilities': 'LiabilitiesCurrent', 'retained_earnings': 'RetainedEarningsAccumulatedDeficit', 'liabilities_and_equity': 'LiabilitiesAndStockholdersEquity', 'equity': 'StockholdersEquity', 'ebit': 'OperatingIncomeLoss', 'revenue': 'RevenueFromContractWithCustomerExcludingAssessedTax', 'shares': 'EntityCommonStockSharesOutstanding'}"
937556,MASI,MASIMO CORP,"{'debt_st': 'DebtCurrent', 'debt_lt': 'LongTermDebtNoncurrent', 'assets': 'Assets', 'liabilities': 'Liabilities', 'current_assets': 'AssetsCurrent', 'current_liabilities': 'LiabilitiesCurrent', 'retained_earnings': 'RetainedEarningsAccumulatedDeficit', 'liabilities_and_equity': 'LiabilitiesAndStockholdersEquity', 'equity': 'StockholdersEquity', 'ebit': 'OperatingIncomeLoss', 'revenue': 'RevenueFromContractWithCustomerExcludingAssessedTax', 'shares': 'EntityCommonStockSharesOutstanding'}"
939767,EXEL,"EXELIXIS, INC.","{'debt_st': 'LongTermDebtCurrent', 'debt_lt': 'LongTermDebtNoncurrent', 'assets': 'Assets', 'liabilities': 'Liabilities', 'current_assets': 'AssetsCurrent', 'current_liabilities': 'LiabilitiesCurrent', 'retained_earnings': 'RetainedEarningsAccumulatedDeficit', 'liabilities_and_equity': 'LiabilitiesAndStockholdersEquity', 'equity': 'StockholdersEquity', 'ebit': 'OperatingIncomeLoss', 'revenue': 'RevenueFromContractWithCustomerExcludingAssessedTax', 'shares': 'EntityCommonStockSharesOutstanding'}"
940944,DRI,DARDEN RESTAURANTS INC,"{'debt_st': 'LongTermDebtCurrent', 'debt_lt': 'LongTermDebtNoncurrent', 'assets': 'Assets', 'liabilities': 'Liabilities', 'current_assets': 'AssetsCurrent', 'current_liabilities': 'LiabilitiesCurrent', 'retained_earnings': 'RetainedEarningsAccumulatedDeficit', 'liabilities_and_equity': 'LiabilitiesAndStockholdersEquity', 'equity': 'StockholdersEquity', 'ebit': 'OperatingIncomeLoss', 'revenue': 'RevenueFromContractWithCustomerExcludingAssessedTax', 'shares': 'EntityCommonStockSharesOutstanding'}"
943452,WAB,WESTINGHOUSE AIR BRAKE TECHNOLOGIES CORP,"{'debt_st': 'LongTermDebtCurrent', 'debt_lt': 'LongTermDebtNoncurrent', 'assets': 'Assets', 'liabilities': 'Liabilities', 'current_assets': 'AssetsCurrent', 'current_liabilities': 'LiabilitiesCurrent', 'retained_earnings': 'RetainedEarningsAccumulatedDeficit', 'liabilities_and_equity': 'LiabilitiesAndStockholdersEquity', 'equity': 'StockholdersEquity', 'ebit': 'OperatingIncomeLoss', 'revenue': 'RevenueFromContractWithCustomerExcludingAssessedTax', 'shares': 'EntityCommonStockSharesOutstanding'}"
943819,RMD,RESMED INC,"{'debt_st': 'LongTermDebtCurrent', 'debt_lt': 'LongTermDebtNoncurrent', 'assets': 'Assets', 'liabilities': 'Liabilities', 'current_assets': 'AssetsCurrent', 'current_liabilities': 'LiabilitiesCurrent', 'retained_earnings': 'RetainedEarningsAccumulatedDeficit', 'liabilities_and_equity': 'LiabilitiesAndStockholdersEquity', 'equity': 'StockholdersEquity', 'ebit': 'OperatingIncomeLoss', 'revenue': 'RevenueFromContractWithCustomerExcludingAssessedTax', 'shares': 'EntityCommonStockSharesOutstanding'}"
944148,CBZ,"CBIZ, Inc.","{'debt_st': 'LongTermDebtCurrent', 'debt_lt': 'LongTermDebtNoncurrent', 'assets': 'Assets', 'liabilities': 'Liabilities', 'current_assets': 'AssetsCurrent', 'current_liabilities': 'LiabilitiesCurrent', 'retained_earnings': 'RetainedEarningsAccumulatedDeficit', 'liabilities_and_equity': 'LiabilitiesAndStockholdersEquity', 'equity': 'StockholdersEquity', 'ebit': 'OperatingIncomeLoss', 'revenue': 'RevenueFromContractWithCustomerExcludingAssessedTax', 'shares': 'EntityCommonStockSharesOutstanding'}"
944809,OPK,"OPKO HEALTH, INC.","{'debt_st': 'LongTermDebtCurrent', 'debt_lt': 'LongTermDebtNoncurrent', 'assets': 'Assets', 'liabilities': 'Liabilities', 'current_assets': 'AssetsCurrent', 'current_liabilities': 'LiabilitiesCurrent', 'retained_earnings': 'RetainedEarningsAccumulatedDeficit', 'liabilities_and_equity': 'LiabilitiesAndStockholdersEquity', 'equity': 'StockholdersEquity', 'ebit': 'OperatingIncomeLoss', 'revenue': 'RevenueFromContractWithCustomerExcludingAssessedTax', 'shares': 'EntityCommonStockSharesOutstanding'}"
945114,GIC,GLOBAL INDUSTRIAL Co,"{'debt_st': 'LongTermDebtCurrent', 'debt_lt': 'LongTermDebtNoncurrent', 'assets': 'Assets', 'liabilities': 'Liabilities', 'current_assets': 'AssetsCurrent', 'current_liabilities': 'LiabilitiesCurrent', 'retained_earnings': 'RetainedEarningsAccumulatedDeficit', 'liabilities_and_equity': 'LiabilitiesAndStockholdersEquity', 'equity': 'StockholdersEquity', 'ebit': 'OperatingIncomeLoss', 'revenue': 'RevenueFromContractWithCustomerExcludingAssessedTax', 'shares': 'EntityCommonStockSharesOutstanding'}"
945841,POOL,POOL CORP,"{'debt_st': 'DebtCurrent', 'debt_lt': 'LongTermDebtNoncurrent', 'assets': 'Assets', 'liabilities': 'Liabilities', 'current_assets': 'AssetsCurrent', 'current_liabilities': 'LiabilitiesCurrent', 'retained_earnings': 'RetainedEarningsAccumulatedDeficit', 'liabilities_and_equity': 'LiabilitiesAndStockholdersEquity', 'equity': 'StockholdersEquity', 'ebit': 'OperatingIncomeLoss', 'revenue': 'Revenues', 'shares': 'EntityCommonStockSharesOutstanding'}"
945983,CLMB,"Climb Global Solutions, Inc.","{'debt_st': 'DebtCurrent', 'debt_lt': 'LongTermDebtNoncurrent', 'assets': 'Assets', 'liabilities': 'Liabilities', 'current_assets': 'AssetsCurrent', 'current_liabilities': 'LiabilitiesCurrent', 'retained_earnings': 'RetainedEarningsAccumulatedDeficit', 'liabilities_and_equity': 'LiabilitiesAndStockholdersEquity', 'equity': 'StockholdersEquity', 'ebit': 'OperatingIncomeLoss', 'revenue': 'RevenueFromContractWithCustomerExcludingAssessedTax', 'shares': 'EntityCommonStockSharesOutstanding'}"
946581,TTWO,TAKE TWO INTERACTIVE SOFTWARE INC,"{'debt_st': 'LongTermDebtCurrent', 'debt_lt': 'LongTermDebtNoncurrent', 'assets': 'Assets', 'liabilities': 'Liabilities', 'current_assets': 'AssetsCurrent', 'current_liabilities': 'LiabilitiesCurrent', 'retained_earnings': 'RetainedEarningsAccumulatedDeficit', 'liabilities_and_equity': 'LiabilitiesAndStockholdersEquity', 'equity': 'StockholdersEquity', 'ebit': 'OperatingIncomeLoss', 'revenue': 'RevenueFromContractWithCustomerExcludingAssessedTax', 'shares': 'EntityCommonStockSharesOutstanding'}"
949157,CENX,CENTURY ALUMINUM CO,"{'debt_st': 'LongTermDebtCurrent', 'debt_lt': 'LongTermDebtNoncurrent', 'assets': 'Assets', 'liabilities': 'Liabilities', 'current_assets': 'AssetsCurrent', 'current_liabilities': 'LiabilitiesCurrent', 'retained_earnings': 'RetainedEarningsAccumulatedDeficit', 'liabilities_and_equity': 'LiabilitiesAndStockholdersEquity', 'equity': 'StockholdersEquity', 'ebit': 'OperatingIncomeLoss', 'revenue': 'RevenueFromContractWithCustomerExcludingAssessedTax', 'shares': 'EntityCommonStockSharesOutstanding'}"
1000177,NAT,NORDIC AMERICAN TANKERS Ltd,"{'debt_st': 'LongTermDebtCurrent', 'debt_lt': 'LongTermDebtNoncurrent', 'assets': 'Assets', 'liabilities': 'Liabilities', 'current_assets': 'AssetsCurrent', 'current_liabilities': 'LiabilitiesCurrent', 'retained_earnings': 'RetainedEarningsAccumulatedDeficit', 'liabilities_and_equity': 'LiabilitiesAndStockholdersEquity', 'equity': 'StockholdersEquity', 'ebit': 'OperatingIncomeLoss', 'revenue': 'RevenueFromContractWithCustomerExcludingAssessedTax', 'shares': 'EntityCommonStockSharesOutstanding'}"
1000623,MATV,"Mativ Holdings, Inc.","{'debt_st': 'DebtCurrent', 'debt_lt': 'LongTermDebtNoncurrent', 'assets': 'Assets', 'liabilities': 'Liabilities', 'current_assets': 'AssetsCurrent', 'current_liabilities': 'LiabilitiesCurrent', 'retained_earnings': 'RetainedEarningsAccumulatedDeficit', 'liabilities_and_equity': 'LiabilitiesAndStockholdersEquity', 'equity': 'StockholdersEquity', 'ebit': 'OperatingIncomeLoss', 'revenue': 'RevenueFromContractWithCustomerExcludingAssessedTax', 'shares': 'EntityCommonStockSharesOutstanding'}"
1000694,NVAX,NOVAVAX INC,"{'debt_st': 'ShortTermBorrowings', 'debt_lt': 'LongTermDebt', 'assets': 'Assets', 'liabilities': 'Liabilities', 'current_assets': 'AssetsCurrent', 'current_liabilities': 'LiabilitiesCurrent', 'retained_earnings': 'RetainedEarningsAccumulatedDeficit', 'liabilities_and_equity': 'LiabilitiesAndStockholdersEquity', 'equity': 'StockholdersEquity', 'ebit': 'OperatingIncomeLoss', 'revenue': 'RevenueFromContractWithCustomerExcludingAssessedTax', 'shares': 'EntityCommonStockSharesOutstanding'}"
1000697,WAT,WATERS CORP /DE/,"{'debt_st': 'DebtCurrent', 'debt_lt': 'LongTermDebtNoncurrent', 'assets': 'Assets', 'liabilities': 'Liabilities', 'current_assets': 'AssetsCurrent', 'current_liabilities': 'LiabilitiesCurrent', 'retained_earnings': 'RetainedEarningsAccumulatedDeficit', 'liabilities_and_equity': 'LiabilitiesAndStockholdersEquity', 'equity': 'StockholdersEquity', 'ebit': 'OperatingIncomeLoss', 'revenue': 'RevenueFromContractWithCustomerExcludingAssessedTax', 'shares': 'EntityCommonStockSharesOutstanding'}"
1000753,NSP,"INSPERITY, INC.","{'debt_st': None, 'debt_lt': 'LongTermDebtNoncurrent', 'assets': 'Assets', 'liabilities': None, 'current_assets': 'AssetsCurrent', 'current_liabilities': 'LiabilitiesCurrent', 'retained_earnings': 'RetainedEarningsAccumulatedDeficit', 'liabilities_and_equity': 'LiabilitiesAndStockholdersEquity', 'equity': 'StockholdersEquity', 'ebit': 'OperatingIncomeLoss', 'revenue': 'RevenueFromContractWithCustomerExcludingAssessedTax', 'shares': 'EntityCommonStockSharesOutstanding'}"
1001316,TGTX,"TG THERAPEUTICS, INC.","{'debt_st': 'LongTermDebtCurrent', 'debt_lt': 'LongTermDebtNoncurrent', 'assets': 'Assets', 'liabilities': 'Liabilities', 'current_assets': 'AssetsCurrent', 'current_liabilities': 'LiabilitiesCurrent', 'retained_earnings': 'RetainedEarningsAccumulatedDeficit', 'liabilities_and_equity': 'LiabilitiesAndStockholdersEquity', 'equity': 'StockholdersEquity', 'ebit': 'OperatingIncomeLoss', 'revenue': 'RevenueFromContractWithCustomerExcludingAssessedTax', 'shares': 'EntityCommonStockSharesOutstanding'}"
1001385,NWPX,"NWPX Infrastructure, Inc.","{'debt_st': 'LongTermDebtCurrent', 'debt_lt': 'LongTermDebtNoncurrent', 'assets': 'Assets', 'liabilities': 'Liabilities', 'current_assets': 'AssetsCurrent', 'current_liabilities': 'LiabilitiesCurrent', 'retained_earnings': 'RetainedEarningsAccumulatedDeficit', 'liabilities_and_equity': 'LiabilitiesAndStockholdersEquity', 'equity': 'StockholdersEquity', 'ebit': 'OperatingIncomeLoss', 'revenue': 'RevenueFromContractWithCustomerIncludingAssessedTax', 'shares': 'EntityCommonStockSharesOutstanding'}"
1001614,REPX,"Riley Exploration Permian, Inc.","{'debt_st': 'LongTermDebtCurrent', 'debt_lt': 'LongTermDebtNoncurrent', 'assets': 'Assets', 'liabilities': 'Liabilities', 'current_assets': 'AssetsCurrent', 'current_liabilities': 'LiabilitiesCurrent', 'retained_earnings': 'RetainedEarningsAccumulatedDeficit', 'liabilities_and_equity': 'LiabilitiesAndStockholdersEquity', 'equity': 'StockholdersEquity', 'ebit': 'OperatingIncomeLoss', 'revenue': 'RevenueFromContractWithCustomerExcludingAssessedTax', 'shares': 'EntityCommonStockSharesOutstanding'}"
1001838,SCCO,SOUTHERN COPPER CORP/,"{'debt_st': 'LongTermDebtCurrent', 'debt_lt': 'LongTermDebtNoncurrent', 'assets': 'Assets', 'liabilities': None, 'current_assets': 'AssetsCurrent', 'current_liabilities': 'LiabilitiesCurrent', 'retained_earnings': 'RetainedEarningsAccumulatedDeficit', 'liabilities_and_equity': 'LiabilitiesAndStockholdersEquity', 'equity': 'StockholdersEquity', 'ebit': 'OperatingIncomeLoss', 'revenue': 'RevenueFromContractWithCustomerExcludingAssessedTax', 'shares': 'EntityCommonStockSharesOutstanding'}"
1002047,NTAP,"NetApp, Inc.","{'debt_st': 'LongTermDebtCurrent', 'debt_lt': 'LongTermDebtNoncurrent', 'assets': 'Assets', 'liabilities': 'Liabilities', 'current_assets': 'AssetsCurrent', 'current_liabilities': 'LiabilitiesCurrent', 'retained_earnings': 'RetainedEarningsAccumulatedDeficit', 'liabilities_and_equity': 'LiabilitiesAndStockholdersEquity', 'equity': 'StockholdersEquity', 'ebit': 'OperatingIncomeLoss', 'revenue': 'RevenueFromContractWithCustomerExcludingAssessedTax', 'shares': 'EntityCommonStockSharesOutstanding'}"
1002590,SGU,"STAR GROUP, L.P.","{'debt_st': 'LongTermDebtCurrent', 'debt_lt': 'LongTermDebtNoncurrent', 'assets': 'Assets', 'liabilities': None, 'current_assets': 'AssetsCurrent', 'current_liabilities': 'LiabilitiesCurrent', 'retained_earnings': None, 'liabilities_and_equity': 'LiabilitiesAndStockholdersEquity', 'equity': None, 'ebit': 'OperatingIncomeLoss', 'revenue': 'RevenueFromContractWithCustomerExcludingAssessedTax', 'shares': 'EntityCommonStockSharesOutstanding'}"
1002638,OTEX,OPEN TEXT CORP,"{'debt_st': 'LongTermDebtCurrent', 'debt_lt': 'LongTermDebtNoncurrent', 'assets': 'Assets', 'liabilities': 'Liabilities', 'current_assets': 'AssetsCurrent', 'current_liabilities': 'LiabilitiesCurrent', 'retained_earnings': 'RetainedEarningsAccumulatedDeficit', 'liabilities_and_equity': 'LiabilitiesAndStockholdersEquity', 'equity': 'StockholdersEquity', 'ebit': 'OperatingIncomeLoss', 'revenue': 'RevenueFromContractWithCustomerExcludingAssessedTax', 'shares': 'EntityCommonStockSharesOutstanding'}"
1002910,AEE,AMEREN CORP,"{'debt_st': 'LongTermDebtCurrent', 'debt_lt': 'LongTermDebtNoncurrent', 'assets': 'Assets', 'liabilities': None, 'current_assets': 'AssetsCurrent', 'current_liabilities': 'LiabilitiesCurrent', 'retained_earnings': 'RetainedEarningsAccumulatedDeficit', 'liabilities_and_equity': 'LiabilitiesAndStockholdersEquity', 'equity': 'StockholdersEquity', 'ebit': 'OperatingIncomeLoss', 'revenue': 'Revenues', 'shares': 'EntityCommonStockSharesOutstanding'}"
1003078,MSM,MSC INDUSTRIAL DIRECT CO INC,"{'debt_st': 'DebtCurrent', 'debt_lt': 'LongTermDebtNoncurrent', 'assets': 'Assets', 'liabilities': 'Liabilities', 'current_assets': 'AssetsCurrent', 'current_liabilities': 'LiabilitiesCurrent', 'retained_earnings': 'RetainedEarningsAccumulatedDeficit', 'liabilities_and_equity': 'LiabilitiesAndStockholdersEquity', 'equity': 'StockholdersEquity', 'ebit': 'OperatingIncomeLoss', 'revenue': 'RevenueFromContractWithCustomerExcludingAssessedTax', 'shares': 'EntityCommonStockSharesOutstanding'}"
1003935,NICE,NICE Ltd.,"{'debt_st': 'LongTermDebtCurrent', 'debt_lt': 'LongTermDebtNoncurrent', 'assets': 'Assets', 'liabilities': None, 'current_assets': 'AssetsCurrent', 'current_liabilities': 'LiabilitiesCurrent', 'retained_earnings': 'RetainedEarningsAccumulatedDeficit', 'liabilities_and_equity': 'LiabilitiesAndStockholdersEquity', 'equity': 'StockholdersEquity', 'ebit': 'OperatingIncomeLoss', 'revenue': 'Revenues', 'shares': 'EntityCommonStockSharesOutstanding'}"
1004980,PCG,PG&E Corp,"{'debt_st': 'LongTermDebtCurrent', 'debt_lt': 'LongTermDebtNoncurrent', 'assets': 'Assets', 'liabilities': None, 'current_assets': 'AssetsCurrent', 'current_liabilities': 'LiabilitiesCurrent', 'retained_earnings': 'RetainedEarningsAccumulatedDeficit', 'liabilities_and_equity': 'LiabilitiesAndStockholdersEquity', 'equity': 'StockholdersEquity', 'ebit': 'OperatingIncomeLoss', 'revenue': 'RevenueFromContractWithCustomerExcludingAssessedTax', 'shares': 'EntityCommonStockSharesOutstanding'}"
1005210,SPH,SUBURBAN PROPANE PARTNERS LP,"{'debt_st': None, 'debt_lt': 'LongTermDebtNoncurrent', 'assets': 'Assets', 'liabilities': 'Liabilities', 'current_assets': 'AssetsCurrent', 'current_liabilities': 'LiabilitiesCurrent', 'retained_earnings': None, 'liabilities_and_equity': 'LiabilitiesAndStockholdersEquity', 'equity': None, 'ebit': 'OperatingIncomeLoss', 'revenue': 'RevenueFromContractWithCustomerExcludingAssessedTax', 'shares': 'EntityCommonStockSharesOutstanding'}"
1005229,CMCO,COLUMBUS MCKINNON CORP,"{'debt_st': 'LongTermDebtCurrent', 'debt_lt': 'LongTermDebtNoncurrent', 'assets': 'Assets', 'liabilities': 'Liabilities', 'current_assets': 'AssetsCurrent', 'current_liabilities': 'LiabilitiesCurrent', 'retained_earnings': 'RetainedEarningsAccumulatedDeficit', 'liabilities_and_equity': 'LiabilitiesAndStockholdersEquity', 'equity': 'StockholdersEquity', 'ebit': 'OperatingIncomeLoss', 'revenue': 'RevenueFromContractWithCustomerExcludingAssessedTax', 'shares': 'EntityCommonStockSharesOutstanding'}"
1005286,LFCR,"LIFECORE BIOMEDICAL, INC. \DE\","{'debt_st': 'LongTermDebtCurrent', 'debt_lt': 'LongTermDebtNoncurrent', 'assets': 'Assets', 'liabilities': 'Liabilities', 'current_assets': 'AssetsCurrent', 'current_liabilities': 'LiabilitiesCurrent', 'retained_earnings': 'RetainedEarningsAccumulatedDeficit', 'liabilities_and_equity': 'LiabilitiesAndStockholdersEquity', 'equity': 'StockholdersEquity', 'ebit': 'OperatingIncomeLoss', 'revenue': 'Revenues', 'shares': 'EntityCommonStockSharesOutstanding'}"
1005757,CSGS,CSG SYSTEMS INTERNATIONAL INC,"{'debt_st': 'LongTermDebtCurrent', 'debt_lt': 'LongTermDebtNoncurrent', 'assets': 'Assets', 'liabilities': 'Liabilities', 'current_assets': 'AssetsCurrent', 'current_liabilities': 'LiabilitiesCurrent', 'retained_earnings': 'RetainedEarningsAccumulatedDeficit', 'liabilities_and_equity': 'LiabilitiesAndStockholdersEquity', 'equity': 'StockholdersEquity', 'ebit': 'OperatingIncomeLoss', 'revenue': 'RevenueFromContractWithCustomerExcludingAssessedTax', 'shares': 'EntityCommonStockSharesOutstanding'}"
1006837,VATE,INNOVATE Corp.,"{'debt_st': 'LongTermDebtCurrent', 'debt_lt': 'LongTermDebtNoncurrent', 'assets': 'Assets', 'liabilities': 'Liabilities', 'current_assets': 'AssetsCurrent', 'current_liabilities': 'LiabilitiesCurrent', 'retained_earnings': 'RetainedEarningsAccumulatedDeficit', 'liabilities_and_equity': 'LiabilitiesAndStockholdersEquity', 'equity': 'StockholdersEquity', 'ebit': 'OperatingIncomeLoss', 'revenue': 'RevenueFromContractWithCustomerExcludingAssessedTax', 'shares': 'EntityCommonStockSharesOutstanding'}"
1009829,JAKK,JAKKS PACIFIC INC,"{'debt_st': 'LongTermDebtCurrent', 'debt_lt': 'LongTermDebtNoncurrent', 'assets': 'Assets', 'liabilities': 'Liabilities', 'current_assets': 'AssetsCurrent', 'current_liabilities': 'LiabilitiesCurrent', 'retained_earnings': 'RetainedEarningsAccumulatedDeficit', 'liabilities_and_equity': 'LiabilitiesAndStockholdersEquity', 'equity': 'StockholdersEquity', 'ebit': 'OperatingIncomeLoss', 'revenue': 'RevenueFromContractWithCustomerExcludingAssessedTax', 'shares': 'EntityCommonStockSharesOutstanding'}"
1012100,SEE,SEALED AIR CORP/DE,"{'debt_st': 'DebtCurrent', 'debt_lt': 'LongTermDebtNoncurrent', 'assets': 'Assets', 'liabilities': 'Liabilities', 'current_assets': 'AssetsCurrent', 'current_liabilities': 'LiabilitiesCurrent', 'retained_earnings': 'RetainedEarningsAccumulatedDeficit', 'liabilities_and_equity': 'LiabilitiesAndStockholdersEquity', 'equity': 'StockholdersEquity', 'ebit': 'OperatingIncomeLoss', 'revenue': 'RevenueFromContractWithCustomerExcludingAssessedTax', 'shares': 'EntityCommonStockSharesOutstanding'}"
1012569,ET,"Energy Transfer, LP","{'debt_st': 'DebtCurrent', 'debt_lt': 'LongTermDebtNoncurrent', 'assets': 'Assets', 'liabilities': None, 'current_assets': 'AssetsCurrent', 'current_liabilities': 'LiabilitiesCurrent', 'retained_earnings': None, 'liabilities_and_equity': 'LiabilitiesAndStockholdersEquity', 'equity': 'StockholdersEquityIncludingPortionAttributableToNoncontrollingInterest', 'ebit': 'OperatingIncomeLoss', 'revenue': 'Revenues', 'shares': 'EntityCommonStockSharesOutstanding'}"
1013237,FDS,FACTSET RESEARCH SYSTEMS INC,"{'debt_st': 'LongTermDebtCurrent', 'debt_lt': 'LongTermDebtNoncurrent', 'assets': 'Assets', 'liabilities': 'Liabilities', 'current_assets': 'AssetsCurrent', 'current_liabilities': 'LiabilitiesCurrent', 'retained_earnings': 'RetainedEarningsAccumulatedDeficit', 'liabilities_and_equity': 'LiabilitiesAndStockholdersEquity', 'equity': 'StockholdersEquity', 'ebit': 'OperatingIncomeLoss', 'revenue': 'RevenueFromContractWithCustomerExcludingAssessedTax', 'shares': 'EntityCommonStockSharesOutstanding'}"
1013462,ANSS,ANSYS INC,"{'debt_st': 'LongTermDebtCurrent', 'debt_lt': 'LongTermDebtNoncurrent', 'assets': 'Assets', 'liabilities': None, 'current_assets': 'AssetsCurrent', 'current_liabilities': 'LiabilitiesCurrent', 'retained_earnings': 'RetainedEarningsAccumulatedDeficit', 'liabilities_and_equity': 'LiabilitiesAndStockholdersEquity', 'equity': 'StockholdersEquity', 'ebit': 'OperatingIncomeLoss', 'revenue': 'Revenues', 'shares': 'EntityCommonStockSharesOutstanding'}"
1013488,BJRI,BJs RESTAURANTS INC,"{'debt_st': None, 'debt_lt': 'LongTermDebt', 'assets': 'Assets', 'liabilities': 'Liabilities', 'current_assets': 'AssetsCurrent', 'current_liabilities': 'LiabilitiesCurrent', 'retained_earnings': 'RetainedEarningsAccumulatedDeficit', 'liabilities_and_equity': 'LiabilitiesAndStockholdersEquity', 'equity': 'StockholdersEquity', 'ebit': 'OperatingIncomeLoss', 'revenue': 'RevenueFromContractWithCustomerExcludingAssessedTax', 'shares': 'EntityCommonStockSharesOutstanding'}"
1013934,STRA,"Strategic Education, Inc.","{'debt_st': 'LongTermDebtCurrent', 'debt_lt': 'LongTermDebtNoncurrent', 'assets': 'Assets', 'liabilities': 'Liabilities', 'current_assets': 'AssetsCurrent', 'current_liabilities': 'LiabilitiesCurrent', 'retained_earnings': 'RetainedEarningsAccumulatedDeficit', 'liabilities_and_equity': 'LiabilitiesAndStockholdersEquity', 'equity': 'StockholdersEquity', 'ebit': 'OperatingIncomeLoss', 'revenue': 'RevenueFromContractWithCustomerExcludingAssessedTax', 'shares': 'EntityCommonStockSharesOutstanding'}"
1014739,OPCH,"Option Care Health, Inc.","{'debt_st': 'LongTermDebtCurrent', 'debt_lt': 'LongTermDebtNoncurrent', 'assets': 'Assets', 'liabilities': 'Liabilities', 'current_assets': 'AssetsCurrent', 'current_liabilities': 'LiabilitiesCurrent', 'retained_earnings': 'RetainedEarningsAccumulatedDeficit', 'liabilities_and_equity': 'LiabilitiesAndStockholdersEquity', 'equity': 'StockholdersEquity', 'ebit': 'OperatingIncomeLoss', 'revenue': 'RevenueFromContractWithCustomerExcludingAssessedTax', 'shares': 'EntityCommonStockSharesOutstanding'}"
1015383,POWW,Outdoor Holding Co,"{'debt_st': 'NotesPayableCurrent', 'debt_lt': 'LongTermDebt', 'assets': 'Assets', 'liabilities': 'Liabilities', 'current_assets': 'AssetsCurrent', 'current_liabilities': 'LiabilitiesCurrent', 'retained_earnings': 'RetainedEarningsAccumulatedDeficit', 'liabilities_and_equity': 'LiabilitiesAndStockholdersEquity', 'equity': 'StockholdersEquity', 'ebit': 'OperatingIncomeLoss', 'revenue': 'RevenueFromContractWithCustomerExcludingAssessedTax', 'shares': 'EntityCommonStockSharesOutstanding'}"
1015820,QGEN,QIAGEN N.V.,"{'debt_st': 'LongTermDebtCurrent', 'debt_lt': 'LongTermDebtNoncurrent', 'assets': 'Assets', 'liabilities': None, 'current_assets': 'AssetsCurrent', 'current_liabilities': 'LiabilitiesCurrent', 'retained_earnings': 'RetainedEarningsAccumulatedDeficit', 'liabilities_and_equity': 'LiabilitiesAndStockholdersEquity', 'equity': 'StockholdersEquity', 'ebit': 'OperatingIncomeLoss', 'revenue': 'RevenueFromContractWithCustomerExcludingAssessedTax', 'shares': 'EntityCommonStockSharesOutstanding'}"
1016281,CSV,CARRIAGE SERVICES INC,"{'debt_st': 'LongTermDebtCurrent', 'debt_lt': 'LongTermDebtNoncurrent', 'assets': 'Assets', 'liabilities': 'Liabilities', 'current_assets': 'AssetsCurrent', 'current_liabilities': 'LiabilitiesCurrent', 'retained_earnings': 'RetainedEarningsAccumulatedDeficit', 'liabilities_and_equity': 'LiabilitiesAndStockholdersEquity', 'equity': 'StockholdersEquity', 'ebit': 'OperatingIncomeLoss', 'revenue': 'RevenueFromContractWithCustomerExcludingAssessedTax', 'shares': 'EntityCommonStockSharesOutstanding'}"
1017480,HIBB,HIBBETT INC,"{'debt_st': 'ShortTermBorrowings', 'debt_lt': None, 'assets': 'Assets', 'liabilities': 'Liabilities', 'current_assets': 'AssetsCurrent', 'current_liabilities': 'LiabilitiesCurrent', 'retained_earnings': 'RetainedEarningsAccumulatedDeficit', 'liabilities_and_equity': 'LiabilitiesAndStockholdersEquity', 'equity': 'StockholdersEquity', 'ebit': 'OperatingIncomeLoss', 'revenue': 'RevenueFromContractWithCustomerExcludingAssessedTax', 'shares': 'EntityCommonStockSharesOutstanding'}"
1018164,WLFC,WILLIS LEASE FINANCE CORP,"{'debt_st': None, 'debt_lt': 'LongTermDebt', 'assets': 'Assets', 'liabilities': 'Liabilities', 'current_assets': None, 'current_liabilities': None, 'retained_earnings': 'RetainedEarningsAccumulatedDeficit', 'liabilities_and_equity': 'LiabilitiesAndStockholdersEquity', 'equity': 'StockholdersEquity', 'ebit': 'OperatingIncomeLoss', 'revenue': 'RevenueFromContractWithCustomerExcludingAssessedTax', 'shares': 'EntityCommonStockSharesOutstanding'}"
1018724,AMZN,AMAZON COM INC,"{'debt_st': 'LongTermDebtCurrent', 'debt_lt': 'LongTermDebtNoncurrent', 'assets': 'Assets', 'liabilities': None, 'current_assets': 'AssetsCurrent', 'current_liabilities': 'LiabilitiesCurrent', 'retained_earnings': 'RetainedEarningsAccumulatedDeficit', 'liabilities_and_equity': 'LiabilitiesAndStockholdersEquity', 'equity': 'StockholdersEquity', 'ebit': 'OperatingIncomeLoss', 'revenue': 'RevenueFromContractWithCustomerExcludingAssessedTax', 'shares': 'EntityCommonStockSharesOutstanding'}"
1018840,ANF,ABERCROMBIE & FITCH CO /DE/,"{'debt_st': 'LongTermDebtCurrent', 'debt_lt': 'LongTermDebtNoncurrent', 'assets': 'Assets', 'liabilities': None, 'current_assets': 'AssetsCurrent', 'current_liabilities': 'LiabilitiesCurrent', 'retained_earnings': 'RetainedEarningsAccumulatedDeficit', 'liabilities_and_equity': 'LiabilitiesAndStockholdersEquity', 'equity': 'StockholdersEquity', 'ebit': 'OperatingIncomeLoss', 'revenue': 'Revenues', 'shares': 'EntityCommonStockSharesOutstanding'}"
1018963,ATI,ATI INC,"{'debt_st': 'DebtCurrent', 'debt_lt': 'LongTermDebtAndCapitalLeaseObligations', 'assets': 'Assets', 'liabilities': 'Liabilities', 'current_assets': 'AssetsCurrent', 'current_liabilities': 'LiabilitiesCurrent', 'retained_earnings': 'RetainedEarningsAccumulatedDeficit', 'liabilities_and_equity': 'LiabilitiesAndStockholdersEquity', 'equity': 'StockholdersEquity', 'ebit': 'OperatingIncomeLoss', 'revenue': 'RevenueFromContractWithCustomerExcludingAssessedTax', 'shares': 'EntityCommonStockSharesOutstanding'}"
1019849,PAG,"PENSKE AUTOMOTIVE GROUP, INC.","{'debt_st': 'LongTermDebtCurrent', 'debt_lt': 'LongTermDebtNoncurrent', 'assets': 'Assets', 'liabilities': 'Liabilities', 'current_assets': 'AssetsCurrent', 'current_liabilities': 'LiabilitiesCurrent', 'retained_earnings': 'RetainedEarningsAccumulatedDeficit', 'liabilities_and_equity': 'LiabilitiesAndStockholdersEquity', 'equity': 'StockholdersEquity', 'ebit': 'OperatingIncomeLoss', 'revenue': 'RevenueFromContractWithCustomerExcludingAssessedTax', 'shares': 'EntityCommonStockSharesOutstanding'}"
1020710,DXPE,DXP ENTERPRISES INC,"{'debt_st': 'DebtCurrent', 'debt_lt': 'LongTermDebtNoncurrent', 'assets': 'Assets', 'liabilities': 'Liabilities', 'current_assets': 'AssetsCurrent', 'current_liabilities': 'LiabilitiesCurrent', 'retained_earnings': 'RetainedEarningsAccumulatedDeficit', 'liabilities_and_equity': 'LiabilitiesAndStockholdersEquity', 'equity': 'StockholdersEquity', 'ebit': 'OperatingIncomeLoss', 'revenue': 'RevenueFromContractWithCustomerExcludingAssessedTax', 'shares': 'EntityCommonStockSharesOutstanding'}"
1020859,UNFI,UNITED NATURAL FOODS INC,"{'debt_st': 'LongTermDebtCurrent', 'debt_lt': 'LongTermDebtNoncurrent', 'assets': 'Assets', 'liabilities': 'Liabilities', 'current_assets': 'AssetsCurrent', 'current_liabilities': 'LiabilitiesCurrent', 'retained_earnings': 'RetainedEarningsAccumulatedDeficit', 'liabilities_and_equity': 'LiabilitiesAndStockholdersEquity', 'equity': 'StockholdersEquity', 'ebit': 'OperatingIncomeLoss', 'revenue': 'RevenueFromContractWithCustomerExcludingAssessedTax', 'shares': 'EntityCommonStockSharesOutstanding'}"
1021162,TGI,TRIUMPH GROUP INC,"{'debt_st': None, 'debt_lt': 'LongTermDebtAndCapitalLeaseObligations', 'assets': 'Assets', 'liabilities': None, 'current_assets': 'AssetsCurrent', 'current_liabilities': 'LiabilitiesCurrent', 'retained_earnings': 'RetainedEarningsAccumulatedDeficit', 'liabilities_and_equity': 'LiabilitiesAndStockholdersEquity', 'equity': 'StockholdersEquity', 'ebit': 'OperatingIncomeLoss', 'revenue': 'RevenueFromContractWithCustomerExcludingAssessedTax', 'shares': 'EntityCommonStockSharesOutstanding'}"
1021561,NUS,"NU SKIN ENTERPRISES, INC.","{'debt_st': 'LongTermDebtCurrent', 'debt_lt': 'LongTermDebtNoncurrent', 'assets': 'Assets', 'liabilities': 'Liabilities', 'current_assets': 'AssetsCurrent', 'current_liabilities': 'LiabilitiesCurrent', 'retained_earnings': 'RetainedEarningsAccumulatedDeficit', 'liabilities_and_equity': 'LiabilitiesAndStockholdersEquity', 'equity': 'StockholdersEquity', 'ebit': 'OperatingIncomeLoss', 'revenue': 'RevenueFromContractWithCustomerExcludingAssessedTax', 'shares': 'EntityCommonStockSharesOutstanding'}"
1021635,OGE,OGE ENERGY CORP.,"{'debt_st': 'LongTermDebtCurrent', 'debt_lt': 'LongTermDebtNoncurrent', 'assets': 'Assets', 'liabilities': 'Liabilities', 'current_assets': 'AssetsCurrent', 'current_liabilities': 'LiabilitiesCurrent', 'retained_earnings': 'RetainedEarningsAccumulatedDeficit', 'liabilities_and_equity': 'LiabilitiesAndStockholdersEquity', 'equity': 'StockholdersEquity', 'ebit': 'OperatingIncomeLoss', 'revenue': 'RevenueFromContractWithCustomerExcludingAssessedTax', 'shares': 'EntityCommonStockSharesOutstanding'}"
1021860,NOV,NOV Inc.,"{'debt_st': 'DebtCurrent', 'debt_lt': 'LongTermDebtNoncurrent', 'assets': 'Assets', 'liabilities': 'Liabilities', 'current_assets': 'AssetsCurrent', 'current_liabilities': 'LiabilitiesCurrent', 'retained_earnings': 'RetainedEarningsAccumulatedDeficit', 'liabilities_and_equity': 'LiabilitiesAndStockholdersEquity', 'equity': 'StockholdersEquity', 'ebit': 'OperatingIncomeLoss', 'revenue': 'RevenueFromContractWithCustomerExcludingAssessedTax', 'shares': 'EntityCommonStockSharesOutstanding'}"
1022079,DGX,QUEST DIAGNOSTICS INC,"{'debt_st': 'DebtCurrent', 'debt_lt': 'LongTermDebtNoncurrent', 'assets': 'Assets', 'liabilities': None, 'current_assets': 'AssetsCurrent', 'current_liabilities': 'LiabilitiesCurrent', 'retained_earnings': 'RetainedEarningsAccumulatedDeficit', 'liabilities_and_equity': 'LiabilitiesAndStockholdersEquity', 'equity': 'StockholdersEquity', 'ebit': 'OperatingIncomeLoss', 'revenue': 'RevenueFromContractWithCustomerExcludingAssessedTax', 'shares': 'EntityCommonStockSharesOutstanding'}"
1022408,PLUS,EPLUS INC,"{'debt_st': 'NotesPayableCurrent', 'debt_lt': 'LongTermDebt', 'assets': 'Assets', 'liabilities': 'Liabilities', 'current_assets': 'AssetsCurrent', 'current_liabilities': 'LiabilitiesCurrent', 'retained_earnings': 'RetainedEarningsAccumulatedDeficit', 'liabilities_and_equity': 'LiabilitiesAndStockholdersEquity', 'equity': 'StockholdersEquity', 'ebit': 'OperatingIncomeLoss', 'revenue': 'RevenueFromContractWithCustomerExcludingAssessedTax', 'shares': 'EntityCommonStockSharesOutstanding'}"
1022671,STLD,STEEL DYNAMICS INC,"{'debt_st': 'LongTermDebtCurrent', 'debt_lt': 'LongTermDebtNoncurrent', 'assets': 'Assets', 'liabilities': 'Liabilities', 'current_assets': 'AssetsCurrent', 'current_liabilities': 'LiabilitiesCurrent', 'retained_earnings': 'RetainedEarningsAccumulatedDeficit', 'liabilities_and_equity': 'LiabilitiesAndStockholdersEquity', 'equity': 'StockholdersEquity', 'ebit': 'OperatingIncomeLoss', 'revenue': 'RevenueFromContractWithCustomerExcludingAssessedTax', 'shares': 'EntityCommonStockSharesOutstanding'}"
1023313,FORR,"FORRESTER RESEARCH, INC.","{'debt_st': 'LongTermDebtCurrent', 'debt_lt': 'LongTermDebtNoncurrent', 'assets': 'Assets', 'liabilities': 'Liabilities', 'current_assets': 'AssetsCurrent', 'current_liabilities': 'LiabilitiesCurrent', 'retained_earnings': 'RetainedEarningsAccumulatedDeficit', 'liabilities_and_equity': 'LiabilitiesAndStockholdersEquity', 'equity': 'StockholdersEquity', 'ebit': 'OperatingIncomeLoss', 'revenue': 'RevenueFromContractWithCustomerExcludingAssessedTax', 'shares': 'EntityCommonStockSharesOutstanding'}"
1023731,EGHT,8X8 INC /DE/,"{'debt_st': 'LongTermDebtCurrent', 'debt_lt': 'LongTermDebtNoncurrent', 'assets': 'Assets', 'liabilities': 'Liabilities', 'current_assets': 'AssetsCurrent', 'current_liabilities': 'LiabilitiesCurrent', 'retained_earnings': 'RetainedEarningsAccumulatedDeficit', 'liabilities_and_equity': 'LiabilitiesAndStockholdersEquity', 'equity': 'StockholdersEquity', 'ebit': 'OperatingIncomeLoss', 'revenue': 'RevenueFromContractWithCustomerExcludingAssessedTax', 'shares': 'EntityCommonStockSharesOutstanding'}"
1024305,COTY,COTY INC.,"{'debt_st': 'DebtCurrent', 'debt_lt': 'LongTermDebtNoncurrent', 'assets': 'Assets', 'liabilities': 'Liabilities', 'current_assets': 'AssetsCurrent', 'current_liabilities': 'LiabilitiesCurrent', 'retained_earnings': 'RetainedEarningsAccumulatedDeficit', 'liabilities_and_equity': 'LiabilitiesAndStockholdersEquity', 'equity': 'StockholdersEquity', 'ebit': 'OperatingIncomeLoss', 'revenue': 'RevenueFromContractWithCustomerExcludingAssessedTax', 'shares': 'EntityCommonStockSharesOutstanding'}"
1024478,ROK,"ROCKWELL AUTOMATION, INC","{'debt_st': 'LongTermDebtCurrent', 'debt_lt': 'LongTermDebtNoncurrent', 'assets': 'Assets', 'liabilities': None, 'current_assets': 'AssetsCurrent', 'current_liabilities': 'LiabilitiesCurrent', 'retained_earnings': 'RetainedEarningsAccumulatedDeficit', 'liabilities_and_equity': 'LiabilitiesAndStockholdersEquity', 'equity': 'StockholdersEquity', 'ebit': 'OperatingIncomeLoss', 'revenue': 'RevenueFromContractWithCustomerExcludingAssessedTax', 'shares': 'EntityCommonStockSharesOutstanding'}"
1024795,HLIO,"HELIOS TECHNOLOGIES, INC.","{'debt_st': 'LongTermDebtCurrent', 'debt_lt': 'LongTermDebtNoncurrent', 'assets': 'Assets', 'liabilities': 'Liabilities', 'current_assets': 'AssetsCurrent', 'current_liabilities': 'LiabilitiesCurrent', 'retained_earnings': 'RetainedEarningsAccumulatedDeficit', 'liabilities_and_equity': 'LiabilitiesAndStockholdersEquity', 'equity': 'StockholdersEquity', 'ebit': 'OperatingIncomeLoss', 'revenue': 'RevenueFromContractWithCustomerExcludingAssessedTax', 'shares': 'EntityCommonStockSharesOutstanding'}"
1027664,ESLT,ELBIT SYSTEMS LTD,"{'debt_st': 'LongTermDebtCurrent', 'debt_lt': 'LongTermDebtNoncurrent', 'assets': 'Assets', 'liabilities': None, 'current_assets': 'AssetsCurrent', 'current_liabilities': 'LiabilitiesCurrent', 'retained_earnings': 'RetainedEarningsAccumulatedDeficit', 'liabilities_and_equity': 'LiabilitiesAndStockholdersEquity', 'equity': 'StockholdersEquity', 'ebit': 'OperatingIncomeLoss', 'revenue': 'RevenueFromContractWithCustomerExcludingAssessedTax', 'shares': 'EntityCommonStockSharesOutstanding'}"
1029142,DVAX,DYNAVAX TECHNOLOGIES CORP,"{'debt_st': 'LongTermDebtCurrent', 'debt_lt': 'LongTermDebtNoncurrent', 'assets': 'Assets', 'liabilities': 'Liabilities', 'current_assets': 'AssetsCurrent', 'current_liabilities': 'LiabilitiesCurrent', 'retained_earnings': 'RetainedEarningsAccumulatedDeficit', 'liabilities_and_equity': 'LiabilitiesAndStockholdersEquity', 'equity': 'StockholdersEquity', 'ebit': 'OperatingIncomeLoss', 'revenue': 'RevenueFromContractWithCustomerExcludingAssessedTax', 'shares': 'EntityCommonStockSharesOutstanding'}"
1030894,CLS,CELESTICA INC,"{'debt_st': None, 'debt_lt': 'LongTermDebtAndCapitalLeaseObligationsIncludingCurrentMaturities', 'assets': 'Assets', 'liabilities': 'Liabilities', 'current_assets': 'AssetsCurrent', 'current_liabilities': 'LiabilitiesCurrent', 'retained_earnings': 'RetainedEarningsAccumulatedDeficit', 'liabilities_and_equity': 'LiabilitiesAndStockholdersEquity', 'equity': 'StockholdersEquity', 'ebit': 'OperatingIncomeLoss', 'revenue': 'RevenueFromContractWithCustomerExcludingAssessedTax', 'shares': 'EntityCommonStockSharesOutstanding'}"
1031203,GPI,GROUP 1 AUTOMOTIVE INC,"{'debt_st': 'ShortTermBorrowings', 'debt_lt': 'LongTermDebtAndCapitalLeaseObligationsIncludingCurrentMaturities', 'assets': 'Assets', 'liabilities': None, 'current_assets': 'AssetsCurrent', 'current_liabilities': 'LiabilitiesCurrent', 'retained_earnings': 'RetainedEarningsAccumulatedDeficit', 'liabilities_and_equity': 'LiabilitiesAndStockholdersEquity', 'equity': 'StockholdersEquity', 'ebit': 'OperatingIncomeLoss', 'revenue': 'RevenueFromContractWithCustomerExcludingAssessedTax', 'shares': 'EntityCommonStockSharesOutstanding'}"
1031296,FE,FIRSTENERGY CORP,"{'debt_st': 'LongTermDebtCurrent', 'debt_lt': 'LongTermDebtAndCapitalLeaseObligations', 'assets': 'Assets', 'liabilities': 'Liabilities', 'current_assets': 'AssetsCurrent', 'current_liabilities': 'LiabilitiesCurrent', 'retained_earnings': 'RetainedEarningsAccumulatedDeficit', 'liabilities_and_equity': 'LiabilitiesAndStockholdersEquity', 'equity': 'StockholdersEquity', 'ebit': 'OperatingIncomeLoss', 'revenue': 'RevenueFromContractWithCustomerExcludingAssessedTax', 'shares': 'EntityCommonStockSharesOutstanding'}"
1031623,GIFI,GULF ISLAND FABRICATION INC,"{'debt_st': 'LongTermDebtCurrent', 'debt_lt': 'LongTermDebtNoncurrent', 'assets': 'Assets', 'liabilities': 'Liabilities', 'current_assets': 'AssetsCurrent', 'current_liabilities': 'LiabilitiesCurrent', 'retained_earnings': 'RetainedEarningsAccumulatedDeficit', 'liabilities_and_equity': 'LiabilitiesAndStockholdersEquity', 'equity': 'StockholdersEquity', 'ebit': 'OperatingIncomeLoss', 'revenue': 'RevenueFromContractWithCustomerExcludingAssessedTax', 'shares': 'EntityCommonStockSharesOutstanding'}"
1032208,SRE,SEMPRA,"{'debt_st': 'ShortTermBorrowings', 'debt_lt': 'LongTermDebtAndCapitalLeaseObligations', 'assets': 'Assets', 'liabilities': None, 'current_assets': 'AssetsCurrent', 'current_liabilities': 'LiabilitiesCurrent', 'retained_earnings': 'RetainedEarningsAccumulatedDeficit', 'liabilities_and_equity': 'LiabilitiesAndStockholdersEquity', 'equity': 'StockholdersEquity', 'ebit': 'IncomeLossFromContinuingOperationsBeforeIncomeTaxesExtraordinaryItemsNoncontrollingInterest', 'revenue': 'RevenueFromContractWithCustomerExcludingAssessedTax', 'shares': 'EntityCommonStockSharesOutstanding'}"
1032220,MMS,"MAXIMUS, INC.","{'debt_st': 'LongTermDebtCurrent', 'debt_lt': 'LongTermDebtNoncurrent', 'assets': 'Assets', 'liabilities': 'Liabilities', 'current_assets': 'AssetsCurrent', 'current_liabilities': 'LiabilitiesCurrent', 'retained_earnings': 'RetainedEarningsAccumulatedDeficit', 'liabilities_and_equity': 'LiabilitiesAndStockholdersEquity', 'equity': 'StockholdersEquity', 'ebit': 'OperatingIncomeLoss', 'revenue': 'RevenueFromContractWithCustomerExcludingAssessedTax', 'shares': 'EntityCommonStockSharesOutstanding'}"
1034670,ALV,AUTOLIV INC,"{'debt_st': 'DebtCurrent', 'debt_lt': 'LongTermDebtNoncurrent', 'assets': 'Assets', 'liabilities': None, 'current_assets': 'AssetsCurrent', 'current_liabilities': 'LiabilitiesCurrent', 'retained_earnings': 'RetainedEarningsAccumulatedDeficit', 'liabilities_and_equity': 'LiabilitiesAndStockholdersEquity', 'equity': 'StockholdersEquity', 'ebit': 'OperatingIncomeLoss', 'revenue': 'RevenueFromContractWithCustomerExcludingAssessedTax', 'shares': 'EntityCommonStockSharesOutstanding'}"
1035002,VLO,VALERO ENERGY CORP/TX,"{'debt_st': 'DebtCurrent', 'debt_lt': 'LongTermDebtAndCapitalLeaseObligations', 'assets': 'Assets', 'liabilities': None, 'current_assets': 'AssetsCurrent', 'current_liabilities': 'LiabilitiesCurrent', 'retained_earnings': 'RetainedEarningsAccumulatedDeficit', 'liabilities_and_equity': 'LiabilitiesAndStockholdersEquity', 'equity': 'StockholdersEquity', 'ebit': 'OperatingIncomeLoss', 'revenue': 'RevenueFromContractWithCustomerIncludingAssessedTax', 'shares': 'EntityCommonStockSharesOutstanding'}"
1035201,CWT,CALIFORNIA WATER SERVICE GROUP,"{'debt_st': 'LongTermDebtCurrent', 'debt_lt': 'LongTermDebtNoncurrent', 'assets': 'Assets', 'liabilities': None, 'current_assets': 'AssetsCurrent', 'current_liabilities': 'LiabilitiesCurrent', 'retained_earnings': 'RetainedEarningsAccumulatedDeficit', 'liabilities_and_equity': 'LiabilitiesAndStockholdersEquity', 'equity': 'StockholdersEquity', 'ebit': 'OperatingIncomeLoss', 'revenue': 'RevenueFromContractWithCustomerExcludingAssessedTax', 'shares': 'EntityCommonStockSharesOutstanding'}"
1035983,FIX,COMFORT SYSTEMS USA INC,"{'debt_st': 'DebtCurrent', 'debt_lt': 'LongTermDebtNoncurrent', 'assets': 'Assets', 'liabilities': 'Liabilities', 'current_assets': 'AssetsCurrent', 'current_liabilities': 'LiabilitiesCurrent', 'retained_earnings': 'RetainedEarningsAccumulatedDeficit', 'liabilities_and_equity': 'LiabilitiesAndStockholdersEquity', 'equity': 'StockholdersEquity', 'ebit': 'OperatingIncomeLoss', 'revenue': 'RevenueFromContractWithCustomerExcludingAssessedTax', 'shares': 'EntityCommonStockSharesOutstanding'}"
1037646,MTD,METTLER TOLEDO INTERNATIONAL INC/,"{'debt_st': 'DebtCurrent', 'debt_lt': 'LongTermDebtNoncurrent', 'assets': 'Assets', 'liabilities': 'Liabilities', 'current_assets': 'AssetsCurrent', 'current_liabilities': 'LiabilitiesCurrent', 'retained_earnings': 'RetainedEarningsAccumulatedDeficit', 'liabilities_and_equity': 'LiabilitiesAndStockholdersEquity', 'equity': 'StockholdersEquity', 'ebit': 'IncomeLossFromContinuingOperationsBeforeIncomeTaxesExtraordinaryItemsNoncontrollingInterest', 'revenue': 'RevenueFromContractWithCustomerExcludingAssessedTax', 'shares': 'EntityCommonStockSharesOutstanding'}"
1037868,AME,AMETEK INC/,"{'debt_st': 'DebtCurrent', 'debt_lt': 'LongTermDebtNoncurrent', 'assets': 'Assets', 'liabilities': 'Liabilities', 'current_assets': 'AssetsCurrent', 'current_liabilities': 'LiabilitiesCurrent', 'retained_earnings': 'RetainedEarningsAccumulatedDeficit', 'liabilities_and_equity': 'LiabilitiesAndStockholdersEquity', 'equity': 'StockholdersEquity', 'ebit': 'OperatingIncomeLoss', 'revenue': 'RevenueFromContractWithCustomerExcludingAssessedTax', 'shares': 'EntityCommonStockSharesOutstanding'}"
1038074,SLAB,SILICON LABORATORIES INC.,"{'debt_st': 'LongTermDebtCurrent', 'debt_lt': 'LongTermDebtNoncurrent', 'assets': 'Assets', 'liabilities': 'Liabilities', 'current_assets': 'AssetsCurrent', 'current_liabilities': 'LiabilitiesCurrent', 'retained_earnings': 'RetainedEarningsAccumulatedDeficit', 'liabilities_and_equity': 'LiabilitiesAndStockholdersEquity', 'equity': 'StockholdersEquity', 'ebit': 'OperatingIncomeLoss', 'revenue': 'RevenueFromContractWithCustomerExcludingAssessedTax', 'shares': 'EntityCommonStockSharesOutstanding'}"
1039065,OSIS,OSI SYSTEMS INC,"{'debt_st': 'LongTermDebtCurrent', 'debt_lt': 'LongTermDebtNoncurrent', 'assets': 'Assets', 'liabilities': 'Liabilities', 'current_assets': 'AssetsCurrent', 'current_liabilities': 'LiabilitiesCurrent', 'retained_earnings': 'RetainedEarningsAccumulatedDeficit', 'liabilities_and_equity': 'LiabilitiesAndStockholdersEquity', 'equity': 'StockholdersEquity', 'ebit': 'OperatingIncomeLoss', 'revenue': 'Revenues', 'shares': 'EntityCommonStockSharesOutstanding'}"
1039399,FORM,FORMFACTOR INC,"{'debt_st': 'LongTermDebtCurrent', 'debt_lt': 'LongTermDebtNoncurrent', 'assets': 'Assets', 'liabilities': 'Liabilities', 'current_assets': 'AssetsCurrent', 'current_liabilities': 'LiabilitiesCurrent', 'retained_earnings': 'RetainedEarningsAccumulatedDeficit', 'liabilities_and_equity': 'LiabilitiesAndStockholdersEquity', 'equity': 'StockholdersEquity', 'ebit': 'OperatingIncomeLoss', 'revenue': 'RevenueFromContractWithCustomerExcludingAssessedTax', 'shares': 'EntityCommonStockSharesOutstanding'}"
1039684,OKE,ONEOK INC /NEW/,"{'debt_st': 'LongTermDebtCurrent', 'debt_lt': 'LongTermDebtNoncurrent', 'assets': 'Assets', 'liabilities': None, 'current_assets': 'AssetsCurrent', 'current_liabilities': 'LiabilitiesCurrent', 'retained_earnings': 'RetainedEarningsAccumulatedDeficit', 'liabilities_and_equity': 'LiabilitiesAndStockholdersEquity', 'equity': 'StockholdersEquity', 'ebit': 'OperatingIncomeLoss', 'revenue': 'RevenueFromContractWithCustomerExcludingAssessedTax', 'shares': 'EntityCommonStockSharesOutstanding'}"
1041061,YUM,YUM BRANDS INC,"{'debt_st': 'DebtCurrent', 'debt_lt': 'LongTermDebtNoncurrent', 'assets': 'Assets', 'liabilities': 'Liabilities', 'current_assets': 'AssetsCurrent', 'current_liabilities': 'LiabilitiesCurrent', 'retained_earnings': 'RetainedEarningsAccumulatedDeficit', 'liabilities_and_equity': 'LiabilitiesAndStockholdersEquity', 'equity': 'StockholdersEquity', 'ebit': 'OperatingIncomeLoss', 'revenue': 'Revenues', 'shares': 'EntityCommonStockSharesOutstanding'}"
1041803,PSMT,PRICESMART INC,"{'debt_st': 'LongTermDebtCurrent', 'debt_lt': 'LongTermDebtNoncurrent', 'assets': 'Assets', 'liabilities': 'Liabilities', 'current_assets': 'AssetsCurrent', 'current_liabilities': 'LiabilitiesCurrent', 'retained_earnings': 'RetainedEarningsAccumulatedDeficit', 'liabilities_and_equity': 'LiabilitiesAndStockholdersEquity', 'equity': 'StockholdersEquity', 'ebit': 'OperatingIncomeLoss', 'revenue': 'RevenueFromContractWithCustomerExcludingAssessedTax', 'shares': 'EntityCommonStockSharesOutstanding'}"
1041859,PLCE,"Childrens Place, Inc.","{'debt_st': 'LongTermDebtCurrent', 'debt_lt': 'LongTermDebtNoncurrent', 'assets': 'Assets', 'liabilities': 'Liabilities', 'current_assets': 'AssetsCurrent', 'current_liabilities': 'LiabilitiesCurrent', 'retained_earnings': 'RetainedEarningsAccumulatedDeficit', 'liabilities_and_equity': 'LiabilitiesAndStockholdersEquity', 'equity': 'StockholdersEquity', 'ebit': 'OperatingIncomeLoss', 'revenue': 'RevenueFromContractWithCustomerExcludingAssessedTax', 'shares': 'EntityCommonStockSharesOutstanding'}"
1043000,SNDA,"SONIDA SENIOR LIVING, INC.","{'debt_st': 'LongTermDebtCurrent', 'debt_lt': 'LongTermDebtNoncurrent', 'assets': 'Assets', 'liabilities': 'Liabilities', 'current_assets': 'AssetsCurrent', 'current_liabilities': 'LiabilitiesCurrent', 'retained_earnings': 'RetainedEarningsAccumulatedDeficit', 'liabilities_and_equity': 'LiabilitiesAndStockholdersEquity', 'equity': 'StockholdersEquity', 'ebit': 'OperatingIncomeLoss', 'revenue': 'RevenueFromContractWithCustomerExcludingAssessedTax', 'shares': 'EntityCommonStockSharesOutstanding'}"
1043277,CHRW,"C. H. ROBINSON WORLDWIDE, INC.","{'debt_st': 'DebtCurrent', 'debt_lt': 'LongTermDebtNoncurrent', 'assets': 'Assets', 'liabilities': 'Liabilities', 'current_assets': 'AssetsCurrent', 'current_liabilities': 'LiabilitiesCurrent', 'retained_earnings': 'RetainedEarningsAccumulatedDeficit', 'liabilities_and_equity': 'LiabilitiesAndStockholdersEquity', 'equity': 'StockholdersEquity', 'ebit': 'OperatingIncomeLoss', 'revenue': 'RevenueFromContractWithCustomerExcludingAssessedTax', 'shares': 'EntityCommonStockSharesOutstanding'}"
1043337,SRI,STONERIDGE INC,"{'debt_st': 'LongTermDebtCurrent', 'debt_lt': 'LongTermDebtNoncurrent', 'assets': 'Assets', 'liabilities': None, 'current_assets': 'AssetsCurrent', 'current_liabilities': 'LiabilitiesCurrent', 'retained_earnings': 'RetainedEarningsAccumulatedDeficit', 'liabilities_and_equity': 'LiabilitiesAndStockholdersEquity', 'equity': 'StockholdersEquity', 'ebit': 'OperatingIncomeLoss', 'revenue': 'RevenueFromContractWithCustomerExcludingAssessedTax', 'shares': 'EntityCommonStockSharesOutstanding'}"
1043604,JNPR,JUNIPER NETWORKS INC,"{'debt_st': 'LongTermDebtCurrent', 'debt_lt': 'LongTermDebtNoncurrent', 'assets': 'Assets', 'liabilities': 'Liabilities', 'current_assets': 'AssetsCurrent', 'current_liabilities': 'LiabilitiesCurrent', 'retained_earnings': 'RetainedEarningsAccumulatedDeficit', 'liabilities_and_equity': 'LiabilitiesAndStockholdersEquity', 'equity': 'StockholdersEquity', 'ebit': 'OperatingIncomeLoss', 'revenue': 'RevenueFromContractWithCustomerExcludingAssessedTax', 'shares': 'EntityCommonStockSharesOutstanding'}"
1045742,LIVE,LIVE VENTURES Inc,"{'debt_st': 'DebtCurrent', 'debt_lt': 'LongTermDebtNoncurrent', 'assets': 'Assets', 'liabilities': 'Liabilities', 'current_assets': 'AssetsCurrent', 'current_liabilities': 'LiabilitiesCurrent', 'retained_earnings': 'RetainedEarningsAccumulatedDeficit', 'liabilities_and_equity': 'LiabilitiesAndStockholdersEquity', 'equity': 'StockholdersEquity', 'ebit': 'OperatingIncomeLoss', 'revenue': 'RevenueFromContractWithCustomerExcludingAssessedTax', 'shares': 'EntityCommonStockSharesOutstanding'}"
1045810,NVDA,NVIDIA CORP,"{'debt_st': 'DebtCurrent', 'debt_lt': 'LongTermDebtNoncurrent', 'assets': 'Assets', 'liabilities': 'Liabilities', 'current_assets': 'AssetsCurrent', 'current_liabilities': 'LiabilitiesCurrent', 'retained_earnings': 'RetainedEarningsAccumulatedDeficit', 'liabilities_and_equity': 'LiabilitiesAndStockholdersEquity', 'equity': 'StockholdersEquity', 'ebit': 'OperatingIncomeLoss', 'revenue': 'RevenueFromContractWithCustomerExcludingAssessedTax', 'shares': 'EntityCommonStockSharesOutstanding'}"
1046102,RBA,RB GLOBAL INC.,"{'debt_st': 'LongTermDebtCurrent', 'debt_lt': 'LongTermDebtNoncurrent', 'assets': 'Assets', 'liabilities': 'Liabilities', 'current_assets': 'AssetsCurrent', 'current_liabilities': 'LiabilitiesCurrent', 'retained_earnings': 'RetainedEarningsAccumulatedDeficit', 'liabilities_and_equity': 'LiabilitiesAndStockholdersEquity', 'equity': 'StockholdersEquity', 'ebit': 'OperatingIncomeLoss', 'revenue': 'Revenues', 'shares': 'EntityCommonStockSharesOutstanding'}"
1046257,INGR,Ingredion Inc,"{'debt_st': 'DebtCurrent', 'debt_lt': 'LongTermDebtNoncurrent', 'assets': 'Assets', 'liabilities': 'Liabilities', 'current_assets': 'AssetsCurrent', 'current_liabilities': 'LiabilitiesCurrent', 'retained_earnings': 'RetainedEarningsAccumulatedDeficit', 'liabilities_and_equity': 'LiabilitiesAndStockholdersEquity', 'equity': 'StockholdersEquity', 'ebit': 'OperatingIncomeLoss', 'revenue': 'RevenueFromContractWithCustomerExcludingAssessedTax', 'shares': 'EntityCommonStockSharesOutstanding'}"
1046311,CHH,CHOICE HOTELS INTERNATIONAL INC /DE,"{'debt_st': 'DebtCurrent', 'debt_lt': 'LongTermDebtNoncurrent', 'assets': 'Assets', 'liabilities': 'Liabilities', 'current_assets': 'AssetsCurrent', 'current_liabilities': 'LiabilitiesCurrent', 'retained_earnings': 'RetainedEarningsAccumulatedDeficit', 'liabilities_and_equity': 'LiabilitiesAndStockholdersEquity', 'equity': 'StockholdersEquity', 'ebit': 'OperatingIncomeLoss', 'revenue': 'RevenueFromContractWithCustomerExcludingAssessedTax', 'shares': 'EntityCommonStockSharesOutstanding'}"
1046568,PRDO,PERDOCEO EDUCATION Corp,"{'debt_st': 'ShortTermBorrowings', 'debt_lt': 'LongTermDebtAndCapitalLeaseObligations', 'assets': 'Assets', 'liabilities': None, 'current_assets': 'AssetsCurrent', 'current_liabilities': 'LiabilitiesCurrent', 'retained_earnings': 'RetainedEarningsAccumulatedDeficit', 'liabilities_and_equity': 'LiabilitiesAndStockholdersEquity', 'equity': 'StockholdersEquity', 'ebit': 'OperatingIncomeLoss', 'revenue': 'RevenueFromContractWithCustomerExcludingAssessedTax', 'shares': 'EntityCommonStockSharesOutstanding'}"
1047127,AMKR,"AMKOR TECHNOLOGY, INC.","{'debt_st': 'DebtCurrent', 'debt_lt': 'LongTermDebtNoncurrent', 'assets': 'Assets', 'liabilities': 'Liabilities', 'current_assets': 'AssetsCurrent', 'current_liabilities': 'LiabilitiesCurrent', 'retained_earnings': 'RetainedEarningsAccumulatedDeficit', 'liabilities_and_equity': 'LiabilitiesAndStockholdersEquity', 'equity': 'StockholdersEquity', 'ebit': 'OperatingIncomeLoss', 'revenue': 'RevenueFromContractWithCustomerExcludingAssessedTax', 'shares': 'EntityCommonStockSharesOutstanding'}"
1047335,NHC,NATIONAL HEALTHCARE CORP,"{'debt_st': 'LongTermDebtCurrent', 'debt_lt': 'LongTermDebtNoncurrent', 'assets': 'Assets', 'liabilities': 'Liabilities', 'current_assets': 'AssetsCurrent', 'current_liabilities': 'LiabilitiesCurrent', 'retained_earnings': 'RetainedEarningsAccumulatedDeficit', 'liabilities_and_equity': 'LiabilitiesAndStockholdersEquity', 'equity': 'StockholdersEquity', 'ebit': 'OperatingIncomeLoss', 'revenue': 'Revenues', 'shares': 'EntityCommonStockSharesOutstanding'}"
1047340,DMC,DEL MONTE CORP,"{'debt_st': None, 'debt_lt': 'LongTermDebtAndCapitalLeaseObligations', 'assets': 'Assets', 'liabilities': 'Liabilities', 'current_assets': 'AssetsCurrent', 'current_liabilities': 'LiabilitiesCurrent', 'retained_earnings': 'RetainedEarningsAccumulatedDeficit', 'liabilities_and_equity': 'LiabilitiesAndStockholdersEquity', 'equity': 'StockholdersEquity', 'ebit': 'OperatingIncomeLoss', 'revenue': 'Revenues', 'shares': 'EntityCommonStockSharesOutstanding'}"
1047716,LTM,LATAM AIRLINES GROUP S.A.,"{'debt_st': 'ShortTermBorrowings', 'debt_lt': None, 'assets': 'Assets', 'liabilities': None, 'current_assets': None, 'current_liabilities': None, 'retained_earnings': None, 'liabilities_and_equity': None, 'equity': None, 'ebit': None, 'revenue': None, 'shares': 'EntityCommonStockSharesOutstanding'}"
1047862,ED,CONSOLIDATED EDISON INC,"{'debt_st': 'LongTermDebtCurrent', 'debt_lt': 'LongTermDebtNoncurrent', 'assets': 'Assets', 'liabilities': None, 'current_assets': 'AssetsCurrent', 'current_liabilities': 'LiabilitiesCurrent', 'retained_earnings': 'RetainedEarningsAccumulatedDeficit', 'liabilities_and_equity': 'LiabilitiesAndStockholdersEquity', 'equity': 'StockholdersEquity', 'ebit': 'OperatingIncomeLoss', 'revenue': 'RevenueFromContractWithCustomerExcludingAssessedTax', 'shares': 'EntityCommonStockSharesOutstanding'}"
1048268,IESC,"IES Holdings, Inc.","{'debt_st': 'DebtCurrent', 'debt_lt': 'LongTermDebtNoncurrent', 'assets': 'Assets', 'liabilities': 'Liabilities', 'current_assets': 'AssetsCurrent', 'current_liabilities': 'LiabilitiesCurrent', 'retained_earnings': 'RetainedEarningsAccumulatedDeficit', 'liabilities_and_equity': 'LiabilitiesAndStockholdersEquity', 'equity': 'StockholdersEquity', 'ebit': 'OperatingIncomeLoss', 'revenue': 'Revenues', 'shares': 'EntityCommonStockSharesOutstanding'}"
1048477,BMRN,BIOMARIN PHARMACEUTICAL INC,"{'debt_st': 'LongTermDebtCurrent', 'debt_lt': 'LongTermDebtNoncurrent', 'assets': 'Assets', 'liabilities': 'Liabilities', 'current_assets': 'AssetsCurrent', 'current_liabilities': 'LiabilitiesCurrent', 'retained_earnings': 'RetainedEarningsAccumulatedDeficit', 'liabilities_and_equity': 'LiabilitiesAndStockholdersEquity', 'equity': 'StockholdersEquity', 'ebit': 'OperatingIncomeLoss', 'revenue': 'RevenueFromContractWithCustomerExcludingAssessedTax', 'shares': 'EntityCommonStockSharesOutstanding'}"
1048695,FFIV,"F5, INC.","{'debt_st': 'LongTermDebtCurrent', 'debt_lt': 'LongTermDebtNoncurrent', 'assets': 'Assets', 'liabilities': 'Liabilities', 'current_assets': 'AssetsCurrent', 'current_liabilities': 'LiabilitiesCurrent', 'retained_earnings': 'RetainedEarningsAccumulatedDeficit', 'liabilities_and_equity': 'LiabilitiesAndStockholdersEquity', 'equity': 'StockholdersEquityIncludingPortionAttributableToNoncontrollingInterest', 'ebit': 'OperatingIncomeLoss', 'revenue': 'RevenueFromContractWithCustomerExcludingAssessedTax', 'shares': 'EntityCommonStockSharesOutstanding'}"
1048911,FDX,FEDEX CORP,"{'debt_st': 'ShortTermBorrowings', 'debt_lt': 'LongTermDebtNoncurrent', 'assets': 'Assets', 'liabilities': None, 'current_assets': 'AssetsCurrent', 'current_liabilities': 'LiabilitiesCurrent', 'retained_earnings': 'RetainedEarningsAccumulatedDeficit', 'liabilities_and_equity': 'LiabilitiesAndStockholdersEquity', 'equity': 'StockholdersEquity', 'ebit': 'OperatingIncomeLoss', 'revenue': 'RevenueFromContractWithCustomerExcludingAssessedTax', 'shares': 'EntityCommonStockSharesOutstanding'}"
1049502,MKSI,MKS INC,"{'debt_st': 'DebtCurrent', 'debt_lt': 'LongTermDebtNoncurrent', 'assets': 'Assets', 'liabilities': 'Liabilities', 'current_assets': 'AssetsCurrent', 'current_liabilities': 'LiabilitiesCurrent', 'retained_earnings': 'RetainedEarningsAccumulatedDeficit', 'liabilities_and_equity': 'LiabilitiesAndStockholdersEquity', 'equity': 'StockholdersEquity', 'ebit': 'OperatingIncomeLoss', 'revenue': 'RevenueFromContractWithCustomerExcludingAssessedTax', 'shares': 'EntityCommonStockSharesOutstanding'}"
1049521,MRCY,MERCURY SYSTEMS INC,"{'debt_st': 'LongTermDebtCurrent', 'debt_lt': 'LongTermDebt', 'assets': 'Assets', 'liabilities': 'Liabilities', 'current_assets': 'AssetsCurrent', 'current_liabilities': 'LiabilitiesCurrent', 'retained_earnings': 'RetainedEarningsAccumulatedDeficit', 'liabilities_and_equity': 'LiabilitiesAndStockholdersEquity', 'equity': 'StockholdersEquity', 'ebit': 'OperatingIncomeLoss', 'revenue': 'Revenues', 'shares': 'EntityCommonStockSharesOutstanding'}"
1050140,DSGX,DESCARTES SYSTEMS GROUP INC,"{'debt_st': 'LongTermDebtCurrent', 'debt_lt': 'LongTermDebtNoncurrent', 'assets': 'Assets', 'liabilities': 'Liabilities', 'current_assets': 'AssetsCurrent', 'current_liabilities': 'LiabilitiesCurrent', 'retained_earnings': 'RetainedEarningsAccumulatedDeficit', 'liabilities_and_equity': 'LiabilitiesAndStockholdersEquity', 'equity': 'StockholdersEquity', 'ebit': 'OperatingIncomeLoss', 'revenue': 'Revenues', 'shares': 'EntityCommonStockSharesOutstanding'}"
1050915,PWR,"QUANTA SERVICES, INC.","{'debt_st': 'DebtCurrent', 'debt_lt': 'LongTermDebtNoncurrent', 'assets': 'Assets', 'liabilities': 'Liabilities', 'current_assets': 'AssetsCurrent', 'current_liabilities': 'LiabilitiesCurrent', 'retained_earnings': 'RetainedEarningsAccumulatedDeficit', 'liabilities_and_equity': 'LiabilitiesAndStockholdersEquity', 'equity': 'StockholdersEquity', 'ebit': 'OperatingIncomeLoss', 'revenue': 'RevenueFromContractWithCustomerExcludingAssessedTax', 'shares': 'EntityCommonStockSharesOutstanding'}"
1051627,AXTI,AXT INC,"{'debt_st': 'DebtCurrent', 'debt_lt': None, 'assets': 'Assets', 'liabilities': 'Liabilities', 'current_assets': 'AssetsCurrent', 'current_liabilities': 'LiabilitiesCurrent', 'retained_earnings': 'RetainedEarningsAccumulatedDeficit', 'liabilities_and_equity': 'LiabilitiesAndStockholdersEquity', 'equity': 'StockholdersEquity', 'ebit': 'OperatingIncomeLoss', 'revenue': 'RevenueFromContractWithCustomerExcludingAssessedTax', 'shares': 'EntityCommonStockSharesOutstanding'}"
1053706,CRAI,"CRA INTERNATIONAL, INC.","{'debt_st': 'DebtCurrent', 'debt_lt': 'LongTermNotesPayable', 'assets': 'Assets', 'liabilities': None, 'current_assets': 'AssetsCurrent', 'current_liabilities': 'LiabilitiesCurrent', 'retained_earnings': 'RetainedEarningsAccumulatedDeficit', 'liabilities_and_equity': 'LiabilitiesAndStockholdersEquity', 'equity': 'StockholdersEquity', 'ebit': 'OperatingIncomeLoss', 'revenue': 'RevenueFromContractWithCustomerExcludingAssessedTax', 'shares': 'EntityCommonStockSharesOutstanding'}"
1054905,IOSP,INNOSPEC INC.,"{'debt_st': 'LongTermDebtCurrent', 'debt_lt': 'LongTermDebtNoncurrent', 'assets': 'Assets', 'liabilities': 'Liabilities', 'current_assets': 'AssetsCurrent', 'current_liabilities': 'LiabilitiesCurrent', 'retained_earnings': 'RetainedEarningsAccumulatedDeficit', 'liabilities_and_equity': 'LiabilitiesAndStockholdersEquity', 'equity': 'StockholdersEquity', 'ebit': 'OperatingIncomeLoss', 'revenue': 'RevenueFromContractWithCustomerExcludingAssessedTax', 'shares': 'EntityCommonStockSharesOutstanding'}"
1055726,INO,"INOVIO PHARMACEUTICALS, INC.","{'debt_st': None, 'debt_lt': 'LongTermDebt', 'assets': 'Assets', 'liabilities': 'Liabilities', 'current_assets': 'AssetsCurrent', 'current_liabilities': 'LiabilitiesCurrent', 'retained_earnings': 'RetainedEarningsAccumulatedDeficit', 'liabilities_and_equity': 'LiabilitiesAndStockholdersEquity', 'equity': 'StockholdersEquity', 'ebit': 'OperatingIncomeLoss', 'revenue': 'RevenueFromContractWithCustomerExcludingAssessedTax', 'shares': 'EntityCommonStockSharesOutstanding'}"
1056903,AWR,AMERICAN STATES WATER CO,"{'debt_st': 'LongTermDebtCurrent', 'debt_lt': 'LongTermDebtNoncurrent', 'assets': 'Assets', 'liabilities': None, 'current_assets': 'AssetsCurrent', 'current_liabilities': 'LiabilitiesCurrent', 'retained_earnings': 'RetainedEarningsAccumulatedDeficit', 'liabilities_and_equity': 'LiabilitiesAndStockholdersEquity', 'equity': 'StockholdersEquity', 'ebit': 'OperatingIncomeLoss', 'revenue': 'Revenues', 'shares': 'EntityCommonStockSharesOutstanding'}"
1057060,HZO,MARINEMAX INC,"{'debt_st': 'LongTermDebtCurrent', 'debt_lt': 'LongTermDebtNoncurrent', 'assets': 'Assets', 'liabilities': 'Liabilities', 'current_assets': 'AssetsCurrent', 'current_liabilities': 'LiabilitiesCurrent', 'retained_earnings': 'RetainedEarningsAccumulatedDeficit', 'liabilities_and_equity': 'LiabilitiesAndStockholdersEquity', 'equity': 'StockholdersEquity', 'ebit': 'OperatingIncomeLoss', 'revenue': 'RevenueFromContractWithCustomerExcludingAssessedTax', 'shares': 'EntityCommonStockSharesOutstanding'}"
1057352,CSGP,"COSTAR GROUP, INC.","{'debt_st': 'LongTermDebtCurrent', 'debt_lt': 'LongTermDebtNoncurrent', 'assets': 'Assets', 'liabilities': 'Liabilities', 'current_assets': 'AssetsCurrent', 'current_liabilities': 'LiabilitiesCurrent', 'retained_earnings': 'RetainedEarningsAccumulatedDeficit', 'liabilities_and_equity': 'LiabilitiesAndStockholdersEquity', 'equity': 'StockholdersEquity', 'ebit': 'OperatingIncomeLoss', 'revenue': 'RevenueFromContractWithCustomerExcludingAssessedTax', 'shares': 'EntityCommonStockSharesOutstanding'}"
1057877,IDA,IDACORP INC,"{'debt_st': 'LongTermDebtCurrent', 'debt_lt': 'LongTermDebtNoncurrent', 'assets': 'Assets', 'liabilities': None, 'current_assets': 'AssetsCurrent', 'current_liabilities': 'LiabilitiesCurrent', 'retained_earnings': 'RetainedEarningsAccumulatedDeficit', 'liabilities_and_equity': 'LiabilitiesAndStockholdersEquity', 'equity': 'StockholdersEquity', 'ebit': 'OperatingIncomeLoss', 'revenue': 'RevenueFromContractWithCustomerExcludingAssessedTax', 'shares': 'EntityCommonStockSharesOutstanding'}"
1058057,MRVL,MARVELL TECHNOLOGY GROUP LTD,"{'debt_st': 'LongTermDebtCurrent', 'debt_lt': 'LongTermDebtNoncurrent', 'assets': 'Assets', 'liabilities': 'Liabilities', 'current_assets': 'AssetsCurrent', 'current_liabilities': 'LiabilitiesCurrent', 'retained_earnings': 'RetainedEarningsAccumulatedDeficit', 'liabilities_and_equity': 'LiabilitiesAndStockholdersEquity', 'equity': 'StockholdersEquity', 'ebit': 'OperatingIncomeLoss', 'revenue': 'RevenueFromContractWithCustomerExcludingAssessedTax', 'shares': 'EntityCommonStockSharesOutstanding'}"
1058290,CTSH,COGNIZANT TECHNOLOGY SOLUTIONS CORP,"{'debt_st': 'DebtCurrent', 'debt_lt': 'LongTermDebtNoncurrent', 'assets': 'Assets', 'liabilities': 'Liabilities', 'current_assets': 'AssetsCurrent', 'current_liabilities': 'LiabilitiesCurrent', 'retained_earnings': 'RetainedEarningsAccumulatedDeficit', 'liabilities_and_equity': 'LiabilitiesAndStockholdersEquity', 'equity': 'StockholdersEquity', 'ebit': 'OperatingIncomeLoss', 'revenue': 'RevenueFromContractWithCustomerExcludingAssessedTax', 'shares': 'EntityCommonStockSharesOutstanding'}"
1058811,IMMR,IMMERSION CORP,"{'debt_st': 'ShortTermBorrowings', 'debt_lt': 'LongTermDebtNoncurrent', 'assets': 'Assets', 'liabilities': 'Liabilities', 'current_assets': 'AssetsCurrent', 'current_liabilities': 'LiabilitiesCurrent', 'retained_earnings': 'RetainedEarningsAccumulatedDeficit', 'liabilities_and_equity': 'LiabilitiesAndStockholdersEquity', 'equity': 'StockholdersEquity', 'ebit': 'OperatingIncomeLoss', 'revenue': 'RevenueFromContractWithCustomerExcludingAssessedTax', 'shares': 'EntityCommonStockSharesOutstanding'}"
1059556,MCO,MOODYS CORP /DE/,"{'debt_st': 'DebtCurrent', 'debt_lt': 'LongTermDebtNoncurrent', 'assets': 'Assets', 'liabilities': 'Liabilities', 'current_assets': 'AssetsCurrent', 'current_liabilities': 'LiabilitiesCurrent', 'retained_earnings': 'RetainedEarningsAccumulatedDeficit', 'liabilities_and_equity': 'LiabilitiesAndStockholdersEquity', 'equity': 'StockholdersEquity', 'ebit': 'OperatingIncomeLoss', 'revenue': 'RevenueFromContractWithCustomerExcludingAssessedTax', 'shares': 'EntityCommonStockSharesOutstanding'}"
1060391,RSG,"REPUBLIC SERVICES, INC.","{'debt_st': None, 'debt_lt': 'LongTermDebtAndCapitalLeaseObligationsIncludingCurrentMaturities', 'assets': 'Assets', 'liabilities': None, 'current_assets': 'AssetsCurrent', 'current_liabilities': 'LiabilitiesCurrent', 'retained_earnings': 'RetainedEarningsAccumulatedDeficit', 'liabilities_and_equity': 'LiabilitiesAndStockholdersEquity', 'equity': 'StockholdersEquity', 'ebit': 'OperatingIncomeLoss', 'revenue': 'RevenueFromContractWithCustomerExcludingAssessedTax', 'shares': 'EntityCommonStockSharesOutstanding'}"
1060822,CRI,CARTERS INC,"{'debt_st': 'LongTermDebtCurrent', 'debt_lt': 'LongTermDebtNoncurrent', 'assets': 'Assets', 'liabilities': 'Liabilities', 'current_assets': 'AssetsCurrent', 'current_liabilities': 'LiabilitiesCurrent', 'retained_earnings': 'RetainedEarningsAccumulatedDeficit', 'liabilities_and_equity': 'LiabilitiesAndStockholdersEquity', 'equity': 'StockholdersEquity', 'ebit': 'OperatingIncomeLoss', 'revenue': 'RevenueFromContractWithCustomerExcludingAssessedTax', 'shares': 'EntityCommonStockSharesOutstanding'}"
1060955,ICLR,ICON PLC,"{'debt_st': 'LongTermDebtCurrent', 'debt_lt': 'LongTermDebtNoncurrent', 'assets': 'Assets', 'liabilities': 'Liabilities', 'current_assets': 'AssetsCurrent', 'current_liabilities': 'LiabilitiesCurrent', 'retained_earnings': 'RetainedEarningsAccumulatedDeficit', 'liabilities_and_equity': 'LiabilitiesAndStockholdersEquity', 'equity': 'StockholdersEquity', 'ebit': 'OperatingIncomeLoss', 'revenue': 'RevenueFromContractWithCustomerExcludingAssessedTax', 'shares': 'EntityCommonStockSharesOutstanding'}"
1061219,EPD,ENTERPRISE PRODUCTS PARTNERS L.P.,"{'debt_st': 'DebtCurrent', 'debt_lt': 'LongTermDebtNoncurrent', 'assets': 'Assets', 'liabilities': None, 'current_assets': 'AssetsCurrent', 'current_liabilities': 'LiabilitiesCurrent', 'retained_earnings': None, 'liabilities_and_equity': 'LiabilitiesAndStockholdersEquity', 'equity': None, 'ebit': 'OperatingIncomeLoss', 'revenue': 'Revenues', 'shares': 'EntityCommonStockSharesOutstanding'}"
1061983,CYTK,CYTOKINETICS INC,"{'debt_st': 'LongTermDebtCurrent', 'debt_lt': 'LongTermDebtNoncurrent', 'assets': 'Assets', 'liabilities': 'Liabilities', 'current_assets': 'AssetsCurrent', 'current_liabilities': 'LiabilitiesCurrent', 'retained_earnings': 'RetainedEarningsAccumulatedDeficit', 'liabilities_and_equity': 'LiabilitiesAndStockholdersEquity', 'equity': 'StockholdersEquity', 'ebit': 'OperatingIncomeLoss', 'revenue': 'RevenueFromContractWithCustomerExcludingAssessedTax', 'shares': 'EntityCommonStockSharesOutstanding'}"
1062231,DCH,Dauch Corp,"{'debt_st': 'LongTermDebtCurrent', 'debt_lt': 'LongTermDebtNoncurrent', 'assets': 'Assets', 'liabilities': 'Liabilities', 'current_assets': 'AssetsCurrent', 'current_liabilities': 'LiabilitiesCurrent', 'retained_earnings': 'RetainedEarningsAccumulatedDeficit', 'liabilities_and_equity': 'LiabilitiesAndStockholdersEquity', 'equity': 'StockholdersEquity', 'ebit': 'OperatingIncomeLoss', 'revenue': 'RevenueFromContractWithCustomerExcludingAssessedTax', 'shares': 'EntityCommonStockSharesOutstanding'}"
1062822,LXRX,"LEXICON PHARMACEUTICALS, INC.","{'debt_st': 'LongTermDebtCurrent', 'debt_lt': 'LongTermDebtNoncurrent', 'assets': 'Assets', 'liabilities': 'Liabilities', 'current_assets': 'AssetsCurrent', 'current_liabilities': 'LiabilitiesCurrent', 'retained_earnings': 'RetainedEarningsAccumulatedDeficit', 'liabilities_and_equity': 'LiabilitiesAndStockholdersEquity', 'equity': 'StockholdersEquity', 'ebit': 'OperatingIncomeLoss', 'revenue': 'RevenueFromContractWithCustomerExcludingAssessedTax', 'shares': 'EntityCommonStockSharesOutstanding'}"
1065088,EBAY,EBAY INC,"{'debt_st': 'DebtCurrent', 'debt_lt': 'LongTermDebtNoncurrent', 'assets': 'Assets', 'liabilities': 'Liabilities', 'current_assets': 'AssetsCurrent', 'current_liabilities': 'LiabilitiesCurrent', 'retained_earnings': 'RetainedEarningsAccumulatedDeficit', 'liabilities_and_equity': 'LiabilitiesAndStockholdersEquity', 'equity': 'StockholdersEquity', 'ebit': 'OperatingIncomeLoss', 'revenue': 'RevenueFromContractWithCustomerExcludingAssessedTax', 'shares': 'EntityCommonStockSharesOutstanding'}"
1065280,NFLX,NETFLIX INC,"{'debt_st': 'ShortTermBorrowings', 'debt_lt': 'LongTermDebtNoncurrent', 'assets': 'Assets', 'liabilities': 'Liabilities', 'current_assets': 'AssetsCurrent', 'current_liabilities': 'LiabilitiesCurrent', 'retained_earnings': 'RetainedEarningsAccumulatedDeficit', 'liabilities_and_equity': 'LiabilitiesAndStockholdersEquity', 'equity': 'StockholdersEquity', 'ebit': 'OperatingIncomeLoss', 'revenue': 'Revenues', 'shares': 'EntityCommonStockSharesOutstanding'}"
1065696,LKQ,LKQ CORP,"{'debt_st': 'DebtCurrent', 'debt_lt': 'LongTermDebtAndCapitalLeaseObligations', 'assets': 'Assets', 'liabilities': None, 'current_assets': 'AssetsCurrent', 'current_liabilities': 'LiabilitiesCurrent', 'retained_earnings': 'RetainedEarningsAccumulatedDeficit', 'liabilities_and_equity': 'LiabilitiesAndStockholdersEquity', 'equity': 'StockholdersEquity', 'ebit': 'OperatingIncomeLoss', 'revenue': 'Revenues', 'shares': 'EntityCommonStockSharesOutstanding'}"
1067294,CBRL,"CRACKER BARREL OLD COUNTRY STORE, INC","{'debt_st': 'LongTermDebtCurrent', 'debt_lt': 'LongTermDebtNoncurrent', 'assets': 'Assets', 'liabilities': None, 'current_assets': 'AssetsCurrent', 'current_liabilities': 'LiabilitiesCurrent', 'retained_earnings': 'RetainedEarningsAccumulatedDeficit', 'liabilities_and_equity': 'LiabilitiesAndStockholdersEquity', 'equity': 'StockholdersEquity', 'ebit': 'OperatingIncomeLoss', 'revenue': 'RevenueFromContractWithCustomerExcludingAssessedTax', 'shares': 'EntityCommonStockSharesOutstanding'}"
1067701,URI,"UNITED RENTALS, INC.","{'debt_st': 'DebtCurrent', 'debt_lt': 'LongTermDebtAndCapitalLeaseObligations', 'assets': 'Assets', 'liabilities': 'Liabilities', 'current_assets': 'AssetsCurrent', 'current_liabilities': 'LiabilitiesCurrent', 'retained_earnings': 'RetainedEarningsAccumulatedDeficit', 'liabilities_and_equity': 'LiabilitiesAndStockholdersEquity', 'equity': 'StockholdersEquity', 'ebit': 'OperatingIncomeLoss', 'revenue': 'RevenueFromContractWithCustomerExcludingAssessedTax', 'shares': 'EntityCommonStockSharesOutstanding'}"
1069183,AXON,"AXON ENTERPRISE, INC.","{'debt_st': 'LongTermDebtCurrent', 'debt_lt': 'LongTermDebtNoncurrent', 'assets': 'Assets', 'liabilities': 'Liabilities', 'current_assets': 'AssetsCurrent', 'current_liabilities': 'LiabilitiesCurrent', 'retained_earnings': 'RetainedEarningsAccumulatedDeficit', 'liabilities_and_equity': 'LiabilitiesAndStockholdersEquity', 'equity': 'StockholdersEquity', 'ebit': 'OperatingIncomeLoss', 'revenue': 'RevenueFromContractWithCustomerExcludingAssessedTax', 'shares': 'EntityCommonStockSharesOutstanding'}"
1069202,LII,LENNOX INTERNATIONAL INC,"{'debt_st': 'LongTermDebtCurrent', 'debt_lt': 'LongTermDebtAndCapitalLeaseObligations', 'assets': 'Assets', 'liabilities': 'Liabilities', 'current_assets': 'AssetsCurrent', 'current_liabilities': 'LiabilitiesCurrent', 'retained_earnings': 'RetainedEarningsAccumulatedDeficit', 'liabilities_and_equity': 'LiabilitiesAndStockholdersEquity', 'equity': 'StockholdersEquity', 'ebit': 'OperatingIncomeLoss', 'revenue': 'Revenues', 'shares': 'EntityCommonStockSharesOutstanding'}"
1069258,KTOS,"KRATOS DEFENSE & SECURITY SOLUTIONS, INC.","{'debt_st': 'LongTermDebtCurrent', 'debt_lt': 'LongTermDebtNoncurrent', 'assets': 'Assets', 'liabilities': 'Liabilities', 'current_assets': 'AssetsCurrent', 'current_liabilities': 'LiabilitiesCurrent', 'retained_earnings': 'RetainedEarningsAccumulatedDeficit', 'liabilities_and_equity': 'LiabilitiesAndStockholdersEquity', 'equity': 'StockholdersEquity', 'ebit': 'OperatingIncomeLoss', 'revenue': 'RevenueFromContractWithCustomerExcludingAssessedTax', 'shares': 'EntityCommonStockSharesOutstanding'}"
1069533,RGCO,RGC RESOURCES INC,"{'debt_st': 'LongTermDebtCurrent', 'debt_lt': 'LongTermDebtNoncurrent', 'assets': 'Assets', 'liabilities': None, 'current_assets': 'AssetsCurrent', 'current_liabilities': 'LiabilitiesCurrent', 'retained_earnings': 'RetainedEarningsAccumulatedDeficit', 'liabilities_and_equity': 'LiabilitiesAndStockholdersEquity', 'equity': 'StockholdersEquity', 'ebit': 'OperatingIncomeLoss', 'revenue': 'RevenueFromContractWithCustomerExcludingAssessedTax', 'shares': 'EntityCommonStockSharesOutstanding'}"
1070081,PTCT,"PTC THERAPEUTICS, INC.","{'debt_st': 'LongTermDebtCurrent', 'debt_lt': 'LongTermDebtNoncurrent', 'assets': 'Assets', 'liabilities': 'Liabilities', 'current_assets': 'AssetsCurrent', 'current_liabilities': 'LiabilitiesCurrent', 'retained_earnings': 'RetainedEarningsAccumulatedDeficit', 'liabilities_and_equity': 'LiabilitiesAndStockholdersEquity', 'equity': 'StockholdersEquity', 'ebit': 'OperatingIncomeLoss', 'revenue': 'RevenueFromContractWithCustomerExcludingAssessedTax', 'shares': 'EntityCommonStockSharesOutstanding'}"
1070235,BB,BLACKBERRY Ltd,"{'debt_st': None, 'debt_lt': 'LongTermDebt', 'assets': 'Assets', 'liabilities': 'Liabilities', 'current_assets': 'AssetsCurrent', 'current_liabilities': 'LiabilitiesCurrent', 'retained_earnings': 'RetainedEarningsAccumulatedDeficit', 'liabilities_and_equity': 'LiabilitiesAndStockholdersEquity', 'equity': 'StockholdersEquity', 'ebit': 'OperatingIncomeLoss', 'revenue': 'Revenues', 'shares': 'EntityCommonStockSharesOutstanding'}"
1070412,CNX,CNX Resources Corp,"{'debt_st': 'DebtCurrent', 'debt_lt': 'LongTermDebtNoncurrent', 'assets': 'Assets', 'liabilities': 'Liabilities', 'current_assets': 'AssetsCurrent', 'current_liabilities': 'LiabilitiesCurrent', 'retained_earnings': 'RetainedEarningsAccumulatedDeficit', 'liabilities_and_equity': 'LiabilitiesAndStockholdersEquity', 'equity': 'StockholdersEquity', 'ebit': None, 'revenue': 'Revenues', 'shares': 'EntityCommonStockSharesOutstanding'}"
1070423,PAA,PLAINS ALL AMERICAN PIPELINE LP,"{'debt_st': 'DebtCurrent', 'debt_lt': 'LongTermDebtNoncurrent', 'assets': 'Assets', 'liabilities': 'Liabilities', 'current_assets': 'AssetsCurrent', 'current_liabilities': 'LiabilitiesCurrent', 'retained_earnings': None, 'liabilities_and_equity': 'LiabilitiesAndStockholdersEquity', 'equity': 'StockholdersEquityIncludingPortionAttributableToNoncontrollingInterest', 'ebit': 'OperatingIncomeLoss', 'revenue': 'Revenues', 'shares': 'EntityCommonStockSharesOutstanding'}"
1075531,BKNG,Booking Holdings Inc.,"{'debt_st': 'LongTermDebtCurrent', 'debt_lt': 'LongTermDebtNoncurrent', 'assets': 'Assets', 'liabilities': 'Liabilities', 'current_assets': 'AssetsCurrent', 'current_liabilities': 'LiabilitiesCurrent', 'retained_earnings': 'RetainedEarningsAccumulatedDeficit', 'liabilities_and_equity': 'LiabilitiesAndStockholdersEquity', 'equity': 'StockholdersEquity', 'ebit': 'OperatingIncomeLoss', 'revenue': 'Revenues', 'shares': 'EntityCommonStockSharesOutstanding'}"
1076930,NOVT,NOVANTA INC,"{'debt_st': 'LongTermDebtCurrent', 'debt_lt': 'LongTermDebtNoncurrent', 'assets': 'Assets', 'liabilities': 'Liabilities', 'current_assets': 'AssetsCurrent', 'current_liabilities': 'LiabilitiesCurrent', 'retained_earnings': 'RetainedEarningsAccumulatedDeficit', 'liabilities_and_equity': 'LiabilitiesAndStockholdersEquity', 'equity': 'StockholdersEquity', 'ebit': 'OperatingIncomeLoss', 'revenue': 'RevenueFromContractWithCustomerExcludingAssessedTax', 'shares': 'EntityCommonStockSharesOutstanding'}"
1077183,NEO,NEOGENOMICS INC,"{'debt_st': 'LongTermDebtCurrent', 'debt_lt': 'LongTermDebtNoncurrent', 'assets': 'Assets', 'liabilities': 'Liabilities', 'current_assets': 'AssetsCurrent', 'current_liabilities': 'LiabilitiesCurrent', 'retained_earnings': 'RetainedEarningsAccumulatedDeficit', 'liabilities_and_equity': 'LiabilitiesAndStockholdersEquity', 'equity': 'StockholdersEquity', 'ebit': 'OperatingIncomeLoss', 'revenue': 'RevenueFromContractWithCustomerIncludingAssessedTax', 'shares': 'EntityCommonStockSharesOutstanding'}"
1077688,HOFT,HOOKER FURNISHINGS Corp,"{'debt_st': 'LongTermDebtCurrent', 'debt_lt': 'LongTermDebtNoncurrent', 'assets': 'Assets', 'liabilities': 'Liabilities', 'current_assets': 'AssetsCurrent', 'current_liabilities': 'LiabilitiesCurrent', 'retained_earnings': 'RetainedEarningsAccumulatedDeficit', 'liabilities_and_equity': 'LiabilitiesAndStockholdersEquity', 'equity': 'StockholdersEquity', 'ebit': 'OperatingIncomeLoss', 'revenue': 'RevenueFromContractWithCustomerIncludingAssessedTax', 'shares': 'EntityCommonStockSharesOutstanding'}"
1078075,NTCT,NETSCOUT SYSTEMS INC,"{'debt_st': 'LongTermDebtCurrent', 'debt_lt': 'LongTermDebtNoncurrent', 'assets': 'Assets', 'liabilities': 'Liabilities', 'current_assets': 'AssetsCurrent', 'current_liabilities': 'LiabilitiesCurrent', 'retained_earnings': 'RetainedEarningsAccumulatedDeficit', 'liabilities_and_equity': 'LiabilitiesAndStockholdersEquity', 'equity': 'StockholdersEquity', 'ebit': 'OperatingIncomeLoss', 'revenue': 'RevenueFromContractWithCustomerExcludingAssessedTax', 'shares': 'EntityCommonStockSharesOutstanding'}"
1078207,BFXXQ,BOWFLEX INC.,"{'debt_st': 'LongTermDebtCurrent', 'debt_lt': 'LongTermDebtNoncurrent', 'assets': 'Assets', 'liabilities': 'Liabilities', 'current_assets': 'AssetsCurrent', 'current_liabilities': 'LiabilitiesCurrent', 'retained_earnings': 'RetainedEarningsAccumulatedDeficit', 'liabilities_and_equity': 'LiabilitiesAndStockholdersEquity', 'equity': 'StockholdersEquity', 'ebit': 'OperatingIncomeLoss', 'revenue': 'RevenueFromContractWithCustomerExcludingAssessedTax', 'shares': 'EntityCommonStockSharesOutstanding'}"
1078271,EXTR,EXTREME NETWORKS INC,"{'debt_st': 'LongTermDebtCurrent', 'debt_lt': 'LongTermDebtNoncurrent', 'assets': 'Assets', 'liabilities': None, 'current_assets': 'AssetsCurrent', 'current_liabilities': 'LiabilitiesCurrent', 'retained_earnings': 'RetainedEarningsAccumulatedDeficit', 'liabilities_and_equity': 'LiabilitiesAndStockholdersEquity', 'equity': 'StockholdersEquity', 'ebit': 'OperatingIncomeLoss', 'revenue': 'RevenueFromContractWithCustomerExcludingAssessedTax', 'shares': 'EntityCommonStockSharesOutstanding'}"
1080014,INVA,"Innoviva, Inc.","{'debt_st': 'DebtCurrent', 'debt_lt': 'LongTermDebtNoncurrent', 'assets': 'Assets', 'liabilities': None, 'current_assets': 'AssetsCurrent', 'current_liabilities': 'LiabilitiesCurrent', 'retained_earnings': 'RetainedEarningsAccumulatedDeficit', 'liabilities_and_equity': 'LiabilitiesAndStockholdersEquity', 'equity': 'StockholdersEquity', 'ebit': 'OperatingIncomeLoss', 'revenue': 'RevenueFromContractWithCustomerExcludingAssessedTax', 'shares': 'EntityCommonStockSharesOutstanding'}"
1083446,ASTH,"Astrana Health, Inc.","{'debt_st': 'LongTermDebtCurrent', 'debt_lt': 'LongTermDebtNoncurrent', 'assets': 'Assets', 'liabilities': 'Liabilities', 'current_assets': 'AssetsCurrent', 'current_liabilities': 'LiabilitiesCurrent', 'retained_earnings': 'RetainedEarningsAccumulatedDeficit', 'liabilities_and_equity': 'LiabilitiesAndStockholdersEquity', 'equity': 'StockholdersEquity', 'ebit': 'OperatingIncomeLoss', 'revenue': 'RevenueFromContractWithCustomerExcludingAssessedTax', 'shares': 'EntityCommonStockSharesOutstanding'}"
1084048,ZD,"ZIFF DAVIS, INC.","{'debt_st': 'LongTermDebtCurrent', 'debt_lt': 'LongTermDebtNoncurrent', 'assets': 'Assets', 'liabilities': 'Liabilities', 'current_assets': 'AssetsCurrent', 'current_liabilities': 'LiabilitiesCurrent', 'retained_earnings': 'RetainedEarningsAccumulatedDeficit', 'liabilities_and_equity': 'LiabilitiesAndStockholdersEquity', 'equity': 'StockholdersEquity', 'ebit': 'OperatingIncomeLoss', 'revenue': 'RevenueFromContractWithCustomerExcludingAssessedTax', 'shares': 'EntityCommonStockSharesOutstanding'}"
1084765,RGP,"RESOURCES CONNECTION, INC.","{'debt_st': None, 'debt_lt': 'LongTermDebtNoncurrent', 'assets': 'Assets', 'liabilities': 'Liabilities', 'current_assets': 'AssetsCurrent', 'current_liabilities': 'LiabilitiesCurrent', 'retained_earnings': 'RetainedEarningsAccumulatedDeficit', 'liabilities_and_equity': 'LiabilitiesAndStockholdersEquity', 'equity': 'StockholdersEquity', 'ebit': 'OperatingIncomeLoss', 'revenue': 'RevenueFromContractWithCustomerExcludingAssessedTax', 'shares': 'EntityCommonStockSharesOutstanding'}"
1084991,NGS,NATURAL GAS SERVICES GROUP INC,"{'debt_st': 'LongTermDebtCurrent', 'debt_lt': 'LongTermDebt', 'assets': 'Assets', 'liabilities': 'Liabilities', 'current_assets': 'AssetsCurrent', 'current_liabilities': 'LiabilitiesCurrent', 'retained_earnings': 'RetainedEarningsAccumulatedDeficit', 'liabilities_and_equity': 'LiabilitiesAndStockholdersEquity', 'equity': 'StockholdersEquity', 'ebit': 'OperatingIncomeLoss', 'revenue': 'RevenueFromContractWithCustomerExcludingAssessedTax', 'shares': 'EntityCommonStockSharesOutstanding'}"
1085869,PRFT,PERFICIENT INC,"{'debt_st': None, 'debt_lt': 'LongTermDebt', 'assets': 'Assets', 'liabilities': 'Liabilities', 'current_assets': 'AssetsCurrent', 'current_liabilities': 'LiabilitiesCurrent', 'retained_earnings': 'RetainedEarningsAccumulatedDeficit', 'liabilities_and_equity': 'LiabilitiesAndStockholdersEquity', 'equity': 'StockholdersEquity', 'ebit': 'OperatingIncomeLoss', 'revenue': 'RevenueFromContractWithCustomerExcludingAssessedTax', 'shares': 'EntityCommonStockSharesOutstanding'}"
1086600,ARLP,ALLIANCE RESOURCE PARTNERS LP,"{'debt_st': 'LongTermDebtCurrent', 'debt_lt': 'LongTermDebtNoncurrent', 'assets': 'Assets', 'liabilities': 'Liabilities', 'current_assets': 'AssetsCurrent', 'current_liabilities': 'LiabilitiesCurrent', 'retained_earnings': None, 'liabilities_and_equity': 'LiabilitiesAndStockholdersEquity', 'equity': None, 'ebit': 'OperatingIncomeLoss', 'revenue': 'RevenueFromContractWithCustomerExcludingAssessedTax', 'shares': 'EntityCommonStockSharesOutstanding'}"
1088856,CORT,CORCEPT THERAPEUTICS INC,"{'debt_st': 'LongTermDebtCurrent', 'debt_lt': 'LongTermDebtNoncurrent', 'assets': 'Assets', 'liabilities': 'Liabilities', 'current_assets': 'AssetsCurrent', 'current_liabilities': 'LiabilitiesCurrent', 'retained_earnings': 'RetainedEarningsAccumulatedDeficit', 'liabilities_and_equity': 'LiabilitiesAndStockholdersEquity', 'equity': 'StockholdersEquity', 'ebit': 'OperatingIncomeLoss', 'revenue': 'RevenueFromContractWithCustomerExcludingAssessedTax', 'shares': 'EntityCommonStockSharesOutstanding'}"
1090012,DVN,DEVON ENERGY CORP/DE,"{'debt_st': 'DebtCurrent', 'debt_lt': 'LongTermDebtNoncurrent', 'assets': 'Assets', 'liabilities': None, 'current_assets': 'AssetsCurrent', 'current_liabilities': 'LiabilitiesCurrent', 'retained_earnings': 'RetainedEarningsAccumulatedDeficit', 'liabilities_and_equity': 'LiabilitiesAndStockholdersEquity', 'equity': 'StockholdersEquity', 'ebit': 'OperatingIncomeLoss', 'revenue': 'RevenueFromContractWithCustomerExcludingAssessedTax', 'shares': 'EntityCommonStockSharesOutstanding'}"
1090872,A,"AGILENT TECHNOLOGIES, INC.","{'debt_st': 'ShortTermBorrowings', 'debt_lt': 'LongTermDebtNoncurrent', 'assets': 'Assets', 'liabilities': 'Liabilities', 'current_assets': 'AssetsCurrent', 'current_liabilities': 'LiabilitiesCurrent', 'retained_earnings': 'RetainedEarningsAccumulatedDeficit', 'liabilities_and_equity': 'LiabilitiesAndStockholdersEquity', 'equity': 'StockholdersEquity', 'ebit': 'OperatingIncomeLoss', 'revenue': 'RevenueFromContractWithCustomerExcludingAssessedTax', 'shares': 'EntityCommonStockSharesOutstanding'}"
1092796,SWBI,"SMITH & WESSON BRANDS, INC.","{'debt_st': 'NotesPayableCurrent', 'debt_lt': 'LongTermNotesPayable', 'assets': 'Assets', 'liabilities': 'Liabilities', 'current_assets': 'AssetsCurrent', 'current_liabilities': 'LiabilitiesCurrent', 'retained_earnings': 'RetainedEarningsAccumulatedDeficit', 'liabilities_and_equity': 'LiabilitiesAndStockholdersEquity', 'equity': 'StockholdersEquity', 'ebit': 'OperatingIncomeLoss', 'revenue': 'RevenueFromContractWithCustomerExcludingAssessedTax', 'shares': 'EntityCommonStockSharesOutstanding'}"
1093691,PLUG,PLUG POWER INC,"{'debt_st': 'DebtCurrent', 'debt_lt': 'LongTermDebtNoncurrent', 'assets': 'Assets', 'liabilities': 'Liabilities', 'current_assets': 'AssetsCurrent', 'current_liabilities': 'LiabilitiesCurrent', 'retained_earnings': 'RetainedEarningsAccumulatedDeficit', 'liabilities_and_equity': 'LiabilitiesAndStockholdersEquity', 'equity': 'StockholdersEquity', 'ebit': 'OperatingIncomeLoss', 'revenue': 'Revenues', 'shares': 'EntityCommonStockSharesOutstanding'}"
1094285,TDY,TELEDYNE TECHNOLOGIES INC,"{'debt_st': 'LongTermDebtCurrent', 'debt_lt': 'LongTermDebtNoncurrent', 'assets': 'Assets', 'liabilities': 'Liabilities', 'current_assets': 'AssetsCurrent', 'current_liabilities': 'LiabilitiesCurrent', 'retained_earnings': 'RetainedEarningsAccumulatedDeficit', 'liabilities_and_equity': 'LiabilitiesAndStockholdersEquity', 'equity': 'StockholdersEquity', 'ebit': 'OperatingIncomeLoss', 'revenue': 'RevenueFromContractWithCustomerExcludingAssessedTax', 'shares': 'EntityCommonStockSharesOutstanding'}"
1096056,LXFR,LUXFER HOLDINGS PLC,"{'debt_st': 'DebtCurrent', 'debt_lt': 'LongTermDebtNoncurrent', 'assets': 'Assets', 'liabilities': 'Liabilities', 'current_assets': 'AssetsCurrent', 'current_liabilities': 'LiabilitiesCurrent', 'retained_earnings': 'RetainedEarningsAccumulatedDeficit', 'liabilities_and_equity': 'LiabilitiesAndStockholdersEquity', 'equity': 'StockholdersEquity', 'ebit': 'OperatingIncomeLoss', 'revenue': 'RevenueFromContractWithCustomerExcludingAssessedTax', 'shares': 'EntityCommonStockSharesOutstanding'}"
1096752,EPC,EDGEWELL PERSONAL CARE Co,"{'debt_st': 'LongTermDebtCurrent', 'debt_lt': 'LongTermDebtNoncurrent', 'assets': 'Assets', 'liabilities': 'Liabilities', 'current_assets': 'AssetsCurrent', 'current_liabilities': 'LiabilitiesCurrent', 'retained_earnings': 'RetainedEarningsAccumulatedDeficit', 'liabilities_and_equity': 'LiabilitiesAndStockholdersEquity', 'equity': 'StockholdersEquity', 'ebit': 'OperatingIncomeLoss', 'revenue': 'Revenues', 'shares': 'EntityCommonStockSharesOutstanding'}"
1097864,ON,ON SEMICONDUCTOR CORP,"{'debt_st': 'DebtCurrent', 'debt_lt': 'LongTermDebtNoncurrent', 'assets': 'Assets', 'liabilities': 'Liabilities', 'current_assets': 'AssetsCurrent', 'current_liabilities': 'LiabilitiesCurrent', 'retained_earnings': 'RetainedEarningsAccumulatedDeficit', 'liabilities_and_equity': 'LiabilitiesAndStockholdersEquity', 'equity': 'StockholdersEquity', 'ebit': 'OperatingIncomeLoss', 'revenue': 'RevenueFromContractWithCustomerExcludingAssessedTax', 'shares': 'EntityCommonStockSharesOutstanding'}"
1098972,AGEN,AGENUS INC,"{'debt_st': 'LongTermDebtCurrent', 'debt_lt': 'LongTermDebtNoncurrent', 'assets': 'Assets', 'liabilities': None, 'current_assets': 'AssetsCurrent', 'current_liabilities': 'LiabilitiesCurrent', 'retained_earnings': 'RetainedEarningsAccumulatedDeficit', 'liabilities_and_equity': 'LiabilitiesAndStockholdersEquity', 'equity': 'StockholdersEquity', 'ebit': 'OperatingIncomeLoss', 'revenue': 'RevenueFromContractWithCustomerExcludingAssessedTax', 'shares': 'EntityCommonStockSharesOutstanding'}"
1099590,MELI,MERCADOLIBRE INC,"{'debt_st': None, 'debt_lt': 'LongTermDebtAndCapitalLeaseObligations', 'assets': 'Assets', 'liabilities': 'Liabilities', 'current_assets': 'AssetsCurrent', 'current_liabilities': 'LiabilitiesCurrent', 'retained_earnings': 'RetainedEarningsAccumulatedDeficit', 'liabilities_and_equity': 'LiabilitiesAndStockholdersEquity', 'equity': 'StockholdersEquity', 'ebit': 'OperatingIncomeLoss', 'revenue': 'RevenueFromContractWithCustomerExcludingAssessedTax', 'shares': 'EntityCommonStockSharesOutstanding'}"
1099800,EW,Edwards Lifesciences Corp,"{'debt_st': 'LongTermDebtCurrent', 'debt_lt': 'LongTermDebtNoncurrent', 'assets': 'Assets', 'liabilities': 'Liabilities', 'current_assets': 'AssetsCurrent', 'current_liabilities': 'LiabilitiesCurrent', 'retained_earnings': 'RetainedEarningsAccumulatedDeficit', 'liabilities_and_equity': 'LiabilitiesAndStockholdersEquity', 'equity': 'StockholdersEquity', 'ebit': 'OperatingIncomeLoss', 'revenue': 'RevenueFromContractWithCustomerExcludingAssessedTax', 'shares': 'EntityCommonStockSharesOutstanding'}"
1100682,CRL,"CHARLES RIVER LABORATORIES INTERNATIONAL, INC.","{'debt_st': 'LongTermDebtCurrent', 'debt_lt': 'LongTermDebtNoncurrent', 'assets': 'Assets', 'liabilities': 'Liabilities', 'current_assets': 'AssetsCurrent', 'current_liabilities': 'LiabilitiesCurrent', 'retained_earnings': 'RetainedEarningsAccumulatedDeficit', 'liabilities_and_equity': 'LiabilitiesAndStockholdersEquity', 'equity': 'StockholdersEquity', 'ebit': 'OperatingIncomeLoss', 'revenue': 'RevenueFromContractWithCustomerExcludingAssessedTax', 'shares': 'EntityCommonStockSharesOutstanding'}"
1101302,ENTG,ENTEGRIS INC,"{'debt_st': 'LongTermDebtCurrent', 'debt_lt': 'LongTermDebtNoncurrent', 'assets': 'Assets', 'liabilities': None, 'current_assets': 'AssetsCurrent', 'current_liabilities': 'LiabilitiesCurrent', 'retained_earnings': 'RetainedEarningsAccumulatedDeficit', 'liabilities_and_equity': 'LiabilitiesAndStockholdersEquity', 'equity': 'StockholdersEquity', 'ebit': 'OperatingIncomeLoss', 'revenue': 'RevenueFromContractWithCustomerExcludingAssessedTax', 'shares': 'EntityCommonStockSharesOutstanding'}"
1102993,LPSN,LIVEPERSON INC,"{'debt_st': 'ShortTermBorrowings', 'debt_lt': 'LongTermDebt', 'assets': 'Assets', 'liabilities': 'Liabilities', 'current_assets': 'AssetsCurrent', 'current_liabilities': 'LiabilitiesCurrent', 'retained_earnings': 'RetainedEarningsAccumulatedDeficit', 'liabilities_and_equity': 'LiabilitiesAndStockholdersEquity', 'equity': 'StockholdersEquity', 'ebit': 'OperatingIncomeLoss', 'revenue': 'RevenueFromContractWithCustomerExcludingAssessedTax', 'shares': 'EntityCommonStockSharesOutstanding'}"
1104485,NOG,"NORTHERN OIL & GAS, INC.","{'debt_st': 'LongTermDebtCurrent', 'debt_lt': 'LongTermDebtNoncurrent', 'assets': 'Assets', 'liabilities': 'Liabilities', 'current_assets': 'AssetsCurrent', 'current_liabilities': 'LiabilitiesCurrent', 'retained_earnings': 'RetainedEarningsAccumulatedDeficit', 'liabilities_and_equity': 'LiabilitiesAndStockholdersEquity', 'equity': 'StockholdersEquity', 'ebit': 'OperatingIncomeLoss', 'revenue': 'RevenueFromContractWithCustomerExcludingAssessedTax', 'shares': 'EntityCommonStockSharesOutstanding'}"
1104506,INSM,INSMED Inc,"{'debt_st': 'DebtCurrent', 'debt_lt': 'LongTermDebtNoncurrent', 'assets': 'Assets', 'liabilities': 'Liabilities', 'current_assets': 'AssetsCurrent', 'current_liabilities': 'LiabilitiesCurrent', 'retained_earnings': 'RetainedEarningsAccumulatedDeficit', 'liabilities_and_equity': 'LiabilitiesAndStockholdersEquity', 'equity': 'StockholdersEquity', 'ebit': 'OperatingIncomeLoss', 'revenue': 'RevenueFromContractWithCustomerExcludingAssessedTax', 'shares': 'EntityCommonStockSharesOutstanding'}"
1104657,MTRN,MATERION Corp,"{'debt_st': 'LongTermDebtCurrent', 'debt_lt': 'LongTermDebtNoncurrent', 'assets': 'Assets', 'liabilities': None, 'current_assets': 'AssetsCurrent', 'current_liabilities': 'LiabilitiesCurrent', 'retained_earnings': 'RetainedEarningsAccumulatedDeficit', 'liabilities_and_equity': 'LiabilitiesAndStockholdersEquity', 'equity': 'StockholdersEquity', 'ebit': 'OperatingIncomeLoss', 'revenue': 'RevenueFromContractWithCustomerExcludingAssessedTax', 'shares': 'EntityCommonStockSharesOutstanding'}"
1108109,CYH,COMMUNITY HEALTH SYSTEMS INC,"{'debt_st': 'LongTermDebtCurrent', 'debt_lt': 'LongTermDebtNoncurrent', 'assets': 'Assets', 'liabilities': 'Liabilities', 'current_assets': 'AssetsCurrent', 'current_liabilities': 'LiabilitiesCurrent', 'retained_earnings': 'RetainedEarningsAccumulatedDeficit', 'liabilities_and_equity': 'LiabilitiesAndStockholdersEquity', 'equity': 'StockholdersEquity', 'ebit': 'OperatingIncomeLoss', 'revenue': 'Revenues', 'shares': 'EntityCommonStockSharesOutstanding'}"
1108426,TXNM,TXNM ENERGY INC,"{'debt_st': 'LongTermDebtCurrent', 'debt_lt': 'LongTermDebtNoncurrent', 'assets': 'Assets', 'liabilities': 'Liabilities', 'current_assets': 'AssetsCurrent', 'current_liabilities': 'LiabilitiesCurrent', 'retained_earnings': 'RetainedEarningsAccumulatedDeficit', 'liabilities_and_equity': 'LiabilitiesAndStockholdersEquity', 'equity': 'StockholdersEquity', 'ebit': 'OperatingIncomeLoss', 'revenue': 'RevenueFromContractWithCustomerExcludingAssessedTax', 'shares': 'EntityCommonStockSharesOutstanding'}"
1108524,CRM,"Salesforce, Inc.","{'debt_st': 'LongTermDebtCurrent', 'debt_lt': 'LongTermDebtNoncurrent', 'assets': 'Assets', 'liabilities': 'Liabilities', 'current_assets': 'AssetsCurrent', 'current_liabilities': 'LiabilitiesCurrent', 'retained_earnings': 'RetainedEarningsAccumulatedDeficit', 'liabilities_and_equity': 'LiabilitiesAndStockholdersEquity', 'equity': 'StockholdersEquity', 'ebit': 'OperatingIncomeLoss', 'revenue': 'RevenueFromContractWithCustomerExcludingAssessedTax', 'shares': 'EntityCommonStockSharesOutstanding'}"
1109354,BRKR,BRUKER CORP,"{'debt_st': 'ShortTermBorrowings', 'debt_lt': 'LongTermDebtNoncurrent', 'assets': 'Assets', 'liabilities': 'Liabilities', 'current_assets': 'AssetsCurrent', 'current_liabilities': 'LiabilitiesCurrent', 'retained_earnings': 'RetainedEarningsAccumulatedDeficit', 'liabilities_and_equity': 'LiabilitiesAndStockholdersEquity', 'equity': 'StockholdersEquity', 'ebit': 'OperatingIncomeLoss', 'revenue': 'RevenueFromContractWithCustomerExcludingAssessedTax', 'shares': 'EntityCommonStockSharesOutstanding'}"
1109357,EXC,EXELON CORP,"{'debt_st': 'LongTermDebtCurrent', 'debt_lt': 'LongTermDebtNoncurrent', 'assets': 'Assets', 'liabilities': 'Liabilities', 'current_assets': 'AssetsCurrent', 'current_liabilities': 'LiabilitiesCurrent', 'retained_earnings': 'RetainedEarningsAccumulatedDeficit', 'liabilities_and_equity': 'LiabilitiesAndStockholdersEquity', 'equity': 'StockholdersEquity', 'ebit': 'OperatingIncomeLoss', 'revenue': 'Revenues', 'shares': 'EntityCommonStockSharesOutstanding'}"
1110611,ONTF,ON24 INC.,"{'debt_st': None, 'debt_lt': 'LongTermDebtAndCapitalLeaseObligationsIncludingCurrentMaturities', 'assets': 'Assets', 'liabilities': 'Liabilities', 'current_assets': 'AssetsCurrent', 'current_liabilities': 'LiabilitiesCurrent', 'retained_earnings': 'RetainedEarningsAccumulatedDeficit', 'liabilities_and_equity': 'LiabilitiesAndStockholdersEquity', 'equity': 'StockholdersEquity', 'ebit': 'OperatingIncomeLoss', 'revenue': 'RevenueFromContractWithCustomerExcludingAssessedTax', 'shares': 'EntityCommonStockSharesOutstanding'}"
1110646,NTES,"NetEase, Inc.","{'debt_st': None, 'debt_lt': 'LongTermDebtNoncurrent', 'assets': 'Assets', 'liabilities': 'Liabilities', 'current_assets': 'AssetsCurrent', 'current_liabilities': 'LiabilitiesCurrent', 'retained_earnings': 'RetainedEarningsAccumulatedDeficit', 'liabilities_and_equity': 'LiabilitiesAndStockholdersEquity', 'equity': 'StockholdersEquity', 'ebit': 'OperatingIncomeLoss', 'revenue': 'RevenueFromContractWithCustomerExcludingAssessedTax', 'shares': 'EntityCommonStockSharesOutstanding'}"
1110803,ILMN,"ILLUMINA, INC.","{'debt_st': 'LongTermDebtCurrent', 'debt_lt': 'LongTermDebtNoncurrent', 'assets': 'Assets', 'liabilities': None, 'current_assets': 'AssetsCurrent', 'current_liabilities': 'LiabilitiesCurrent', 'retained_earnings': 'RetainedEarningsAccumulatedDeficit', 'liabilities_and_equity': 'LiabilitiesAndStockholdersEquity', 'equity': 'StockholdersEquity', 'ebit': 'OperatingIncomeLoss', 'revenue': 'RevenueFromContractWithCustomerExcludingAssessedTax', 'shares': 'EntityCommonStockSharesOutstanding'}"
1111335,VC,VISTEON CORP,"{'debt_st': 'DebtCurrent', 'debt_lt': 'LongTermDebtNoncurrent', 'assets': 'Assets', 'liabilities': None, 'current_assets': 'AssetsCurrent', 'current_liabilities': 'LiabilitiesCurrent', 'retained_earnings': 'RetainedEarningsAccumulatedDeficit', 'liabilities_and_equity': 'LiabilitiesAndStockholdersEquity', 'equity': 'StockholdersEquity', 'ebit': 'IncomeLossFromContinuingOperationsBeforeIncomeTaxesExtraordinaryItemsNoncontrollingInterest', 'revenue': 'Revenues', 'shares': 'EntityCommonStockSharesOutstanding'}"
1111711,NI,NISOURCE INC.,"{'debt_st': 'LongTermDebtCurrent', 'debt_lt': 'LongTermDebtAndCapitalLeaseObligations', 'assets': 'Assets', 'liabilities': None, 'current_assets': 'AssetsCurrent', 'current_liabilities': 'LiabilitiesCurrent', 'retained_earnings': 'RetainedEarningsAccumulatedDeficit', 'liabilities_and_equity': 'LiabilitiesAndStockholdersEquity', 'equity': 'StockholdersEquity', 'ebit': 'OperatingIncomeLoss', 'revenue': 'RevenueFromContractWithCustomerExcludingAssessedTax', 'shares': 'EntityCommonStockSharesOutstanding'}"
1111928,IPGP,IPG PHOTONICS CORP,"{'debt_st': 'LongTermDebtCurrent', 'debt_lt': 'LongTermDebtNoncurrent', 'assets': 'Assets', 'liabilities': 'Liabilities', 'current_assets': 'AssetsCurrent', 'current_liabilities': 'LiabilitiesCurrent', 'retained_earnings': 'RetainedEarningsAccumulatedDeficit', 'liabilities_and_equity': 'LiabilitiesAndStockholdersEquity', 'equity': 'StockholdersEquity', 'ebit': 'OperatingIncomeLoss', 'revenue': 'RevenueFromContractWithCustomerExcludingAssessedTax', 'shares': 'EntityCommonStockSharesOutstanding'}"
1113232,ACLS,AXCELIS TECHNOLOGIES INC,"{'debt_st': 'LongTermDebtCurrent', 'debt_lt': 'LongTermDebtNoncurrent', 'assets': 'Assets', 'liabilities': 'Liabilities', 'current_assets': 'AssetsCurrent', 'current_liabilities': 'LiabilitiesCurrent', 'retained_earnings': 'RetainedEarningsAccumulatedDeficit', 'liabilities_and_equity': 'LiabilitiesAndStockholdersEquity', 'equity': 'StockholdersEquity', 'ebit': 'OperatingIncomeLoss', 'revenue': 'RevenueFromContractWithCustomerExcludingAssessedTax', 'shares': 'EntityCommonStockSharesOutstanding'}"
1113809,BBW,BUILD-A-BEAR WORKSHOP INC,"{'debt_st': 'ShortTermBorrowings', 'debt_lt': None, 'assets': 'Assets', 'liabilities': None, 'current_assets': 'AssetsCurrent', 'current_liabilities': 'LiabilitiesCurrent', 'retained_earnings': 'RetainedEarningsAccumulatedDeficit', 'liabilities_and_equity': 'LiabilitiesAndStockholdersEquity', 'equity': 'StockholdersEquity', 'ebit': 'IncomeLossFromContinuingOperationsBeforeIncomeTaxesExtraordinaryItemsNoncontrollingInterest', 'revenue': 'RevenueFromContractWithCustomerExcludingAssessedTax', 'shares': 'EntityCommonStockSharesOutstanding'}"
1114483,ITGR,Integer Holdings Corp,"{'debt_st': 'LongTermDebtCurrent', 'debt_lt': 'LongTermDebtNoncurrent', 'assets': 'Assets', 'liabilities': 'Liabilities', 'current_assets': 'AssetsCurrent', 'current_liabilities': 'LiabilitiesCurrent', 'retained_earnings': 'RetainedEarningsAccumulatedDeficit', 'liabilities_and_equity': 'LiabilitiesAndStockholdersEquity', 'equity': 'StockholdersEquity', 'ebit': 'OperatingIncomeLoss', 'revenue': 'RevenueFromContractWithCustomerExcludingAssessedTax', 'shares': 'EntityCommonStockSharesOutstanding'}"
1114995,PI,IMPINJ INC,"{'debt_st': 'LongTermDebtCurrent', 'debt_lt': 'LongTermDebtNoncurrent', 'assets': 'Assets', 'liabilities': 'Liabilities', 'current_assets': 'AssetsCurrent', 'current_liabilities': 'LiabilitiesCurrent', 'retained_earnings': 'RetainedEarningsAccumulatedDeficit', 'liabilities_and_equity': 'LiabilitiesAndStockholdersEquity', 'equity': 'StockholdersEquity', 'ebit': 'OperatingIncomeLoss', 'revenue': 'RevenueFromContractWithCustomerExcludingAssessedTax', 'shares': 'EntityCommonStockSharesOutstanding'}"
1116132,TPR,"TAPESTRY, INC.","{'debt_st': 'LongTermDebtCurrent', 'debt_lt': 'LongTermDebtNoncurrent', 'assets': 'Assets', 'liabilities': 'Liabilities', 'current_assets': 'AssetsCurrent', 'current_liabilities': 'LiabilitiesCurrent', 'retained_earnings': 'RetainedEarningsAccumulatedDeficit', 'liabilities_and_equity': 'LiabilitiesAndStockholdersEquity', 'equity': 'StockholdersEquity', 'ebit': 'OperatingIncomeLoss', 'revenue': 'RevenueFromContractWithCustomerExcludingAssessedTax', 'shares': 'EntityCommonStockSharesOutstanding'}"
1116942,TTMI,TTM TECHNOLOGIES INC,"{'debt_st': 'DebtCurrent', 'debt_lt': 'LongTermDebtNoncurrent', 'assets': 'Assets', 'liabilities': None, 'current_assets': 'AssetsCurrent', 'current_liabilities': 'LiabilitiesCurrent', 'retained_earnings': 'RetainedEarningsAccumulatedDeficit', 'liabilities_and_equity': 'LiabilitiesAndStockholdersEquity', 'equity': 'StockholdersEquity', 'ebit': 'OperatingIncomeLoss', 'revenue': 'RevenueFromContractWithCustomerExcludingAssessedTax', 'shares': 'EntityCommonStockSharesOutstanding'}"
1117171,CBAT,"CBAK Energy Technology, Inc.","{'debt_st': 'LongTermDebtCurrent', 'debt_lt': 'LongTermDebtNoncurrent', 'assets': 'Assets', 'liabilities': 'Liabilities', 'current_assets': 'AssetsCurrent', 'current_liabilities': 'LiabilitiesCurrent', 'retained_earnings': 'RetainedEarningsAccumulatedDeficit', 'liabilities_and_equity': 'LiabilitiesAndStockholdersEquity', 'equity': 'StockholdersEquity', 'ebit': 'OperatingIncomeLoss', 'revenue': 'Revenues', 'shares': 'EntityCommonStockSharesOutstanding'}"
1117297,QNST,"QUINSTREET, INC","{'debt_st': 'DebtCurrent', 'debt_lt': 'LongTermDebtNoncurrent', 'assets': 'Assets', 'liabilities': 'Liabilities', 'current_assets': 'AssetsCurrent', 'current_liabilities': 'LiabilitiesCurrent', 'retained_earnings': 'RetainedEarningsAccumulatedDeficit', 'liabilities_and_equity': 'LiabilitiesAndStockholdersEquity', 'equity': 'StockholdersEquity', 'ebit': 'OperatingIncomeLoss', 'revenue': 'RevenueFromContractWithCustomerExcludingAssessedTax', 'shares': 'EntityCommonStockSharesOutstanding'}"
1118417,MODN,"MODEL N, INC.","{'debt_st': 'LongTermDebtCurrent', 'debt_lt': 'LongTermDebtNoncurrent', 'assets': 'Assets', 'liabilities': 'Liabilities', 'current_assets': 'AssetsCurrent', 'current_liabilities': 'LiabilitiesCurrent', 'retained_earnings': 'RetainedEarningsAccumulatedDeficit', 'liabilities_and_equity': 'LiabilitiesAndStockholdersEquity', 'equity': 'StockholdersEquity', 'ebit': 'OperatingIncomeLoss', 'revenue': 'RevenueFromContractWithCustomerExcludingAssessedTax', 'shares': 'EntityCommonStockSharesOutstanding'}"
1119769,CRNT,CERAGON NETWORKS LTD,"{'debt_st': 'LongTermDebtCurrent', 'debt_lt': 'LongTermDebtNoncurrent', 'assets': 'Assets', 'liabilities': None, 'current_assets': 'AssetsCurrent', 'current_liabilities': 'LiabilitiesCurrent', 'retained_earnings': 'RetainedEarningsAccumulatedDeficit', 'liabilities_and_equity': 'LiabilitiesAndStockholdersEquity', 'equity': 'StockholdersEquity', 'ebit': 'OperatingIncomeLoss', 'revenue': 'Revenues', 'shares': 'EntityCommonStockSharesOutstanding'}"
1120914,PDFS,PDF SOLUTIONS INC,"{'debt_st': 'LongTermDebtCurrent', 'debt_lt': 'LongTermDebtNoncurrent', 'assets': 'Assets', 'liabilities': 'Liabilities', 'current_assets': 'AssetsCurrent', 'current_liabilities': 'LiabilitiesCurrent', 'retained_earnings': 'RetainedEarningsAccumulatedDeficit', 'liabilities_and_equity': 'LiabilitiesAndStockholdersEquity', 'equity': 'StockholdersEquity', 'ebit': 'OperatingIncomeLoss', 'revenue': 'Revenues', 'shares': 'EntityCommonStockSharesOutstanding'}"
1121484,OIS,"OIL STATES INTERNATIONAL, INC","{'debt_st': 'DebtCurrent', 'debt_lt': 'LongTermDebtNoncurrent', 'assets': 'Assets', 'liabilities': 'Liabilities', 'current_assets': 'AssetsCurrent', 'current_liabilities': 'LiabilitiesCurrent', 'retained_earnings': 'RetainedEarningsAccumulatedDeficit', 'liabilities_and_equity': 'LiabilitiesAndStockholdersEquity', 'equity': 'StockholdersEquity', 'ebit': 'OperatingIncomeLoss', 'revenue': 'RevenueFromContractWithCustomerExcludingAssessedTax', 'shares': 'EntityCommonStockSharesOutstanding'}"
1122976,AVNT,AVIENT CORP,"{'debt_st': 'LongTermDebtCurrent', 'debt_lt': 'LongTermDebtNoncurrent', 'assets': 'Assets', 'liabilities': 'Liabilities', 'current_assets': 'AssetsCurrent', 'current_liabilities': 'LiabilitiesCurrent', 'retained_earnings': 'RetainedEarningsAccumulatedDeficit', 'liabilities_and_equity': 'LiabilitiesAndStockholdersEquity', 'equity': 'StockholdersEquity', 'ebit': 'OperatingIncomeLoss', 'revenue': 'RevenueFromContractWithCustomerExcludingAssessedTax', 'shares': 'EntityCommonStockSharesOutstanding'}"
1123360,GPN,GLOBAL PAYMENTS INC,"{'debt_st': 'LongTermDebtCurrent', 'debt_lt': 'LongTermDebtNoncurrent', 'assets': 'Assets', 'liabilities': 'Liabilities', 'current_assets': 'AssetsCurrent', 'current_liabilities': 'LiabilitiesCurrent', 'retained_earnings': 'RetainedEarningsAccumulatedDeficit', 'liabilities_and_equity': 'LiabilitiesAndStockholdersEquity', 'equity': 'StockholdersEquity', 'ebit': 'OperatingIncomeLoss', 'revenue': 'RevenueFromContractWithCustomerExcludingAssessedTax', 'shares': 'EntityCommonStockSharesOutstanding'}"
1124140,EXAS,EXACT SCIENCES CORP,"{'debt_st': 'LongTermDebtCurrent', 'debt_lt': 'LongTermDebtNoncurrent', 'assets': 'Assets', 'liabilities': 'Liabilities', 'current_assets': 'AssetsCurrent', 'current_liabilities': 'LiabilitiesCurrent', 'retained_earnings': 'RetainedEarningsAccumulatedDeficit', 'liabilities_and_equity': 'LiabilitiesAndStockholdersEquity', 'equity': 'StockholdersEquity', 'ebit': 'OperatingIncomeLoss', 'revenue': 'RevenueFromContractWithCustomerExcludingAssessedTax', 'shares': 'EntityCommonStockSharesOutstanding'}"
1124198,FLR,FLUOR CORP,"{'debt_st': 'DebtCurrent', 'debt_lt': 'LongTermDebtNoncurrent', 'assets': 'Assets', 'liabilities': None, 'current_assets': 'AssetsCurrent', 'current_liabilities': 'LiabilitiesCurrent', 'retained_earnings': 'RetainedEarningsAccumulatedDeficit', 'liabilities_and_equity': 'LiabilitiesAndStockholdersEquity', 'equity': 'StockholdersEquity', 'ebit': 'OperatingIncomeLoss', 'revenue': 'Revenues', 'shares': 'EntityCommonStockSharesOutstanding'}"
1124524,CYRX,"Cryoport, Inc.","{'debt_st': 'NotesPayableCurrent', 'debt_lt': 'LongTermDebt', 'assets': 'Assets', 'liabilities': 'Liabilities', 'current_assets': 'AssetsCurrent', 'current_liabilities': 'LiabilitiesCurrent', 'retained_earnings': 'RetainedEarningsAccumulatedDeficit', 'liabilities_and_equity': 'LiabilitiesAndStockholdersEquity', 'equity': 'StockholdersEquity', 'ebit': 'OperatingIncomeLoss', 'revenue': 'RevenueFromContractWithCustomerExcludingAssessedTax', 'shares': 'EntityCommonStockSharesOutstanding'}"
1124610,VMW,VMWARE LLC,"{'debt_st': 'DebtCurrent', 'debt_lt': 'LongTermDebt', 'assets': 'Assets', 'liabilities': 'Liabilities', 'current_assets': 'AssetsCurrent', 'current_liabilities': 'LiabilitiesCurrent', 'retained_earnings': 'RetainedEarningsAccumulatedDeficit', 'liabilities_and_equity': 'LiabilitiesAndStockholdersEquity', 'equity': 'StockholdersEquity', 'ebit': 'OperatingIncomeLoss', 'revenue': 'RevenueFromContractWithCustomerExcludingAssessedTax', 'shares': 'EntityCommonStockSharesOutstanding'}"
1124796,LASR,"NLIGHT, INC.","{'debt_st': 'LongTermDebtCurrent', 'debt_lt': 'LongTermDebtNoncurrent', 'assets': 'Assets', 'liabilities': 'Liabilities', 'current_assets': 'AssetsCurrent', 'current_liabilities': 'LiabilitiesCurrent', 'retained_earnings': 'RetainedEarningsAccumulatedDeficit', 'liabilities_and_equity': 'LiabilitiesAndStockholdersEquity', 'equity': 'StockholdersEquity', 'ebit': 'OperatingIncomeLoss', 'revenue': 'RevenueFromContractWithCustomerExcludingAssessedTax', 'shares': 'EntityCommonStockSharesOutstanding'}"
1125376,ENSG,"ENSIGN GROUP, INC","{'debt_st': 'LongTermDebtCurrent', 'debt_lt': 'LongTermDebtNoncurrent', 'assets': 'Assets', 'liabilities': 'Liabilities', 'current_assets': 'AssetsCurrent', 'current_liabilities': 'LiabilitiesCurrent', 'retained_earnings': 'RetainedEarningsAccumulatedDeficit', 'liabilities_and_equity': 'LiabilitiesAndStockholdersEquity', 'equity': 'StockholdersEquity', 'ebit': 'OperatingIncomeLoss', 'revenue': 'RevenueFromContractWithCustomerExcludingAssessedTax', 'shares': 'EntityCommonStockSharesOutstanding'}"
1126956,SR,SPIRE INC,"{'debt_st': 'LongTermDebtCurrent', 'debt_lt': 'LongTermDebtNoncurrent', 'assets': 'Assets', 'liabilities': None, 'current_assets': 'AssetsCurrent', 'current_liabilities': 'LiabilitiesCurrent', 'retained_earnings': 'RetainedEarningsAccumulatedDeficit', 'liabilities_and_equity': 'LiabilitiesAndStockholdersEquity', 'equity': 'StockholdersEquity', 'ebit': 'OperatingIncomeLoss', 'revenue': 'RevenueFromContractWithCustomerExcludingAssessedTax', 'shares': 'EntityCommonStockSharesOutstanding'}"
1128928,FLO,FLOWERS FOODS INC,"{'debt_st': 'LongTermDebtCurrent', 'debt_lt': 'LongTermDebtNoncurrent', 'assets': 'Assets', 'liabilities': None, 'current_assets': 'AssetsCurrent', 'current_liabilities': 'LiabilitiesCurrent', 'retained_earnings': 'RetainedEarningsAccumulatedDeficit', 'liabilities_and_equity': 'LiabilitiesAndStockholdersEquity', 'equity': 'StockholdersEquity', 'ebit': 'OperatingIncomeLoss', 'revenue': 'RevenueFromContractWithCustomerExcludingAssessedTax', 'shares': 'EntityCommonStockSharesOutstanding'}"
1130310,CNP,CENTERPOINT ENERGY INC,"{'debt_st': 'DebtCurrent', 'debt_lt': 'LongTermDebtNoncurrent', 'assets': 'Assets', 'liabilities': None, 'current_assets': 'AssetsCurrent', 'current_liabilities': 'LiabilitiesCurrent', 'retained_earnings': 'RetainedEarningsAccumulatedDeficit', 'liabilities_and_equity': 'LiabilitiesAndStockholdersEquity', 'equity': 'StockholdersEquity', 'ebit': 'OperatingIncomeLoss', 'revenue': 'RevenueFromContractWithCustomerExcludingAssessedTax', 'shares': 'EntityCommonStockSharesOutstanding'}"
1130464,BKH,BLACK HILLS CORP /SD/,"{'debt_st': 'LongTermDebtCurrent', 'debt_lt': 'LongTermDebtNoncurrent', 'assets': 'Assets', 'liabilities': None, 'current_assets': 'AssetsCurrent', 'current_liabilities': 'LiabilitiesCurrent', 'retained_earnings': 'RetainedEarningsAccumulatedDeficit', 'liabilities_and_equity': 'LiabilitiesAndStockholdersEquity', 'equity': 'StockholdersEquity', 'ebit': 'OperatingIncomeLoss', 'revenue': 'RevenueFromContractWithCustomerExcludingAssessedTax', 'shares': 'EntityCommonStockSharesOutstanding'}"
1130713,NXH,"NEIGHBORHOOD INTELLIGENCE, INC.","{'debt_st': 'ShortTermBorrowings', 'debt_lt': 'LongTermDebtNoncurrent', 'assets': 'Assets', 'liabilities': 'Liabilities', 'current_assets': 'AssetsCurrent', 'current_liabilities': 'LiabilitiesCurrent', 'retained_earnings': 'RetainedEarningsAccumulatedDeficit', 'liabilities_and_equity': 'LiabilitiesAndStockholdersEquity', 'equity': 'StockholdersEquity', 'ebit': 'OperatingIncomeLoss', 'revenue': 'RevenueFromContractWithCustomerExcludingAssessedTax', 'shares': 'EntityCommonStockSharesOutstanding'}"
1131554,SNCR,SYNCHRONOSS TECHNOLOGIES INC,"{'debt_st': 'DebtCurrent', 'debt_lt': 'LongTermDebtNoncurrent', 'assets': 'Assets', 'liabilities': 'Liabilities', 'current_assets': 'AssetsCurrent', 'current_liabilities': 'LiabilitiesCurrent', 'retained_earnings': 'RetainedEarningsAccumulatedDeficit', 'liabilities_and_equity': 'LiabilitiesAndStockholdersEquity', 'equity': 'StockholdersEquity', 'ebit': 'OperatingIncomeLoss', 'revenue': 'RevenueFromContractWithCustomerExcludingAssessedTax', 'shares': 'EntityCommonStockSharesOutstanding'}"
1132105,SPWH,"SPORTSMAN'S WAREHOUSE HOLDINGS, INC.","{'debt_st': 'LongTermDebtCurrent', 'debt_lt': 'LongTermDebtNoncurrent', 'assets': 'Assets', 'liabilities': 'Liabilities', 'current_assets': 'AssetsCurrent', 'current_liabilities': 'LiabilitiesCurrent', 'retained_earnings': 'RetainedEarningsAccumulatedDeficit', 'liabilities_and_equity': 'LiabilitiesAndStockholdersEquity', 'equity': 'StockholdersEquity', 'ebit': 'OperatingIncomeLoss', 'revenue': 'Revenues', 'shares': 'EntityCommonStockSharesOutstanding'}"
1133421,NOC,NORTHROP GRUMMAN CORP /DE/,"{'debt_st': 'LongTermDebtCurrent', 'debt_lt': 'LongTermDebtNoncurrent', 'assets': 'Assets', 'liabilities': 'Liabilities', 'current_assets': 'AssetsCurrent', 'current_liabilities': 'LiabilitiesCurrent', 'retained_earnings': 'RetainedEarningsAccumulatedDeficit', 'liabilities_and_equity': 'LiabilitiesAndStockholdersEquity', 'equity': 'StockholdersEquity', 'ebit': 'OperatingIncomeLoss', 'revenue': 'Revenues', 'shares': 'EntityCommonStockSharesOutstanding'}"
1133470,CVGW,CALAVO GROWERS INC,"{'debt_st': 'ShortTermBorrowings', 'debt_lt': 'LongTermDebtAndCapitalLeaseObligations', 'assets': 'Assets', 'liabilities': None, 'current_assets': 'AssetsCurrent', 'current_liabilities': 'LiabilitiesCurrent', 'retained_earnings': 'RetainedEarningsAccumulatedDeficit', 'liabilities_and_equity': 'LiabilitiesAndStockholdersEquity', 'equity': 'StockholdersEquity', 'ebit': 'OperatingIncomeLoss', 'revenue': 'RevenueFromContractWithCustomerExcludingAssessedTax', 'shares': 'EntityCommonStockSharesOutstanding'}"
1136352,CEQP,Crestwood Equity Partners LP,"{'debt_st': 'LongTermDebtCurrent', 'debt_lt': 'LongTermDebtNoncurrent', 'assets': 'Assets', 'liabilities': 'Liabilities', 'current_assets': 'AssetsCurrent', 'current_liabilities': 'LiabilitiesCurrent', 'retained_earnings': None, 'liabilities_and_equity': 'LiabilitiesAndStockholdersEquity', 'equity': 'StockholdersEquity', 'ebit': 'OperatingIncomeLoss', 'revenue': 'Revenues', 'shares': 'EntityCommonStockSharesOutstanding'}"
1136869,ZBH,"ZIMMER BIOMET HOLDINGS, INC.","{'debt_st': 'LongTermDebtCurrent', 'debt_lt': 'LongTermDebtNoncurrent', 'assets': 'Assets', 'liabilities': 'Liabilities', 'current_assets': 'AssetsCurrent', 'current_liabilities': 'LiabilitiesCurrent', 'retained_earnings': 'RetainedEarningsAccumulatedDeficit', 'liabilities_and_equity': 'LiabilitiesAndStockholdersEquity', 'equity': 'StockholdersEquity', 'ebit': 'OperatingIncomeLoss', 'revenue': 'RevenueFromContractWithCustomerExcludingAssessedTax', 'shares': 'EntityCommonStockSharesOutstanding'}"
1136893,FIS,"Fidelity National Information Services, Inc.","{'debt_st': 'LongTermDebtCurrent', 'debt_lt': 'LongTermDebtNoncurrent', 'assets': 'Assets', 'liabilities': 'Liabilities', 'current_assets': 'AssetsCurrent', 'current_liabilities': 'LiabilitiesCurrent', 'retained_earnings': 'RetainedEarningsAccumulatedDeficit', 'liabilities_and_equity': 'LiabilitiesAndStockholdersEquity', 'equity': 'StockholdersEquity', 'ebit': 'OperatingIncomeLoss', 'revenue': 'RevenueFromContractWithCustomerExcludingAssessedTax', 'shares': 'EntityCommonStockSharesOutstanding'}"
1137091,PSIX,"POWER SOLUTIONS INTERNATIONAL, INC.","{'debt_st': 'LongTermDebtCurrent', 'debt_lt': 'LongTermDebtNoncurrent', 'assets': 'Assets', 'liabilities': 'Liabilities', 'current_assets': 'AssetsCurrent', 'current_liabilities': 'LiabilitiesCurrent', 'retained_earnings': 'RetainedEarningsAccumulatedDeficit', 'liabilities_and_equity': 'LiabilitiesAndStockholdersEquity', 'equity': 'StockholdersEquity', 'ebit': 'OperatingIncomeLoss', 'revenue': 'RevenueFromContractWithCustomerExcludingAssessedTax', 'shares': 'EntityCommonStockSharesOutstanding'}"
1137789,STX,Seagate Technology Holdings plc,"{'debt_st': 'LongTermDebtCurrent', 'debt_lt': 'LongTermDebtNoncurrent', 'assets': 'Assets', 'liabilities': 'Liabilities', 'current_assets': 'AssetsCurrent', 'current_liabilities': 'LiabilitiesCurrent', 'retained_earnings': 'RetainedEarningsAccumulatedDeficit', 'liabilities_and_equity': 'LiabilitiesAndStockholdersEquity', 'equity': 'StockholdersEquity', 'ebit': 'OperatingIncomeLoss', 'revenue': 'RevenueFromContractWithCustomerExcludingAssessedTax', 'shares': 'EntityCommonStockSharesOutstanding'}"
1138723,ARAY,ACCURAY INC,"{'debt_st': 'LongTermDebtCurrent', 'debt_lt': 'LongTermDebtNoncurrent', 'assets': 'Assets', 'liabilities': 'Liabilities', 'current_assets': 'AssetsCurrent', 'current_liabilities': 'LiabilitiesCurrent', 'retained_earnings': 'RetainedEarningsAccumulatedDeficit', 'liabilities_and_equity': 'LiabilitiesAndStockholdersEquity', 'equity': 'StockholdersEquity', 'ebit': 'OperatingIncomeLoss', 'revenue': 'RevenueFromContractWithCustomerExcludingAssessedTax', 'shares': 'EntityCommonStockSharesOutstanding'}"
1140859,COR,"Cencora, Inc.","{'debt_st': 'DebtCurrent', 'debt_lt': 'LongTermDebtNoncurrent', 'assets': 'Assets', 'liabilities': None, 'current_assets': 'AssetsCurrent', 'current_liabilities': 'LiabilitiesCurrent', 'retained_earnings': 'RetainedEarningsAccumulatedDeficit', 'liabilities_and_equity': 'LiabilitiesAndStockholdersEquity', 'equity': 'StockholdersEquity', 'ebit': 'OperatingIncomeLoss', 'revenue': 'Revenues', 'shares': 'EntityCommonStockSharesOutstanding'}"
1141103,CCRN,CROSS COUNTRY HEALTHCARE INC,"{'debt_st': 'LongTermDebtCurrent', 'debt_lt': 'LongTermDebtNoncurrent', 'assets': 'Assets', 'liabilities': 'Liabilities', 'current_assets': 'AssetsCurrent', 'current_liabilities': 'LiabilitiesCurrent', 'retained_earnings': 'RetainedEarningsAccumulatedDeficit', 'liabilities_and_equity': 'LiabilitiesAndStockholdersEquity', 'equity': 'StockholdersEquity', 'ebit': 'OperatingIncomeLoss', 'revenue': 'RevenueFromContractWithCustomerExcludingAssessedTax', 'shares': 'EntityCommonStockSharesOutstanding'}"
1142417,NXST,"NEXSTAR MEDIA GROUP, INC.","{'debt_st': 'DebtCurrent', 'debt_lt': 'LongTermDebtNoncurrent', 'assets': 'Assets', 'liabilities': 'Liabilities', 'current_assets': 'AssetsCurrent', 'current_liabilities': 'LiabilitiesCurrent', 'retained_earnings': 'RetainedEarningsAccumulatedDeficit', 'liabilities_and_equity': 'LiabilitiesAndStockholdersEquity', 'equity': 'StockholdersEquity', 'ebit': 'OperatingIncomeLoss', 'revenue': 'RevenueFromContractWithCustomerExcludingAssessedTax', 'shares': 'EntityCommonStockSharesOutstanding'}"
1142750,AMN,AMN HEALTHCARE SERVICES INC,"{'debt_st': 'LongTermDebtCurrent', 'debt_lt': 'LongTermDebtNoncurrent', 'assets': 'Assets', 'liabilities': 'Liabilities', 'current_assets': 'AssetsCurrent', 'current_liabilities': 'LiabilitiesCurrent', 'retained_earnings': 'RetainedEarningsAccumulatedDeficit', 'liabilities_and_equity': 'LiabilitiesAndStockholdersEquity', 'equity': 'StockholdersEquity', 'ebit': 'OperatingIncomeLoss', 'revenue': 'RevenueFromContractWithCustomerExcludingAssessedTax', 'shares': 'EntityCommonStockSharesOutstanding'}"
1144215,AYI,ACUITY INC. (DE),"{'debt_st': 'LongTermDebtCurrent', 'debt_lt': 'LongTermDebtNoncurrent', 'assets': 'Assets', 'liabilities': 'Liabilities', 'current_assets': 'AssetsCurrent', 'current_liabilities': 'LiabilitiesCurrent', 'retained_earnings': 'RetainedEarningsAccumulatedDeficit', 'liabilities_and_equity': 'LiabilitiesAndStockholdersEquity', 'equity': 'StockholdersEquity', 'ebit': 'OperatingIncomeLoss', 'revenue': 'RevenueFromContractWithCustomerExcludingAssessedTax', 'shares': 'EntityCommonStockSharesOutstanding'}"
1144879,APLD,Applied Digital Corp.,"{'debt_st': 'NotesPayableCurrent', 'debt_lt': 'LongTermDebt', 'assets': 'Assets', 'liabilities': 'Liabilities', 'current_assets': 'AssetsCurrent', 'current_liabilities': 'LiabilitiesCurrent', 'retained_earnings': 'RetainedEarningsAccumulatedDeficit', 'liabilities_and_equity': 'LiabilitiesAndStockholdersEquity', 'equity': 'StockholdersEquity', 'ebit': 'OperatingIncomeLoss', 'revenue': 'RevenueFromContractWithCustomerExcludingAssessedTax', 'shares': 'EntityCommonStockSharesOutstanding'}"
1145197,PODD,INSULET CORP,"{'debt_st': 'LongTermDebtCurrent', 'debt_lt': 'LongTermDebtNoncurrent', 'assets': 'Assets', 'liabilities': 'Liabilities', 'current_assets': 'AssetsCurrent', 'current_liabilities': 'LiabilitiesCurrent', 'retained_earnings': 'RetainedEarningsAccumulatedDeficit', 'liabilities_and_equity': 'LiabilitiesAndStockholdersEquity', 'equity': 'StockholdersEquity', 'ebit': 'OperatingIncomeLoss', 'revenue': 'RevenueFromContractWithCustomerExcludingAssessedTax', 'shares': 'EntityCommonStockSharesOutstanding'}"
1145986,ASPN,ASPEN AEROGELS INC,"{'debt_st': 'DebtCurrent', 'debt_lt': 'LongTermDebtNoncurrent', 'assets': 'Assets', 'liabilities': 'Liabilities', 'current_assets': 'AssetsCurrent', 'current_liabilities': 'LiabilitiesCurrent', 'retained_earnings': 'RetainedEarningsAccumulatedDeficit', 'liabilities_and_equity': 'LiabilitiesAndStockholdersEquity', 'equity': 'StockholdersEquity', 'ebit': 'OperatingIncomeLoss', 'revenue': 'RevenueFromContractWithCustomerExcludingAssessedTax', 'shares': 'EntityCommonStockSharesOutstanding'}"
1157408,LRN,"Stride, Inc.","{'debt_st': 'NotesPayableCurrent', 'debt_lt': 'LongTermDebtNoncurrent', 'assets': 'Assets', 'liabilities': 'Liabilities', 'current_assets': 'AssetsCurrent', 'current_liabilities': 'LiabilitiesCurrent', 'retained_earnings': 'RetainedEarningsAccumulatedDeficit', 'liabilities_and_equity': 'LiabilitiesAndStockholdersEquity', 'equity': 'StockholdersEquity', 'ebit': 'OperatingIncomeLoss', 'revenue': 'RevenueFromContractWithCustomerExcludingAssessedTax', 'shares': 'EntityCommonStockSharesOutstanding'}"
1157601,MDGL,"MADRIGAL PHARMACEUTICALS, INC.","{'debt_st': None, 'debt_lt': 'LongTermDebtNoncurrent', 'assets': 'Assets', 'liabilities': 'Liabilities', 'current_assets': 'AssetsCurrent', 'current_liabilities': 'LiabilitiesCurrent', 'retained_earnings': 'RetainedEarningsAccumulatedDeficit', 'liabilities_and_equity': 'LiabilitiesAndStockholdersEquity', 'equity': 'StockholdersEquity', 'ebit': 'OperatingIncomeLoss', 'revenue': 'RevenueFromContractWithCustomerExcludingAssessedTax', 'shares': 'EntityCommonStockSharesOutstanding'}"
1157762,CAAS,CHINA AUTOMOTIVE SYSTEMS INC/2,"{'debt_st': 'DebtCurrent', 'debt_lt': 'LongTermDebtNoncurrent', 'assets': 'Assets', 'liabilities': 'Liabilities', 'current_assets': 'AssetsCurrent', 'current_liabilities': 'LiabilitiesCurrent', 'retained_earnings': 'RetainedEarningsAccumulatedDeficit', 'liabilities_and_equity': 'LiabilitiesAndStockholdersEquity', 'equity': 'StockholdersEquity', 'ebit': 'OperatingIncomeLoss', 'revenue': 'Revenues', 'shares': 'EntityCommonStockSharesOutstanding'}"
1158114,AAOI,"APPLIED OPTOELECTRONICS, INC.","{'debt_st': 'LongTermDebtCurrent', 'debt_lt': 'LongTermDebtNoncurrent', 'assets': 'Assets', 'liabilities': 'Liabilities', 'current_assets': 'AssetsCurrent', 'current_liabilities': 'LiabilitiesCurrent', 'retained_earnings': 'RetainedEarningsAccumulatedDeficit', 'liabilities_and_equity': 'LiabilitiesAndStockholdersEquity', 'equity': 'StockholdersEquity', 'ebit': 'OperatingIncomeLoss', 'revenue': 'RevenueFromContractWithCustomerExcludingAssessedTax', 'shares': 'EntityCommonStockSharesOutstanding'}"
1158172,SCOR,"COMSCORE, INC.","{'debt_st': 'LongTermDebtCurrent', 'debt_lt': 'LongTermDebtNoncurrent', 'assets': 'Assets', 'liabilities': 'Liabilities', 'current_assets': 'AssetsCurrent', 'current_liabilities': 'LiabilitiesCurrent', 'retained_earnings': 'RetainedEarningsAccumulatedDeficit', 'liabilities_and_equity': 'LiabilitiesAndStockholdersEquity', 'equity': 'StockholdersEquity', 'ebit': 'OperatingIncomeLoss', 'revenue': 'RevenueFromContractWithCustomerExcludingAssessedTax', 'shares': 'EntityCommonStockSharesOutstanding'}"
1158324,CCOI,"COGENT COMMUNICATIONS HOLDINGS, INC.","{'debt_st': None, 'debt_lt': 'LongTermDebt', 'assets': 'Assets', 'liabilities': 'Liabilities', 'current_assets': 'AssetsCurrent', 'current_liabilities': 'LiabilitiesCurrent', 'retained_earnings': 'RetainedEarningsAccumulatedDeficit', 'liabilities_and_equity': 'LiabilitiesAndStockholdersEquity', 'equity': 'StockholdersEquity', 'ebit': 'OperatingIncomeLoss', 'revenue': 'RevenueFromContractWithCustomerIncludingAssessedTax', 'shares': 'EntityCommonStockSharesOutstanding'}"
1158449,AAP,ADVANCE AUTO PARTS INC,"{'debt_st': 'LongTermDebtCurrent', 'debt_lt': 'LongTermDebtNoncurrent', 'assets': 'Assets', 'liabilities': 'Liabilities', 'current_assets': 'AssetsCurrent', 'current_liabilities': 'LiabilitiesCurrent', 'retained_earnings': 'RetainedEarningsAccumulatedDeficit', 'liabilities_and_equity': 'LiabilitiesAndStockholdersEquity', 'equity': 'StockholdersEquity', 'ebit': 'OperatingIncomeLoss', 'revenue': 'RevenueFromContractWithCustomerExcludingAssessedTax', 'shares': 'EntityCommonStockSharesOutstanding'}"
1158463,JBLU,JETBLUE AIRWAYS CORP,"{'debt_st': 'ShortTermBorrowings', 'debt_lt': 'LongTermDebtAndCapitalLeaseObligationsIncludingCurrentMaturities', 'assets': 'Assets', 'liabilities': None, 'current_assets': 'AssetsCurrent', 'current_liabilities': 'LiabilitiesCurrent', 'retained_earnings': 'RetainedEarningsAccumulatedDeficit', 'liabilities_and_equity': 'LiabilitiesAndStockholdersEquity', 'equity': 'StockholdersEquity', 'ebit': 'OperatingIncomeLoss', 'revenue': 'RevenueFromContractWithCustomerExcludingAssessedTax', 'shares': 'EntityCommonStockSharesOutstanding'}"
1159036,HALO,"HALOZYME THERAPEUTICS, INC.","{'debt_st': 'LongTermDebtCurrent', 'debt_lt': 'LongTermDebtNoncurrent', 'assets': 'Assets', 'liabilities': 'Liabilities', 'current_assets': 'AssetsCurrent', 'current_liabilities': 'LiabilitiesCurrent', 'retained_earnings': 'RetainedEarningsAccumulatedDeficit', 'liabilities_and_equity': 'LiabilitiesAndStockholdersEquity', 'equity': 'StockholdersEquity', 'ebit': 'OperatingIncomeLoss', 'revenue': 'RevenueFromContractWithCustomerExcludingAssessedTax', 'shares': 'EntityCommonStockSharesOutstanding'}"
1161728,MGEE,MGE ENERGY INC,"{'debt_st': 'LongTermDebtCurrent', 'debt_lt': 'LongTermDebtNoncurrent', 'assets': 'Assets', 'liabilities': None, 'current_assets': 'AssetsCurrent', 'current_liabilities': 'LiabilitiesCurrent', 'retained_earnings': 'RetainedEarningsAccumulatedDeficit', 'liabilities_and_equity': 'LiabilitiesAndStockholdersEquity', 'equity': 'StockholdersEquity', 'ebit': 'OperatingIncomeLoss', 'revenue': None, 'shares': 'EntityCommonStockSharesOutstanding'}"
1162896,PROP,Prairie Operating Co.,"{'debt_st': 'DebtCurrent', 'debt_lt': 'LongTermDebt', 'assets': 'Assets', 'liabilities': 'Liabilities', 'current_assets': 'AssetsCurrent', 'current_liabilities': 'LiabilitiesCurrent', 'retained_earnings': 'RetainedEarningsAccumulatedDeficit', 'liabilities_and_equity': 'LiabilitiesAndStockholdersEquity', 'equity': 'StockholdersEquity', 'ebit': 'OperatingIncomeLoss', 'revenue': 'RevenueFromContractWithCustomerExcludingAssessedTax', 'shares': 'EntityCommonStockSharesOutstanding'}"
1163165,COP,CONOCOPHILLIPS,"{'debt_st': 'DebtCurrent', 'debt_lt': 'LongTermDebtAndCapitalLeaseObligationsIncludingCurrentMaturities', 'assets': 'Assets', 'liabilities': 'Liabilities', 'current_assets': 'AssetsCurrent', 'current_liabilities': 'LiabilitiesCurrent', 'retained_earnings': 'RetainedEarningsAccumulatedDeficit', 'liabilities_and_equity': 'LiabilitiesAndStockholdersEquity', 'equity': 'StockholdersEquity', 'ebit': 'IncomeLossFromContinuingOperationsBeforeIncomeTaxesExtraordinaryItemsNoncontrollingInterest', 'revenue': 'RevenueFromContractWithCustomerExcludingAssessedTax', 'shares': 'EntityCommonStockSharesOutstanding'}"
1163302,X,UNITED STATES STEEL CORP,"{'debt_st': 'DebtCurrent', 'debt_lt': 'LongTermDebtAndCapitalLeaseObligations', 'assets': 'Assets', 'liabilities': 'Liabilities', 'current_assets': 'AssetsCurrent', 'current_liabilities': 'LiabilitiesCurrent', 'retained_earnings': 'RetainedEarningsAccumulatedDeficit', 'liabilities_and_equity': 'LiabilitiesAndStockholdersEquity', 'equity': 'StockholdersEquity', 'ebit': 'OperatingIncomeLoss', 'revenue': 'RevenueFromContractWithCustomerExcludingAssessedTax', 'shares': 'EntityCommonStockSharesOutstanding'}"
1163739,NBR,NABORS INDUSTRIES LTD,"{'debt_st': 'DebtCurrent', 'debt_lt': 'LongTermDebtNoncurrent', 'assets': 'Assets', 'liabilities': 'Liabilities', 'current_assets': 'AssetsCurrent', 'current_liabilities': 'LiabilitiesCurrent', 'retained_earnings': 'RetainedEarningsAccumulatedDeficit', 'liabilities_and_equity': 'LiabilitiesAndStockholdersEquity', 'equity': 'StockholdersEquity', 'ebit': 'OperatingIncomeLoss', 'revenue': 'RevenueFromContractWithCustomerExcludingAssessedTax', 'shares': 'EntityCommonStockSharesOutstanding'}"
1164727,NEM,NEWMONT Corp /DE/,"{'debt_st': 'LongTermDebtCurrent', 'debt_lt': 'LongTermDebtNoncurrent', 'assets': 'Assets', 'liabilities': 'Liabilities', 'current_assets': 'AssetsCurrent', 'current_liabilities': 'LiabilitiesCurrent', 'retained_earnings': 'RetainedEarningsAccumulatedDeficit', 'liabilities_and_equity': 'LiabilitiesAndStockholdersEquity', 'equity': 'StockholdersEquity', 'ebit': 'IncomeLossFromContinuingOperationsBeforeIncomeTaxesExtraordinaryItemsNoncontrollingInterest', 'revenue': 'RevenueFromContractWithCustomerExcludingAssessedTax', 'shares': 'EntityCommonStockSharesOutstanding'}"
1164863,NPO,Enpro Inc.,"{'debt_st': 'LongTermDebtCurrent', 'debt_lt': 'LongTermDebtNoncurrent', 'assets': 'Assets', 'liabilities': 'Liabilities', 'current_assets': 'AssetsCurrent', 'current_liabilities': 'LiabilitiesCurrent', 'retained_earnings': 'RetainedEarningsAccumulatedDeficit', 'liabilities_and_equity': 'LiabilitiesAndStockholdersEquity', 'equity': 'StockholdersEquity', 'ebit': 'OperatingIncomeLoss', 'revenue': 'RevenueFromContractWithCustomerExcludingAssessedTax', 'shares': 'EntityCommonStockSharesOutstanding'}"
1166003,XPO,"XPO, Inc.","{'debt_st': 'DebtCurrent', 'debt_lt': 'LongTermDebtNoncurrent', 'assets': 'Assets', 'liabilities': None, 'current_assets': 'AssetsCurrent', 'current_liabilities': 'LiabilitiesCurrent', 'retained_earnings': 'RetainedEarningsAccumulatedDeficit', 'liabilities_and_equity': 'LiabilitiesAndStockholdersEquity', 'equity': 'StockholdersEquity', 'ebit': 'OperatingIncomeLoss', 'revenue': 'RevenueFromContractWithCustomerExcludingAssessedTax', 'shares': 'EntityCommonStockSharesOutstanding'}"
1166388,VRNT,VERINT SYSTEMS INC,"{'debt_st': 'LongTermDebtCurrent', 'debt_lt': 'LongTermDebtNoncurrent', 'assets': 'Assets', 'liabilities': 'Liabilities', 'current_assets': 'AssetsCurrent', 'current_liabilities': 'LiabilitiesCurrent', 'retained_earnings': 'RetainedEarningsAccumulatedDeficit', 'liabilities_and_equity': 'LiabilitiesAndStockholdersEquity', 'equity': 'StockholdersEquity', 'ebit': 'OperatingIncomeLoss', 'revenue': 'RevenueFromContractWithCustomerExcludingAssessedTax', 'shares': 'EntityCommonStockSharesOutstanding'}"
1166663,TEN,TSAKOS ENERGY NAVIGATION LTD,"{'debt_st': 'LongTermDebtCurrent', 'debt_lt': 'LongTermDebtNoncurrent', 'assets': 'Assets', 'liabilities': None, 'current_assets': 'AssetsCurrent', 'current_liabilities': 'LiabilitiesCurrent', 'retained_earnings': 'RetainedEarningsAccumulatedDeficit', 'liabilities_and_equity': 'LiabilitiesAndStockholdersEquity', 'equity': 'StockholdersEquity', 'ebit': 'OperatingIncomeLoss', 'revenue': 'Revenues', 'shares': 'EntityCommonStockSharesOutstanding'}"
1169445,TBRG,"TruBridge, Inc.","{'debt_st': 'LongTermDebtCurrent', 'debt_lt': 'LongTermDebtNoncurrent', 'assets': 'Assets', 'liabilities': 'Liabilities', 'current_assets': 'AssetsCurrent', 'current_liabilities': 'LiabilitiesCurrent', 'retained_earnings': 'RetainedEarningsAccumulatedDeficit', 'liabilities_and_equity': 'LiabilitiesAndStockholdersEquity', 'equity': 'StockholdersEquity', 'ebit': 'OperatingIncomeLoss', 'revenue': 'RevenueFromContractWithCustomerExcludingAssessedTax', 'shares': 'EntityCommonStockSharesOutstanding'}"
1170010,KMX,CARMAX INC,"{'debt_st': 'DebtCurrent', 'debt_lt': 'LongTermDebtNoncurrent', 'assets': 'Assets', 'liabilities': 'Liabilities', 'current_assets': 'AssetsCurrent', 'current_liabilities': 'LiabilitiesCurrent', 'retained_earnings': 'RetainedEarningsAccumulatedDeficit', 'liabilities_and_equity': 'LiabilitiesAndStockholdersEquity', 'equity': 'StockholdersEquityIncludingPortionAttributableToNoncontrollingInterest', 'ebit': 'IncomeLossFromContinuingOperationsBeforeIncomeTaxesMinorityInterestAndIncomeLossFromEquityMethodInvestments', 'revenue': 'RevenueFromContractWithCustomerExcludingAssessedTax', 'shares': 'EntityCommonStockSharesOutstanding'}"
1171155,RLGT,"RADIANT LOGISTICS, INC","{'debt_st': 'LongTermDebtCurrent', 'debt_lt': 'LongTermDebtNoncurrent', 'assets': 'Assets', 'liabilities': 'Liabilities', 'current_assets': 'AssetsCurrent', 'current_liabilities': 'LiabilitiesCurrent', 'retained_earnings': 'RetainedEarningsAccumulatedDeficit', 'liabilities_and_equity': 'LiabilitiesAndStockholdersEquity', 'equity': 'StockholdersEquity', 'ebit': 'OperatingIncomeLoss', 'revenue': 'RevenueFromContractWithCustomerExcludingAssessedTax', 'shares': 'EntityCommonStockSharesOutstanding'}"
1171486,NRP,NATURAL RESOURCE PARTNERS LP,"{'debt_st': 'LongTermDebtCurrent', 'debt_lt': 'LongTermDebtNoncurrent', 'assets': 'Assets', 'liabilities': 'Liabilities', 'current_assets': 'AssetsCurrent', 'current_liabilities': 'LiabilitiesCurrent', 'retained_earnings': None, 'liabilities_and_equity': 'LiabilitiesAndStockholdersEquity', 'equity': None, 'ebit': 'OperatingIncomeLoss', 'revenue': 'RevenueFromContractWithCustomerExcludingAssessedTax', 'shares': 'EntityCommonStockSharesOutstanding'}"
1171759,RRGB,RED ROBIN GOURMET BURGERS INC,"{'debt_st': 'DebtCurrent', 'debt_lt': 'LongTermDebtNoncurrent', 'assets': 'Assets', 'liabilities': 'Liabilities', 'current_assets': 'AssetsCurrent', 'current_liabilities': 'LiabilitiesCurrent', 'retained_earnings': 'RetainedEarningsAccumulatedDeficit', 'liabilities_and_equity': 'LiabilitiesAndStockholdersEquity', 'equity': 'StockholdersEquity', 'ebit': 'OperatingIncomeLoss', 'revenue': 'RevenueFromContractWithCustomerExcludingAssessedTax', 'shares': 'EntityCommonStockSharesOutstanding'}"
1173420,NG,NOVAGOLD RESOURCES INC,"{'debt_st': 'LongTermDebtCurrent', 'debt_lt': 'LongTermDebtNoncurrent', 'assets': 'Assets', 'liabilities': 'Liabilities', 'current_assets': 'AssetsCurrent', 'current_liabilities': 'LiabilitiesCurrent', 'retained_earnings': 'RetainedEarningsAccumulatedDeficit', 'liabilities_and_equity': 'LiabilitiesAndStockholdersEquity', 'equity': 'StockholdersEquity', 'ebit': 'OperatingIncomeLoss', 'revenue': 'Revenues', 'shares': 'EntityCommonStockSharesOutstanding'}"
1174169,AQN,ALGONQUIN POWER & UTILITIES CORP.,"{'debt_st': 'LongTermDebtCurrent', 'debt_lt': 'LongTermDebtNoncurrent', 'assets': 'Assets', 'liabilities': 'Liabilities', 'current_assets': 'AssetsCurrent', 'current_liabilities': 'LiabilitiesCurrent', 'retained_earnings': 'RetainedEarningsAccumulatedDeficit', 'liabilities_and_equity': 'LiabilitiesAndStockholdersEquity', 'equity': 'StockholdersEquity', 'ebit': 'OperatingIncomeLoss', 'revenue': 'RevenueFromContractWithCustomerExcludingAssessedTax', 'shares': 'EntityCommonStockSharesOutstanding'}"
1174922,WYNN,WYNN RESORTS LTD,"{'debt_st': 'LongTermDebtCurrent', 'debt_lt': 'LongTermDebtNoncurrent', 'assets': 'Assets', 'liabilities': 'Liabilities', 'current_assets': 'AssetsCurrent', 'current_liabilities': 'LiabilitiesCurrent', 'retained_earnings': 'RetainedEarningsAccumulatedDeficit', 'liabilities_and_equity': 'LiabilitiesAndStockholdersEquity', 'equity': 'StockholdersEquity', 'ebit': 'OperatingIncomeLoss', 'revenue': 'Revenues', 'shares': 'EntityCommonStockSharesOutstanding'}"
1175454,CPAY,"CORPAY, INC.","{'debt_st': 'LongTermDebtCurrent', 'debt_lt': 'LongTermDebtNoncurrent', 'assets': 'Assets', 'liabilities': None, 'current_assets': 'AssetsCurrent', 'current_liabilities': 'LiabilitiesCurrent', 'retained_earnings': 'RetainedEarningsAccumulatedDeficit', 'liabilities_and_equity': 'LiabilitiesAndStockholdersEquity', 'equity': 'StockholdersEquity', 'ebit': 'OperatingIncomeLoss', 'revenue': 'Revenues', 'shares': 'EntityCommonStockSharesOutstanding'}"
1176334,MMLP,MARTIN MIDSTREAM PARTNERS L.P.,"{'debt_st': 'LongTermDebtCurrent', 'debt_lt': 'LongTermDebtNoncurrent', 'assets': 'Assets', 'liabilities': 'Liabilities', 'current_assets': 'AssetsCurrent', 'current_liabilities': 'LiabilitiesCurrent', 'retained_earnings': None, 'liabilities_and_equity': 'LiabilitiesAndStockholdersEquity', 'equity': None, 'ebit': 'OperatingIncomeLoss', 'revenue': 'RevenueFromContractWithCustomerExcludingAssessedTax', 'shares': 'EntityCommonStockSharesOutstanding'}"
1177394,SNX,TD SYNNEX CORP,"{'debt_st': 'DebtCurrent', 'debt_lt': 'LongTermDebtNoncurrent', 'assets': 'Assets', 'liabilities': 'Liabilities', 'current_assets': 'AssetsCurrent', 'current_liabilities': 'LiabilitiesCurrent', 'retained_earnings': 'RetainedEarningsAccumulatedDeficit', 'liabilities_and_equity': 'LiabilitiesAndStockholdersEquity', 'equity': 'StockholdersEquity', 'ebit': 'OperatingIncomeLoss', 'revenue': 'RevenueFromContractWithCustomerExcludingAssessedTax', 'shares': 'EntityCommonStockSharesOutstanding'}"
1178670,ALNY,"ALNYLAM PHARMACEUTICALS, INC.","{'debt_st': None, 'debt_lt': 'LongTermDebt', 'assets': 'Assets', 'liabilities': 'Liabilities', 'current_assets': 'AssetsCurrent', 'current_liabilities': 'LiabilitiesCurrent', 'retained_earnings': 'RetainedEarningsAccumulatedDeficit', 'liabilities_and_equity': 'LiabilitiesAndStockholdersEquity', 'equity': 'StockholdersEquity', 'ebit': 'OperatingIncomeLoss', 'revenue': 'RevenueFromContractWithCustomerExcludingAssessedTax', 'shares': 'EntityCommonStockSharesOutstanding'}"
1178879,FOLD,"AMICUS THERAPEUTICS, INC.","{'debt_st': None, 'debt_lt': 'LongTermDebt', 'assets': 'Assets', 'liabilities': 'Liabilities', 'current_assets': 'AssetsCurrent', 'current_liabilities': 'LiabilitiesCurrent', 'retained_earnings': 'RetainedEarningsAccumulatedDeficit', 'liabilities_and_equity': 'LiabilitiesAndStockholdersEquity', 'equity': 'StockholdersEquity', 'ebit': 'OperatingIncomeLoss', 'revenue': 'RevenueFromContractWithCustomerExcludingAssessedTax', 'shares': 'EntityCommonStockSharesOutstanding'}"
1180262,HLF,HERBALIFE LTD.,"{'debt_st': 'LongTermDebtCurrent', 'debt_lt': 'LongTermDebtNoncurrent', 'assets': 'Assets', 'liabilities': 'Liabilities', 'current_assets': 'AssetsCurrent', 'current_liabilities': 'LiabilitiesCurrent', 'retained_earnings': 'RetainedEarningsAccumulatedDeficit', 'liabilities_and_equity': 'LiabilitiesAndStockholdersEquity', 'equity': 'StockholdersEquity', 'ebit': 'OperatingIncomeLoss', 'revenue': 'RevenueFromContractWithCustomerExcludingAssessedTax', 'shares': 'EntityCommonStockSharesOutstanding'}"
1192448,GKOS,GLAUKOS Corp,"{'debt_st': 'LongTermDebtCurrent', 'debt_lt': 'LongTermDebtNoncurrent', 'assets': 'Assets', 'liabilities': 'Liabilities', 'current_assets': 'AssetsCurrent', 'current_liabilities': 'LiabilitiesCurrent', 'retained_earnings': 'RetainedEarningsAccumulatedDeficit', 'liabilities_and_equity': 'LiabilitiesAndStockholdersEquity', 'equity': 'StockholdersEquity', 'ebit': 'OperatingIncomeLoss', 'revenue': 'RevenueFromContractWithCustomerExcludingAssessedTax', 'shares': 'EntityCommonStockSharesOutstanding'}"
1195734,PBPB,POTBELLY CORP,"{'debt_st': 'LongTermDebtCurrent', 'debt_lt': 'LongTermDebtNoncurrent', 'assets': 'Assets', 'liabilities': 'Liabilities', 'current_assets': 'AssetsCurrent', 'current_liabilities': 'LiabilitiesCurrent', 'retained_earnings': 'RetainedEarningsAccumulatedDeficit', 'liabilities_and_equity': 'LiabilitiesAndStockholdersEquity', 'equity': 'StockholdersEquity', 'ebit': 'OperatingIncomeLoss', 'revenue': 'RevenueFromContractWithCustomerExcludingAssessedTax', 'shares': 'EntityCommonStockSharesOutstanding'}"
1201792,APEI,AMERICAN PUBLIC EDUCATION INC,"{'debt_st': 'LongTermDebtCurrent', 'debt_lt': 'LongTermDebtNoncurrent', 'assets': 'Assets', 'liabilities': 'Liabilities', 'current_assets': 'AssetsCurrent', 'current_liabilities': 'LiabilitiesCurrent', 'retained_earnings': 'RetainedEarningsAccumulatedDeficit', 'liabilities_and_equity': 'LiabilitiesAndStockholdersEquity', 'equity': 'StockholdersEquity', 'ebit': 'OperatingIncomeLoss', 'revenue': 'RevenueFromContractWithCustomerExcludingAssessedTax', 'shares': 'EntityCommonStockSharesOutstanding'}"
1206264,SGI,SOMNIGROUP INTERNATIONAL INC.,"{'debt_st': 'LongTermDebtCurrent', 'debt_lt': 'LongTermDebtNoncurrent', 'assets': 'Assets', 'liabilities': 'Liabilities', 'current_assets': 'AssetsCurrent', 'current_liabilities': 'LiabilitiesCurrent', 'retained_earnings': 'RetainedEarningsAccumulatedDeficit', 'liabilities_and_equity': 'LiabilitiesAndStockholdersEquity', 'equity': 'StockholdersEquity', 'ebit': 'OperatingIncomeLoss', 'revenue': 'RevenueFromContractWithCustomerExcludingAssessedTax', 'shares': 'EntityCommonStockSharesOutstanding'}"
1207179,GLNG,GOLAR LNG LTD,"{'debt_st': 'DebtCurrent', 'debt_lt': 'LongTermDebtNoncurrent', 'assets': 'Assets', 'liabilities': 'Liabilities', 'current_assets': 'AssetsCurrent', 'current_liabilities': 'LiabilitiesCurrent', 'retained_earnings': 'RetainedEarningsAccumulatedDeficit', 'liabilities_and_equity': 'LiabilitiesAndStockholdersEquity', 'equity': 'StockholdersEquity', 'ebit': 'OperatingIncomeLoss', 'revenue': 'RevenueFromContractWithCustomerExcludingAssessedTax', 'shares': 'EntityCommonStockSharesOutstanding'}"
1210677,FA,FIRST ADVANTAGE CORP,"{'debt_st': 'LongTermDebtCurrent', 'debt_lt': 'LongTermDebtNoncurrent', 'assets': 'Assets', 'liabilities': 'Liabilities', 'current_assets': 'AssetsCurrent', 'current_liabilities': 'LiabilitiesCurrent', 'retained_earnings': 'RetainedEarningsAccumulatedDeficit', 'liabilities_and_equity': 'LiabilitiesAndStockholdersEquity', 'equity': 'StockholdersEquity', 'ebit': 'OperatingIncomeLoss', 'revenue': 'Revenues', 'shares': 'EntityCommonStockSharesOutstanding'}"
1217234,CDNA,"CareDx, Inc.","{'debt_st': 'LongTermDebtCurrent', 'debt_lt': 'LongTermDebtNoncurrent', 'assets': 'Assets', 'liabilities': 'Liabilities', 'current_assets': 'AssetsCurrent', 'current_liabilities': 'LiabilitiesCurrent', 'retained_earnings': 'RetainedEarningsAccumulatedDeficit', 'liabilities_and_equity': 'LiabilitiesAndStockholdersEquity', 'equity': 'StockholdersEquity', 'ebit': 'OperatingIncomeLoss', 'revenue': 'RevenueFromContractWithCustomerExcludingAssessedTax', 'shares': 'EntityCommonStockSharesOutstanding'}"
1219601,CCK,"CROWN HOLDINGS, INC.","{'debt_st': 'LongTermDebtCurrent', 'debt_lt': 'LongTermDebtNoncurrent', 'assets': 'Assets', 'liabilities': None, 'current_assets': 'AssetsCurrent', 'current_liabilities': 'LiabilitiesCurrent', 'retained_earnings': 'RetainedEarningsAccumulatedDeficit', 'liabilities_and_equity': 'LiabilitiesAndStockholdersEquity', 'equity': 'StockholdersEquity', 'ebit': 'OperatingIncomeLoss', 'revenue': 'RevenueFromContractWithCustomerExcludingAssessedTax', 'shares': 'EntityCommonStockSharesOutstanding'}"
1227654,CMP,COMPASS MINERALS INTERNATIONAL INC,"{'debt_st': 'DebtCurrent', 'debt_lt': 'LongTermDebtNoncurrent', 'assets': 'Assets', 'liabilities': None, 'current_assets': 'AssetsCurrent', 'current_liabilities': 'LiabilitiesCurrent', 'retained_earnings': 'RetainedEarningsAccumulatedDeficit', 'liabilities_and_equity': 'LiabilitiesAndStockholdersEquity', 'equity': 'StockholdersEquity', 'ebit': 'OperatingIncomeLoss', 'revenue': 'RevenueFromContractWithCustomerExcludingAssessedTax', 'shares': 'EntityCommonStockSharesOutstanding'}"
1232524,JAZZ,Jazz Pharmaceuticals plc,"{'debt_st': 'LongTermDebtCurrent', 'debt_lt': 'LongTermDebtNoncurrent', 'assets': 'Assets', 'liabilities': None, 'current_assets': 'AssetsCurrent', 'current_liabilities': 'LiabilitiesCurrent', 'retained_earnings': 'RetainedEarningsAccumulatedDeficit', 'liabilities_and_equity': 'LiabilitiesAndStockholdersEquity', 'equity': 'StockholdersEquity', 'ebit': 'OperatingIncomeLoss', 'revenue': 'RevenueFromContractWithCustomerExcludingAssessedTax', 'shares': 'EntityCommonStockSharesOutstanding'}"
1236275,QXO,"QXO, Inc.","{'debt_st': 'DebtCurrent', 'debt_lt': 'LongTermDebtNoncurrent', 'assets': 'Assets', 'liabilities': 'Liabilities', 'current_assets': 'AssetsCurrent', 'current_liabilities': 'LiabilitiesCurrent', 'retained_earnings': 'RetainedEarningsAccumulatedDeficit', 'liabilities_and_equity': 'LiabilitiesAndStockholdersEquity', 'equity': 'StockholdersEquity', 'ebit': 'OperatingIncomeLoss', 'revenue': 'RevenueFromContractWithCustomerExcludingAssessedTax', 'shares': 'EntityCommonStockSharesOutstanding'}"
1257640,KRO,KRONOS WORLDWIDE INC,"{'debt_st': 'LongTermDebtCurrent', 'debt_lt': 'LongTermDebtNoncurrent', 'assets': 'Assets', 'liabilities': None, 'current_assets': 'AssetsCurrent', 'current_liabilities': 'LiabilitiesCurrent', 'retained_earnings': 'RetainedEarningsAccumulatedDeficit', 'liabilities_and_equity': 'LiabilitiesAndStockholdersEquity', 'equity': 'StockholdersEquity', 'ebit': 'OperatingIncomeLoss', 'revenue': 'RevenueFromContractWithCustomerExcludingAssessedTax', 'shares': 'EntityCommonStockSharesOutstanding'}"
1259429,OXSQ,Oxford Square Capital Corp.,"{'debt_st': 'ShortTermBorrowings', 'debt_lt': 'LongTermDebt', 'assets': 'Assets', 'liabilities': 'Liabilities', 'current_assets': None, 'current_liabilities': None, 'retained_earnings': 'RetainedEarningsAccumulatedDeficit', 'liabilities_and_equity': 'LiabilitiesAndStockholdersEquity', 'equity': 'StockholdersEquity', 'ebit': None, 'revenue': None, 'shares': 'EntityCommonStockSharesOutstanding'}"
1260221,TDG,TransDigm Group INC,"{'debt_st': 'LongTermDebtCurrent', 'debt_lt': 'LongTermDebtNoncurrent', 'assets': 'Assets', 'liabilities': 'Liabilities', 'current_assets': 'AssetsCurrent', 'current_liabilities': 'LiabilitiesCurrent', 'retained_earnings': 'RetainedEarningsAccumulatedDeficit', 'liabilities_and_equity': 'LiabilitiesAndStockholdersEquity', 'equity': 'StockholdersEquity', 'ebit': 'OperatingIncomeLoss', 'revenue': 'RevenueFromContractWithCustomerExcludingAssessedTax', 'shares': 'EntityCommonStockSharesOutstanding'}"
1261654,UTI,UNIVERSAL TECHNICAL INSTITUTE INC,"{'debt_st': 'LongTermDebtCurrent', 'debt_lt': 'LongTermDebtNoncurrent', 'assets': 'Assets', 'liabilities': 'Liabilities', 'current_assets': 'AssetsCurrent', 'current_liabilities': 'LiabilitiesCurrent', 'retained_earnings': 'RetainedEarningsAccumulatedDeficit', 'liabilities_and_equity': 'LiabilitiesAndStockholdersEquity', 'equity': 'StockholdersEquity', 'ebit': 'OperatingIncomeLoss', 'revenue': 'RevenueFromContractWithCustomerExcludingAssessedTax', 'shares': 'EntityCommonStockSharesOutstanding'}"
1262039,FTNT,"Fortinet, Inc.","{'debt_st': 'LongTermDebtCurrent', 'debt_lt': 'LongTermDebtNoncurrent', 'assets': 'Assets', 'liabilities': 'Liabilities', 'current_assets': 'AssetsCurrent', 'current_liabilities': 'LiabilitiesCurrent', 'retained_earnings': 'RetainedEarningsAccumulatedDeficit', 'liabilities_and_equity': 'LiabilitiesAndStockholdersEquity', 'equity': 'StockholdersEquity', 'ebit': 'OperatingIncomeLoss', 'revenue': 'RevenueFromContractWithCustomerExcludingAssessedTax', 'shares': 'EntityCommonStockSharesOutstanding'}"
1262823,WLK,WESTLAKE CORP,"{'debt_st': 'LongTermDebtCurrent', 'debt_lt': 'LongTermDebtNoncurrent', 'assets': 'Assets', 'liabilities': 'Liabilities', 'current_assets': 'AssetsCurrent', 'current_liabilities': 'LiabilitiesCurrent', 'retained_earnings': 'RetainedEarningsAccumulatedDeficit', 'liabilities_and_equity': 'LiabilitiesAndStockholdersEquity', 'equity': 'StockholdersEquity', 'ebit': 'OperatingIncomeLoss', 'revenue': 'Revenues', 'shares': 'EntityCommonStockSharesOutstanding'}"
1262976,CMPR,CIMPRESS plc,"{'debt_st': 'LongTermDebtCurrent', 'debt_lt': 'LongTermDebtNoncurrent', 'assets': 'Assets', 'liabilities': 'Liabilities', 'current_assets': 'AssetsCurrent', 'current_liabilities': 'LiabilitiesCurrent', 'retained_earnings': 'RetainedEarningsAccumulatedDeficit', 'liabilities_and_equity': 'LiabilitiesAndStockholdersEquity', 'equity': 'StockholdersEquity', 'ebit': 'OperatingIncomeLoss', 'revenue': 'Revenues', 'shares': 'EntityCommonStockSharesOutstanding'}"
1267565,COLL,"COLLEGIUM PHARMACEUTICAL, INC","{'debt_st': 'DebtCurrent', 'debt_lt': 'LongTermDebt', 'assets': 'Assets', 'liabilities': 'Liabilities', 'current_assets': 'AssetsCurrent', 'current_liabilities': 'LiabilitiesCurrent', 'retained_earnings': 'RetainedEarningsAccumulatedDeficit', 'liabilities_and_equity': 'LiabilitiesAndStockholdersEquity', 'equity': 'StockholdersEquity', 'ebit': 'OperatingIncomeLoss', 'revenue': 'RevenueFromContractWithCustomerExcludingAssessedTax', 'shares': 'EntityCommonStockSharesOutstanding'}"
1269238,TCOM,Trip.com Group Ltd,"{'debt_st': 'DebtCurrent', 'debt_lt': 'LongTermDebtNoncurrent', 'assets': 'Assets', 'liabilities': 'Liabilities', 'current_assets': 'AssetsCurrent', 'current_liabilities': 'LiabilitiesCurrent', 'retained_earnings': 'RetainedEarningsAccumulatedDeficit', 'liabilities_and_equity': 'LiabilitiesAndStockholdersEquity', 'equity': 'StockholdersEquity', 'ebit': 'OperatingIncomeLoss', 'revenue': 'Revenues', 'shares': 'EntityCommonStockSharesOutstanding'}"
1270073,ICPT,"INTERCEPT PHARMACEUTICALS, INC.","{'debt_st': 'DebtCurrent', 'debt_lt': 'LongTermDebtNoncurrent', 'assets': 'Assets', 'liabilities': 'Liabilities', 'current_assets': 'AssetsCurrent', 'current_liabilities': 'LiabilitiesCurrent', 'retained_earnings': 'RetainedEarningsAccumulatedDeficit', 'liabilities_and_equity': 'LiabilitiesAndStockholdersEquity', 'equity': 'StockholdersEquity', 'ebit': 'OperatingIncomeLoss', 'revenue': 'RevenueFromContractWithCustomerExcludingAssessedTax', 'shares': 'EntityCommonStockSharesOutstanding'}"
1273441,GTE,GRAN TIERRA ENERGY INC.,"{'debt_st': 'DebtCurrent', 'debt_lt': 'LongTermDebtNoncurrent', 'assets': 'Assets', 'liabilities': None, 'current_assets': 'AssetsCurrent', 'current_liabilities': 'LiabilitiesCurrent', 'retained_earnings': 'RetainedEarningsAccumulatedDeficit', 'liabilities_and_equity': 'LiabilitiesAndStockholdersEquity', 'equity': 'StockholdersEquity', 'ebit': 'IncomeLossFromContinuingOperationsBeforeIncomeTaxesExtraordinaryItemsNoncontrollingInterest', 'revenue': 'RevenueFromContractWithCustomerExcludingAssessedTax', 'shares': 'EntityCommonStockSharesOutstanding'}"
1274494,FSLR,"FIRST SOLAR, INC.","{'debt_st': 'DebtCurrent', 'debt_lt': 'LongTermDebtNoncurrent', 'assets': 'Assets', 'liabilities': 'Liabilities', 'current_assets': 'AssetsCurrent', 'current_liabilities': 'LiabilitiesCurrent', 'retained_earnings': 'RetainedEarningsAccumulatedDeficit', 'liabilities_and_equity': 'LiabilitiesAndStockholdersEquity', 'equity': 'StockholdersEquity', 'ebit': 'OperatingIncomeLoss', 'revenue': 'Revenues', 'shares': 'EntityCommonStockSharesOutstanding'}"
1275014,UCTT,"Ultra Clean Holdings, Inc.","{'debt_st': 'LongTermDebtCurrent', 'debt_lt': 'LongTermDebtNoncurrent', 'assets': 'Assets', 'liabilities': 'Liabilities', 'current_assets': 'AssetsCurrent', 'current_liabilities': 'LiabilitiesCurrent', 'retained_earnings': 'RetainedEarningsAccumulatedDeficit', 'liabilities_and_equity': 'LiabilitiesAndStockholdersEquity', 'equity': 'StockholdersEquity', 'ebit': 'OperatingIncomeLoss', 'revenue': 'RevenueFromContractWithCustomerExcludingAssessedTax', 'shares': 'EntityCommonStockSharesOutstanding'}"
1275158,NDLS,NOODLES & Co,"{'debt_st': 'LongTermDebtCurrent', 'debt_lt': 'LongTermDebtNoncurrent', 'assets': 'Assets', 'liabilities': 'Liabilities', 'current_assets': 'AssetsCurrent', 'current_liabilities': 'LiabilitiesCurrent', 'retained_earnings': 'RetainedEarningsAccumulatedDeficit', 'liabilities_and_equity': 'LiabilitiesAndStockholdersEquity', 'equity': 'StockholdersEquity', 'ebit': 'OperatingIncomeLoss', 'revenue': 'RevenueFromContractWithCustomerExcludingAssessedTax', 'shares': 'EntityCommonStockSharesOutstanding'}"
1275187,ANGO,ANGIODYNAMICS INC,"{'debt_st': 'LongTermDebtCurrent', 'debt_lt': 'LongTermDebtNoncurrent', 'assets': 'Assets', 'liabilities': 'Liabilities', 'current_assets': 'AssetsCurrent', 'current_liabilities': 'LiabilitiesCurrent', 'retained_earnings': 'RetainedEarningsAccumulatedDeficit', 'liabilities_and_equity': 'LiabilitiesAndStockholdersEquity', 'equity': 'StockholdersEquity', 'ebit': 'OperatingIncomeLoss', 'revenue': 'RevenueFromContractWithCustomerExcludingAssessedTax', 'shares': 'EntityCommonStockSharesOutstanding'}"
1276187,ET,Energy Transfer LP,"{'debt_st': 'LongTermDebtCurrent', 'debt_lt': 'LongTermDebtNoncurrent', 'assets': 'Assets', 'liabilities': None, 'current_assets': 'AssetsCurrent', 'current_liabilities': 'LiabilitiesCurrent', 'retained_earnings': None, 'liabilities_and_equity': 'LiabilitiesAndStockholdersEquity', 'equity': 'StockholdersEquityIncludingPortionAttributableToNoncontrollingInterest', 'ebit': 'OperatingIncomeLoss', 'revenue': 'Revenues', 'shares': 'EntityCommonStockSharesOutstanding'}"
1278027,BGS,"B&G Foods, Inc.","{'debt_st': 'LongTermDebtCurrent', 'debt_lt': 'LongTermDebtNoncurrent', 'assets': 'Assets', 'liabilities': 'Liabilities', 'current_assets': 'AssetsCurrent', 'current_liabilities': 'LiabilitiesCurrent', 'retained_earnings': 'RetainedEarningsAccumulatedDeficit', 'liabilities_and_equity': 'LiabilitiesAndStockholdersEquity', 'equity': 'StockholdersEquity', 'ebit': 'OperatingIncomeLoss', 'revenue': 'RevenueFromContractWithCustomerExcludingAssessedTax', 'shares': 'EntityCommonStockSharesOutstanding'}"
1278752,MFIC,MidCap Financial Investment Corp,"{'debt_st': None, 'debt_lt': 'LongTermDebt', 'assets': 'Assets', 'liabilities': 'Liabilities', 'current_assets': None, 'current_liabilities': None, 'retained_earnings': 'RetainedEarningsAccumulatedDeficit', 'liabilities_and_equity': None, 'equity': 'StockholdersEquity', 'ebit': None, 'revenue': None, 'shares': 'EntityCommonStockSharesOutstanding'}"
1280058,BLKB,BLACKBAUD INC,"{'debt_st': 'LongTermDebtCurrent', 'debt_lt': 'LongTermDebtNoncurrent', 'assets': 'Assets', 'liabilities': 'Liabilities', 'current_assets': 'AssetsCurrent', 'current_liabilities': 'LiabilitiesCurrent', 'retained_earnings': 'RetainedEarningsAccumulatedDeficit', 'liabilities_and_equity': 'LiabilitiesAndStockholdersEquity', 'equity': 'StockholdersEquity', 'ebit': 'OperatingIncomeLoss', 'revenue': 'RevenueFromContractWithCustomerExcludingAssessedTax', 'shares': 'EntityCommonStockSharesOutstanding'}"
1280784,HTGC,"Hercules Capital, Inc.","{'debt_st': None, 'debt_lt': 'LongTermDebt', 'assets': 'Assets', 'liabilities': 'Liabilities', 'current_assets': None, 'current_liabilities': None, 'retained_earnings': 'RetainedEarningsAccumulatedDeficit', 'liabilities_and_equity': 'LiabilitiesAndStockholdersEquity', 'equity': 'StockholdersEquity', 'ebit': None, 'revenue': None, 'shares': 'EntityCommonStockSharesOutstanding'}"
1282637,NEU,NEWMARKET CORP,"{'debt_st': 'LongTermDebtCurrent', 'debt_lt': 'LongTermDebtNoncurrent', 'assets': 'Assets', 'liabilities': 'Liabilities', 'current_assets': 'AssetsCurrent', 'current_liabilities': 'LiabilitiesCurrent', 'retained_earnings': 'RetainedEarningsAccumulatedDeficit', 'liabilities_and_equity': 'LiabilitiesAndStockholdersEquity', 'equity': 'StockholdersEquity', 'ebit': 'OperatingIncomeLoss', 'revenue': 'RevenueFromContractWithCustomerExcludingAssessedTax', 'shares': 'EntityCommonStockSharesOutstanding'}"
1283699,TMUS,"T-Mobile US, Inc.","{'debt_st': 'DebtCurrent', 'debt_lt': 'LongTermDebtNoncurrent', 'assets': 'Assets', 'liabilities': 'Liabilities', 'current_assets': 'AssetsCurrent', 'current_liabilities': 'LiabilitiesCurrent', 'retained_earnings': 'RetainedEarningsAccumulatedDeficit', 'liabilities_and_equity': 'LiabilitiesAndStockholdersEquity', 'equity': 'StockholdersEquity', 'ebit': 'OperatingIncomeLoss', 'revenue': 'RevenueFromContractWithCustomerExcludingAssessedTax', 'shares': 'EntityCommonStockSharesOutstanding'}"
1285785,MOS,MOSAIC CO,"{'debt_st': 'ShortTermBorrowings', 'debt_lt': 'LongTermDebtAndCapitalLeaseObligationsIncludingCurrentMaturities', 'assets': 'Assets', 'liabilities': None, 'current_assets': 'AssetsCurrent', 'current_liabilities': 'LiabilitiesCurrent', 'retained_earnings': 'RetainedEarningsAccumulatedDeficit', 'liabilities_and_equity': 'LiabilitiesAndStockholdersEquity', 'equity': 'StockholdersEquity', 'ebit': 'OperatingIncomeLoss', 'revenue': 'RevenueFromContractWithCustomerExcludingAssessedTax', 'shares': 'EntityCommonStockSharesOutstanding'}"
1285819,OMER,OMEROS CORP,"{'debt_st': 'LongTermDebtCurrent', 'debt_lt': 'LongTermDebtNoncurrent', 'assets': 'Assets', 'liabilities': None, 'current_assets': 'AssetsCurrent', 'current_liabilities': 'LiabilitiesCurrent', 'retained_earnings': 'RetainedEarningsAccumulatedDeficit', 'liabilities_and_equity': 'LiabilitiesAndStockholdersEquity', 'equity': 'StockholdersEquity', 'ebit': 'OperatingIncomeLoss', 'revenue': 'RevenueFromContractWithCustomerExcludingAssessedTax', 'shares': 'EntityCommonStockSharesOutstanding'}"
1286613,LINC,LINCOLN EDUCATIONAL SERVICES CORP,"{'debt_st': 'LongTermDebtCurrent', 'debt_lt': 'LongTermDebtNoncurrent', 'assets': 'Assets', 'liabilities': 'Liabilities', 'current_assets': 'AssetsCurrent', 'current_liabilities': 'LiabilitiesCurrent', 'retained_earnings': 'RetainedEarningsAccumulatedDeficit', 'liabilities_and_equity': 'LiabilitiesAndStockholdersEquity', 'equity': 'StockholdersEquity', 'ebit': 'OperatingIncomeLoss', 'revenue': 'RevenueFromContractWithCustomerExcludingAssessedTax', 'shares': 'EntityCommonStockSharesOutstanding'}"
1286681,DPZ,DOMINOS PIZZA INC,"{'debt_st': 'LongTermDebtCurrent', 'debt_lt': 'LongTermDebtNoncurrent', 'assets': 'Assets', 'liabilities': 'Liabilities', 'current_assets': 'AssetsCurrent', 'current_liabilities': 'LiabilitiesCurrent', 'retained_earnings': 'RetainedEarningsAccumulatedDeficit', 'liabilities_and_equity': 'LiabilitiesAndStockholdersEquity', 'equity': 'StockholdersEquity', 'ebit': 'OperatingIncomeLoss', 'revenue': 'Revenues', 'shares': 'EntityCommonStockSharesOutstanding'}"
1287032,PSEC,PROSPECT CAPITAL CORP,"{'debt_st': None, 'debt_lt': 'LongTermDebt', 'assets': 'Assets', 'liabilities': 'Liabilities', 'current_assets': None, 'current_liabilities': None, 'retained_earnings': 'RetainedEarningsAccumulatedDeficit', 'liabilities_and_equity': None, 'equity': 'StockholdersEquity', 'ebit': None, 'revenue': None, 'shares': 'EntityCommonStockSharesOutstanding'}"
1287213,PLOW,"DOUGLAS DYNAMICS, INC","{'debt_st': 'LongTermDebtCurrent', 'debt_lt': 'LongTermDebtNoncurrent', 'assets': 'Assets', 'liabilities': None, 'current_assets': 'AssetsCurrent', 'current_liabilities': 'LiabilitiesCurrent', 'retained_earnings': 'RetainedEarningsAccumulatedDeficit', 'liabilities_and_equity': 'LiabilitiesAndStockholdersEquity', 'equity': 'StockholdersEquity', 'ebit': 'OperatingIncomeLoss', 'revenue': 'RevenueFromContractWithCustomerExcludingAssessedTax', 'shares': 'EntityCommonStockSharesOutstanding'}"
1287750,ARCC,ARES CAPITAL CORP,"{'debt_st': None, 'debt_lt': 'LongTermDebt', 'assets': 'Assets', 'liabilities': 'Liabilities', 'current_assets': None, 'current_liabilities': None, 'retained_earnings': 'RetainedEarningsAccumulatedDeficit', 'liabilities_and_equity': 'LiabilitiesAndStockholdersEquity', 'equity': 'StockholdersEquity', 'ebit': None, 'revenue': None, 'shares': 'EntityCommonStockSharesOutstanding'}"
1288403,WTI,W&T OFFSHORE INC,"{'debt_st': 'LongTermDebtCurrent', 'debt_lt': 'LongTermDebtNoncurrent', 'assets': 'Assets', 'liabilities': None, 'current_assets': 'AssetsCurrent', 'current_liabilities': 'LiabilitiesCurrent', 'retained_earnings': 'RetainedEarningsAccumulatedDeficit', 'liabilities_and_equity': 'LiabilitiesAndStockholdersEquity', 'equity': 'StockholdersEquity', 'ebit': 'OperatingIncomeLoss', 'revenue': 'RevenueFromContractWithCustomerExcludingAssessedTax', 'shares': 'EntityCommonStockSharesOutstanding'}"
1288469,MXL,"MAXLINEAR, INC","{'debt_st': 'DebtCurrent', 'debt_lt': 'LongTermDebtNoncurrent', 'assets': 'Assets', 'liabilities': 'Liabilities', 'current_assets': 'AssetsCurrent', 'current_liabilities': 'LiabilitiesCurrent', 'retained_earnings': 'RetainedEarningsAccumulatedDeficit', 'liabilities_and_equity': 'LiabilitiesAndStockholdersEquity', 'equity': 'StockholdersEquity', 'ebit': 'OperatingIncomeLoss', 'revenue': 'RevenueFromContractWithCustomerExcludingAssessedTax', 'shares': 'EntityCommonStockSharesOutstanding'}"
1288847,FIVN,"Five9, Inc.","{'debt_st': 'LongTermDebtCurrent', 'debt_lt': 'LongTermDebtNoncurrent', 'assets': 'Assets', 'liabilities': 'Liabilities', 'current_assets': 'AssetsCurrent', 'current_liabilities': 'LiabilitiesCurrent', 'retained_earnings': 'RetainedEarningsAccumulatedDeficit', 'liabilities_and_equity': 'LiabilitiesAndStockholdersEquity', 'equity': 'StockholdersEquity', 'ebit': 'OperatingIncomeLoss', 'revenue': 'RevenueFromContractWithCustomerExcludingAssessedTax', 'shares': 'EntityCommonStockSharesOutstanding'}"
1289308,ENS,EnerSys,"{'debt_st': 'DebtCurrent', 'debt_lt': 'LongTermDebtNoncurrent', 'assets': 'Assets', 'liabilities': 'Liabilities', 'current_assets': 'AssetsCurrent', 'current_liabilities': 'LiabilitiesCurrent', 'retained_earnings': 'RetainedEarningsAccumulatedDeficit', 'liabilities_and_equity': 'LiabilitiesAndStockholdersEquity', 'equity': 'StockholdersEquity', 'ebit': 'OperatingIncomeLoss', 'revenue': 'Revenues', 'shares': 'EntityCommonStockSharesOutstanding'}"
1289460,TXRH,"Texas Roadhouse, Inc.","{'debt_st': 'DebtCurrent', 'debt_lt': 'LongTermDebtNoncurrent', 'assets': 'Assets', 'liabilities': 'Liabilities', 'current_assets': 'AssetsCurrent', 'current_liabilities': 'LiabilitiesCurrent', 'retained_earnings': 'RetainedEarningsAccumulatedDeficit', 'liabilities_and_equity': 'LiabilitiesAndStockholdersEquity', 'equity': 'StockholdersEquity', 'ebit': 'OperatingIncomeLoss', 'revenue': 'RevenueFromContractWithCustomerExcludingAssessedTax', 'shares': 'EntityCommonStockSharesOutstanding'}"
1289848,HURN,Huron Consulting Group Inc.,"{'debt_st': 'LongTermDebtCurrent', 'debt_lt': 'LongTermDebtNoncurrent', 'assets': 'Assets', 'liabilities': None, 'current_assets': 'AssetsCurrent', 'current_liabilities': 'LiabilitiesCurrent', 'retained_earnings': 'RetainedEarningsAccumulatedDeficit', 'liabilities_and_equity': 'LiabilitiesAndStockholdersEquity', 'equity': 'StockholdersEquity', 'ebit': 'OperatingIncomeLoss', 'revenue': 'Revenues', 'shares': 'EntityCommonStockSharesOutstanding'}"
1289877,SFL,SFL Corp Ltd.,"{'debt_st': 'DebtCurrent', 'debt_lt': 'LongTermDebtNoncurrent', 'assets': 'Assets', 'liabilities': 'Liabilities', 'current_assets': 'AssetsCurrent', 'current_liabilities': 'LiabilitiesCurrent', 'retained_earnings': 'RetainedEarningsAccumulatedDeficit', 'liabilities_and_equity': 'LiabilitiesAndStockholdersEquity', 'equity': 'StockholdersEquity', 'ebit': 'OperatingIncomeLoss', 'revenue': 'Revenues', 'shares': 'EntityCommonStockSharesOutstanding'}"
1290677,TPB,"Turning Point Brands, Inc.","{'debt_st': 'LongTermDebtCurrent', 'debt_lt': 'LongTermDebtNoncurrent', 'assets': 'Assets', 'liabilities': 'Liabilities', 'current_assets': 'AssetsCurrent', 'current_liabilities': 'LiabilitiesCurrent', 'retained_earnings': 'RetainedEarningsAccumulatedDeficit', 'liabilities_and_equity': 'LiabilitiesAndStockholdersEquity', 'equity': 'StockholdersEquity', 'ebit': 'OperatingIncomeLoss', 'revenue': 'RevenueFromContractWithCustomerIncludingAssessedTax', 'shares': 'EntityCommonStockSharesOutstanding'}"
1290900,CVGI,"Commercial Vehicle Group, Inc.","{'debt_st': 'DebtCurrent', 'debt_lt': 'LongTermDebtNoncurrent', 'assets': 'Assets', 'liabilities': 'Liabilities', 'current_assets': 'AssetsCurrent', 'current_liabilities': 'LiabilitiesCurrent', 'retained_earnings': 'RetainedEarningsAccumulatedDeficit', 'liabilities_and_equity': 'LiabilitiesAndStockholdersEquity', 'equity': 'StockholdersEquity', 'ebit': 'OperatingIncomeLoss', 'revenue': 'RevenueFromContractWithCustomerExcludingAssessedTax', 'shares': 'EntityCommonStockSharesOutstanding'}"
1293282,TTGT,TechTarget Holdings Inc.,"{'debt_st': 'LongTermDebtCurrent', 'debt_lt': 'LongTermDebtNoncurrent', 'assets': 'Assets', 'liabilities': 'Liabilities', 'current_assets': 'AssetsCurrent', 'current_liabilities': 'LiabilitiesCurrent', 'retained_earnings': 'RetainedEarningsAccumulatedDeficit', 'liabilities_and_equity': 'LiabilitiesAndStockholdersEquity', 'equity': 'StockholdersEquity', 'ebit': 'OperatingIncomeLoss', 'revenue': 'RevenueFromContractWithCustomerExcludingAssessedTax', 'shares': 'EntityCommonStockSharesOutstanding'}"
1294133,INGN,Inogen Inc,"{'debt_st': 'LongTermDebtCurrent', 'debt_lt': 'LongTermDebtNoncurrent', 'assets': 'Assets', 'liabilities': 'Liabilities', 'current_assets': 'AssetsCurrent', 'current_liabilities': 'LiabilitiesCurrent', 'retained_earnings': 'RetainedEarningsAccumulatedDeficit', 'liabilities_and_equity': 'LiabilitiesAndStockholdersEquity', 'equity': 'StockholdersEquity', 'ebit': 'OperatingIncomeLoss', 'revenue': 'RevenueFromContractWithCustomerExcludingAssessedTax', 'shares': 'EntityCommonStockSharesOutstanding'}"
1295810,SHO,"Sunstone Hotel Investors, Inc.","{'debt_st': 'LongTermDebtCurrent', 'debt_lt': 'LongTermDebtNoncurrent', 'assets': 'Assets', 'liabilities': 'Liabilities', 'current_assets': 'AssetsCurrent', 'current_liabilities': 'LiabilitiesCurrent', 'retained_earnings': 'RetainedEarningsAccumulatedDeficit', 'liabilities_and_equity': 'LiabilitiesAndStockholdersEquity', 'equity': 'StockholdersEquity', 'ebit': 'OperatingIncomeLoss', 'revenue': 'RevenueFromContractWithCustomerExcludingAssessedTax', 'shares': 'EntityCommonStockSharesOutstanding'}"
1295947,PBH,Prestige Consumer Healthcare Inc.,"{'debt_st': 'LongTermDebtCurrent', 'debt_lt': 'LongTermDebtNoncurrent', 'assets': 'Assets', 'liabilities': 'Liabilities', 'current_assets': 'AssetsCurrent', 'current_liabilities': 'LiabilitiesCurrent', 'retained_earnings': 'RetainedEarningsAccumulatedDeficit', 'liabilities_and_equity': 'LiabilitiesAndStockholdersEquity', 'equity': 'StockholdersEquity', 'ebit': 'OperatingIncomeLoss', 'revenue': 'RevenueFromContractWithCustomerExcludingAssessedTax', 'shares': 'EntityCommonStockSharesOutstanding'}"
1296445,ORA,"ORMAT TECHNOLOGIES, INC.","{'debt_st': 'ShortTermBorrowings', 'debt_lt': 'LongTermDebt', 'assets': 'Assets', 'liabilities': 'Liabilities', 'current_assets': 'AssetsCurrent', 'current_liabilities': 'LiabilitiesCurrent', 'retained_earnings': 'RetainedEarningsAccumulatedDeficit', 'liabilities_and_equity': 'LiabilitiesAndStockholdersEquity', 'equity': 'StockholdersEquity', 'ebit': 'OperatingIncomeLoss', 'revenue': 'Revenues', 'shares': 'EntityCommonStockSharesOutstanding'}"
1296484,TOPS,TOP SHIPS INC.,"{'debt_st': 'DebtCurrent', 'debt_lt': 'LongTermDebtNoncurrent', 'assets': 'Assets', 'liabilities': 'Liabilities', 'current_assets': 'AssetsCurrent', 'current_liabilities': 'LiabilitiesCurrent', 'retained_earnings': 'RetainedEarningsAccumulatedDeficit', 'liabilities_and_equity': 'LiabilitiesAndStockholdersEquity', 'equity': 'StockholdersEquity', 'ebit': 'OperatingIncomeLoss', 'revenue': 'RevenueFromContractWithCustomerExcludingAssessedTax', 'shares': 'EntityCommonStockSharesOutstanding'}"
1297184,AMPH,"Amphastar Pharmaceuticals, Inc.","{'debt_st': None, 'debt_lt': 'LongTermDebtNoncurrent', 'assets': 'Assets', 'liabilities': 'Liabilities', 'current_assets': 'AssetsCurrent', 'current_liabilities': 'LiabilitiesCurrent', 'retained_earnings': 'RetainedEarningsAccumulatedDeficit', 'liabilities_and_equity': 'LiabilitiesAndStockholdersEquity', 'equity': 'StockholdersEquity', 'ebit': 'OperatingIncomeLoss', 'revenue': 'Revenues', 'shares': 'EntityCommonStockSharesOutstanding'}"
1297989,EXLS,"ExlService Holdings, Inc.","{'debt_st': 'LongTermDebtCurrent', 'debt_lt': 'LongTermDebtNoncurrent', 'assets': 'Assets', 'liabilities': 'Liabilities', 'current_assets': 'AssetsCurrent', 'current_liabilities': 'LiabilitiesCurrent', 'retained_earnings': 'RetainedEarningsAccumulatedDeficit', 'liabilities_and_equity': 'LiabilitiesAndStockholdersEquity', 'equity': 'StockholdersEquity', 'ebit': 'OperatingIncomeLoss', 'revenue': 'RevenueFromContractWithCustomerExcludingAssessedTax', 'shares': 'EntityCommonStockSharesOutstanding'}"
1300514,LVS,LAS VEGAS SANDS CORP,"{'debt_st': None, 'debt_lt': 'LongTermDebtAndCapitalLeaseObligationsIncludingCurrentMaturities', 'assets': 'Assets', 'liabilities': 'Liabilities', 'current_assets': 'AssetsCurrent', 'current_liabilities': 'LiabilitiesCurrent', 'retained_earnings': 'RetainedEarningsAccumulatedDeficit', 'liabilities_and_equity': 'LiabilitiesAndStockholdersEquity', 'equity': 'StockholdersEquity', 'ebit': 'OperatingIncomeLoss', 'revenue': 'Revenues', 'shares': 'EntityCommonStockSharesOutstanding'}"
1301787,BXC,BlueLinx Holdings Inc.,"{'debt_st': 'LongTermDebtCurrent', 'debt_lt': 'LongTermDebtNoncurrent', 'assets': 'Assets', 'liabilities': 'Liabilities', 'current_assets': 'AssetsCurrent', 'current_liabilities': 'LiabilitiesCurrent', 'retained_earnings': 'RetainedEarningsAccumulatedDeficit', 'liabilities_and_equity': 'LiabilitiesAndStockholdersEquity', 'equity': 'StockholdersEquity', 'ebit': 'OperatingIncomeLoss', 'revenue': 'RevenueFromContractWithCustomerExcludingAssessedTax', 'shares': 'EntityCommonStockSharesOutstanding'}"
1302028,MNTX,"Manitex International, Inc.","{'debt_st': 'NotesPayableCurrent', 'debt_lt': 'LongTermDebtAndCapitalLeaseObligations', 'assets': 'Assets', 'liabilities': 'Liabilities', 'current_assets': 'AssetsCurrent', 'current_liabilities': 'LiabilitiesCurrent', 'retained_earnings': 'RetainedEarningsAccumulatedDeficit', 'liabilities_and_equity': 'LiabilitiesAndStockholdersEquity', 'equity': 'StockholdersEquity', 'ebit': 'OperatingIncomeLoss', 'revenue': 'RevenueFromContractWithCustomerExcludingAssessedTax', 'shares': 'EntityCommonStockSharesOutstanding'}"
1304492,ATEX,Anterix Inc.,"{'debt_st': 'NotesPayableCurrent', 'debt_lt': 'LongTermNotesPayable', 'assets': 'Assets', 'liabilities': 'Liabilities', 'current_assets': 'AssetsCurrent', 'current_liabilities': 'LiabilitiesCurrent', 'retained_earnings': 'RetainedEarningsAccumulatedDeficit', 'liabilities_and_equity': 'LiabilitiesAndStockholdersEquity', 'equity': 'StockholdersEquity', 'ebit': 'OperatingIncomeLoss', 'revenue': 'Revenues', 'shares': 'EntityCommonStockSharesOutstanding'}"
1307954,HUN,Huntsman CORP,"{'debt_st': 'DebtCurrent', 'debt_lt': 'LongTermDebtNoncurrent', 'assets': 'Assets', 'liabilities': 'Liabilities', 'current_assets': 'AssetsCurrent', 'current_liabilities': 'LiabilitiesCurrent', 'retained_earnings': 'RetainedEarningsAccumulatedDeficit', 'liabilities_and_equity': 'LiabilitiesAndStockholdersEquity', 'equity': 'StockholdersEquity', 'ebit': 'OperatingIncomeLoss', 'revenue': 'RevenueFromContractWithCustomerExcludingAssessedTax', 'shares': 'EntityCommonStockSharesOutstanding'}"
1308208,ULH,"UNIVERSAL LOGISTICS HOLDINGS, INC.","{'debt_st': 'LongTermDebtCurrent', 'debt_lt': 'LongTermDebtNoncurrent', 'assets': 'Assets', 'liabilities': None, 'current_assets': 'AssetsCurrent', 'current_liabilities': 'LiabilitiesCurrent', 'retained_earnings': 'RetainedEarningsAccumulatedDeficit', 'liabilities_and_equity': 'LiabilitiesAndStockholdersEquity', 'equity': 'StockholdersEquity', 'ebit': 'OperatingIncomeLoss', 'revenue': 'RevenueFromContractWithCustomerExcludingAssessedTax', 'shares': 'EntityCommonStockSharesOutstanding'}"
1309108,WEX,WEX Inc.,"{'debt_st': 'DebtCurrent', 'debt_lt': 'LongTermDebtNoncurrent', 'assets': 'Assets', 'liabilities': 'Liabilities', 'current_assets': 'AssetsCurrent', 'current_liabilities': 'LiabilitiesCurrent', 'retained_earnings': 'RetainedEarningsAccumulatedDeficit', 'liabilities_and_equity': 'LiabilitiesAndStockholdersEquity', 'equity': 'StockholdersEquity', 'ebit': 'OperatingIncomeLoss', 'revenue': 'RevenueFromContractWithCustomerExcludingAssessedTax', 'shares': 'EntityCommonStockSharesOutstanding'}"
1309402,GPRE,Green Plains Inc.,"{'debt_st': 'LongTermDebtCurrent', 'debt_lt': 'LongTermDebtNoncurrent', 'assets': 'Assets', 'liabilities': 'Liabilities', 'current_assets': 'AssetsCurrent', 'current_liabilities': 'LiabilitiesCurrent', 'retained_earnings': 'RetainedEarningsAccumulatedDeficit', 'liabilities_and_equity': 'LiabilitiesAndStockholdersEquity', 'equity': 'StockholdersEquity', 'ebit': 'OperatingIncomeLoss', 'revenue': 'RevenueFromContractWithCustomerExcludingAssessedTax', 'shares': 'EntityCommonStockSharesOutstanding'}"
1314727,SONO,Sonos Inc,"{'debt_st': 'DebtCurrent', 'debt_lt': 'LongTermDebtNoncurrent', 'assets': 'Assets', 'liabilities': 'Liabilities', 'current_assets': 'AssetsCurrent', 'current_liabilities': 'LiabilitiesCurrent', 'retained_earnings': 'RetainedEarningsAccumulatedDeficit', 'liabilities_and_equity': 'LiabilitiesAndStockholdersEquity', 'equity': 'StockholdersEquity', 'ebit': 'OperatingIncomeLoss', 'revenue': 'RevenueFromContractWithCustomerExcludingAssessedTax', 'shares': 'EntityCommonStockSharesOutstanding'}"
1315257,KOP,Koppers Holdings Inc.,"{'debt_st': 'DebtCurrent', 'debt_lt': 'LongTermDebtNoncurrent', 'assets': 'Assets', 'liabilities': 'Liabilities', 'current_assets': 'AssetsCurrent', 'current_liabilities': 'LiabilitiesCurrent', 'retained_earnings': 'RetainedEarningsAccumulatedDeficit', 'liabilities_and_equity': 'LiabilitiesAndStockholdersEquity', 'equity': 'StockholdersEquity', 'ebit': 'OperatingIncomeLoss', 'revenue': 'RevenueFromContractWithCustomerExcludingAssessedTax', 'shares': 'EntityCommonStockSharesOutstanding'}"
1316517,KNDI,"Kandi Technologies Group, Inc.","{'debt_st': 'LongTermDebtCurrent', 'debt_lt': 'LongTermDebtNoncurrent', 'assets': 'Assets', 'liabilities': 'Liabilities', 'current_assets': 'AssetsCurrent', 'current_liabilities': 'LiabilitiesCurrent', 'retained_earnings': 'RetainedEarningsAccumulatedDeficit', 'liabilities_and_equity': 'LiabilitiesAndStockholdersEquity', 'equity': 'StockholdersEquity', 'ebit': 'OperatingIncomeLoss', 'revenue': 'Revenues', 'shares': 'EntityCommonStockSharesOutstanding'}"
1318220,WCN,"Waste Connections, Inc.","{'debt_st': 'LongTermDebtCurrent', 'debt_lt': 'LongTermDebtNoncurrent', 'assets': 'Assets', 'liabilities': 'Liabilities', 'current_assets': 'AssetsCurrent', 'current_liabilities': 'LiabilitiesCurrent', 'retained_earnings': 'RetainedEarningsAccumulatedDeficit', 'liabilities_and_equity': 'LiabilitiesAndStockholdersEquity', 'equity': 'StockholdersEquity', 'ebit': 'OperatingIncomeLoss', 'revenue': 'RevenueFromContractWithCustomerExcludingAssessedTax', 'shares': 'EntityCommonStockSharesOutstanding'}"
1318484,CTRN,Citi Trends Inc,"{'debt_st': None, 'debt_lt': 'LongTermDebtNoncurrent', 'assets': 'Assets', 'liabilities': 'Liabilities', 'current_assets': 'AssetsCurrent', 'current_liabilities': 'LiabilitiesCurrent', 'retained_earnings': 'RetainedEarningsAccumulatedDeficit', 'liabilities_and_equity': 'LiabilitiesAndStockholdersEquity', 'equity': 'StockholdersEquity', 'ebit': 'OperatingIncomeLoss', 'revenue': 'Revenues', 'shares': 'EntityCommonStockSharesOutstanding'}"
1318605,TSLA,"Tesla, Inc.","{'debt_st': 'DebtCurrent', 'debt_lt': 'LongTermDebtNoncurrent', 'assets': 'Assets', 'liabilities': 'Liabilities', 'current_assets': 'AssetsCurrent', 'current_liabilities': 'LiabilitiesCurrent', 'retained_earnings': 'RetainedEarningsAccumulatedDeficit', 'liabilities_and_equity': 'LiabilitiesAndStockholdersEquity', 'equity': 'StockholdersEquity', 'ebit': 'OperatingIncomeLoss', 'revenue': 'RevenueFromContractWithCustomerExcludingAssessedTax', 'shares': 'EntityCommonStockSharesOutstanding'}"
1318885,DSX,DIANA SHIPPING INC.,"{'debt_st': 'LongTermDebtCurrent', 'debt_lt': 'LongTermDebtNoncurrent', 'assets': 'Assets', 'liabilities': None, 'current_assets': 'AssetsCurrent', 'current_liabilities': 'LiabilitiesCurrent', 'retained_earnings': 'RetainedEarningsAccumulatedDeficit', 'liabilities_and_equity': 'LiabilitiesAndStockholdersEquity', 'equity': 'StockholdersEquity', 'ebit': 'OperatingIncomeLoss', 'revenue': 'Revenues', 'shares': 'EntityCommonStockSharesOutstanding'}"
1319161,WMG,Warner Music Group Corp.,"{'debt_st': 'LongTermDebtCurrent', 'debt_lt': 'LongTermDebtNoncurrent', 'assets': 'Assets', 'liabilities': 'Liabilities', 'current_assets': 'AssetsCurrent', 'current_liabilities': 'LiabilitiesCurrent', 'retained_earnings': 'RetainedEarningsAccumulatedDeficit', 'liabilities_and_equity': 'LiabilitiesAndStockholdersEquity', 'equity': 'StockholdersEquity', 'ebit': 'OperatingIncomeLoss', 'revenue': 'RevenueFromContractWithCustomerExcludingAssessedTax', 'shares': 'EntityCommonStockSharesOutstanding'}"
1320461,CPS,Cooper-Standard Holdings Inc.,"{'debt_st': 'DebtCurrent', 'debt_lt': 'LongTermDebtAndCapitalLeaseObligations', 'assets': 'Assets', 'liabilities': 'Liabilities', 'current_assets': 'AssetsCurrent', 'current_liabilities': 'LiabilitiesCurrent', 'retained_earnings': 'RetainedEarningsAccumulatedDeficit', 'liabilities_and_equity': 'LiabilitiesAndStockholdersEquity', 'equity': 'StockholdersEquity', 'ebit': 'OperatingIncomeLoss', 'revenue': 'Revenues', 'shares': 'EntityCommonStockSharesOutstanding'}"
1320695,THS,"TreeHouse Foods, Inc.","{'debt_st': None, 'debt_lt': 'LongTermDebtAndCapitalLeaseObligations', 'assets': 'Assets', 'liabilities': 'Liabilities', 'current_assets': 'AssetsCurrent', 'current_liabilities': 'LiabilitiesCurrent', 'retained_earnings': 'RetainedEarningsAccumulatedDeficit', 'liabilities_and_equity': 'LiabilitiesAndStockholdersEquity', 'equity': 'StockholdersEquity', 'ebit': 'OperatingIncomeLoss', 'revenue': 'RevenueFromContractWithCustomerExcludingAssessedTax', 'shares': 'EntityCommonStockSharesOutstanding'}"
1320854,RAIL,"FreightCar America, Inc.","{'debt_st': 'LongTermDebtCurrent', 'debt_lt': 'LongTermDebtNoncurrent', 'assets': 'Assets', 'liabilities': 'Liabilities', 'current_assets': 'AssetsCurrent', 'current_liabilities': 'LiabilitiesCurrent', 'retained_earnings': 'RetainedEarningsAccumulatedDeficit', 'liabilities_and_equity': 'LiabilitiesAndStockholdersEquity', 'equity': 'StockholdersEquity', 'ebit': 'OperatingIncomeLoss', 'revenue': 'RevenueFromContractWithCustomerExcludingAssessedTax', 'shares': 'EntityCommonStockSharesOutstanding'}"
1321741,GAIN,GLADSTONE INVESTMENT CORPORATION\DE,"{'debt_st': None, 'debt_lt': 'LongTermDebt', 'assets': 'Assets', 'liabilities': 'Liabilities', 'current_assets': None, 'current_liabilities': None, 'retained_earnings': 'RetainedEarningsAccumulatedDeficit', 'liabilities_and_equity': None, 'equity': 'StockholdersEquity', 'ebit': None, 'revenue': None, 'shares': 'EntityCommonStockSharesOutstanding'}"
1323885,ATRC,"AtriCure, Inc.","{'debt_st': 'LongTermDebtCurrent', 'debt_lt': 'LongTermDebtNoncurrent', 'assets': 'Assets', 'liabilities': 'Liabilities', 'current_assets': 'AssetsCurrent', 'current_liabilities': 'LiabilitiesCurrent', 'retained_earnings': 'RetainedEarningsAccumulatedDeficit', 'liabilities_and_equity': 'LiabilitiesAndStockholdersEquity', 'equity': 'StockholdersEquity', 'ebit': 'OperatingIncomeLoss', 'revenue': 'RevenueFromContractWithCustomerExcludingAssessedTax', 'shares': 'EntityCommonStockSharesOutstanding'}"
1324404,CF,"CF Industries Holdings, Inc.","{'debt_st': 'LongTermDebtCurrent', 'debt_lt': 'LongTermDebtNoncurrent', 'assets': 'Assets', 'liabilities': None, 'current_assets': 'AssetsCurrent', 'current_liabilities': 'LiabilitiesCurrent', 'retained_earnings': 'RetainedEarningsAccumulatedDeficit', 'liabilities_and_equity': 'LiabilitiesAndStockholdersEquity', 'equity': 'StockholdersEquity', 'ebit': 'OperatingIncomeLoss', 'revenue': 'Revenues', 'shares': 'EntityCommonStockSharesOutstanding'}"
1324948,RBC,RBC Bearings INC,"{'debt_st': 'DebtCurrent', 'debt_lt': 'LongTermDebtNoncurrent', 'assets': 'Assets', 'liabilities': 'Liabilities', 'current_assets': 'AssetsCurrent', 'current_liabilities': 'LiabilitiesCurrent', 'retained_earnings': 'RetainedEarningsAccumulatedDeficit', 'liabilities_and_equity': 'LiabilitiesAndStockholdersEquity', 'equity': 'StockholdersEquity', 'ebit': 'OperatingIncomeLoss', 'revenue': 'Revenues', 'shares': 'EntityCommonStockSharesOutstanding'}"
1325702,MX,MAGNACHIP SEMICONDUCTOR Corp,"{'debt_st': 'LongTermDebtCurrent', 'debt_lt': 'LongTermDebtNoncurrent', 'assets': 'Assets', 'liabilities': 'Liabilities', 'current_assets': 'AssetsCurrent', 'current_liabilities': 'LiabilitiesCurrent', 'retained_earnings': 'RetainedEarningsAccumulatedDeficit', 'liabilities_and_equity': 'LiabilitiesAndStockholdersEquity', 'equity': 'StockholdersEquity', 'ebit': 'OperatingIncomeLoss', 'revenue': 'Revenues', 'shares': 'EntityCommonStockSharesOutstanding'}"
1326110,IBRX,"ImmunityBio, Inc.","{'debt_st': 'DebtCurrent', 'debt_lt': 'LongTermDebtAndCapitalLeaseObligationsIncludingCurrentMaturities', 'assets': 'Assets', 'liabilities': 'Liabilities', 'current_assets': 'AssetsCurrent', 'current_liabilities': 'LiabilitiesCurrent', 'retained_earnings': 'RetainedEarningsAccumulatedDeficit', 'liabilities_and_equity': 'LiabilitiesAndStockholdersEquity', 'equity': 'StockholdersEquity', 'ebit': 'OperatingIncomeLoss', 'revenue': 'RevenueFromContractWithCustomerExcludingAssessedTax', 'shares': 'EntityCommonStockSharesOutstanding'}"
1326200,GNK,GENCO SHIPPING & TRADING LTD,"{'debt_st': 'LongTermDebtCurrent', 'debt_lt': 'LongTermDebtNoncurrent', 'assets': 'Assets', 'liabilities': 'Liabilities', 'current_assets': 'AssetsCurrent', 'current_liabilities': 'LiabilitiesCurrent', 'retained_earnings': 'RetainedEarningsAccumulatedDeficit', 'liabilities_and_equity': 'LiabilitiesAndStockholdersEquity', 'equity': 'StockholdersEquity', 'ebit': 'OperatingIncomeLoss', 'revenue': 'RevenueFromContractWithCustomerExcludingAssessedTax', 'shares': 'EntityCommonStockSharesOutstanding'}"
1326380,GME,GameStop Corp.,"{'debt_st': 'DebtCurrent', 'debt_lt': 'LongTermDebtNoncurrent', 'assets': 'Assets', 'liabilities': 'Liabilities', 'current_assets': 'AssetsCurrent', 'current_liabilities': 'LiabilitiesCurrent', 'retained_earnings': 'RetainedEarningsAccumulatedDeficit', 'liabilities_and_equity': 'LiabilitiesAndStockholdersEquity', 'equity': 'StockholdersEquity', 'ebit': 'OperatingIncomeLoss', 'revenue': 'RevenueFromContractWithCustomerExcludingAssessedTax', 'shares': 'EntityCommonStockSharesOutstanding'}"
1326732,XNCR,Xencor Inc,"{'debt_st': 'DebtCurrent', 'debt_lt': 'LongTermDebtNoncurrent', 'assets': 'Assets', 'liabilities': 'Liabilities', 'current_assets': 'AssetsCurrent', 'current_liabilities': 'LiabilitiesCurrent', 'retained_earnings': 'RetainedEarningsAccumulatedDeficit', 'liabilities_and_equity': 'LiabilitiesAndStockholdersEquity', 'equity': 'StockholdersEquity', 'ebit': 'OperatingIncomeLoss', 'revenue': 'RevenueFromContractWithCustomerExcludingAssessedTax', 'shares': 'EntityCommonStockSharesOutstanding'}"
1327567,PANW,Palo Alto Networks Inc,"{'debt_st': None, 'debt_lt': 'LongTermDebt', 'assets': 'Assets', 'liabilities': 'Liabilities', 'current_assets': 'AssetsCurrent', 'current_liabilities': 'LiabilitiesCurrent', 'retained_earnings': 'RetainedEarningsAccumulatedDeficit', 'liabilities_and_equity': 'LiabilitiesAndStockholdersEquity', 'equity': 'StockholdersEquity', 'ebit': 'OperatingIncomeLoss', 'revenue': 'RevenueFromContractWithCustomerExcludingAssessedTax', 'shares': 'EntityCommonStockSharesOutstanding'}"
1328581,BCC,BOISE CASCADE Co,"{'debt_st': 'LongTermDebtCurrent', 'debt_lt': 'LongTermDebtNoncurrent', 'assets': 'Assets', 'liabilities': None, 'current_assets': 'AssetsCurrent', 'current_liabilities': 'LiabilitiesCurrent', 'retained_earnings': 'RetainedEarningsAccumulatedDeficit', 'liabilities_and_equity': 'LiabilitiesAndStockholdersEquity', 'equity': 'StockholdersEquity', 'ebit': 'OperatingIncomeLoss', 'revenue': 'RevenueFromContractWithCustomerExcludingAssessedTax', 'shares': 'EntityCommonStockSharesOutstanding'}"
1328919,GASS,StealthGas Inc.,"{'debt_st': 'LongTermDebtCurrent', 'debt_lt': 'LongTermDebtNoncurrent', 'assets': 'Assets', 'liabilities': 'Liabilities', 'current_assets': 'AssetsCurrent', 'current_liabilities': 'LiabilitiesCurrent', 'retained_earnings': 'RetainedEarningsAccumulatedDeficit', 'liabilities_and_equity': 'LiabilitiesAndStockholdersEquity', 'equity': 'StockholdersEquity', 'ebit': 'OperatingIncomeLoss', 'revenue': 'Revenues', 'shares': 'EntityCommonStockSharesOutstanding'}"
1329394,SIMO,Silicon Motion Technology CORP,"{'debt_st': 'LongTermDebtCurrent', 'debt_lt': 'LongTermDebtNoncurrent', 'assets': 'Assets', 'liabilities': 'Liabilities', 'current_assets': 'AssetsCurrent', 'current_liabilities': 'LiabilitiesCurrent', 'retained_earnings': 'RetainedEarningsAccumulatedDeficit', 'liabilities_and_equity': 'LiabilitiesAndStockholdersEquity', 'equity': 'StockholdersEquity', 'ebit': 'OperatingIncomeLoss', 'revenue': 'RevenueFromContractWithCustomerExcludingAssessedTax', 'shares': 'EntityCommonStockSharesOutstanding'}"
1332349,BKD,Brookdale Senior Living Inc.,"{'debt_st': 'LongTermDebtCurrent', 'debt_lt': 'LongTermDebtNoncurrent', 'assets': 'Assets', 'liabilities': 'Liabilities', 'current_assets': 'AssetsCurrent', 'current_liabilities': 'LiabilitiesCurrent', 'retained_earnings': 'RetainedEarningsAccumulatedDeficit', 'liabilities_and_equity': 'LiabilitiesAndStockholdersEquity', 'equity': 'StockholdersEquity', 'ebit': 'OperatingIncomeLoss', 'revenue': 'RevenueFromContractWithCustomerExcludingAssessedTax', 'shares': 'EntityCommonStockSharesOutstanding'}"
1333141,FMS,Fresenius Medical Care AG,"{'debt_st': 'DebtCurrent', 'debt_lt': 'LongTermDebtNoncurrent', 'assets': 'Assets', 'liabilities': 'Liabilities', 'current_assets': 'AssetsCurrent', 'current_liabilities': 'LiabilitiesCurrent', 'retained_earnings': 'RetainedEarningsAccumulatedDeficit', 'liabilities_and_equity': 'LiabilitiesAndStockholdersEquity', 'equity': 'StockholdersEquity', 'ebit': 'OperatingIncomeLoss', 'revenue': 'Revenues', 'shares': 'EntityCommonStockSharesOutstanding'}"
1333274,MERC,MERCER INTERNATIONAL INC.,"{'debt_st': 'DebtCurrent', 'debt_lt': 'LongTermDebtNoncurrent', 'assets': 'Assets', 'liabilities': 'Liabilities', 'current_assets': 'AssetsCurrent', 'current_liabilities': 'LiabilitiesCurrent', 'retained_earnings': 'RetainedEarningsAccumulatedDeficit', 'liabilities_and_equity': 'LiabilitiesAndStockholdersEquity', 'equity': 'StockholdersEquity', 'ebit': 'OperatingIncomeLoss', 'revenue': 'RevenueFromContractWithCustomerExcludingAssessedTax', 'shares': 'EntityCommonStockSharesOutstanding'}"
1334036,CROX,"Crocs, Inc.","{'debt_st': 'LongTermDebtCurrent', 'debt_lt': 'LongTermDebtNoncurrent', 'assets': 'Assets', 'liabilities': 'Liabilities', 'current_assets': 'AssetsCurrent', 'current_liabilities': 'LiabilitiesCurrent', 'retained_earnings': 'RetainedEarningsAccumulatedDeficit', 'liabilities_and_equity': 'LiabilitiesAndStockholdersEquity', 'equity': 'StockholdersEquity', 'ebit': 'OperatingIncomeLoss', 'revenue': 'RevenueFromContractWithCustomerExcludingAssessedTax', 'shares': 'EntityCommonStockSharesOutstanding'}"
1334933,UEC,URANIUM ENERGY CORP,"{'debt_st': 'LongTermDebtCurrent', 'debt_lt': 'LongTermDebtNoncurrent', 'assets': 'Assets', 'liabilities': 'Liabilities', 'current_assets': 'AssetsCurrent', 'current_liabilities': 'LiabilitiesCurrent', 'retained_earnings': 'RetainedEarningsAccumulatedDeficit', 'liabilities_and_equity': 'LiabilitiesAndStockholdersEquity', 'equity': 'StockholdersEquity', 'ebit': 'OperatingIncomeLoss', 'revenue': 'Revenues', 'shares': 'EntityCommonStockSharesOutstanding'}"
1335258,LYV,"Live Nation Entertainment, Inc.","{'debt_st': None, 'debt_lt': 'LongTermDebtAndCapitalLeaseObligations', 'assets': 'Assets', 'liabilities': None, 'current_assets': 'AssetsCurrent', 'current_liabilities': 'LiabilitiesCurrent', 'retained_earnings': 'RetainedEarningsAccumulatedDeficit', 'liabilities_and_equity': 'LiabilitiesAndStockholdersEquity', 'equity': 'StockholdersEquity', 'ebit': 'OperatingIncomeLoss', 'revenue': 'Revenues', 'shares': 'EntityCommonStockSharesOutstanding'}"
1336920,LDOS,"Leidos Holdings, Inc.","{'debt_st': 'DebtCurrent', 'debt_lt': 'LongTermDebtNoncurrent', 'assets': 'Assets', 'liabilities': 'Liabilities', 'current_assets': 'AssetsCurrent', 'current_liabilities': 'LiabilitiesCurrent', 'retained_earnings': 'RetainedEarningsAccumulatedDeficit', 'liabilities_and_equity': 'LiabilitiesAndStockholdersEquity', 'equity': 'StockholdersEquity', 'ebit': 'OperatingIncomeLoss', 'revenue': 'RevenueFromContractWithCustomerExcludingAssessedTax', 'shares': 'EntityCommonStockSharesOutstanding'}"
1337117,ITRN,Ituran Location & Control Ltd.,"{'debt_st': 'LongTermDebtCurrent', 'debt_lt': 'LongTermDebtNoncurrent', 'assets': 'Assets', 'liabilities': None, 'current_assets': 'AssetsCurrent', 'current_liabilities': 'LiabilitiesCurrent', 'retained_earnings': 'RetainedEarningsAccumulatedDeficit', 'liabilities_and_equity': 'LiabilitiesAndStockholdersEquity', 'equity': 'StockholdersEquity', 'ebit': 'OperatingIncomeLoss', 'revenue': 'Revenues', 'shares': 'EntityCommonStockSharesOutstanding'}"
1337619,ENV,"ENVESTNET, INC.","{'debt_st': 'LongTermDebtCurrent', 'debt_lt': 'LongTermDebtNoncurrent', 'assets': 'Assets', 'liabilities': 'Liabilities', 'current_assets': 'AssetsCurrent', 'current_liabilities': 'LiabilitiesCurrent', 'retained_earnings': 'RetainedEarningsAccumulatedDeficit', 'liabilities_and_equity': 'LiabilitiesAndStockholdersEquity', 'equity': 'StockholdersEquity', 'ebit': 'OperatingIncomeLoss', 'revenue': 'RevenueFromContractWithCustomerExcludingAssessedTax', 'shares': 'EntityCommonStockSharesOutstanding'}"
1338940,PERI,Perion Network Ltd.,"{'debt_st': 'DebtCurrent', 'debt_lt': 'LongTermDebtNoncurrent', 'assets': 'Assets', 'liabilities': 'Liabilities', 'current_assets': 'AssetsCurrent', 'current_liabilities': 'LiabilitiesCurrent', 'retained_earnings': 'RetainedEarningsAccumulatedDeficit', 'liabilities_and_equity': 'LiabilitiesAndStockholdersEquity', 'equity': 'StockholdersEquity', 'ebit': 'OperatingIncomeLoss', 'revenue': 'Revenues', 'shares': 'EntityCommonStockSharesOutstanding'}"
1341170,ESEA,EUROSEAS LTD.,"{'debt_st': 'LongTermDebtCurrent', 'debt_lt': 'LongTermDebtNoncurrent', 'assets': 'Assets', 'liabilities': 'Liabilities', 'current_assets': 'AssetsCurrent', 'current_liabilities': 'LiabilitiesCurrent', 'retained_earnings': 'RetainedEarningsAccumulatedDeficit', 'liabilities_and_equity': 'LiabilitiesAndStockholdersEquity', 'equity': 'StockholdersEquity', 'ebit': 'OperatingIncomeLoss', 'revenue': 'Revenues', 'shares': 'EntityCommonStockSharesOutstanding'}"
1341439,ORCL,ORACLE CORP,"{'debt_st': 'DebtCurrent', 'debt_lt': 'LongTermDebt', 'assets': 'Assets', 'liabilities': None, 'current_assets': 'AssetsCurrent', 'current_liabilities': 'LiabilitiesCurrent', 'retained_earnings': 'RetainedEarningsAccumulatedDeficit', 'liabilities_and_equity': 'LiabilitiesAndStockholdersEquity', 'equity': 'StockholdersEquity', 'ebit': 'OperatingIncomeLoss', 'revenue': 'RevenueFromContractWithCustomerExcludingAssessedTax', 'shares': 'EntityCommonStockSharesOutstanding'}"
1341766,CELH,"Celsius Holdings, Inc.","{'debt_st': 'LongTermDebtCurrent', 'debt_lt': 'LongTermDebtNoncurrent', 'assets': 'Assets', 'liabilities': 'Liabilities', 'current_assets': 'AssetsCurrent', 'current_liabilities': 'LiabilitiesCurrent', 'retained_earnings': 'RetainedEarningsAccumulatedDeficit', 'liabilities_and_equity': 'LiabilitiesAndStockholdersEquity', 'equity': 'StockholdersEquity', 'ebit': 'OperatingIncomeLoss', 'revenue': 'RevenueFromContractWithCustomerExcludingAssessedTax', 'shares': 'EntityCommonStockSharesOutstanding'}"
1342338,HIMX,"Himax Technologies, Inc.","{'debt_st': 'ShortTermBorrowings', 'debt_lt': None, 'assets': 'Assets', 'liabilities': 'Liabilities', 'current_assets': 'AssetsCurrent', 'current_liabilities': 'LiabilitiesCurrent', 'retained_earnings': None, 'liabilities_and_equity': 'LiabilitiesAndStockholdersEquity', 'equity': 'StockholdersEquity', 'ebit': 'OperatingIncomeLoss', 'revenue': 'SalesRevenueNet', 'shares': 'EntityCommonStockSharesOutstanding'}"
1342423,LMNR,Limoneira CO,"{'debt_st': 'LongTermDebtCurrent', 'debt_lt': 'LongTermDebtNoncurrent', 'assets': 'Assets', 'liabilities': 'Liabilities', 'current_assets': 'AssetsCurrent', 'current_liabilities': 'LiabilitiesCurrent', 'retained_earnings': 'RetainedEarningsAccumulatedDeficit', 'liabilities_and_equity': 'LiabilitiesAndStockholdersEquity', 'equity': 'StockholdersEquity', 'ebit': 'OperatingIncomeLoss', 'revenue': 'RevenueFromContractWithCustomerExcludingAssessedTax', 'shares': 'EntityCommonStockSharesOutstanding'}"
1345016,YELP,YELP INC,"{'debt_st': None, 'debt_lt': 'LongTermDebtNoncurrent', 'assets': 'Assets', 'liabilities': 'Liabilities', 'current_assets': 'AssetsCurrent', 'current_liabilities': 'LiabilitiesCurrent', 'retained_earnings': 'RetainedEarningsAccumulatedDeficit', 'liabilities_and_equity': 'LiabilitiesAndStockholdersEquity', 'equity': 'StockholdersEquity', 'ebit': 'OperatingIncomeLoss', 'revenue': 'RevenueFromContractWithCustomerExcludingAssessedTax', 'shares': 'EntityCommonStockSharesOutstanding'}"
1345126,CODI,Compass Diversified Holdings,"{'debt_st': 'DebtCurrent', 'debt_lt': 'LongTermDebtNoncurrent', 'assets': 'Assets', 'liabilities': 'Liabilities', 'current_assets': 'AssetsCurrent', 'current_liabilities': 'LiabilitiesCurrent', 'retained_earnings': 'RetainedEarningsAccumulatedDeficit', 'liabilities_and_equity': 'LiabilitiesAndStockholdersEquity', 'equity': 'StockholdersEquity', 'ebit': 'OperatingIncomeLoss', 'revenue': 'RevenueFromContractWithCustomerExcludingAssessedTax', 'shares': 'EntityCommonStockSharesOutstanding'}"
1350593,MWA,"Mueller Water Products, Inc.","{'debt_st': 'LongTermDebtCurrent', 'debt_lt': 'LongTermDebtNoncurrent', 'assets': 'Assets', 'liabilities': 'Liabilities', 'current_assets': 'AssetsCurrent', 'current_liabilities': 'LiabilitiesCurrent', 'retained_earnings': 'RetainedEarningsAccumulatedDeficit', 'liabilities_and_equity': 'LiabilitiesAndStockholdersEquity', 'equity': 'StockholdersEquity', 'ebit': 'OperatingIncomeLoss', 'revenue': 'Revenues', 'shares': 'EntityCommonStockSharesOutstanding'}"
1350653,ATEC,"Alphatec Holdings, Inc.","{'debt_st': 'LongTermDebtCurrent', 'debt_lt': 'LongTermDebtNoncurrent', 'assets': 'Assets', 'liabilities': None, 'current_assets': 'AssetsCurrent', 'current_liabilities': 'LiabilitiesCurrent', 'retained_earnings': 'RetainedEarningsAccumulatedDeficit', 'liabilities_and_equity': 'LiabilitiesAndStockholdersEquity', 'equity': 'StockholdersEquity', 'ebit': 'OperatingIncomeLoss', 'revenue': 'Revenues', 'shares': 'EntityCommonStockSharesOutstanding'}"
1352010,EPAM,"EPAM Systems, Inc.","{'debt_st': 'ShortTermBorrowings', 'debt_lt': 'LongTermDebtNoncurrent', 'assets': 'Assets', 'liabilities': 'Liabilities', 'current_assets': 'AssetsCurrent', 'current_liabilities': 'LiabilitiesCurrent', 'retained_earnings': None, 'liabilities_and_equity': 'LiabilitiesAndStockholdersEquity', 'equity': 'StockholdersEquity', 'ebit': 'OperatingIncomeLoss', 'revenue': 'RevenueFromContractWithCustomerExcludingAssessedTax', 'shares': 'EntityCommonStockSharesOutstanding'}"
1353283,SPLK,SPLUNK INC,"{'debt_st': 'DebtCurrent', 'debt_lt': 'LongTermDebtNoncurrent', 'assets': 'Assets', 'liabilities': 'Liabilities', 'current_assets': 'AssetsCurrent', 'current_liabilities': 'LiabilitiesCurrent', 'retained_earnings': 'RetainedEarningsAccumulatedDeficit', 'liabilities_and_equity': 'LiabilitiesAndStockholdersEquity', 'equity': 'StockholdersEquity', 'ebit': 'OperatingIncomeLoss', 'revenue': 'RevenueFromContractWithCustomerExcludingAssessedTax', 'shares': 'EntityCommonStockSharesOutstanding'}"
1356090,PGEN,"PRECIGEN, INC.","{'debt_st': 'LongTermDebtCurrent', 'debt_lt': 'LongTermDebtNoncurrent', 'assets': 'Assets', 'liabilities': 'Liabilities', 'current_assets': 'AssetsCurrent', 'current_liabilities': 'LiabilitiesCurrent', 'retained_earnings': 'RetainedEarningsAccumulatedDeficit', 'liabilities_and_equity': 'LiabilitiesAndStockholdersEquity', 'equity': 'StockholdersEquity', 'ebit': 'OperatingIncomeLoss', 'revenue': 'RevenueFromContractWithCustomerExcludingAssessedTax', 'shares': 'EntityCommonStockSharesOutstanding'}"
1356570,WNS,WNS (HOLDINGS) LTD,"{'debt_st': 'LongTermDebtCurrent', 'debt_lt': 'LongTermDebtNoncurrent', 'assets': 'Assets', 'liabilities': 'Liabilities', 'current_assets': 'AssetsCurrent', 'current_liabilities': 'LiabilitiesCurrent', 'retained_earnings': 'RetainedEarningsAccumulatedDeficit', 'liabilities_and_equity': 'LiabilitiesAndStockholdersEquity', 'equity': 'StockholdersEquity', 'ebit': 'OperatingIncomeLoss', 'revenue': 'Revenues', 'shares': 'EntityCommonStockSharesOutstanding'}"
1356576,SUPN,"SUPERNUS PHARMACEUTICALS, INC.","{'debt_st': 'LongTermDebtCurrent', 'debt_lt': 'LongTermDebtNoncurrent', 'assets': 'Assets', 'liabilities': 'Liabilities', 'current_assets': 'AssetsCurrent', 'current_liabilities': 'LiabilitiesCurrent', 'retained_earnings': 'RetainedEarningsAccumulatedDeficit', 'liabilities_and_equity': 'LiabilitiesAndStockholdersEquity', 'equity': 'StockholdersEquity', 'ebit': 'OperatingIncomeLoss', 'revenue': 'RevenueFromContractWithCustomerExcludingAssessedTax', 'shares': 'EntityCommonStockSharesOutstanding'}"
1357615,KBR,"KBR, INC.","{'debt_st': 'LongTermDebtCurrent', 'debt_lt': 'LongTermDebtNoncurrent', 'assets': 'Assets', 'liabilities': 'Liabilities', 'current_assets': 'AssetsCurrent', 'current_liabilities': 'LiabilitiesCurrent', 'retained_earnings': 'RetainedEarningsAccumulatedDeficit', 'liabilities_and_equity': 'LiabilitiesAndStockholdersEquity', 'equity': 'StockholdersEquity', 'ebit': 'OperatingIncomeLoss', 'revenue': 'RevenueFromContractWithCustomerExcludingAssessedTax', 'shares': 'EntityCommonStockSharesOutstanding'}"
1359841,HBI,Hanesbrands Inc.,"{'debt_st': 'DebtCurrent', 'debt_lt': 'LongTermDebtNoncurrent', 'assets': 'Assets', 'liabilities': 'Liabilities', 'current_assets': 'AssetsCurrent', 'current_liabilities': 'LiabilitiesCurrent', 'retained_earnings': 'RetainedEarningsAccumulatedDeficit', 'liabilities_and_equity': 'LiabilitiesAndStockholdersEquity', 'equity': 'StockholdersEquity', 'ebit': 'OperatingIncomeLoss', 'revenue': 'RevenueFromContractWithCustomerExcludingAssessedTax', 'shares': 'EntityCommonStockSharesOutstanding'}"
1361113,VRNS,VARONIS SYSTEMS INC,"{'debt_st': 'OtherShortTermBorrowings', 'debt_lt': None, 'assets': 'Assets', 'liabilities': None, 'current_assets': 'AssetsCurrent', 'current_liabilities': 'LiabilitiesCurrent', 'retained_earnings': 'RetainedEarningsAccumulatedDeficit', 'liabilities_and_equity': 'LiabilitiesAndStockholdersEquity', 'equity': 'StockholdersEquity', 'ebit': 'OperatingIncomeLoss', 'revenue': 'Revenues', 'shares': 'EntityCommonStockSharesOutstanding'}"
1361538,PRIM,Primoris Services Corp,"{'debt_st': 'LongTermDebtCurrent', 'debt_lt': 'LongTermDebtNoncurrent', 'assets': 'Assets', 'liabilities': 'Liabilities', 'current_assets': 'AssetsCurrent', 'current_liabilities': 'LiabilitiesCurrent', 'retained_earnings': 'RetainedEarningsAccumulatedDeficit', 'liabilities_and_equity': 'LiabilitiesAndStockholdersEquity', 'equity': 'StockholdersEquity', 'ebit': 'OperatingIncomeLoss', 'revenue': 'RevenueFromContractWithCustomerExcludingAssessedTax', 'shares': 'EntityCommonStockSharesOutstanding'}"
1361658,TNL,Travel & Leisure Co.,"{'debt_st': 'DebtCurrent', 'debt_lt': 'LongTermDebtNoncurrent', 'assets': 'Assets', 'liabilities': 'Liabilities', 'current_assets': 'AssetsCurrent', 'current_liabilities': 'LiabilitiesCurrent', 'retained_earnings': 'RetainedEarningsAccumulatedDeficit', 'liabilities_and_equity': 'LiabilitiesAndStockholdersEquity', 'equity': 'StockholdersEquity', 'ebit': 'OperatingIncomeLoss', 'revenue': 'RevenueFromContractWithCustomerExcludingAssessedTax', 'shares': 'EntityCommonStockSharesOutstanding'}"
1362004,ICFI,"ICF International, Inc.","{'debt_st': 'DebtCurrent', 'debt_lt': 'LongTermDebtNoncurrent', 'assets': 'Assets', 'liabilities': 'Liabilities', 'current_assets': 'AssetsCurrent', 'current_liabilities': 'LiabilitiesCurrent', 'retained_earnings': 'RetainedEarningsAccumulatedDeficit', 'liabilities_and_equity': 'LiabilitiesAndStockholdersEquity', 'equity': 'StockholdersEquity', 'ebit': 'OperatingIncomeLoss', 'revenue': 'RevenueFromContractWithCustomerExcludingAssessedTax', 'shares': 'EntityCommonStockSharesOutstanding'}"
1362468,ALGT,Allegiant Travel CO,"{'debt_st': 'LongTermDebtCurrent', 'debt_lt': 'LongTermDebtNoncurrent', 'assets': 'Assets', 'liabilities': 'Liabilities', 'current_assets': 'AssetsCurrent', 'current_liabilities': 'LiabilitiesCurrent', 'retained_earnings': 'RetainedEarningsAccumulatedDeficit', 'liabilities_and_equity': 'LiabilitiesAndStockholdersEquity', 'equity': 'StockholdersEquity', 'ebit': 'OperatingIncomeLoss', 'revenue': 'RevenueFromContractWithCustomerExcludingAssessedTax', 'shares': 'EntityCommonStockSharesOutstanding'}"
1364479,HRI,HERC HOLDINGS INC,"{'debt_st': 'LongTermDebtCurrent', 'debt_lt': 'LongTermDebtAndCapitalLeaseObligationsIncludingCurrentMaturities', 'assets': 'Assets', 'liabilities': 'Liabilities', 'current_assets': 'AssetsCurrent', 'current_liabilities': 'LiabilitiesCurrent', 'retained_earnings': 'RetainedEarningsAccumulatedDeficit', 'liabilities_and_equity': 'LiabilitiesAndStockholdersEquity', 'equity': 'StockholdersEquity', 'ebit': 'IncomeLossFromContinuingOperationsBeforeIncomeTaxesExtraordinaryItemsNoncontrollingInterest', 'revenue': 'RevenueFromContractWithCustomerExcludingAssessedTax', 'shares': 'EntityCommonStockSharesOutstanding'}"
1364885,SPR,"Spirit AeroSystems Holdings, Inc.","{'debt_st': 'OtherShortTermBorrowings', 'debt_lt': 'LongTermDebtAndCapitalLeaseObligations', 'assets': 'Assets', 'liabilities': None, 'current_assets': 'AssetsCurrent', 'current_liabilities': 'LiabilitiesCurrent', 'retained_earnings': 'RetainedEarningsAccumulatedDeficit', 'liabilities_and_equity': 'LiabilitiesAndStockholdersEquity', 'equity': 'StockholdersEquity', 'ebit': 'OperatingIncomeLoss', 'revenue': 'Revenues', 'shares': 'EntityCommonStockSharesOutstanding'}"
1365135,WU,Western Union CO,"{'debt_st': 'LongTermDebtCurrent', 'debt_lt': 'LongTermDebt', 'assets': 'Assets', 'liabilities': 'Liabilities', 'current_assets': None, 'current_liabilities': None, 'retained_earnings': 'RetainedEarningsAccumulatedDeficit', 'liabilities_and_equity': 'LiabilitiesAndStockholdersEquity', 'equity': 'StockholdersEquity', 'ebit': 'OperatingIncomeLoss', 'revenue': 'RevenueFromContractWithCustomerExcludingAssessedTax', 'shares': 'EntityCommonStockSharesOutstanding'}"
1365916,AMRSQ,"AMYRIS, INC.","{'debt_st': 'LongTermDebtCurrent', 'debt_lt': 'LongTermDebtNoncurrent', 'assets': 'Assets', 'liabilities': 'Liabilities', 'current_assets': 'AssetsCurrent', 'current_liabilities': 'LiabilitiesCurrent', 'retained_earnings': 'RetainedEarningsAccumulatedDeficit', 'liabilities_and_equity': 'LiabilitiesAndStockholdersEquity', 'equity': 'StockholdersEquity', 'ebit': 'OperatingIncomeLoss', 'revenue': 'Revenues', 'shares': 'EntityCommonStockSharesOutstanding'}"
1367644,EBS,Emergent BioSolutions Inc.,"{'debt_st': 'LongTermDebtCurrent', 'debt_lt': 'LongTermDebtNoncurrent', 'assets': 'Assets', 'liabilities': 'Liabilities', 'current_assets': 'AssetsCurrent', 'current_liabilities': 'LiabilitiesCurrent', 'retained_earnings': 'RetainedEarningsAccumulatedDeficit', 'liabilities_and_equity': 'LiabilitiesAndStockholdersEquity', 'equity': 'StockholdersEquity', 'ebit': 'OperatingIncomeLoss', 'revenue': 'RevenueFromContractWithCustomerExcludingAssessedTax', 'shares': 'EntityCommonStockSharesOutstanding'}"
1368265,CLNE,Clean Energy Fuels Corp.,"{'debt_st': 'LongTermDebtCurrent', 'debt_lt': 'LongTermDebtNoncurrent', 'assets': 'Assets', 'liabilities': 'Liabilities', 'current_assets': 'AssetsCurrent', 'current_liabilities': 'LiabilitiesCurrent', 'retained_earnings': 'RetainedEarningsAccumulatedDeficit', 'liabilities_and_equity': 'LiabilitiesAndStockholdersEquity', 'equity': 'StockholdersEquity', 'ebit': 'OperatingIncomeLoss', 'revenue': 'RevenueFromContractWithCustomerExcludingAssessedTax', 'shares': 'EntityCommonStockSharesOutstanding'}"
1368458,SBH,"Sally Beauty Holdings, Inc.","{'debt_st': None, 'debt_lt': 'LongTermDebtAndCapitalLeaseObligationsIncludingCurrentMaturities', 'assets': 'Assets', 'liabilities': 'Liabilities', 'current_assets': 'AssetsCurrent', 'current_liabilities': 'LiabilitiesCurrent', 'retained_earnings': 'RetainedEarningsAccumulatedDeficit', 'liabilities_and_equity': 'LiabilitiesAndStockholdersEquity', 'equity': 'StockholdersEquity', 'ebit': 'OperatingIncomeLoss', 'revenue': 'RevenueFromContractWithCustomerExcludingAssessedTax', 'shares': 'EntityCommonStockSharesOutstanding'}"
1368514,ADMA,"ADMA BIOLOGICS, INC.","{'debt_st': 'LongTermDebtCurrent', 'debt_lt': 'LongTermDebtNoncurrent', 'assets': 'Assets', 'liabilities': 'Liabilities', 'current_assets': 'AssetsCurrent', 'current_liabilities': 'LiabilitiesCurrent', 'retained_earnings': 'RetainedEarningsAccumulatedDeficit', 'liabilities_and_equity': 'LiabilitiesAndStockholdersEquity', 'equity': 'StockholdersEquity', 'ebit': 'OperatingIncomeLoss', 'revenue': 'RevenueFromContractWithCustomerExcludingAssessedTax', 'shares': 'EntityCommonStockSharesOutstanding'}"
1368622,AVAV,AeroVironment Inc,"{'debt_st': 'LongTermDebtCurrent', 'debt_lt': 'LongTermDebtNoncurrent', 'assets': 'Assets', 'liabilities': None, 'current_assets': 'AssetsCurrent', 'current_liabilities': 'LiabilitiesCurrent', 'retained_earnings': 'RetainedEarningsAccumulatedDeficit', 'liabilities_and_equity': 'LiabilitiesAndStockholdersEquity', 'equity': 'StockholdersEquity', 'ebit': 'OperatingIncomeLoss', 'revenue': 'RevenueFromContractWithCustomerExcludingAssessedTax', 'shares': 'EntityCommonStockSharesOutstanding'}"
1369241,DAC,Danaos Corp,"{'debt_st': 'LongTermDebtCurrent', 'debt_lt': 'LongTermDebtNoncurrent', 'assets': 'Assets', 'liabilities': 'Liabilities', 'current_assets': 'AssetsCurrent', 'current_liabilities': 'LiabilitiesCurrent', 'retained_earnings': 'RetainedEarningsAccumulatedDeficit', 'liabilities_and_equity': 'LiabilitiesAndStockholdersEquity', 'equity': 'StockholdersEquity', 'ebit': 'OperatingIncomeLoss', 'revenue': 'Revenues', 'shares': 'EntityCommonStockSharesOutstanding'}"
1370053,ANAB,"ANAPTYSBIO, INC","{'debt_st': 'NotesPayableCurrent', 'debt_lt': None, 'assets': 'Assets', 'liabilities': None, 'current_assets': 'AssetsCurrent', 'current_liabilities': 'LiabilitiesCurrent', 'retained_earnings': 'RetainedEarningsAccumulatedDeficit', 'liabilities_and_equity': 'LiabilitiesAndStockholdersEquity', 'equity': 'StockholdersEquity', 'ebit': 'OperatingIncomeLoss', 'revenue': 'RevenueFromContractWithCustomerExcludingAssessedTax', 'shares': 'EntityCommonStockSharesOutstanding'}"
1370416,WPRT,WESTPORT FUEL SYSTEMS INC.,"{'debt_st': 'DebtCurrent', 'debt_lt': 'LongTermDebtAndCapitalLeaseObligations', 'assets': 'Assets', 'liabilities': 'Liabilities', 'current_assets': 'AssetsCurrent', 'current_liabilities': 'LiabilitiesCurrent', 'retained_earnings': 'RetainedEarningsAccumulatedDeficit', 'liabilities_and_equity': 'LiabilitiesAndStockholdersEquity', 'equity': 'StockholdersEquity', 'ebit': 'OperatingIncomeLoss', 'revenue': 'RevenueFromContractWithCustomerExcludingAssessedTax', 'shares': 'EntityCommonStockSharesOutstanding'}"
1370450,WLDN,"Willdan Group, Inc.","{'debt_st': 'LongTermDebtCurrent', 'debt_lt': 'LongTermDebtNoncurrent', 'assets': 'Assets', 'liabilities': 'Liabilities', 'current_assets': 'AssetsCurrent', 'current_liabilities': 'LiabilitiesCurrent', 'retained_earnings': 'RetainedEarningsAccumulatedDeficit', 'liabilities_and_equity': 'LiabilitiesAndStockholdersEquity', 'equity': 'StockholdersEquity', 'ebit': 'OperatingIncomeLoss', 'revenue': 'RevenueFromContractWithCustomerExcludingAssessedTax', 'shares': 'EntityCommonStockSharesOutstanding'}"
1370637,ETSY,ETSY INC,"{'debt_st': 'ShortTermBorrowings', 'debt_lt': 'LongTermDebt', 'assets': 'Assets', 'liabilities': 'Liabilities', 'current_assets': 'AssetsCurrent', 'current_liabilities': 'LiabilitiesCurrent', 'retained_earnings': 'RetainedEarningsAccumulatedDeficit', 'liabilities_and_equity': 'LiabilitiesAndStockholdersEquity', 'equity': 'StockholdersEquity', 'ebit': 'OperatingIncomeLoss', 'revenue': 'RevenueFromContractWithCustomerExcludingAssessedTax', 'shares': 'EntityCommonStockSharesOutstanding'}"
1370755,TCPC,BlackRock TCP Capital Corp.,"{'debt_st': None, 'debt_lt': 'LongTermDebt', 'assets': 'Assets', 'liabilities': 'Liabilities', 'current_assets': None, 'current_liabilities': None, 'retained_earnings': 'RetainedEarningsAccumulatedDeficit', 'liabilities_and_equity': 'LiabilitiesAndStockholdersEquity', 'equity': 'StockholdersEquity', 'ebit': None, 'revenue': None, 'shares': 'EntityCommonStockSharesOutstanding'}"
1370946,OC,Owens Corning,"{'debt_st': 'LongTermDebtCurrent', 'debt_lt': 'LongTermDebtNoncurrent', 'assets': 'Assets', 'liabilities': 'Liabilities', 'current_assets': 'AssetsCurrent', 'current_liabilities': 'LiabilitiesCurrent', 'retained_earnings': 'RetainedEarningsAccumulatedDeficit', 'liabilities_and_equity': 'LiabilitiesAndStockholdersEquity', 'equity': 'StockholdersEquity', 'ebit': 'OperatingIncomeLoss', 'revenue': 'RevenueFromContractWithCustomerExcludingAssessedTax', 'shares': 'EntityCommonStockSharesOutstanding'}"
1372020,GLDD,Great Lakes Dredge & Dock CORP,"{'debt_st': 'DebtCurrent', 'debt_lt': 'LongTermDebtNoncurrent', 'assets': 'Assets', 'liabilities': 'Liabilities', 'current_assets': 'AssetsCurrent', 'current_liabilities': 'LiabilitiesCurrent', 'retained_earnings': 'RetainedEarningsAccumulatedDeficit', 'liabilities_and_equity': 'LiabilitiesAndStockholdersEquity', 'equity': 'StockholdersEquity', 'ebit': 'OperatingIncomeLoss', 'revenue': 'RevenueFromContractWithCustomerExcludingAssessedTax', 'shares': 'EntityCommonStockSharesOutstanding'}"
1372612,BOX,BOX INC,"{'debt_st': 'LongTermDebtCurrent', 'debt_lt': 'LongTermDebtNoncurrent', 'assets': 'Assets', 'liabilities': 'Liabilities', 'current_assets': 'AssetsCurrent', 'current_liabilities': 'LiabilitiesCurrent', 'retained_earnings': 'RetainedEarningsAccumulatedDeficit', 'liabilities_and_equity': 'LiabilitiesAndStockholdersEquity', 'equity': 'StockholdersEquity', 'ebit': 'OperatingIncomeLoss', 'revenue': 'RevenueFromContractWithCustomerExcludingAssessedTax', 'shares': 'EntityCommonStockSharesOutstanding'}"
1372807,BCIC,BCP Investment Corp,"{'debt_st': None, 'debt_lt': 'LongTermDebt', 'assets': 'Assets', 'liabilities': 'Liabilities', 'current_assets': None, 'current_liabilities': None, 'retained_earnings': 'RetainedEarningsAccumulatedDeficit', 'liabilities_and_equity': 'LiabilitiesAndStockholdersEquity', 'equity': 'StockholdersEquity', 'ebit': None, 'revenue': None, 'shares': 'EntityCommonStockSharesOutstanding'}"
1372920,EDU,New Oriental Education & Technology Group Inc.,"{'debt_st': None, 'debt_lt': 'LongTermDebtNoncurrent', 'assets': 'Assets', 'liabilities': 'Liabilities', 'current_assets': 'AssetsCurrent', 'current_liabilities': 'LiabilitiesCurrent', 'retained_earnings': 'RetainedEarningsAccumulatedDeficit', 'liabilities_and_equity': 'LiabilitiesAndStockholdersEquity', 'equity': 'StockholdersEquity', 'ebit': 'OperatingIncomeLoss', 'revenue': 'Revenues', 'shares': 'EntityCommonStockSharesOutstanding'}"
1373715,NOW,"ServiceNow, Inc.","{'debt_st': 'LongTermDebtCurrent', 'debt_lt': 'LongTermDebtNoncurrent', 'assets': 'Assets', 'liabilities': 'Liabilities', 'current_assets': 'AssetsCurrent', 'current_liabilities': 'LiabilitiesCurrent', 'retained_earnings': 'RetainedEarningsAccumulatedDeficit', 'liabilities_and_equity': 'LiabilitiesAndStockholdersEquity', 'equity': 'StockholdersEquity', 'ebit': 'OperatingIncomeLoss', 'revenue': 'RevenueFromContractWithCustomerExcludingAssessedTax', 'shares': 'EntityCommonStockSharesOutstanding'}"
1375365,SMCI,"Super Micro Computer, Inc.","{'debt_st': 'DebtCurrent', 'debt_lt': 'LongTermDebtNoncurrent', 'assets': 'Assets', 'liabilities': 'Liabilities', 'current_assets': 'AssetsCurrent', 'current_liabilities': 'LiabilitiesCurrent', 'retained_earnings': 'RetainedEarningsAccumulatedDeficit', 'liabilities_and_equity': 'LiabilitiesAndStockholdersEquity', 'equity': 'StockholdersEquity', 'ebit': 'OperatingIncomeLoss', 'revenue': 'RevenueFromContractWithCustomerExcludingAssessedTax', 'shares': 'EntityCommonStockSharesOutstanding'}"
1375877,CSIQ,Canadian Solar Inc.,"{'debt_st': 'DebtCurrent', 'debt_lt': 'LongTermDebtNoncurrent', 'assets': 'Assets', 'liabilities': 'Liabilities', 'current_assets': 'AssetsCurrent', 'current_liabilities': 'LiabilitiesCurrent', 'retained_earnings': 'RetainedEarningsAccumulatedDeficit', 'liabilities_and_equity': 'LiabilitiesAndStockholdersEquity', 'equity': 'StockholdersEquity', 'ebit': 'OperatingIncomeLoss', 'revenue': 'RevenueFromContractWithCustomerIncludingAssessedTax', 'shares': 'EntityCommonStockSharesOutstanding'}"
1377121,PTGX,"Protagonist Therapeutics, Inc","{'debt_st': None, 'debt_lt': 'LongTermDebt', 'assets': 'Assets', 'liabilities': 'Liabilities', 'current_assets': 'AssetsCurrent', 'current_liabilities': 'LiabilitiesCurrent', 'retained_earnings': 'RetainedEarningsAccumulatedDeficit', 'liabilities_and_equity': 'LiabilitiesAndStockholdersEquity', 'equity': 'StockholdersEquity', 'ebit': 'OperatingIncomeLoss', 'revenue': 'RevenueFromContractWithCustomerIncludingAssessedTax', 'shares': 'EntityCommonStockSharesOutstanding'}"
1377630,NCMI,"National CineMedia, Inc.","{'debt_st': 'LongTermDebtCurrent', 'debt_lt': 'LongTermDebtNoncurrent', 'assets': 'Assets', 'liabilities': 'Liabilities', 'current_assets': 'AssetsCurrent', 'current_liabilities': 'LiabilitiesCurrent', 'retained_earnings': 'RetainedEarningsAccumulatedDeficit', 'liabilities_and_equity': 'LiabilitiesAndStockholdersEquity', 'equity': 'StockholdersEquity', 'ebit': 'OperatingIncomeLoss', 'revenue': 'RevenueFromContractWithCustomerExcludingAssessedTax', 'shares': 'EntityCommonStockSharesOutstanding'}"
1377789,AVNW,"AVIAT NETWORKS, INC.","{'debt_st': 'LongTermDebtCurrent', 'debt_lt': 'LongTermDebtNoncurrent', 'assets': 'Assets', 'liabilities': 'Liabilities', 'current_assets': 'AssetsCurrent', 'current_liabilities': 'LiabilitiesCurrent', 'retained_earnings': 'RetainedEarningsAccumulatedDeficit', 'liabilities_and_equity': 'LiabilitiesAndStockholdersEquity', 'equity': 'StockholdersEquity', 'ebit': 'OperatingIncomeLoss', 'revenue': 'RevenueFromContractWithCustomerExcludingAssessedTax', 'shares': 'EntityCommonStockSharesOutstanding'}"
1377936,SAR,SARATOGA INVESTMENT CORP.,"{'debt_st': None, 'debt_lt': 'LongTermDebtAndCapitalLeaseObligations', 'assets': 'Assets', 'liabilities': 'Liabilities', 'current_assets': None, 'current_liabilities': 'LiabilitiesCurrent', 'retained_earnings': 'RetainedEarningsAccumulatedDeficit', 'liabilities_and_equity': 'LiabilitiesAndStockholdersEquity', 'equity': 'StockholdersEquity', 'ebit': None, 'revenue': None, 'shares': 'EntityCommonStockSharesOutstanding'}"
1378789,AER,AerCap Holdings N.V.,"{'debt_st': None, 'debt_lt': 'LongTermDebt', 'assets': 'Assets', 'liabilities': 'Liabilities', 'current_assets': None, 'current_liabilities': None, 'retained_earnings': 'RetainedEarningsAccumulatedDeficit', 'liabilities_and_equity': 'LiabilitiesAndStockholdersEquity', 'equity': 'StockholdersEquity', 'ebit': 'OperatingIncomeLoss', 'revenue': 'RevenueFromContractWithCustomerExcludingAssessedTax', 'shares': 'EntityCommonStockSharesOutstanding'}"
1378992,BERY,"BERRY GLOBAL GROUP, INC.","{'debt_st': 'LongTermDebtCurrent', 'debt_lt': 'LongTermDebtNoncurrent', 'assets': 'Assets', 'liabilities': 'Liabilities', 'current_assets': 'AssetsCurrent', 'current_liabilities': 'LiabilitiesCurrent', 'retained_earnings': 'RetainedEarningsAccumulatedDeficit', 'liabilities_and_equity': 'LiabilitiesAndStockholdersEquity', 'equity': 'StockholdersEquity', 'ebit': 'OperatingIncomeLoss', 'revenue': 'RevenueFromContractWithCustomerExcludingAssessedTax', 'shares': 'EntityCommonStockSharesOutstanding'}"
1381640,MLCO,Melco Resorts & Entertainment LTD,"{'debt_st': 'LongTermDebtCurrent', 'debt_lt': 'LongTermDebtNoncurrent', 'assets': 'Assets', 'liabilities': 'Liabilities', 'current_assets': 'AssetsCurrent', 'current_liabilities': 'LiabilitiesCurrent', 'retained_earnings': 'RetainedEarningsAccumulatedDeficit', 'liabilities_and_equity': 'LiabilitiesAndStockholdersEquity', 'equity': 'StockholdersEquity', 'ebit': 'OperatingIncomeLoss', 'revenue': 'Revenues', 'shares': 'EntityCommonStockSharesOutstanding'}"
1382101,STRO,"SUTRO BIOPHARMA, INC.","{'debt_st': 'DebtCurrent', 'debt_lt': 'LongTermDebtNoncurrent', 'assets': 'Assets', 'liabilities': 'Liabilities', 'current_assets': 'AssetsCurrent', 'current_liabilities': 'LiabilitiesCurrent', 'retained_earnings': 'RetainedEarningsAccumulatedDeficit', 'liabilities_and_equity': 'LiabilitiesAndStockholdersEquity', 'equity': 'StockholdersEquity', 'ebit': 'OperatingIncomeLoss', 'revenue': 'RevenueFromContractWithCustomerExcludingAssessedTax', 'shares': 'EntityCommonStockSharesOutstanding'}"
1383312,BR,"BROADRIDGE FINANCIAL SOLUTIONS, INC.","{'debt_st': 'LongTermDebtCurrent', 'debt_lt': 'LongTermDebtNoncurrent', 'assets': 'Assets', 'liabilities': 'Liabilities', 'current_assets': 'AssetsCurrent', 'current_liabilities': 'LiabilitiesCurrent', 'retained_earnings': 'RetainedEarningsAccumulatedDeficit', 'liabilities_and_equity': 'LiabilitiesAndStockholdersEquity', 'equity': 'StockholdersEquity', 'ebit': 'OperatingIncomeLoss', 'revenue': 'RevenueFromContractWithCustomerExcludingAssessedTax', 'shares': 'EntityCommonStockSharesOutstanding'}"
1383650,CQP,"Cheniere Energy Partners, L.P.","{'debt_st': 'DebtCurrent', 'debt_lt': 'LongTermDebtNoncurrent', 'assets': 'Assets', 'liabilities': 'Liabilities', 'current_assets': 'AssetsCurrent', 'current_liabilities': 'LiabilitiesCurrent', 'retained_earnings': None, 'liabilities_and_equity': 'LiabilitiesAndStockholdersEquity', 'equity': None, 'ebit': 'OperatingIncomeLoss', 'revenue': 'RevenueFromContractWithCustomerExcludingAssessedTax', 'shares': 'EntityCommonStockSharesOutstanding'}"
1384101,VCYT,"VERACYTE, INC.","{'debt_st': 'LongTermDebtCurrent', 'debt_lt': 'LongTermDebtNoncurrent', 'assets': 'Assets', 'liabilities': 'Liabilities', 'current_assets': 'AssetsCurrent', 'current_liabilities': 'LiabilitiesCurrent', 'retained_earnings': 'RetainedEarningsAccumulatedDeficit', 'liabilities_and_equity': 'LiabilitiesAndStockholdersEquity', 'equity': 'StockholdersEquity', 'ebit': 'OperatingIncomeLoss', 'revenue': 'RevenueFromContractWithCustomerExcludingAssessedTax', 'shares': 'EntityCommonStockSharesOutstanding'}"
1384195,REI,"RING ENERGY, INC.","{'debt_st': 'NotesPayableCurrent', 'debt_lt': 'LongTermDebt', 'assets': 'Assets', 'liabilities': 'Liabilities', 'current_assets': 'AssetsCurrent', 'current_liabilities': 'LiabilitiesCurrent', 'retained_earnings': 'RetainedEarningsAccumulatedDeficit', 'liabilities_and_equity': 'LiabilitiesAndStockholdersEquity', 'equity': 'StockholdersEquity', 'ebit': 'OperatingIncomeLoss', 'revenue': 'RevenueFromContractWithCustomerExcludingAssessedTax', 'shares': 'EntityCommonStockSharesOutstanding'}"
1385157,TEL,TE Connectivity plc,"{'debt_st': 'DebtCurrent', 'debt_lt': 'LongTermDebtNoncurrent', 'assets': 'Assets', 'liabilities': 'Liabilities', 'current_assets': 'AssetsCurrent', 'current_liabilities': 'LiabilitiesCurrent', 'retained_earnings': 'RetainedEarningsAccumulatedDeficit', 'liabilities_and_equity': 'LiabilitiesAndStockholdersEquity', 'equity': 'StockholdersEquity', 'ebit': 'OperatingIncomeLoss', 'revenue': 'RevenueFromContractWithCustomerExcludingAssessedTax', 'shares': 'EntityCommonStockSharesOutstanding'}"
1385280,CNK,"Cinemark Holdings, Inc.","{'debt_st': 'LongTermDebtCurrent', 'debt_lt': 'LongTermDebtNoncurrent', 'assets': 'Assets', 'liabilities': 'Liabilities', 'current_assets': 'AssetsCurrent', 'current_liabilities': 'LiabilitiesCurrent', 'retained_earnings': 'RetainedEarningsAccumulatedDeficit', 'liabilities_and_equity': 'LiabilitiesAndStockholdersEquity', 'equity': 'StockholdersEquity', 'ebit': 'OperatingIncomeLoss', 'revenue': 'RevenueFromContractWithCustomerExcludingAssessedTax', 'shares': 'EntityCommonStockSharesOutstanding'}"
1385849,UUUU,ENERGY FUELS INC,"{'debt_st': 'LongTermDebtCurrent', 'debt_lt': 'LongTermDebt', 'assets': 'Assets', 'liabilities': 'Liabilities', 'current_assets': 'AssetsCurrent', 'current_liabilities': 'LiabilitiesCurrent', 'retained_earnings': 'RetainedEarningsAccumulatedDeficit', 'liabilities_and_equity': 'LiabilitiesAndStockholdersEquity', 'equity': 'StockholdersEquity', 'ebit': 'OperatingIncomeLoss', 'revenue': 'RevenueFromContractWithCustomerExcludingAssessedTax', 'shares': 'EntityCommonStockSharesOutstanding'}"
1386716,SBLK,Star Bulk Carriers Corp.,"{'debt_st': None, 'debt_lt': 'LongTermDebt', 'assets': 'Assets', 'liabilities': 'Liabilities', 'current_assets': 'AssetsCurrent', 'current_liabilities': 'LiabilitiesCurrent', 'retained_earnings': 'RetainedEarningsAccumulatedDeficit', 'liabilities_and_equity': 'LiabilitiesAndStockholdersEquity', 'equity': 'StockholdersEquity', 'ebit': 'OperatingIncomeLoss', 'revenue': 'Revenues', 'shares': 'EntityCommonStockSharesOutstanding'}"
1387467,AOSL,ALPHA & OMEGA SEMICONDUCTOR Ltd,"{'debt_st': 'DebtCurrent', 'debt_lt': 'LongTermDebtNoncurrent', 'assets': 'Assets', 'liabilities': 'Liabilities', 'current_assets': 'AssetsCurrent', 'current_liabilities': 'LiabilitiesCurrent', 'retained_earnings': 'RetainedEarningsAccumulatedDeficit', 'liabilities_and_equity': 'LiabilitiesAndStockholdersEquity', 'equity': 'StockholdersEquity', 'ebit': 'OperatingIncomeLoss', 'revenue': 'RevenueFromContractWithCustomerExcludingAssessedTax', 'shares': 'EntityCommonStockSharesOutstanding'}"
1388658,IRTC,"iRhythm Holdings, Inc.","{'debt_st': 'DebtCurrent', 'debt_lt': 'LongTermDebtNoncurrent', 'assets': 'Assets', 'liabilities': 'Liabilities', 'current_assets': 'AssetsCurrent', 'current_liabilities': 'LiabilitiesCurrent', 'retained_earnings': 'RetainedEarningsAccumulatedDeficit', 'liabilities_and_equity': 'LiabilitiesAndStockholdersEquity', 'equity': 'StockholdersEquity', 'ebit': 'OperatingIncomeLoss', 'revenue': 'RevenueFromContractWithCustomerExcludingAssessedTax', 'shares': 'EntityCommonStockSharesOutstanding'}"
1389050,AROC,"Archrock, Inc.","{'debt_st': None, 'debt_lt': 'LongTermDebtNoncurrent', 'assets': 'Assets', 'liabilities': 'Liabilities', 'current_assets': 'AssetsCurrent', 'current_liabilities': 'LiabilitiesCurrent', 'retained_earnings': 'RetainedEarningsAccumulatedDeficit', 'liabilities_and_equity': 'LiabilitiesAndStockholdersEquity', 'equity': 'StockholdersEquity', 'ebit': 'IncomeLossFromContinuingOperationsBeforeIncomeTaxesExtraordinaryItemsNoncontrollingInterest', 'revenue': 'RevenueFromContractWithCustomerExcludingAssessedTax', 'shares': 'EntityCommonStockSharesOutstanding'}"
1389170,TRGP,Targa Resources Corp.,"{'debt_st': 'DebtCurrent', 'debt_lt': 'LongTermDebtNoncurrent', 'assets': 'Assets', 'liabilities': None, 'current_assets': 'AssetsCurrent', 'current_liabilities': 'LiabilitiesCurrent', 'retained_earnings': 'RetainedEarningsAccumulatedDeficit', 'liabilities_and_equity': 'LiabilitiesAndStockholdersEquity', 'equity': 'StockholdersEquity', 'ebit': 'OperatingIncomeLoss', 'revenue': 'RevenueFromContractWithCustomerExcludingAssessedTax', 'shares': 'EntityCommonStockSharesOutstanding'}"
1392326,CCEC,Capital Clean Energy Carriers Corp.,"{'debt_st': 'LongTermDebtCurrent', 'debt_lt': 'LongTermDebtNoncurrent', 'assets': 'Assets', 'liabilities': 'Liabilities', 'current_assets': 'AssetsCurrent', 'current_liabilities': 'LiabilitiesCurrent', 'retained_earnings': 'RetainedEarningsAccumulatedDeficit', 'liabilities_and_equity': 'LiabilitiesAndStockholdersEquity', 'equity': 'StockholdersEquity', 'ebit': 'OperatingIncomeLoss', 'revenue': 'Revenues', 'shares': 'EntityCommonStockSharesOutstanding'}"
1392380,GEVO,"Gevo, Inc.","{'debt_st': 'DebtCurrent', 'debt_lt': 'LongTermDebtNoncurrent', 'assets': 'Assets', 'liabilities': 'Liabilities', 'current_assets': 'AssetsCurrent', 'current_liabilities': 'LiabilitiesCurrent', 'retained_earnings': 'RetainedEarningsAccumulatedDeficit', 'liabilities_and_equity': 'LiabilitiesAndStockholdersEquity', 'equity': 'StockholdersEquity', 'ebit': 'OperatingIncomeLoss', 'revenue': 'RevenueFromContractWithCustomerExcludingAssessedTax', 'shares': 'EntityCommonStockSharesOutstanding'}"
1393434,OCUL,"OCULAR THERAPEUTIX, INC","{'debt_st': 'NotesPayableCurrent', 'debt_lt': 'LongTermDebt', 'assets': 'Assets', 'liabilities': 'Liabilities', 'current_assets': 'AssetsCurrent', 'current_liabilities': 'LiabilitiesCurrent', 'retained_earnings': 'RetainedEarningsAccumulatedDeficit', 'liabilities_and_equity': 'LiabilitiesAndStockholdersEquity', 'equity': 'StockholdersEquity', 'ebit': 'OperatingIncomeLoss', 'revenue': 'RevenueFromContractWithCustomerExcludingAssessedTax', 'shares': 'EntityCommonStockSharesOutstanding'}"
1395937,SNDX,Syndax Pharmaceuticals Inc,"{'debt_st': 'DebtCurrent', 'debt_lt': 'LongTermNotesPayable', 'assets': 'Assets', 'liabilities': 'Liabilities', 'current_assets': 'AssetsCurrent', 'current_liabilities': 'LiabilitiesCurrent', 'retained_earnings': 'RetainedEarningsAccumulatedDeficit', 'liabilities_and_equity': 'LiabilitiesAndStockholdersEquity', 'equity': 'StockholdersEquity', 'ebit': 'OperatingIncomeLoss', 'revenue': 'RevenueFromContractWithCustomerExcludingAssessedTax', 'shares': 'EntityCommonStockSharesOutstanding'}"
1395942,OPLN,"OPENLANE, Inc.","{'debt_st': 'LongTermDebtCurrent', 'debt_lt': 'LongTermDebtNoncurrent', 'assets': 'Assets', 'liabilities': None, 'current_assets': 'AssetsCurrent', 'current_liabilities': 'LiabilitiesCurrent', 'retained_earnings': 'RetainedEarningsAccumulatedDeficit', 'liabilities_and_equity': 'LiabilitiesAndStockholdersEquity', 'equity': 'StockholdersEquity', 'ebit': 'OperatingIncomeLoss', 'revenue': 'Revenues', 'shares': 'EntityCommonStockSharesOutstanding'}"
1396009,VMC,Vulcan Materials CO,"{'debt_st': 'LongTermDebtCurrent', 'debt_lt': 'LongTermDebtNoncurrent', 'assets': 'Assets', 'liabilities': 'Liabilities', 'current_assets': 'AssetsCurrent', 'current_liabilities': 'LiabilitiesCurrent', 'retained_earnings': 'RetainedEarningsAccumulatedDeficit', 'liabilities_and_equity': 'LiabilitiesAndStockholdersEquity', 'equity': 'StockholdersEquity', 'ebit': 'OperatingIncomeLoss', 'revenue': 'RevenueFromContractWithCustomerExcludingAssessedTax', 'shares': 'EntityCommonStockSharesOutstanding'}"
1396440,MAIN,Main Street Capital CORP,"{'debt_st': None, 'debt_lt': 'LongTermDebt', 'assets': 'Assets', 'liabilities': 'Liabilities', 'current_assets': None, 'current_liabilities': None, 'retained_earnings': 'RetainedEarningsAccumulatedDeficit', 'liabilities_and_equity': 'LiabilitiesAndStockholdersEquity', 'equity': 'StockholdersEquity', 'ebit': None, 'revenue': None, 'shares': 'EntityCommonStockSharesOutstanding'}"
1396814,PCRX,"Pacira BioSciences, Inc.","{'debt_st': 'DebtCurrent', 'debt_lt': 'LongTermDebtNoncurrent', 'assets': 'Assets', 'liabilities': 'Liabilities', 'current_assets': 'AssetsCurrent', 'current_liabilities': 'LiabilitiesCurrent', 'retained_earnings': 'RetainedEarningsAccumulatedDeficit', 'liabilities_and_equity': 'LiabilitiesAndStockholdersEquity', 'equity': 'StockholdersEquity', 'ebit': 'OperatingIncomeLoss', 'revenue': 'RevenueFromContractWithCustomerExcludingAssessedTax', 'shares': 'EntityCommonStockSharesOutstanding'}"
1398659,G,Genpact LTD,"{'debt_st': 'LongTermDebtCurrent', 'debt_lt': 'LongTermDebtNoncurrent', 'assets': 'Assets', 'liabilities': 'Liabilities', 'current_assets': 'AssetsCurrent', 'current_liabilities': 'LiabilitiesCurrent', 'retained_earnings': 'RetainedEarningsAccumulatedDeficit', 'liabilities_and_equity': 'LiabilitiesAndStockholdersEquity', 'equity': 'StockholdersEquity', 'ebit': 'OperatingIncomeLoss', 'revenue': 'RevenueFromContractWithCustomerExcludingAssessedTax', 'shares': 'EntityCommonStockSharesOutstanding'}"
1399520,STKS,"ONE Group Hospitality, Inc.","{'debt_st': 'LongTermDebtCurrent', 'debt_lt': 'LongTermDebtNoncurrent', 'assets': 'Assets', 'liabilities': 'Liabilities', 'current_assets': 'AssetsCurrent', 'current_liabilities': 'LiabilitiesCurrent', 'retained_earnings': 'RetainedEarningsAccumulatedDeficit', 'liabilities_and_equity': 'LiabilitiesAndStockholdersEquity', 'equity': 'StockholdersEquity', 'ebit': 'OperatingIncomeLoss', 'revenue': 'Revenues', 'shares': 'EntityCommonStockSharesOutstanding'}"
1401257,FET,"FORUM ENERGY TECHNOLOGIES, INC.","{'debt_st': 'LongTermDebtCurrent', 'debt_lt': 'LongTermDebtNoncurrent', 'assets': 'Assets', 'liabilities': 'Liabilities', 'current_assets': 'AssetsCurrent', 'current_liabilities': 'LiabilitiesCurrent', 'retained_earnings': 'RetainedEarningsAccumulatedDeficit', 'liabilities_and_equity': 'LiabilitiesAndStockholdersEquity', 'equity': 'StockholdersEquity', 'ebit': 'OperatingIncomeLoss', 'revenue': 'RevenueFromContractWithCustomerExcludingAssessedTax', 'shares': 'EntityCommonStockSharesOutstanding'}"
1402057,CDW,CDW Corp,"{'debt_st': 'LongTermDebtCurrent', 'debt_lt': 'LongTermDebtNoncurrent', 'assets': 'Assets', 'liabilities': 'Liabilities', 'current_assets': 'AssetsCurrent', 'current_liabilities': 'LiabilitiesCurrent', 'retained_earnings': 'RetainedEarningsAccumulatedDeficit', 'liabilities_and_equity': 'LiabilitiesAndStockholdersEquity', 'equity': 'StockholdersEquity', 'ebit': 'OperatingIncomeLoss', 'revenue': 'RevenueFromContractWithCustomerExcludingAssessedTax', 'shares': 'EntityCommonStockSharesOutstanding'}"
1402436,SSNC,SS&C Technologies Holdings Inc,"{'debt_st': 'DebtCurrent', 'debt_lt': 'LongTermDebtNoncurrent', 'assets': 'Assets', 'liabilities': 'Liabilities', 'current_assets': 'AssetsCurrent', 'current_liabilities': 'LiabilitiesCurrent', 'retained_earnings': 'RetainedEarningsAccumulatedDeficit', 'liabilities_and_equity': 'LiabilitiesAndStockholdersEquity', 'equity': 'StockholdersEquity', 'ebit': 'OperatingIncomeLoss', 'revenue': 'RevenueFromContractWithCustomerExcludingAssessedTax', 'shares': 'EntityCommonStockSharesOutstanding'}"
1402829,ORN,Orion Group Holdings Inc,"{'debt_st': 'DebtCurrent', 'debt_lt': 'LongTermDebtNoncurrent', 'assets': 'Assets', 'liabilities': 'Liabilities', 'current_assets': 'AssetsCurrent', 'current_liabilities': 'LiabilitiesCurrent', 'retained_earnings': 'RetainedEarningsAccumulatedDeficit', 'liabilities_and_equity': 'LiabilitiesAndStockholdersEquity', 'equity': 'StockholdersEquity', 'ebit': 'OperatingIncomeLoss', 'revenue': 'RevenueFromContractWithCustomerExcludingAssessedTax', 'shares': 'EntityCommonStockSharesOutstanding'}"
1403568,ULTA,"Ulta Beauty, Inc.","{'debt_st': 'ShortTermBorrowings', 'debt_lt': 'LongTermDebtNoncurrent', 'assets': 'Assets', 'liabilities': 'Liabilities', 'current_assets': 'AssetsCurrent', 'current_liabilities': 'LiabilitiesCurrent', 'retained_earnings': 'RetainedEarningsAccumulatedDeficit', 'liabilities_and_equity': 'LiabilitiesAndStockholdersEquity', 'equity': 'StockholdersEquity', 'ebit': 'OperatingIncomeLoss', 'revenue': 'Revenues', 'shares': 'EntityCommonStockSharesOutstanding'}"
1408075,GPK,GRAPHIC PACKAGING HOLDING CO,"{'debt_st': 'DebtCurrent', 'debt_lt': 'LongTermDebtNoncurrent', 'assets': 'Assets', 'liabilities': 'Liabilities', 'current_assets': 'AssetsCurrent', 'current_liabilities': 'LiabilitiesCurrent', 'retained_earnings': 'RetainedEarningsAccumulatedDeficit', 'liabilities_and_equity': 'LiabilitiesAndStockholdersEquity', 'equity': 'StockholdersEquity', 'ebit': 'OperatingIncomeLoss', 'revenue': 'RevenueFromContractWithCustomerExcludingAssessedTax', 'shares': 'EntityCommonStockSharesOutstanding'}"
1408198,MSCI,MSCI Inc.,"{'debt_st': 'LongTermDebtCurrent', 'debt_lt': 'LongTermDebtNoncurrent', 'assets': 'Assets', 'liabilities': 'Liabilities', 'current_assets': 'AssetsCurrent', 'current_liabilities': 'LiabilitiesCurrent', 'retained_earnings': 'RetainedEarningsAccumulatedDeficit', 'liabilities_and_equity': 'LiabilitiesAndStockholdersEquity', 'equity': 'StockholdersEquity', 'ebit': 'OperatingIncomeLoss', 'revenue': 'RevenueFromContractWithCustomerExcludingAssessedTax', 'shares': 'EntityCommonStockSharesOutstanding'}"
1408710,FN,Fabrinet,"{'debt_st': 'LongTermDebtCurrent', 'debt_lt': 'LongTermDebtNoncurrent', 'assets': 'Assets', 'liabilities': 'Liabilities', 'current_assets': 'AssetsCurrent', 'current_liabilities': 'LiabilitiesCurrent', 'retained_earnings': 'RetainedEarningsAccumulatedDeficit', 'liabilities_and_equity': 'LiabilitiesAndStockholdersEquity', 'equity': 'StockholdersEquity', 'ebit': 'OperatingIncomeLoss', 'revenue': 'Revenues', 'shares': 'EntityCommonStockSharesOutstanding'}"
1409171,TITN,Titan Machinery Inc.,"{'debt_st': 'LongTermDebtCurrent', 'debt_lt': 'LongTermDebtNoncurrent', 'assets': 'Assets', 'liabilities': None, 'current_assets': 'AssetsCurrent', 'current_liabilities': 'LiabilitiesCurrent', 'retained_earnings': 'RetainedEarningsAccumulatedDeficit', 'liabilities_and_equity': 'LiabilitiesAndStockholdersEquity', 'equity': 'StockholdersEquity', 'ebit': 'OperatingIncomeLoss', 'revenue': 'RevenueFromContractWithCustomerExcludingAssessedTax', 'shares': 'EntityCommonStockSharesOutstanding'}"
1411207,ALSN,Allison Transmission Holdings Inc,"{'debt_st': 'LongTermDebtCurrent', 'debt_lt': 'LongTermDebtNoncurrent', 'assets': 'Assets', 'liabilities': 'Liabilities', 'current_assets': 'AssetsCurrent', 'current_liabilities': 'LiabilitiesCurrent', 'retained_earnings': 'RetainedEarningsAccumulatedDeficit', 'liabilities_and_equity': 'LiabilitiesAndStockholdersEquity', 'equity': 'StockholdersEquity', 'ebit': 'OperatingIncomeLoss', 'revenue': 'RevenueFromContractWithCustomerExcludingAssessedTax', 'shares': 'EntityCommonStockSharesOutstanding'}"
1411579,AMC,"AMC ENTERTAINMENT HOLDINGS, INC.","{'debt_st': 'LongTermDebtCurrent', 'debt_lt': 'LongTermDebtNoncurrent', 'assets': 'Assets', 'liabilities': 'Liabilities', 'current_assets': 'AssetsCurrent', 'current_liabilities': 'LiabilitiesCurrent', 'retained_earnings': 'RetainedEarningsAccumulatedDeficit', 'liabilities_and_equity': 'LiabilitiesAndStockholdersEquity', 'equity': 'StockholdersEquity', 'ebit': 'OperatingIncomeLoss', 'revenue': 'RevenueFromContractWithCustomerExcludingAssessedTax', 'shares': 'EntityCommonStockSharesOutstanding'}"
1412408,PHR,"Phreesia, Inc.","{'debt_st': 'LongTermDebtCurrent', 'debt_lt': 'LongTermDebtNoncurrent', 'assets': 'Assets', 'liabilities': 'Liabilities', 'current_assets': 'AssetsCurrent', 'current_liabilities': 'LiabilitiesCurrent', 'retained_earnings': 'RetainedEarningsAccumulatedDeficit', 'liabilities_and_equity': 'LiabilitiesAndStockholdersEquity', 'equity': 'StockholdersEquity', 'ebit': 'OperatingIncomeLoss', 'revenue': 'RevenueFromContractWithCustomerExcludingAssessedTax', 'shares': 'EntityCommonStockSharesOutstanding'}"
1413447,NXPI,NXP Semiconductors N.V.,"{'debt_st': 'DebtCurrent', 'debt_lt': 'LongTermDebtNoncurrent', 'assets': 'Assets', 'liabilities': 'Liabilities', 'current_assets': 'AssetsCurrent', 'current_liabilities': 'LiabilitiesCurrent', 'retained_earnings': 'RetainedEarningsAccumulatedDeficit', 'liabilities_and_equity': 'LiabilitiesAndStockholdersEquity', 'equity': 'StockholdersEquity', 'ebit': 'OperatingIncomeLoss', 'revenue': 'RevenueFromContractWithCustomerExcludingAssessedTax', 'shares': 'EntityCommonStockSharesOutstanding'}"
1414932,OCSL,Oaktree Specialty Lending Corp,"{'debt_st': None, 'debt_lt': 'LongTermDebt', 'assets': 'Assets', 'liabilities': 'Liabilities', 'current_assets': None, 'current_liabilities': None, 'retained_earnings': 'RetainedEarningsAccumulatedDeficit', 'liabilities_and_equity': 'LiabilitiesAndStockholdersEquity', 'equity': 'StockholdersEquity', 'ebit': None, 'revenue': None, 'shares': 'EntityCommonStockSharesOutstanding'}"
1415921,NMM,Navios Maritime Partners L.P.,"{'debt_st': 'LongTermDebtCurrent', 'debt_lt': 'LongTermDebtNoncurrent', 'assets': 'Assets', 'liabilities': 'Liabilities', 'current_assets': 'AssetsCurrent', 'current_liabilities': 'LiabilitiesCurrent', 'retained_earnings': None, 'liabilities_and_equity': 'LiabilitiesAndStockholdersEquity', 'equity': 'StockholdersEquityIncludingPortionAttributableToNoncontrollingInterest', 'ebit': None, 'revenue': 'Revenues', 'shares': 'EntityCommonStockSharesOutstanding'}"
1417398,HI,"Hillenbrand, Inc.","{'debt_st': 'LongTermDebtCurrent', 'debt_lt': 'LongTermDebtNoncurrent', 'assets': 'Assets', 'liabilities': 'Liabilities', 'current_assets': 'AssetsCurrent', 'current_liabilities': 'LiabilitiesCurrent', 'retained_earnings': 'RetainedEarningsAccumulatedDeficit', 'liabilities_and_equity': 'LiabilitiesAndStockholdersEquity', 'equity': 'StockholdersEquity', 'ebit': 'OperatingIncomeLoss', 'revenue': 'Revenues', 'shares': 'EntityCommonStockSharesOutstanding'}"
1418076,SLRC,SLR Investment Corp.,"{'debt_st': None, 'debt_lt': 'LongTermDebt', 'assets': 'Assets', 'liabilities': 'Liabilities', 'current_assets': None, 'current_liabilities': None, 'retained_earnings': 'RetainedEarningsAccumulatedDeficit', 'liabilities_and_equity': None, 'equity': None, 'ebit': None, 'revenue': None, 'shares': 'EntityCommonStockSharesOutstanding'}"
1418135,KDP,Keurig Dr Pepper Inc.,"{'debt_st': 'DebtCurrent', 'debt_lt': 'LongTermDebtNoncurrent', 'assets': 'Assets', 'liabilities': 'Liabilities', 'current_assets': 'AssetsCurrent', 'current_liabilities': 'LiabilitiesCurrent', 'retained_earnings': 'RetainedEarningsAccumulatedDeficit', 'liabilities_and_equity': 'LiabilitiesAndStockholdersEquity', 'equity': 'StockholdersEquity', 'ebit': 'OperatingIncomeLoss', 'revenue': 'RevenueFromContractWithCustomerExcludingAssessedTax', 'shares': 'EntityCommonStockSharesOutstanding'}"
1418819,IRDM,Iridium Communications Inc.,"{'debt_st': 'LongTermDebtCurrent', 'debt_lt': 'LongTermDebt', 'assets': 'Assets', 'liabilities': 'Liabilities', 'current_assets': 'AssetsCurrent', 'current_liabilities': 'LiabilitiesCurrent', 'retained_earnings': 'RetainedEarningsAccumulatedDeficit', 'liabilities_and_equity': 'LiabilitiesAndStockholdersEquity', 'equity': 'StockholdersEquity', 'ebit': 'OperatingIncomeLoss', 'revenue': 'RevenueFromContractWithCustomerExcludingAssessedTax', 'shares': 'EntityCommonStockSharesOutstanding'}"
1420800,ENOV,Enovis CORP,"{'debt_st': 'LongTermDebtCurrent', 'debt_lt': 'LongTermDebtNoncurrent', 'assets': 'Assets', 'liabilities': 'Liabilities', 'current_assets': 'AssetsCurrent', 'current_liabilities': 'LiabilitiesCurrent', 'retained_earnings': 'RetainedEarningsAccumulatedDeficit', 'liabilities_and_equity': 'LiabilitiesAndStockholdersEquity', 'equity': 'StockholdersEquity', 'ebit': 'OperatingIncomeLoss', 'revenue': 'RevenueFromContractWithCustomerExcludingAssessedTax', 'shares': 'EntityCommonStockSharesOutstanding'}"
1421461,IPI,"Intrepid Potash, Inc.","{'debt_st': 'LongTermDebtCurrent', 'debt_lt': 'LongTermDebtNoncurrent', 'assets': 'Assets', 'liabilities': 'Liabilities', 'current_assets': 'AssetsCurrent', 'current_liabilities': 'LiabilitiesCurrent', 'retained_earnings': 'RetainedEarningsAccumulatedDeficit', 'liabilities_and_equity': 'LiabilitiesAndStockholdersEquity', 'equity': 'StockholdersEquity', 'ebit': 'OperatingIncomeLoss', 'revenue': 'RevenueFromContractWithCustomerIncludingAssessedTax', 'shares': 'EntityCommonStockSharesOutstanding'}"
1422143,KURA,"Kura Oncology, Inc.","{'debt_st': 'LongTermDebtCurrent', 'debt_lt': 'LongTermDebtNoncurrent', 'assets': 'Assets', 'liabilities': 'Liabilities', 'current_assets': 'AssetsCurrent', 'current_liabilities': 'LiabilitiesCurrent', 'retained_earnings': 'RetainedEarningsAccumulatedDeficit', 'liabilities_and_equity': 'LiabilitiesAndStockholdersEquity', 'equity': 'StockholdersEquity', 'ebit': 'OperatingIncomeLoss', 'revenue': 'RevenueFromContractWithCustomerExcludingAssessedTax', 'shares': 'EntityCommonStockSharesOutstanding'}"
1422183,FSK,FS KKR Capital Corp,"{'debt_st': None, 'debt_lt': 'LongTermDebt', 'assets': 'Assets', 'liabilities': 'Liabilities', 'current_assets': None, 'current_liabilities': None, 'retained_earnings': 'RetainedEarningsAccumulatedDeficit', 'liabilities_and_equity': 'LiabilitiesAndStockholdersEquity', 'equity': 'StockholdersEquity', 'ebit': None, 'revenue': None, 'shares': 'EntityCommonStockSharesOutstanding'}"
1423221,NX,Quanex Building Products CORP,"{'debt_st': None, 'debt_lt': 'LongTermDebtAndCapitalLeaseObligations', 'assets': 'Assets', 'liabilities': 'Liabilities', 'current_assets': 'AssetsCurrent', 'current_liabilities': 'LiabilitiesCurrent', 'retained_earnings': 'RetainedEarningsAccumulatedDeficit', 'liabilities_and_equity': 'LiabilitiesAndStockholdersEquity', 'equity': 'StockholdersEquity', 'ebit': 'OperatingIncomeLoss', 'revenue': 'RevenueFromContractWithCustomerExcludingAssessedTax', 'shares': 'EntityCommonStockSharesOutstanding'}"
1423902,WES,"Western Midstream Partners, LP","{'debt_st': 'DebtCurrent', 'debt_lt': 'LongTermDebtNoncurrent', 'assets': 'Assets', 'liabilities': 'Liabilities', 'current_assets': 'AssetsCurrent', 'current_liabilities': 'LiabilitiesCurrent', 'retained_earnings': None, 'liabilities_and_equity': 'LiabilitiesAndStockholdersEquity', 'equity': None, 'ebit': 'OperatingIncomeLoss', 'revenue': 'RevenueFromContractWithCustomerExcludingAssessedTax', 'shares': 'EntityCommonStockSharesOutstanding'}"
1424929,FOXF,FOX FACTORY HOLDING CORP,"{'debt_st': 'LongTermDebtCurrent', 'debt_lt': 'LongTermDebtNoncurrent', 'assets': 'Assets', 'liabilities': 'Liabilities', 'current_assets': 'AssetsCurrent', 'current_liabilities': 'LiabilitiesCurrent', 'retained_earnings': 'RetainedEarningsAccumulatedDeficit', 'liabilities_and_equity': 'LiabilitiesAndStockholdersEquity', 'equity': 'StockholdersEquity', 'ebit': 'OperatingIncomeLoss', 'revenue': 'RevenueFromContractWithCustomerExcludingAssessedTax', 'shares': 'EntityCommonStockSharesOutstanding'}"
1425205,IOVA,"IOVANCE BIOTHERAPEUTICS, INC.","{'debt_st': 'NotesPayableCurrent', 'debt_lt': 'LongTermNotesPayable', 'assets': 'Assets', 'liabilities': 'Liabilities', 'current_assets': 'AssetsCurrent', 'current_liabilities': 'LiabilitiesCurrent', 'retained_earnings': 'RetainedEarningsAccumulatedDeficit', 'liabilities_and_equity': 'LiabilitiesAndStockholdersEquity', 'equity': 'StockholdersEquity', 'ebit': 'OperatingIncomeLoss', 'revenue': 'RevenueFromContractWithCustomerExcludingAssessedTax', 'shares': 'EntityCommonStockSharesOutstanding'}"
1425292,UAN,"CVR PARTNERS, LP","{'debt_st': 'LongTermDebtCurrent', 'debt_lt': 'LongTermDebtNoncurrent', 'assets': 'Assets', 'liabilities': None, 'current_assets': 'AssetsCurrent', 'current_liabilities': 'LiabilitiesCurrent', 'retained_earnings': None, 'liabilities_and_equity': 'LiabilitiesAndStockholdersEquity', 'equity': None, 'ebit': 'OperatingIncomeLoss', 'revenue': 'RevenueFromContractWithCustomerExcludingAssessedTax', 'shares': 'EntityCommonStockSharesOutstanding'}"
1425450,KIDS,ORTHOPEDIATRICS CORP,"{'debt_st': 'LongTermDebtCurrent', 'debt_lt': 'LongTermDebtNoncurrent', 'assets': 'Assets', 'liabilities': 'Liabilities', 'current_assets': 'AssetsCurrent', 'current_liabilities': 'LiabilitiesCurrent', 'retained_earnings': 'RetainedEarningsAccumulatedDeficit', 'liabilities_and_equity': 'LiabilitiesAndStockholdersEquity', 'equity': 'StockholdersEquity', 'ebit': 'OperatingIncomeLoss', 'revenue': 'RevenueFromContractWithCustomerExcludingAssessedTax', 'shares': 'EntityCommonStockSharesOutstanding'}"
1428336,HQY,"HEALTHEQUITY, INC.","{'debt_st': 'LongTermDebtCurrent', 'debt_lt': 'LongTermDebtNoncurrent', 'assets': 'Assets', 'liabilities': 'Liabilities', 'current_assets': 'AssetsCurrent', 'current_liabilities': 'LiabilitiesCurrent', 'retained_earnings': 'RetainedEarningsAccumulatedDeficit', 'liabilities_and_equity': 'LiabilitiesAndStockholdersEquity', 'equity': 'StockholdersEquity', 'ebit': 'OperatingIncomeLoss', 'revenue': 'RevenueFromContractWithCustomerExcludingAssessedTax', 'shares': 'EntityCommonStockSharesOutstanding'}"
1428522,RDUS,"Radius Health, Inc.","{'debt_st': 'NotesPayableCurrent', 'debt_lt': 'LongTermDebt', 'assets': 'Assets', 'liabilities': 'Liabilities', 'current_assets': 'AssetsCurrent', 'current_liabilities': 'LiabilitiesCurrent', 'retained_earnings': 'RetainedEarningsAccumulatedDeficit', 'liabilities_and_equity': 'LiabilitiesAndStockholdersEquity', 'equity': 'StockholdersEquity', 'ebit': 'OperatingIncomeLoss', 'revenue': 'RevenueFromContractWithCustomerExcludingAssessedTax', 'shares': 'EntityCommonStockSharesOutstanding'}"
1430725,GSL,"Global Ship Lease, Inc.","{'debt_st': 'LongTermDebtCurrent', 'debt_lt': 'LongTermDebtNoncurrent', 'assets': 'Assets', 'liabilities': 'Liabilities', 'current_assets': 'AssetsCurrent', 'current_liabilities': 'LiabilitiesCurrent', 'retained_earnings': 'RetainedEarningsAccumulatedDeficit', 'liabilities_and_equity': 'LiabilitiesAndStockholdersEquity', 'equity': 'StockholdersEquity', 'ebit': 'OperatingIncomeLoss', 'revenue': 'Revenues', 'shares': 'EntityCommonStockSharesOutstanding'}"
1433270,AR,ANTERO RESOURCES Corp,"{'debt_st': 'NotesPayableCurrent', 'debt_lt': 'LongTermDebtNoncurrent', 'assets': 'Assets', 'liabilities': 'Liabilities', 'current_assets': 'AssetsCurrent', 'current_liabilities': 'LiabilitiesCurrent', 'retained_earnings': 'RetainedEarningsAccumulatedDeficit', 'liabilities_and_equity': 'LiabilitiesAndStockholdersEquity', 'equity': 'StockholdersEquity', 'ebit': 'OperatingIncomeLoss', 'revenue': 'Revenues', 'shares': 'EntityCommonStockSharesOutstanding'}"
1433660,JBTM,JBT MAREL Corp,"{'debt_st': 'DebtCurrent', 'debt_lt': 'LongTermDebtNoncurrent', 'assets': 'Assets', 'liabilities': None, 'current_assets': 'AssetsCurrent', 'current_liabilities': 'LiabilitiesCurrent', 'retained_earnings': 'RetainedEarningsAccumulatedDeficit', 'liabilities_and_equity': 'LiabilitiesAndStockholdersEquity', 'equity': 'StockholdersEquity', 'ebit': 'OperatingIncomeLoss', 'revenue': 'RevenueFromContractWithCustomerExcludingAssessedTax', 'shares': 'EntityCommonStockSharesOutstanding'}"
1434316,FATE,FATE THERAPEUTICS INC,"{'debt_st': 'LongTermDebtCurrent', 'debt_lt': 'LongTermDebtNoncurrent', 'assets': 'Assets', 'liabilities': None, 'current_assets': 'AssetsCurrent', 'current_liabilities': 'LiabilitiesCurrent', 'retained_earnings': 'RetainedEarningsAccumulatedDeficit', 'liabilities_and_equity': 'LiabilitiesAndStockholdersEquity', 'equity': 'StockholdersEquity', 'ebit': 'OperatingIncomeLoss', 'revenue': 'RevenueFromContractWithCustomerExcludingAssessedTax', 'shares': 'EntityCommonStockSharesOutstanding'}"
1434588,LOPE,"Grand Canyon Education, Inc.","{'debt_st': 'NotesPayableCurrent', 'debt_lt': 'LongTermDebt', 'assets': 'Assets', 'liabilities': 'Liabilities', 'current_assets': 'AssetsCurrent', 'current_liabilities': 'LiabilitiesCurrent', 'retained_earnings': 'RetainedEarningsAccumulatedDeficit', 'liabilities_and_equity': 'LiabilitiesAndStockholdersEquity', 'equity': 'StockholdersEquity', 'ebit': 'OperatingIncomeLoss', 'revenue': 'RevenueFromContractWithCustomerExcludingAssessedTax', 'shares': 'EntityCommonStockSharesOutstanding'}"
1434728,GWRS,"Global Water Resources, Inc.","{'debt_st': 'LongTermDebtCurrent', 'debt_lt': 'LongTermDebtNoncurrent', 'assets': 'Assets', 'liabilities': 'Liabilities', 'current_assets': 'AssetsCurrent', 'current_liabilities': 'LiabilitiesCurrent', 'retained_earnings': 'RetainedEarningsAccumulatedDeficit', 'liabilities_and_equity': 'LiabilitiesAndStockholdersEquity', 'equity': 'StockholdersEquity', 'ebit': 'OperatingIncomeLoss', 'revenue': 'RevenueFromContractWithCustomerExcludingAssessedTax', 'shares': 'EntityCommonStockSharesOutstanding'}"
1434754,SB,"SAFE BULKERS, INC.","{'debt_st': 'LongTermDebtCurrent', 'debt_lt': 'LongTermDebtNoncurrent', 'assets': 'Assets', 'liabilities': 'Liabilities', 'current_assets': 'AssetsCurrent', 'current_liabilities': 'LiabilitiesCurrent', 'retained_earnings': 'RetainedEarningsAccumulatedDeficit', 'liabilities_and_equity': 'LiabilitiesAndStockholdersEquity', 'equity': 'StockholdersEquity', 'ebit': 'OperatingIncomeLoss', 'revenue': None, 'shares': 'EntityCommonStockSharesOutstanding'}"
1434868,ESPR,"Esperion Therapeutics, Inc.","{'debt_st': 'LongTermDebtCurrent', 'debt_lt': 'LongTermDebtNoncurrent', 'assets': 'Assets', 'liabilities': 'Liabilities', 'current_assets': 'AssetsCurrent', 'current_liabilities': 'LiabilitiesCurrent', 'retained_earnings': 'RetainedEarningsAccumulatedDeficit', 'liabilities_and_equity': 'LiabilitiesAndStockholdersEquity', 'equity': 'StockholdersEquity', 'ebit': 'OperatingIncomeLoss', 'revenue': 'RevenueFromContractWithCustomerExcludingAssessedTax', 'shares': 'EntityCommonStockSharesOutstanding'}"
1436126,MG,"Mistras Group, Inc.","{'debt_st': 'LongTermDebtCurrent', 'debt_lt': 'LongTermDebtNoncurrent', 'assets': 'Assets', 'liabilities': 'Liabilities', 'current_assets': 'AssetsCurrent', 'current_liabilities': 'LiabilitiesCurrent', 'retained_earnings': 'RetainedEarningsAccumulatedDeficit', 'liabilities_and_equity': 'LiabilitiesAndStockholdersEquity', 'equity': 'StockholdersEquity', 'ebit': 'OperatingIncomeLoss', 'revenue': 'RevenueFromContractWithCustomerExcludingAssessedTax', 'shares': 'EntityCommonStockSharesOutstanding'}"
1436208,LEGH,Legacy Housing Corp,"{'debt_st': 'NotesPayableCurrent', 'debt_lt': None, 'assets': 'Assets', 'liabilities': 'Liabilities', 'current_assets': 'AssetsCurrent', 'current_liabilities': 'LiabilitiesCurrent', 'retained_earnings': 'RetainedEarningsAccumulatedDeficit', 'liabilities_and_equity': 'LiabilitiesAndStockholdersEquity', 'equity': 'StockholdersEquity', 'ebit': 'OperatingIncomeLoss', 'revenue': 'RevenueFromContractWithCustomerExcludingAssessedTax', 'shares': 'EntityCommonStockSharesOutstanding'}"
1437107,WBD,"Warner Bros. Discovery, Inc.","{'debt_st': 'DebtCurrent', 'debt_lt': 'LongTermDebtNoncurrent', 'assets': 'Assets', 'liabilities': 'Liabilities', 'current_assets': 'AssetsCurrent', 'current_liabilities': 'LiabilitiesCurrent', 'retained_earnings': 'RetainedEarningsAccumulatedDeficit', 'liabilities_and_equity': 'LiabilitiesAndStockholdersEquity', 'equity': 'StockholdersEquity', 'ebit': 'OperatingIncomeLoss', 'revenue': 'RevenueFromContractWithCustomerExcludingAssessedTax', 'shares': 'EntityCommonStockSharesOutstanding'}"
1437352,EVBG,"EVERBRIDGE, INC.","{'debt_st': 'LongTermDebtCurrent', 'debt_lt': 'LongTermDebtNoncurrent', 'assets': 'Assets', 'liabilities': 'Liabilities', 'current_assets': 'AssetsCurrent', 'current_liabilities': 'LiabilitiesCurrent', 'retained_earnings': 'RetainedEarningsAccumulatedDeficit', 'liabilities_and_equity': 'LiabilitiesAndStockholdersEquity', 'equity': 'StockholdersEquity', 'ebit': 'OperatingIncomeLoss', 'revenue': 'RevenueFromContractWithCustomerExcludingAssessedTax', 'shares': 'EntityCommonStockSharesOutstanding'}"
1437402,ARDX,"ARDELYX, INC.","{'debt_st': 'LongTermDebtCurrent', 'debt_lt': 'LongTermDebtNoncurrent', 'assets': 'Assets', 'liabilities': 'Liabilities', 'current_assets': 'AssetsCurrent', 'current_liabilities': 'LiabilitiesCurrent', 'retained_earnings': 'RetainedEarningsAccumulatedDeficit', 'liabilities_and_equity': 'LiabilitiesAndStockholdersEquity', 'equity': 'StockholdersEquity', 'ebit': 'OperatingIncomeLoss', 'revenue': 'RevenueFromContractWithCustomerExcludingAssessedTax', 'shares': 'EntityCommonStockSharesOutstanding'}"
1437578,BFAM,BRIGHT HORIZONS FAMILY SOLUTIONS INC.,"{'debt_st': 'LongTermDebtCurrent', 'debt_lt': 'LongTermDebtNoncurrent', 'assets': 'Assets', 'liabilities': 'Liabilities', 'current_assets': 'AssetsCurrent', 'current_liabilities': 'LiabilitiesCurrent', 'retained_earnings': 'RetainedEarningsAccumulatedDeficit', 'liabilities_and_equity': 'LiabilitiesAndStockholdersEquity', 'equity': 'StockholdersEquity', 'ebit': 'OperatingIncomeLoss', 'revenue': 'RevenueFromContractWithCustomerExcludingAssessedTax', 'shares': 'EntityCommonStockSharesOutstanding'}"
1438133,TNDM,TANDEM DIABETES CARE INC,"{'debt_st': 'LongTermDebtCurrent', 'debt_lt': 'LongTermDebtNoncurrent', 'assets': 'Assets', 'liabilities': 'Liabilities', 'current_assets': 'AssetsCurrent', 'current_liabilities': 'LiabilitiesCurrent', 'retained_earnings': 'RetainedEarningsAccumulatedDeficit', 'liabilities_and_equity': 'LiabilitiesAndStockholdersEquity', 'equity': 'StockholdersEquity', 'ebit': 'OperatingIncomeLoss', 'revenue': 'RevenueFromContractWithCustomerExcludingAssessedTax', 'shares': 'EntityCommonStockSharesOutstanding'}"
1438533,TVTX,"Travere Therapeutics, Inc.","{'debt_st': 'NotesPayableCurrent', 'debt_lt': 'LongTermDebtAndCapitalLeaseObligations', 'assets': 'Assets', 'liabilities': 'Liabilities', 'current_assets': 'AssetsCurrent', 'current_liabilities': 'LiabilitiesCurrent', 'retained_earnings': 'RetainedEarningsAccumulatedDeficit', 'liabilities_and_equity': 'LiabilitiesAndStockholdersEquity', 'equity': 'StockholdersEquity', 'ebit': 'OperatingIncomeLoss', 'revenue': 'RevenueFromContractWithCustomerExcludingAssessedTax', 'shares': 'EntityCommonStockSharesOutstanding'}"
1439095,MRC,MRC GLOBAL INC.,"{'debt_st': 'LongTermDebtCurrent', 'debt_lt': 'LongTermDebtNoncurrent', 'assets': 'Assets', 'liabilities': None, 'current_assets': 'AssetsCurrent', 'current_liabilities': 'LiabilitiesCurrent', 'retained_earnings': 'RetainedEarningsAccumulatedDeficit', 'liabilities_and_equity': 'LiabilitiesAndStockholdersEquity', 'equity': 'StockholdersEquity', 'ebit': 'OperatingIncomeLoss', 'revenue': 'RevenueFromContractWithCustomerExcludingAssessedTax', 'shares': 'EntityCommonStockSharesOutstanding'}"
1439288,ZWS,Zurn Elkay Water Solutions Corp,"{'debt_st': 'LongTermDebtCurrent', 'debt_lt': 'LongTermDebtNoncurrent', 'assets': 'Assets', 'liabilities': 'Liabilities', 'current_assets': 'AssetsCurrent', 'current_liabilities': 'LiabilitiesCurrent', 'retained_earnings': 'RetainedEarningsAccumulatedDeficit', 'liabilities_and_equity': 'LiabilitiesAndStockholdersEquity', 'equity': 'StockholdersEquity', 'ebit': 'OperatingIncomeLoss', 'revenue': 'RevenueFromContractWithCustomerExcludingAssessedTax', 'shares': 'EntityCommonStockSharesOutstanding'}"
1441236,CLW,Clearwater Paper Corp,"{'debt_st': 'DebtCurrent', 'debt_lt': 'LongTermDebtNoncurrent', 'assets': 'Assets', 'liabilities': 'Liabilities', 'current_assets': 'AssetsCurrent', 'current_liabilities': 'LiabilitiesCurrent', 'retained_earnings': 'RetainedEarningsAccumulatedDeficit', 'liabilities_and_equity': 'LiabilitiesAndStockholdersEquity', 'equity': 'StockholdersEquity', 'ebit': 'OperatingIncomeLoss', 'revenue': 'RevenueFromContractWithCustomerExcludingAssessedTax', 'shares': 'EntityCommonStockSharesOutstanding'}"
1441816,MDB,"MongoDB, Inc.","{'debt_st': None, 'debt_lt': 'LongTermDebt', 'assets': 'Assets', 'liabilities': 'Liabilities', 'current_assets': 'AssetsCurrent', 'current_liabilities': 'LiabilitiesCurrent', 'retained_earnings': 'RetainedEarningsAccumulatedDeficit', 'liabilities_and_equity': 'LiabilitiesAndStockholdersEquity', 'equity': 'StockholdersEquity', 'ebit': 'OperatingIncomeLoss', 'revenue': 'RevenueFromContractWithCustomerExcludingAssessedTax', 'shares': 'EntityCommonStockSharesOutstanding'}"
1442145,VRSK,"Verisk Analytics, Inc.","{'debt_st': 'DebtCurrent', 'debt_lt': 'LongTermDebtAndCapitalLeaseObligationsIncludingCurrentMaturities', 'assets': 'Assets', 'liabilities': 'Liabilities', 'current_assets': 'AssetsCurrent', 'current_liabilities': 'LiabilitiesCurrent', 'retained_earnings': 'RetainedEarningsAccumulatedDeficit', 'liabilities_and_equity': 'LiabilitiesAndStockholdersEquity', 'equity': 'StockholdersEquity', 'ebit': 'OperatingIncomeLoss', 'revenue': 'RevenueFromContractWithCustomerExcludingAssessedTax', 'shares': 'EntityCommonStockSharesOutstanding'}"
1442836,MRSN,"Mersana Therapeutics, Inc.","{'debt_st': 'LongTermDebtCurrent', 'debt_lt': 'LongTermDebtNoncurrent', 'assets': 'Assets', 'liabilities': 'Liabilities', 'current_assets': 'AssetsCurrent', 'current_liabilities': 'LiabilitiesCurrent', 'retained_earnings': 'RetainedEarningsAccumulatedDeficit', 'liabilities_and_equity': 'LiabilitiesAndStockholdersEquity', 'equity': 'StockholdersEquity', 'ebit': 'IncomeLossFromContinuingOperationsBeforeIncomeTaxesExtraordinaryItemsNoncontrollingInterest', 'revenue': 'RevenueFromContractWithCustomerExcludingAssessedTax', 'shares': 'EntityCommonStockSharesOutstanding'}"
1443646,BAH,Booz Allen Hamilton Holding Corp,"{'debt_st': 'LongTermDebtCurrent', 'debt_lt': 'LongTermDebtNoncurrent', 'assets': 'Assets', 'liabilities': 'Liabilities', 'current_assets': 'AssetsCurrent', 'current_liabilities': 'LiabilitiesCurrent', 'retained_earnings': 'RetainedEarningsAccumulatedDeficit', 'liabilities_and_equity': 'LiabilitiesAndStockholdersEquity', 'equity': 'StockholdersEquity', 'ebit': 'OperatingIncomeLoss', 'revenue': 'RevenueFromContractWithCustomerExcludingAssessedTax', 'shares': 'EntityCommonStockSharesOutstanding'}"
1444380,NVRO,NEVRO CORP,"{'debt_st': 'ShortTermBorrowings', 'debt_lt': 'LongTermDebtNoncurrent', 'assets': 'Assets', 'liabilities': 'Liabilities', 'current_assets': 'AssetsCurrent', 'current_liabilities': 'LiabilitiesCurrent', 'retained_earnings': 'RetainedEarningsAccumulatedDeficit', 'liabilities_and_equity': 'LiabilitiesAndStockholdersEquity', 'equity': 'StockholdersEquity', 'ebit': 'OperatingIncomeLoss', 'revenue': 'RevenueFromContractWithCustomerExcludingAssessedTax', 'shares': 'EntityCommonStockSharesOutstanding'}"
1446847,IRWD,IRONWOOD PHARMACEUTICALS INC,"{'debt_st': 'LongTermDebtCurrent', 'debt_lt': 'LongTermDebt', 'assets': 'Assets', 'liabilities': 'Liabilities', 'current_assets': 'AssetsCurrent', 'current_liabilities': 'LiabilitiesCurrent', 'retained_earnings': 'RetainedEarningsAccumulatedDeficit', 'liabilities_and_equity': 'LiabilitiesAndStockholdersEquity', 'equity': 'StockholdersEquity', 'ebit': 'OperatingIncomeLoss', 'revenue': 'RevenueFromContractWithCustomerExcludingAssessedTax', 'shares': 'EntityCommonStockSharesOutstanding'}"
1447362,CSTL,CASTLE BIOSCIENCES INC,"{'debt_st': 'LongTermDebtCurrent', 'debt_lt': 'LongTermDebtNoncurrent', 'assets': 'Assets', 'liabilities': 'Liabilities', 'current_assets': 'AssetsCurrent', 'current_liabilities': 'LiabilitiesCurrent', 'retained_earnings': 'RetainedEarningsAccumulatedDeficit', 'liabilities_and_equity': 'LiabilitiesAndStockholdersEquity', 'equity': 'StockholdersEquity', 'ebit': 'OperatingIncomeLoss', 'revenue': 'RevenueFromContractWithCustomerExcludingAssessedTax', 'shares': 'EntityCommonStockSharesOutstanding'}"
1447669,TWLO,TWILIO INC,"{'debt_st': 'NotesPayableCurrent', 'debt_lt': 'LongTermDebt', 'assets': 'Assets', 'liabilities': 'Liabilities', 'current_assets': 'AssetsCurrent', 'current_liabilities': 'LiabilitiesCurrent', 'retained_earnings': 'RetainedEarningsAccumulatedDeficit', 'liabilities_and_equity': 'LiabilitiesAndStockholdersEquity', 'equity': 'StockholdersEquity', 'ebit': 'OperatingIncomeLoss', 'revenue': 'RevenueFromContractWithCustomerExcludingAssessedTax', 'shares': 'EntityCommonStockSharesOutstanding'}"
1448397,SHIP,Seanergy Maritime Holdings Corp.,"{'debt_st': 'LongTermDebtCurrent', 'debt_lt': 'LongTermDebtNoncurrent', 'assets': 'Assets', 'liabilities': 'Liabilities', 'current_assets': 'AssetsCurrent', 'current_liabilities': 'LiabilitiesCurrent', 'retained_earnings': 'RetainedEarningsAccumulatedDeficit', 'liabilities_and_equity': 'LiabilitiesAndStockholdersEquity', 'equity': 'StockholdersEquity', 'ebit': 'OperatingIncomeLoss', 'revenue': 'RevenueFromContractWithCustomerExcludingAssessedTax', 'shares': 'EntityCommonStockSharesOutstanding'}"
1451505,RIG,Transocean Ltd.,"{'debt_st': 'DebtCurrent', 'debt_lt': 'LongTermDebtNoncurrent', 'assets': 'Assets', 'liabilities': None, 'current_assets': 'AssetsCurrent', 'current_liabilities': 'LiabilitiesCurrent', 'retained_earnings': 'RetainedEarningsAccumulatedDeficit', 'liabilities_and_equity': 'LiabilitiesAndStockholdersEquity', 'equity': 'StockholdersEquity', 'ebit': 'OperatingIncomeLoss', 'revenue': 'RevenueFromContractWithCustomerExcludingAssessedTax', 'shares': 'EntityCommonStockSharesOutstanding'}"
1451809,SITM,SITIME Corp,"{'debt_st': 'LongTermDebtCurrent', 'debt_lt': None, 'assets': 'Assets', 'liabilities': 'Liabilities', 'current_assets': 'AssetsCurrent', 'current_liabilities': 'LiabilitiesCurrent', 'retained_earnings': 'RetainedEarningsAccumulatedDeficit', 'liabilities_and_equity': 'LiabilitiesAndStockholdersEquity', 'equity': 'StockholdersEquity', 'ebit': 'OperatingIncomeLoss', 'revenue': 'RevenueFromContractWithCustomerExcludingAssessedTax', 'shares': 'EntityCommonStockSharesOutstanding'}"
1453687,RNAC,"Cartesian Therapeutics, Inc.","{'debt_st': None, 'debt_lt': 'LongTermDebtNoncurrent', 'assets': 'Assets', 'liabilities': 'Liabilities', 'current_assets': 'AssetsCurrent', 'current_liabilities': 'LiabilitiesCurrent', 'retained_earnings': 'RetainedEarningsAccumulatedDeficit', 'liabilities_and_equity': 'LiabilitiesAndStockholdersEquity', 'equity': 'StockholdersEquity', 'ebit': 'OperatingIncomeLoss', 'revenue': 'RevenueFromContractWithCustomerExcludingAssessedTax', 'shares': 'EntityCommonStockSharesOutstanding'}"
1454938,TEAD,Teads Holding Co.,"{'debt_st': 'ShortTermBorrowings', 'debt_lt': 'LongTermDebt', 'assets': 'Assets', 'liabilities': 'Liabilities', 'current_assets': 'AssetsCurrent', 'current_liabilities': 'LiabilitiesCurrent', 'retained_earnings': 'RetainedEarningsAccumulatedDeficit', 'liabilities_and_equity': 'LiabilitiesAndStockholdersEquity', 'equity': 'StockholdersEquity', 'ebit': 'OperatingIncomeLoss', 'revenue': 'Revenues', 'shares': 'EntityCommonStockSharesOutstanding'}"
1459200,ALRM,"Alarm.com Holdings, Inc.","{'debt_st': None, 'debt_lt': 'LongTermDebtNoncurrent', 'assets': 'Assets', 'liabilities': 'Liabilities', 'current_assets': 'AssetsCurrent', 'current_liabilities': 'LiabilitiesCurrent', 'retained_earnings': 'RetainedEarningsAccumulatedDeficit', 'liabilities_and_equity': 'LiabilitiesAndStockholdersEquity', 'equity': 'StockholdersEquity', 'ebit': 'OperatingIncomeLoss', 'revenue': 'RevenueFromContractWithCustomerExcludingAssessedTax', 'shares': 'EntityCommonStockSharesOutstanding'}"
1460329,FLNT,"Fluent, Inc.","{'debt_st': 'LongTermDebtCurrent', 'debt_lt': 'LongTermDebtNoncurrent', 'assets': 'Assets', 'liabilities': 'Liabilities', 'current_assets': 'AssetsCurrent', 'current_liabilities': 'LiabilitiesCurrent', 'retained_earnings': 'RetainedEarningsAccumulatedDeficit', 'liabilities_and_equity': 'LiabilitiesAndStockholdersEquity', 'equity': 'StockholdersEquity', 'ebit': 'OperatingIncomeLoss', 'revenue': 'RevenueFromContractWithCustomerExcludingAssessedTax', 'shares': 'EntityCommonStockSharesOutstanding'}"
1462418,ASPS,ALTISOURCE PORTFOLIO SOLUTIONS S.A.,"{'debt_st': 'LongTermDebtCurrent', 'debt_lt': 'LongTermDebtNoncurrent', 'assets': 'Assets', 'liabilities': None, 'current_assets': 'AssetsCurrent', 'current_liabilities': 'LiabilitiesCurrent', 'retained_earnings': 'RetainedEarningsAccumulatedDeficit', 'liabilities_and_equity': 'LiabilitiesAndStockholdersEquity', 'equity': 'StockholdersEquity', 'ebit': 'OperatingIncomeLoss', 'revenue': 'RevenueFromContractWithCustomerExcludingAssessedTax', 'shares': 'EntityCommonStockSharesOutstanding'}"
1463101,ENPH,"Enphase Energy, Inc.","{'debt_st': 'LongTermDebtCurrent', 'debt_lt': 'LongTermDebtNoncurrent', 'assets': 'Assets', 'liabilities': 'Liabilities', 'current_assets': 'AssetsCurrent', 'current_liabilities': 'LiabilitiesCurrent', 'retained_earnings': 'RetainedEarningsAccumulatedDeficit', 'liabilities_and_equity': 'LiabilitiesAndStockholdersEquity', 'equity': 'StockholdersEquity', 'ebit': 'OperatingIncomeLoss', 'revenue': 'RevenueFromContractWithCustomerExcludingAssessedTax', 'shares': 'EntityCommonStockSharesOutstanding'}"
1466258,TT,Trane Technologies plc,"{'debt_st': 'DebtCurrent', 'debt_lt': 'LongTermDebtNoncurrent', 'assets': 'Assets', 'liabilities': 'Liabilities', 'current_assets': 'AssetsCurrent', 'current_liabilities': 'LiabilitiesCurrent', 'retained_earnings': 'RetainedEarningsAccumulatedDeficit', 'liabilities_and_equity': 'LiabilitiesAndStockholdersEquity', 'equity': 'StockholdersEquity', 'ebit': 'OperatingIncomeLoss', 'revenue': 'RevenueFromContractWithCustomerExcludingAssessedTax', 'shares': 'EntityCommonStockSharesOutstanding'}"
1466593,OTTR,Otter Tail Corp,"{'debt_st': 'LongTermDebtCurrent', 'debt_lt': 'LongTermDebtNoncurrent', 'assets': 'Assets', 'liabilities': None, 'current_assets': 'AssetsCurrent', 'current_liabilities': 'LiabilitiesCurrent', 'retained_earnings': 'RetainedEarningsAccumulatedDeficit', 'liabilities_and_equity': 'LiabilitiesAndStockholdersEquity', 'equity': 'StockholdersEquity', 'ebit': 'OperatingIncomeLoss', 'revenue': 'RevenueFromContractWithCustomerExcludingAssessedTax', 'shares': 'EntityCommonStockSharesOutstanding'}"
1467858,GM,General Motors Co,"{'debt_st': None, 'debt_lt': 'LongTermDebtAndCapitalLeaseObligationsIncludingCurrentMaturities', 'assets': 'Assets', 'liabilities': 'Liabilities', 'current_assets': 'AssetsCurrent', 'current_liabilities': 'LiabilitiesCurrent', 'retained_earnings': 'RetainedEarningsAccumulatedDeficit', 'liabilities_and_equity': 'LiabilitiesAndStockholdersEquity', 'equity': 'StockholdersEquity', 'ebit': 'OperatingIncomeLoss', 'revenue': 'RevenueFromContractWithCustomerExcludingAssessedTax', 'shares': 'EntityCommonStockSharesOutstanding'}"
1468328,ADUS,Addus HomeCare Corp,"{'debt_st': 'LongTermDebtCurrent', 'debt_lt': 'LongTermDebtNoncurrent', 'assets': 'Assets', 'liabilities': 'Liabilities', 'current_assets': 'AssetsCurrent', 'current_liabilities': 'LiabilitiesCurrent', 'retained_earnings': 'RetainedEarningsAccumulatedDeficit', 'liabilities_and_equity': 'LiabilitiesAndStockholdersEquity', 'equity': 'StockholdersEquity', 'ebit': 'OperatingIncomeLoss', 'revenue': 'RevenueFromContractWithCustomerExcludingAssessedTax', 'shares': 'EntityCommonStockSharesOutstanding'}"
1469367,RUN,Sunrun Inc.,"{'debt_st': 'LongTermDebtCurrent', 'debt_lt': 'LongTermDebtNoncurrent', 'assets': 'Assets', 'liabilities': 'Liabilities', 'current_assets': 'AssetsCurrent', 'current_liabilities': 'LiabilitiesCurrent', 'retained_earnings': 'RetainedEarningsAccumulatedDeficit', 'liabilities_and_equity': 'LiabilitiesAndStockholdersEquity', 'equity': 'StockholdersEquity', 'ebit': 'OperatingIncomeLoss', 'revenue': 'RevenueFromContractWithCustomerExcludingAssessedTax', 'shares': 'EntityCommonStockSharesOutstanding'}"
1472072,CCM,Concord Medical Services Holdings Ltd,"{'debt_st': 'DebtCurrent', 'debt_lt': 'LongTermDebtNoncurrent', 'assets': 'Assets', 'liabilities': 'Liabilities', 'current_assets': 'AssetsCurrent', 'current_liabilities': 'LiabilitiesCurrent', 'retained_earnings': 'RetainedEarningsAccumulatedDeficit', 'liabilities_and_equity': 'LiabilitiesAndStockholdersEquity', 'equity': 'StockholdersEquity', 'ebit': 'OperatingIncomeLoss', 'revenue': 'RevenueFromContractWithCustomerExcludingAssessedTax', 'shares': 'EntityCommonStockSharesOutstanding'}"
1474432,P,"Everpure, Inc.","{'debt_st': 'LongTermDebtCurrent', 'debt_lt': 'LongTermDebtNoncurrent', 'assets': 'Assets', 'liabilities': 'Liabilities', 'current_assets': 'AssetsCurrent', 'current_liabilities': 'LiabilitiesCurrent', 'retained_earnings': 'RetainedEarningsAccumulatedDeficit', 'liabilities_and_equity': 'LiabilitiesAndStockholdersEquity', 'equity': 'StockholdersEquity', 'ebit': 'OperatingIncomeLoss', 'revenue': 'RevenueFromContractWithCustomerExcludingAssessedTax', 'shares': 'EntityCommonStockSharesOutstanding'}"
1474627,NEGG,"Newegg Commerce, Inc.","{'debt_st': 'DebtCurrent', 'debt_lt': 'LongTermDebtNoncurrent', 'assets': 'Assets', 'liabilities': 'Liabilities', 'current_assets': 'AssetsCurrent', 'current_liabilities': 'LiabilitiesCurrent', 'retained_earnings': 'RetainedEarningsAccumulatedDeficit', 'liabilities_and_equity': 'LiabilitiesAndStockholdersEquity', 'equity': 'StockholdersEquity', 'ebit': 'OperatingIncomeLoss', 'revenue': 'Revenues', 'shares': 'EntityCommonStockSharesOutstanding'}"
1474735,GNRC,GENERAC HOLDINGS INC.,"{'debt_st': 'LongTermDebtCurrent', 'debt_lt': 'LongTermDebtNoncurrent', 'assets': 'Assets', 'liabilities': 'Liabilities', 'current_assets': 'AssetsCurrent', 'current_liabilities': 'LiabilitiesCurrent', 'retained_earnings': 'RetainedEarningsAccumulatedDeficit', 'liabilities_and_equity': 'LiabilitiesAndStockholdersEquity', 'equity': 'StockholdersEquity', 'ebit': 'OperatingIncomeLoss', 'revenue': 'RevenueFromContractWithCustomerExcludingAssessedTax', 'shares': 'EntityCommonStockSharesOutstanding'}"
1476765,GBDC,"GOLUB CAPITAL BDC, Inc.","{'debt_st': None, 'debt_lt': 'LongTermDebt', 'assets': 'Assets', 'liabilities': 'Liabilities', 'current_assets': None, 'current_liabilities': None, 'retained_earnings': 'RetainedEarningsAccumulatedDeficit', 'liabilities_and_equity': 'LiabilitiesAndStockholdersEquity', 'equity': 'StockholdersEquity', 'ebit': None, 'revenue': None, 'shares': 'EntityCommonStockSharesOutstanding'}"
1477294,ST,Sensata Technologies Holding plc,"{'debt_st': 'DebtCurrent', 'debt_lt': 'LongTermDebtNoncurrent', 'assets': 'Assets', 'liabilities': 'Liabilities', 'current_assets': 'AssetsCurrent', 'current_liabilities': 'LiabilitiesCurrent', 'retained_earnings': 'RetainedEarningsAccumulatedDeficit', 'liabilities_and_equity': 'LiabilitiesAndStockholdersEquity', 'equity': 'StockholdersEquity', 'ebit': 'OperatingIncomeLoss', 'revenue': 'RevenueFromContractWithCustomerExcludingAssessedTax', 'shares': 'EntityCommonStockSharesOutstanding'}"
1477449,TDOC,"Teladoc Health, Inc.","{'debt_st': 'LongTermDebtCurrent', 'debt_lt': 'LongTermDebtNoncurrent', 'assets': 'Assets', 'liabilities': 'Liabilities', 'current_assets': 'AssetsCurrent', 'current_liabilities': 'LiabilitiesCurrent', 'retained_earnings': 'RetainedEarningsAccumulatedDeficit', 'liabilities_and_equity': 'LiabilitiesAndStockholdersEquity', 'equity': 'StockholdersEquity', 'ebit': 'OperatingIncomeLoss', 'revenue': 'RevenueFromContractWithCustomerExcludingAssessedTax', 'shares': 'EntityCommonStockSharesOutstanding'}"
1477641,DQ,DAQO NEW ENERGY CORP.,"{'debt_st': 'DebtCurrent', 'debt_lt': 'LongTermDebtNoncurrent', 'assets': 'Assets', 'liabilities': 'Liabilities', 'current_assets': 'AssetsCurrent', 'current_liabilities': 'LiabilitiesCurrent', 'retained_earnings': 'RetainedEarningsAccumulatedDeficit', 'liabilities_and_equity': 'LiabilitiesAndStockholdersEquity', 'equity': 'StockholdersEquity', 'ebit': 'OperatingIncomeLoss', 'revenue': 'Revenues', 'shares': 'EntityCommonStockSharesOutstanding'}"
1478242,IQV,IQVIA HOLDINGS INC.,"{'debt_st': 'LongTermDebtCurrent', 'debt_lt': 'LongTermDebtNoncurrent', 'assets': 'Assets', 'liabilities': 'Liabilities', 'current_assets': 'AssetsCurrent', 'current_liabilities': 'LiabilitiesCurrent', 'retained_earnings': 'RetainedEarningsAccumulatedDeficit', 'liabilities_and_equity': 'LiabilitiesAndStockholdersEquity', 'equity': 'StockholdersEquity', 'ebit': 'OperatingIncomeLoss', 'revenue': 'RevenueFromContractWithCustomerExcludingAssessedTax', 'shares': 'EntityCommonStockSharesOutstanding'}"
1478320,ADPT,Adaptive Biotechnologies Corp,"{'debt_st': 'LongTermDebtCurrent', 'debt_lt': 'LongTermDebtNoncurrent', 'assets': 'Assets', 'liabilities': 'Liabilities', 'current_assets': 'AssetsCurrent', 'current_liabilities': 'LiabilitiesCurrent', 'retained_earnings': 'RetainedEarningsAccumulatedDeficit', 'liabilities_and_equity': 'LiabilitiesAndStockholdersEquity', 'equity': 'StockholdersEquity', 'ebit': 'OperatingIncomeLoss', 'revenue': 'RevenueFromContractWithCustomerExcludingAssessedTax', 'shares': 'EntityCommonStockSharesOutstanding'}"
1479290,RVNC,"Revance Therapeutics, Inc.","{'debt_st': 'LongTermDebtCurrent', 'debt_lt': 'LongTermDebtNoncurrent', 'assets': 'Assets', 'liabilities': 'Liabilities', 'current_assets': 'AssetsCurrent', 'current_liabilities': 'LiabilitiesCurrent', 'retained_earnings': 'RetainedEarningsAccumulatedDeficit', 'liabilities_and_equity': 'LiabilitiesAndStockholdersEquity', 'equity': 'StockholdersEquity', 'ebit': 'OperatingIncomeLoss', 'revenue': 'RevenueFromContractWithCustomerExcludingAssessedTax', 'shares': 'EntityCommonStockSharesOutstanding'}"
1479681,NUTX,Nutex Health Inc.,"{'debt_st': 'DebtCurrent', 'debt_lt': 'LongTermDebtNoncurrent', 'assets': 'Assets', 'liabilities': 'Liabilities', 'current_assets': 'AssetsCurrent', 'current_liabilities': 'LiabilitiesCurrent', 'retained_earnings': 'RetainedEarningsAccumulatedDeficit', 'liabilities_and_equity': 'LiabilitiesAndStockholdersEquity', 'equity': 'StockholdersEquity', 'ebit': 'OperatingIncomeLoss', 'revenue': 'Revenues', 'shares': 'EntityCommonStockSharesOutstanding'}"
1481241,PSHG,Performance Shipping Inc.,"{'debt_st': 'LongTermDebtCurrent', 'debt_lt': 'LongTermDebtNoncurrent', 'assets': 'Assets', 'liabilities': None, 'current_assets': 'AssetsCurrent', 'current_liabilities': 'LiabilitiesCurrent', 'retained_earnings': 'RetainedEarningsAccumulatedDeficit', 'liabilities_and_equity': 'LiabilitiesAndStockholdersEquity', 'equity': 'StockholdersEquity', 'ebit': 'OperatingIncomeLoss', 'revenue': 'Revenues', 'shares': 'EntityCommonStockSharesOutstanding'}"
1481513,JKS,"JinkoSolar Holding Co., Ltd.","{'debt_st': 'LongTermDebtCurrent', 'debt_lt': 'LongTermDebtNoncurrent', 'assets': 'Assets', 'liabilities': 'Liabilities', 'current_assets': 'AssetsCurrent', 'current_liabilities': 'LiabilitiesCurrent', 'retained_earnings': 'RetainedEarningsAccumulatedDeficit', 'liabilities_and_equity': 'LiabilitiesAndStockholdersEquity', 'equity': 'StockholdersEquity', 'ebit': 'OperatingIncomeLoss', 'revenue': 'Revenues', 'shares': 'EntityCommonStockSharesOutstanding'}"
1481582,RYZ,Ryerson Holding Corp,"{'debt_st': 'LongTermDebtCurrent', 'debt_lt': 'LongTermDebtNoncurrent', 'assets': 'Assets', 'liabilities': 'Liabilities', 'current_assets': 'AssetsCurrent', 'current_liabilities': 'LiabilitiesCurrent', 'retained_earnings': 'RetainedEarningsAccumulatedDeficit', 'liabilities_and_equity': 'LiabilitiesAndStockholdersEquity', 'equity': 'StockholdersEquity', 'ebit': 'OperatingIncomeLoss', 'revenue': 'RevenueFromContractWithCustomerExcludingAssessedTax', 'shares': 'EntityCommonStockSharesOutstanding'}"
1481646,ACCD,"Accolade, Inc.","{'debt_st': None, 'debt_lt': 'LongTermDebt', 'assets': 'Assets', 'liabilities': 'Liabilities', 'current_assets': 'AssetsCurrent', 'current_liabilities': 'LiabilitiesCurrent', 'retained_earnings': 'RetainedEarningsAccumulatedDeficit', 'liabilities_and_equity': 'LiabilitiesAndStockholdersEquity', 'equity': 'StockholdersEquity', 'ebit': 'OperatingIncomeLoss', 'revenue': 'RevenueFromContractWithCustomerExcludingAssessedTax', 'shares': 'EntityCommonStockSharesOutstanding'}"
1482981,COCO,"Vita Coco Company, Inc.","{'debt_st': 'NotesPayableCurrent', 'debt_lt': 'LongTermNotesPayable', 'assets': 'Assets', 'liabilities': 'Liabilities', 'current_assets': 'AssetsCurrent', 'current_liabilities': 'LiabilitiesCurrent', 'retained_earnings': 'RetainedEarningsAccumulatedDeficit', 'liabilities_and_equity': 'LiabilitiesAndStockholdersEquity', 'equity': 'StockholdersEquity', 'ebit': 'OperatingIncomeLoss', 'revenue': 'RevenueFromContractWithCustomerIncludingAssessedTax', 'shares': 'EntityCommonStockSharesOutstanding'}"
1483994,HTHT,H World Group Ltd,"{'debt_st': 'LongTermDebtCurrent', 'debt_lt': 'LongTermDebtNoncurrent', 'assets': 'Assets', 'liabilities': 'Liabilities', 'current_assets': 'AssetsCurrent', 'current_liabilities': 'LiabilitiesCurrent', 'retained_earnings': 'RetainedEarningsAccumulatedDeficit', 'liabilities_and_equity': 'LiabilitiesAndStockholdersEquity', 'equity': 'StockholdersEquity', 'ebit': 'OperatingIncomeLoss', 'revenue': 'RevenueFromContractWithCustomerExcludingAssessedTax', 'shares': 'EntityCommonStockSharesOutstanding'}"
1484565,SLNO,SOLENO THERAPEUTICS INC,"{'debt_st': None, 'debt_lt': 'LongTermDebtNoncurrent', 'assets': 'Assets', 'liabilities': 'Liabilities', 'current_assets': 'AssetsCurrent', 'current_liabilities': 'LiabilitiesCurrent', 'retained_earnings': 'RetainedEarningsAccumulatedDeficit', 'liabilities_and_equity': 'LiabilitiesAndStockholdersEquity', 'equity': 'StockholdersEquity', 'ebit': 'OperatingIncomeLoss', 'revenue': 'Revenues', 'shares': 'EntityCommonStockSharesOutstanding'}"
1484612,OM,"Outset Medical, Inc.","{'debt_st': 'DebtCurrent', 'debt_lt': 'LongTermDebtNoncurrent', 'assets': 'Assets', 'liabilities': 'Liabilities', 'current_assets': 'AssetsCurrent', 'current_liabilities': 'LiabilitiesCurrent', 'retained_earnings': 'RetainedEarningsAccumulatedDeficit', 'liabilities_and_equity': 'LiabilitiesAndStockholdersEquity', 'equity': 'StockholdersEquity', 'ebit': 'OperatingIncomeLoss', 'revenue': 'RevenueFromContractWithCustomerExcludingAssessedTax', 'shares': 'EntityCommonStockSharesOutstanding'}"
1484769,FUBO,FuboTV Inc.,"{'debt_st': 'LongTermDebtCurrent', 'debt_lt': 'LongTermDebtNoncurrent', 'assets': 'Assets', 'liabilities': 'Liabilities', 'current_assets': 'AssetsCurrent', 'current_liabilities': 'LiabilitiesCurrent', 'retained_earnings': 'RetainedEarningsAccumulatedDeficit', 'liabilities_and_equity': 'LiabilitiesAndStockholdersEquity', 'equity': 'StockholdersEquity', 'ebit': 'OperatingIncomeLoss', 'revenue': 'RevenueFromContractWithCustomerExcludingAssessedTax', 'shares': 'EntityCommonStockSharesOutstanding'}"
1486957,BWXT,"BWX Technologies, Inc.","{'debt_st': 'DebtCurrent', 'debt_lt': 'LongTermDebtNoncurrent', 'assets': 'Assets', 'liabilities': 'Liabilities', 'current_assets': 'AssetsCurrent', 'current_liabilities': 'LiabilitiesCurrent', 'retained_earnings': 'RetainedEarningsAccumulatedDeficit', 'liabilities_and_equity': 'LiabilitiesAndStockholdersEquity', 'equity': 'StockholdersEquity', 'ebit': 'OperatingIncomeLoss', 'revenue': 'RevenueFromContractWithCustomerExcludingAssessedTax', 'shares': 'EntityCommonStockSharesOutstanding'}"
1487428,HRZN,Horizon Technology Finance Corp,"{'debt_st': None, 'debt_lt': 'LongTermDebt', 'assets': 'Assets', 'liabilities': 'Liabilities', 'current_assets': None, 'current_liabilities': None, 'retained_earnings': 'RetainedEarningsAccumulatedDeficit', 'liabilities_and_equity': None, 'equity': 'StockholdersEquity', 'ebit': None, 'revenue': None, 'shares': 'EntityCommonStockSharesOutstanding'}"
1487918,OFS,OFS Capital Corp,"{'debt_st': None, 'debt_lt': 'LongTermDebt', 'assets': 'Assets', 'liabilities': 'Liabilities', 'current_assets': None, 'current_liabilities': None, 'retained_earnings': 'RetainedEarningsAccumulatedDeficit', 'liabilities_and_equity': 'LiabilitiesAndStockholdersEquity', 'equity': 'StockholdersEquity', 'ebit': None, 'revenue': None, 'shares': 'EntityCommonStockSharesOutstanding'}"
1487952,VPG,"Vishay Precision Group, Inc.","{'debt_st': 'LongTermDebtCurrent', 'debt_lt': 'LongTermDebtNoncurrent', 'assets': 'Assets', 'liabilities': 'Liabilities', 'current_assets': 'AssetsCurrent', 'current_liabilities': 'LiabilitiesCurrent', 'retained_earnings': 'RetainedEarningsAccumulatedDeficit', 'liabilities_and_equity': 'LiabilitiesAndStockholdersEquity', 'equity': 'StockholdersEquity', 'ebit': 'OperatingIncomeLoss', 'revenue': 'RevenueFromContractWithCustomerExcludingAssessedTax', 'shares': 'EntityCommonStockSharesOutstanding'}"
1489096,THR,"Thermon Group Holdings, Inc.","{'debt_st': None, 'debt_lt': 'LongTermDebtNoncurrent', 'assets': 'Assets', 'liabilities': 'Liabilities', 'current_assets': 'AssetsCurrent', 'current_liabilities': 'LiabilitiesCurrent', 'retained_earnings': 'RetainedEarningsAccumulatedDeficit', 'liabilities_and_equity': 'LiabilitiesAndStockholdersEquity', 'equity': 'StockholdersEquity', 'ebit': 'OperatingIncomeLoss', 'revenue': 'RevenueFromContractWithCustomerExcludingAssessedTax', 'shares': 'EntityCommonStockSharesOutstanding'}"
1490281,GRPN,"Groupon, Inc.","{'debt_st': 'LongTermDebtCurrent', 'debt_lt': 'LongTermDebtNoncurrent', 'assets': 'Assets', 'liabilities': 'Liabilities', 'current_assets': 'AssetsCurrent', 'current_liabilities': 'LiabilitiesCurrent', 'retained_earnings': 'RetainedEarningsAccumulatedDeficit', 'liabilities_and_equity': 'LiabilitiesAndStockholdersEquity', 'equity': 'StockholdersEquity', 'ebit': 'OperatingIncomeLoss', 'revenue': 'RevenueFromContractWithCustomerExcludingAssessedTax', 'shares': 'EntityCommonStockSharesOutstanding'}"
1492422,APLS,"Apellis Pharmaceuticals, Inc.","{'debt_st': 'LongTermDebtCurrent', 'debt_lt': 'LongTermDebt', 'assets': 'Assets', 'liabilities': 'Liabilities', 'current_assets': 'AssetsCurrent', 'current_liabilities': 'LiabilitiesCurrent', 'retained_earnings': 'RetainedEarningsAccumulatedDeficit', 'liabilities_and_equity': 'LiabilitiesAndStockholdersEquity', 'equity': 'StockholdersEquity', 'ebit': 'OperatingIncomeLoss', 'revenue': 'RevenueFromContractWithCustomerExcludingAssessedTax', 'shares': 'EntityCommonStockSharesOutstanding'}"
1492691,KNX,Knight-Swift Transportation Holdings Inc.,"{'debt_st': 'LongTermDebtCurrent', 'debt_lt': 'LongTermDebtNoncurrent', 'assets': 'Assets', 'liabilities': 'Liabilities', 'current_assets': 'AssetsCurrent', 'current_liabilities': 'LiabilitiesCurrent', 'retained_earnings': 'RetainedEarningsAccumulatedDeficit', 'liabilities_and_equity': 'LiabilitiesAndStockholdersEquity', 'equity': 'StockholdersEquity', 'ebit': 'OperatingIncomeLoss', 'revenue': 'Revenues', 'shares': 'EntityCommonStockSharesOutstanding'}"
1493594,MTSI,"MACOM Technology Solutions Holdings, Inc.","{'debt_st': 'LongTermDebtCurrent', 'debt_lt': 'LongTermDebtNoncurrent', 'assets': 'Assets', 'liabilities': 'Liabilities', 'current_assets': 'AssetsCurrent', 'current_liabilities': 'LiabilitiesCurrent', 'retained_earnings': 'RetainedEarningsAccumulatedDeficit', 'liabilities_and_equity': 'LiabilitiesAndStockholdersEquity', 'equity': 'StockholdersEquity', 'ebit': 'OperatingIncomeLoss', 'revenue': 'Revenues', 'shares': 'EntityCommonStockSharesOutstanding'}"
1495320,VRA,"Vera Bradley, Inc.","{'debt_st': 'LongTermDebtCurrent', 'debt_lt': 'LongTermDebtNoncurrent', 'assets': 'Assets', 'liabilities': 'Liabilities', 'current_assets': 'AssetsCurrent', 'current_liabilities': 'LiabilitiesCurrent', 'retained_earnings': 'RetainedEarningsAccumulatedDeficit', 'liabilities_and_equity': 'LiabilitiesAndStockholdersEquity', 'equity': 'StockholdersEquity', 'ebit': 'OperatingIncomeLoss', 'revenue': 'RevenueFromContractWithCustomerExcludingAssessedTax', 'shares': 'EntityCommonStockSharesOutstanding'}"
1496099,NMFC,New Mountain Finance Corp,"{'debt_st': None, 'debt_lt': 'LongTermDebt', 'assets': 'Assets', 'liabilities': 'Liabilities', 'current_assets': None, 'current_liabilities': None, 'retained_earnings': 'RetainedEarningsAccumulatedDeficit', 'liabilities_and_equity': 'LiabilitiesAndStockholdersEquity', 'equity': 'StockholdersEquity', 'ebit': None, 'revenue': None, 'shares': 'EntityCommonStockSharesOutstanding'}"
1500881,EU,enCore Energy Corp.,"{'debt_st': 'ShortTermBorrowings', 'debt_lt': 'LongTermDebt', 'assets': 'Assets', 'liabilities': 'Liabilities', 'current_assets': 'AssetsCurrent', 'current_liabilities': 'LiabilitiesCurrent', 'retained_earnings': 'RetainedEarningsAccumulatedDeficit', 'liabilities_and_equity': 'LiabilitiesAndStockholdersEquity', 'equity': 'StockholdersEquity', 'ebit': 'OperatingIncomeLoss', 'revenue': 'Revenues', 'shares': 'EntityCommonStockSharesOutstanding'}"
1501134,NVTAQ,Invitae Corp,"{'debt_st': 'DebtCurrent', 'debt_lt': 'LongTermDebtNoncurrent', 'assets': 'Assets', 'liabilities': 'Liabilities', 'current_assets': 'AssetsCurrent', 'current_liabilities': 'LiabilitiesCurrent', 'retained_earnings': 'RetainedEarningsAccumulatedDeficit', 'liabilities_and_equity': 'LiabilitiesAndStockholdersEquity', 'equity': 'StockholdersEquity', 'ebit': 'OperatingIncomeLoss', 'revenue': 'RevenueFromContractWithCustomerExcludingAssessedTax', 'shares': 'EntityCommonStockSharesOutstanding'}"
1501585,HII,"HUNTINGTON INGALLS INDUSTRIES, INC.","{'debt_st': 'LongTermDebtCurrent', 'debt_lt': 'LongTermDebtNoncurrent', 'assets': 'Assets', 'liabilities': 'Liabilities', 'current_assets': 'AssetsCurrent', 'current_liabilities': 'LiabilitiesCurrent', 'retained_earnings': 'RetainedEarningsAccumulatedDeficit', 'liabilities_and_equity': 'LiabilitiesAndStockholdersEquity', 'equity': 'StockholdersEquity', 'ebit': 'OperatingIncomeLoss', 'revenue': 'Revenues', 'shares': 'EntityCommonStockSharesOutstanding'}"
1501989,CTMX,"CytomX Therapeutics, Inc.","{'debt_st': 'LongTermDebtCurrent', 'debt_lt': 'LongTermDebtNoncurrent', 'assets': 'Assets', 'liabilities': 'Liabilities', 'current_assets': 'AssetsCurrent', 'current_liabilities': 'LiabilitiesCurrent', 'retained_earnings': 'RetainedEarningsAccumulatedDeficit', 'liabilities_and_equity': 'LiabilitiesAndStockholdersEquity', 'equity': 'StockholdersEquity', 'ebit': 'OperatingIncomeLoss', 'revenue': 'RevenueFromContractWithCustomerExcludingAssessedTax', 'shares': 'EntityCommonStockSharesOutstanding'}"
1503274,QTRX,Quanterix Corp,"{'debt_st': 'LongTermDebtCurrent', 'debt_lt': 'LongTermDebtNoncurrent', 'assets': 'Assets', 'liabilities': 'Liabilities', 'current_assets': 'AssetsCurrent', 'current_liabilities': 'LiabilitiesCurrent', 'retained_earnings': 'RetainedEarningsAccumulatedDeficit', 'liabilities_and_equity': 'LiabilitiesAndStockholdersEquity', 'equity': 'StockholdersEquity', 'ebit': 'OperatingIncomeLoss', 'revenue': 'RevenueFromContractWithCustomerExcludingAssessedTax', 'shares': 'EntityCommonStockSharesOutstanding'}"
1503584,CMRE,Costamare Inc.,"{'debt_st': 'LongTermDebtCurrent', 'debt_lt': 'LongTermDebtNoncurrent', 'assets': 'Assets', 'liabilities': 'Liabilities', 'current_assets': 'AssetsCurrent', 'current_liabilities': 'LiabilitiesCurrent', 'retained_earnings': 'RetainedEarningsAccumulatedDeficit', 'liabilities_and_equity': 'LiabilitiesAndStockholdersEquity', 'equity': 'StockholdersEquity', 'ebit': 'OperatingIncomeLoss', 'revenue': 'Revenues', 'shares': 'EntityCommonStockSharesOutstanding'}"
1503802,KPTI,Karyopharm Therapeutics Inc.,"{'debt_st': None, 'debt_lt': 'LongTermDebt', 'assets': 'Assets', 'liabilities': 'Liabilities', 'current_assets': 'AssetsCurrent', 'current_liabilities': 'LiabilitiesCurrent', 'retained_earnings': 'RetainedEarningsAccumulatedDeficit', 'liabilities_and_equity': 'LiabilitiesAndStockholdersEquity', 'equity': 'StockholdersEquity', 'ebit': 'OperatingIncomeLoss', 'revenue': 'RevenueFromContractWithCustomerExcludingAssessedTax', 'shares': 'EntityCommonStockSharesOutstanding'}"
1504379,CSTE,Caesarstone Ltd.,"{'debt_st': 'DebtCurrent', 'debt_lt': 'LongTermDebtNoncurrent', 'assets': 'Assets', 'liabilities': None, 'current_assets': 'AssetsCurrent', 'current_liabilities': 'LiabilitiesCurrent', 'retained_earnings': 'RetainedEarningsAccumulatedDeficit', 'liabilities_and_equity': 'LiabilitiesAndStockholdersEquity', 'equity': 'StockholdersEquity', 'ebit': 'OperatingIncomeLoss', 'revenue': 'Revenues', 'shares': 'EntityCommonStockSharesOutstanding'}"
1504461,NGL,NGL Energy Partners LP,"{'debt_st': 'LongTermDebtCurrent', 'debt_lt': 'LongTermDebtNoncurrent', 'assets': 'Assets', 'liabilities': None, 'current_assets': 'AssetsCurrent', 'current_liabilities': 'LiabilitiesCurrent', 'retained_earnings': None, 'liabilities_and_equity': 'LiabilitiesAndStockholdersEquity', 'equity': None, 'ebit': 'OperatingIncomeLoss', 'revenue': 'Revenues', 'shares': 'EntityCommonStockSharesOutstanding'}"
1505155,UPLD,"Upland Software, Inc.","{'debt_st': 'LongTermDebtCurrent', 'debt_lt': 'LongTermDebtNoncurrent', 'assets': 'Assets', 'liabilities': 'Liabilities', 'current_assets': 'AssetsCurrent', 'current_liabilities': 'LiabilitiesCurrent', 'retained_earnings': 'RetainedEarningsAccumulatedDeficit', 'liabilities_and_equity': 'LiabilitiesAndStockholdersEquity', 'equity': 'StockholdersEquity', 'ebit': 'OperatingIncomeLoss', 'revenue': 'RevenueFromContractWithCustomerExcludingAssessedTax', 'shares': 'EntityCommonStockSharesOutstanding'}"
1506307,KMI,"KINDER MORGAN, INC.","{'debt_st': 'DebtCurrent', 'debt_lt': 'LongTermDebtNoncurrent', 'assets': 'Assets', 'liabilities': 'Liabilities', 'current_assets': 'AssetsCurrent', 'current_liabilities': 'LiabilitiesCurrent', 'retained_earnings': 'RetainedEarningsAccumulatedDeficit', 'liabilities_and_equity': 'LiabilitiesAndStockholdersEquity', 'equity': 'StockholdersEquity', 'ebit': 'OperatingIncomeLoss', 'revenue': 'RevenueFromContractWithCustomerExcludingAssessedTax', 'shares': 'EntityCommonStockSharesOutstanding'}"
1507079,FND,"Floor & Decor Holdings, Inc.","{'debt_st': 'DebtCurrent', 'debt_lt': 'LongTermDebtNoncurrent', 'assets': 'Assets', 'liabilities': 'Liabilities', 'current_assets': 'AssetsCurrent', 'current_liabilities': 'LiabilitiesCurrent', 'retained_earnings': 'RetainedEarningsAccumulatedDeficit', 'liabilities_and_equity': 'LiabilitiesAndStockholdersEquity', 'equity': 'StockholdersEquity', 'ebit': 'OperatingIncomeLoss', 'revenue': 'RevenueFromContractWithCustomerExcludingAssessedTax', 'shares': 'EntityCommonStockSharesOutstanding'}"
1508655,TSLX,"Sixth Street Specialty Lending, Inc.","{'debt_st': None, 'debt_lt': 'LongTermDebt', 'assets': 'Assets', 'liabilities': 'Liabilities', 'current_assets': None, 'current_liabilities': None, 'retained_earnings': 'RetainedEarningsAccumulatedDeficit', 'liabilities_and_equity': 'LiabilitiesAndStockholdersEquity', 'equity': 'StockholdersEquity', 'ebit': 'IncomeLossFromContinuingOperationsBeforeIncomeTaxesExtraordinaryItemsNoncontrollingInterest', 'revenue': None, 'shares': 'EntityCommonStockSharesOutstanding'}"
1509589,CIVI,"CIVITAS RESOURCES, INC.","{'debt_st': 'LongTermDebtCurrent', 'debt_lt': 'LongTermDebtNoncurrent', 'assets': 'Assets', 'liabilities': 'Liabilities', 'current_assets': 'AssetsCurrent', 'current_liabilities': 'LiabilitiesCurrent', 'retained_earnings': 'RetainedEarningsAccumulatedDeficit', 'liabilities_and_equity': 'LiabilitiesAndStockholdersEquity', 'equity': 'StockholdersEquity', 'ebit': 'OperatingIncomeLoss', 'revenue': 'RevenueFromContractWithCustomerIncludingAssessedTax', 'shares': 'EntityCommonStockSharesOutstanding'}"
1509991,KOS,Kosmos Energy Ltd.,"{'debt_st': 'LongTermDebtCurrent', 'debt_lt': 'LongTermDebtNoncurrent', 'assets': 'Assets', 'liabilities': None, 'current_assets': 'AssetsCurrent', 'current_liabilities': 'LiabilitiesCurrent', 'retained_earnings': 'RetainedEarningsAccumulatedDeficit', 'liabilities_and_equity': 'LiabilitiesAndStockholdersEquity', 'equity': 'StockholdersEquity', 'ebit': 'IncomeLossFromContinuingOperationsBeforeIncomeTaxesExtraordinaryItemsNoncontrollingInterest', 'revenue': 'RevenueFromContractWithCustomerExcludingAssessedTax', 'shares': 'EntityCommonStockSharesOutstanding'}"
1510295,MPC,Marathon Petroleum Corp,"{'debt_st': 'DebtCurrent', 'debt_lt': 'LongTermDebtNoncurrent', 'assets': 'Assets', 'liabilities': 'Liabilities', 'current_assets': 'AssetsCurrent', 'current_liabilities': 'LiabilitiesCurrent', 'retained_earnings': 'RetainedEarningsAccumulatedDeficit', 'liabilities_and_equity': 'LiabilitiesAndStockholdersEquity', 'equity': 'StockholdersEquity', 'ebit': 'OperatingIncomeLoss', 'revenue': 'RevenueFromContractWithCustomerExcludingAssessedTax', 'shares': 'EntityCommonStockSharesOutstanding'}"
1510593,XNET,Xunlei Ltd,"{'debt_st': 'DebtCurrent', 'debt_lt': 'LongTermDebtNoncurrent', 'assets': 'Assets', 'liabilities': 'Liabilities', 'current_assets': 'AssetsCurrent', 'current_liabilities': 'LiabilitiesCurrent', 'retained_earnings': 'RetainedEarningsAccumulatedDeficit', 'liabilities_and_equity': 'LiabilitiesAndStockholdersEquity', 'equity': 'StockholdersEquity', 'ebit': 'OperatingIncomeLoss', 'revenue': 'Revenues', 'shares': 'EntityCommonStockSharesOutstanding'}"
1511737,UI,Ubiquiti Inc.,"{'debt_st': 'ShortTermBorrowings', 'debt_lt': 'LongTermDebtNoncurrent', 'assets': 'Assets', 'liabilities': 'Liabilities', 'current_assets': 'AssetsCurrent', 'current_liabilities': 'LiabilitiesCurrent', 'retained_earnings': 'RetainedEarningsAccumulatedDeficit', 'liabilities_and_equity': 'LiabilitiesAndStockholdersEquity', 'equity': 'StockholdersEquity', 'ebit': 'OperatingIncomeLoss', 'revenue': 'RevenueFromContractWithCustomerExcludingAssessedTax', 'shares': 'EntityCommonStockSharesOutstanding'}"
1512499,LIND,"LINDBLAD EXPEDITIONS HOLDINGS, INC.","{'debt_st': 'LongTermDebtCurrent', 'debt_lt': 'LongTermDebtNoncurrent', 'assets': 'Assets', 'liabilities': 'Liabilities', 'current_assets': 'AssetsCurrent', 'current_liabilities': 'LiabilitiesCurrent', 'retained_earnings': 'RetainedEarningsAccumulatedDeficit', 'liabilities_and_equity': 'LiabilitiesAndStockholdersEquity', 'equity': 'StockholdersEquity', 'ebit': 'OperatingIncomeLoss', 'revenue': 'RevenueFromContractWithCustomerIncludingAssessedTax', 'shares': 'EntityCommonStockSharesOutstanding'}"
1512762,CHRS,"Coherus Oncology, Inc.","{'debt_st': None, 'debt_lt': 'LongTermDebt', 'assets': 'Assets', 'liabilities': 'Liabilities', 'current_assets': 'AssetsCurrent', 'current_liabilities': 'LiabilitiesCurrent', 'retained_earnings': 'RetainedEarningsAccumulatedDeficit', 'liabilities_and_equity': 'LiabilitiesAndStockholdersEquity', 'equity': 'StockholdersEquity', 'ebit': 'OperatingIncomeLoss', 'revenue': 'RevenueFromContractWithCustomerExcludingAssessedTax', 'shares': 'EntityCommonStockSharesOutstanding'}"
1512931,MRCC,MONROE CAPITAL Corp,"{'debt_st': None, 'debt_lt': 'LongTermDebt', 'assets': 'Assets', 'liabilities': 'Liabilities', 'current_assets': None, 'current_liabilities': None, 'retained_earnings': 'RetainedEarningsAccumulatedDeficit', 'liabilities_and_equity': 'LiabilitiesAndStockholdersEquity', 'equity': 'StockholdersEquity', 'ebit': None, 'revenue': None, 'shares': 'EntityCommonStockSharesOutstanding'}"
1513363,FDUS,FIDUS INVESTMENT Corp,"{'debt_st': None, 'debt_lt': 'LongTermDebt', 'assets': 'Assets', 'liabilities': 'Liabilities', 'current_assets': None, 'current_liabilities': None, 'retained_earnings': 'RetainedEarningsAccumulatedDeficit', 'liabilities_and_equity': 'LiabilitiesAndStockholdersEquity', 'equity': 'StockholdersEquity', 'ebit': None, 'revenue': None, 'shares': 'EntityCommonStockSharesOutstanding'}"
1513761,NCLH,Norwegian Cruise Line Holdings Ltd.,"{'debt_st': None, 'debt_lt': 'LongTermDebtAndCapitalLeaseObligationsIncludingCurrentMaturities', 'assets': 'Assets', 'liabilities': 'Liabilities', 'current_assets': 'AssetsCurrent', 'current_liabilities': 'LiabilitiesCurrent', 'retained_earnings': 'RetainedEarningsAccumulatedDeficit', 'liabilities_and_equity': 'LiabilitiesAndStockholdersEquity', 'equity': 'StockholdersEquity', 'ebit': 'OperatingIncomeLoss', 'revenue': 'Revenues', 'shares': 'EntityCommonStockSharesOutstanding'}"
1514705,SXC,"SunCoke Energy, Inc.","{'debt_st': 'LongTermDebtCurrent', 'debt_lt': 'LongTermDebtNoncurrent', 'assets': 'Assets', 'liabilities': 'Liabilities', 'current_assets': 'AssetsCurrent', 'current_liabilities': 'LiabilitiesCurrent', 'retained_earnings': 'RetainedEarningsAccumulatedDeficit', 'liabilities_and_equity': 'LiabilitiesAndStockholdersEquity', 'equity': 'StockholdersEquity', 'ebit': 'OperatingIncomeLoss', 'revenue': 'RevenueFromContractWithCustomerExcludingAssessedTax', 'shares': 'EntityCommonStockSharesOutstanding'}"
1517006,GATO,"Gatos Silver, Inc.","{'debt_st': 'ShortTermBorrowings', 'debt_lt': None, 'assets': 'Assets', 'liabilities': None, 'current_assets': 'AssetsCurrent', 'current_liabilities': 'LiabilitiesCurrent', 'retained_earnings': 'RetainedEarningsAccumulatedDeficit', 'liabilities_and_equity': 'LiabilitiesAndStockholdersEquity', 'equity': 'StockholdersEquity', 'ebit': 'IncomeLossFromContinuingOperationsBeforeIncomeTaxesExtraordinaryItemsNoncontrollingInterest', 'revenue': None, 'shares': 'EntityCommonStockSharesOutstanding'}"
1517022,AKBA,"Akebia Therapeutics, Inc.","{'debt_st': 'LongTermDebtCurrent', 'debt_lt': 'LongTermDebtNoncurrent', 'assets': 'Assets', 'liabilities': 'Liabilities', 'current_assets': 'AssetsCurrent', 'current_liabilities': 'LiabilitiesCurrent', 'retained_earnings': 'RetainedEarningsAccumulatedDeficit', 'liabilities_and_equity': 'LiabilitiesAndStockholdersEquity', 'equity': 'StockholdersEquity', 'ebit': 'OperatingIncomeLoss', 'revenue': 'RevenueFromContractWithCustomerExcludingAssessedTax', 'shares': 'EntityCommonStockSharesOutstanding'}"
1517175,CHEF,"Chefs' Warehouse, Inc.","{'debt_st': 'LongTermDebtCurrent', 'debt_lt': 'LongTermDebtNoncurrent', 'assets': 'Assets', 'liabilities': 'Liabilities', 'current_assets': 'AssetsCurrent', 'current_liabilities': 'LiabilitiesCurrent', 'retained_earnings': 'RetainedEarningsAccumulatedDeficit', 'liabilities_and_equity': 'LiabilitiesAndStockholdersEquity', 'equity': 'StockholdersEquity', 'ebit': 'OperatingIncomeLoss', 'revenue': 'RevenueFromContractWithCustomerExcludingAssessedTax', 'shares': 'EntityCommonStockSharesOutstanding'}"
1517228,VISN,"Vistance Networks, Inc.","{'debt_st': 'LongTermDebtCurrent', 'debt_lt': 'LongTermDebtNoncurrent', 'assets': 'Assets', 'liabilities': 'Liabilities', 'current_assets': 'AssetsCurrent', 'current_liabilities': 'LiabilitiesCurrent', 'retained_earnings': 'RetainedEarningsAccumulatedDeficit', 'liabilities_and_equity': 'LiabilitiesAndStockholdersEquity', 'equity': 'StockholdersEquity', 'ebit': 'OperatingIncomeLoss', 'revenue': 'RevenueFromContractWithCustomerExcludingAssessedTax', 'shares': 'EntityCommonStockSharesOutstanding'}"
1517396,SSYS,STRATASYS LTD.,"{'debt_st': 'LongTermDebtCurrent', 'debt_lt': 'LongTermDebtNoncurrent', 'assets': 'Assets', 'liabilities': 'Liabilities', 'current_assets': 'AssetsCurrent', 'current_liabilities': 'LiabilitiesCurrent', 'retained_earnings': 'RetainedEarningsAccumulatedDeficit', 'liabilities_and_equity': 'LiabilitiesAndStockholdersEquity', 'equity': 'StockholdersEquity', 'ebit': 'OperatingIncomeLoss', 'revenue': 'Revenues', 'shares': 'EntityCommonStockSharesOutstanding'}"
1517413,FSLY,"Fastly, Inc.","{'debt_st': 'LongTermDebtCurrent', 'debt_lt': 'LongTermDebtNoncurrent', 'assets': 'Assets', 'liabilities': 'Liabilities', 'current_assets': 'AssetsCurrent', 'current_liabilities': 'LiabilitiesCurrent', 'retained_earnings': 'RetainedEarningsAccumulatedDeficit', 'liabilities_and_equity': 'LiabilitiesAndStockholdersEquity', 'equity': 'StockholdersEquity', 'ebit': 'OperatingIncomeLoss', 'revenue': 'RevenueFromContractWithCustomerIncludingAssessedTax', 'shares': 'EntityCommonStockSharesOutstanding'}"
1519751,FBIN,"Fortune Brands Innovations, Inc.","{'debt_st': 'LongTermDebtCurrent', 'debt_lt': 'LongTermDebtNoncurrent', 'assets': 'Assets', 'liabilities': 'Liabilities', 'current_assets': 'AssetsCurrent', 'current_liabilities': 'LiabilitiesCurrent', 'retained_earnings': 'RetainedEarningsAccumulatedDeficit', 'liabilities_and_equity': 'LiabilitiesAndStockholdersEquity', 'equity': 'StockholdersEquity', 'ebit': 'OperatingIncomeLoss', 'revenue': 'Revenues', 'shares': 'EntityCommonStockSharesOutstanding'}"
1520006,MTDR,Matador Resources Co,"{'debt_st': 'ShortTermBorrowings', 'debt_lt': 'LongTermDebt', 'assets': 'Assets', 'liabilities': None, 'current_assets': 'AssetsCurrent', 'current_liabilities': 'LiabilitiesCurrent', 'retained_earnings': 'RetainedEarningsAccumulatedDeficit', 'liabilities_and_equity': 'LiabilitiesAndStockholdersEquity', 'equity': 'StockholdersEquity', 'ebit': 'OperatingIncomeLoss', 'revenue': 'RevenueFromContractWithCustomerExcludingAssessedTax', 'shares': 'EntityCommonStockSharesOutstanding'}"
1520262,ALKS,Alkermes plc.,"{'debt_st': 'LongTermDebtCurrent', 'debt_lt': 'LongTermDebtNoncurrent', 'assets': 'Assets', 'liabilities': 'Liabilities', 'current_assets': 'AssetsCurrent', 'current_liabilities': 'LiabilitiesCurrent', 'retained_earnings': 'RetainedEarningsAccumulatedDeficit', 'liabilities_and_equity': 'LiabilitiesAndStockholdersEquity', 'equity': 'StockholdersEquity', 'ebit': 'OperatingIncomeLoss', 'revenue': 'RevenueFromContractWithCustomerExcludingAssessedTax', 'shares': 'EntityCommonStockSharesOutstanding'}"
1520697,ACHC,"Acadia Healthcare Company, Inc.","{'debt_st': 'LongTermDebtCurrent', 'debt_lt': 'LongTermDebtNoncurrent', 'assets': 'Assets', 'liabilities': 'Liabilities', 'current_assets': 'AssetsCurrent', 'current_liabilities': 'LiabilitiesCurrent', 'retained_earnings': 'RetainedEarningsAccumulatedDeficit', 'liabilities_and_equity': 'LiabilitiesAndStockholdersEquity', 'equity': 'StockholdersEquity', 'ebit': 'OperatingIncomeLoss', 'revenue': 'RevenueFromContractWithCustomerExcludingAssessedTax', 'shares': 'EntityCommonStockSharesOutstanding'}"
1521036,LNTH,"Lantheus Holdings, Inc.","{'debt_st': 'LongTermDebtCurrent', 'debt_lt': 'LongTermDebtNoncurrent', 'assets': 'Assets', 'liabilities': 'Liabilities', 'current_assets': 'AssetsCurrent', 'current_liabilities': 'LiabilitiesCurrent', 'retained_earnings': 'RetainedEarningsAccumulatedDeficit', 'liabilities_and_equity': 'LiabilitiesAndStockholdersEquity', 'equity': 'StockholdersEquity', 'ebit': 'OperatingIncomeLoss', 'revenue': 'RevenueFromContractWithCustomerExcludingAssessedTax', 'shares': 'EntityCommonStockSharesOutstanding'}"
1521332,APTV,Aptiv PLC,"{'debt_st': 'ShortTermBorrowings', 'debt_lt': 'LongTermDebtNoncurrent', 'assets': 'Assets', 'liabilities': 'Liabilities', 'current_assets': 'AssetsCurrent', 'current_liabilities': 'LiabilitiesCurrent', 'retained_earnings': 'RetainedEarningsAccumulatedDeficit', 'liabilities_and_equity': 'LiabilitiesAndStockholdersEquity', 'equity': 'StockholdersEquity', 'ebit': 'OperatingIncomeLoss', 'revenue': 'RevenueFromContractWithCustomerExcludingAssessedTax', 'shares': 'EntityCommonStockSharesOutstanding'}"
1522727,USAC,"USA Compression Partners, LP","{'debt_st': 'LongTermDebtCurrent', 'debt_lt': 'LongTermDebtNoncurrent', 'assets': 'Assets', 'liabilities': 'Liabilities', 'current_assets': 'AssetsCurrent', 'current_liabilities': 'LiabilitiesCurrent', 'retained_earnings': None, 'liabilities_and_equity': 'LiabilitiesAndStockholdersEquity', 'equity': None, 'ebit': 'OperatingIncomeLoss', 'revenue': 'RevenueFromContractWithCustomerExcludingAssessedTax', 'shares': 'EntityCommonStockSharesOutstanding'}"
1524472,XYL,Xylem Inc.,"{'debt_st': 'DebtCurrent', 'debt_lt': 'LongTermDebtNoncurrent', 'assets': 'Assets', 'liabilities': 'Liabilities', 'current_assets': 'AssetsCurrent', 'current_liabilities': 'LiabilitiesCurrent', 'retained_earnings': 'RetainedEarningsAccumulatedDeficit', 'liabilities_and_equity': 'LiabilitiesAndStockholdersEquity', 'equity': 'StockholdersEquity', 'ebit': 'OperatingIncomeLoss', 'revenue': 'RevenueFromContractWithCustomerExcludingAssessedTax', 'shares': 'EntityCommonStockSharesOutstanding'}"
1524931,CHUY,"CHUY'S HOLDINGS, INC.","{'debt_st': 'LongTermDebtCurrent', 'debt_lt': 'LongTermDebtNoncurrent', 'assets': 'Assets', 'liabilities': 'Liabilities', 'current_assets': 'AssetsCurrent', 'current_liabilities': 'LiabilitiesCurrent', 'retained_earnings': 'RetainedEarningsAccumulatedDeficit', 'liabilities_and_equity': 'LiabilitiesAndStockholdersEquity', 'equity': 'StockholdersEquity', 'ebit': 'OperatingIncomeLoss', 'revenue': 'Revenues', 'shares': 'EntityCommonStockSharesOutstanding'}"
1525221,VTOL,Bristow Group Inc.,"{'debt_st': 'DebtCurrent', 'debt_lt': 'LongTermDebtNoncurrent', 'assets': 'Assets', 'liabilities': 'Liabilities', 'current_assets': 'AssetsCurrent', 'current_liabilities': 'LiabilitiesCurrent', 'retained_earnings': 'RetainedEarningsAccumulatedDeficit', 'liabilities_and_equity': 'LiabilitiesAndStockholdersEquity', 'equity': 'StockholdersEquity', 'ebit': 'OperatingIncomeLoss', 'revenue': 'RevenueFromContractWithCustomerExcludingAssessedTax', 'shares': 'EntityCommonStockSharesOutstanding'}"
1525769,PLAY,"Dave & Buster's Entertainment, Inc.","{'debt_st': 'LongTermDebtCurrent', 'debt_lt': 'LongTermDebtNoncurrent', 'assets': 'Assets', 'liabilities': None, 'current_assets': 'AssetsCurrent', 'current_liabilities': 'LiabilitiesCurrent', 'retained_earnings': 'RetainedEarningsAccumulatedDeficit', 'liabilities_and_equity': 'LiabilitiesAndStockholdersEquity', 'equity': 'StockholdersEquity', 'ebit': 'OperatingIncomeLoss', 'revenue': 'RevenueFromContractWithCustomerExcludingAssessedTax', 'shares': 'EntityCommonStockSharesOutstanding'}"
1526520,TRIP,"TripAdvisor, Inc.","{'debt_st': 'ShortTermBorrowings', 'debt_lt': 'LongTermDebtNoncurrent', 'assets': 'Assets', 'liabilities': 'Liabilities', 'current_assets': 'AssetsCurrent', 'current_liabilities': 'LiabilitiesCurrent', 'retained_earnings': 'RetainedEarningsAccumulatedDeficit', 'liabilities_and_equity': 'LiabilitiesAndStockholdersEquity', 'equity': 'StockholdersEquity', 'ebit': 'OperatingIncomeLoss', 'revenue': 'RevenueFromContractWithCustomerExcludingAssessedTax', 'shares': 'EntityCommonStockSharesOutstanding'}"
1527190,NCMI,"National CineMedia, LLC","{'debt_st': 'LongTermDebtCurrent', 'debt_lt': 'LongTermDebtNoncurrent', 'assets': 'Assets', 'liabilities': 'Liabilities', 'current_assets': 'AssetsCurrent', 'current_liabilities': 'LiabilitiesCurrent', 'retained_earnings': None, 'liabilities_and_equity': 'LiabilitiesAndStockholdersEquity', 'equity': 'StockholdersEquity', 'ebit': 'OperatingIncomeLoss', 'revenue': 'RevenueFromContractWithCustomerExcludingAssessedTax', 'shares': 'EntityCommonStockSharesOutstanding'}"
1527508,PTVE,Pactiv Evergreen Inc.,"{'debt_st': None, 'debt_lt': 'LongTermDebtAndCapitalLeaseObligationsIncludingCurrentMaturities', 'assets': 'Assets', 'liabilities': 'Liabilities', 'current_assets': 'AssetsCurrent', 'current_liabilities': 'LiabilitiesCurrent', 'retained_earnings': 'RetainedEarningsAccumulatedDeficit', 'liabilities_and_equity': 'LiabilitiesAndStockholdersEquity', 'equity': 'StockholdersEquity', 'ebit': 'OperatingIncomeLoss', 'revenue': 'RevenueFromContractWithCustomerExcludingAssessedTax', 'shares': 'EntityCommonStockSharesOutstanding'}"
1528129,VTLE,"Vital Energy, Inc.","{'debt_st': 'ShortTermBorrowings', 'debt_lt': 'LongTermDebtNoncurrent', 'assets': 'Assets', 'liabilities': 'Liabilities', 'current_assets': 'AssetsCurrent', 'current_liabilities': 'LiabilitiesCurrent', 'retained_earnings': 'RetainedEarningsAccumulatedDeficit', 'liabilities_and_equity': 'LiabilitiesAndStockholdersEquity', 'equity': 'StockholdersEquity', 'ebit': 'OperatingIncomeLoss', 'revenue': 'RevenueFromContractWithCustomerExcludingAssessedTax', 'shares': 'EntityCommonStockSharesOutstanding'}"
1528396,GWRE,"Guidewire Software, Inc.","{'debt_st': None, 'debt_lt': 'LongTermDebt', 'assets': 'Assets', 'liabilities': 'Liabilities', 'current_assets': 'AssetsCurrent', 'current_liabilities': 'LiabilitiesCurrent', 'retained_earnings': 'RetainedEarningsAccumulatedDeficit', 'liabilities_and_equity': 'LiabilitiesAndStockholdersEquity', 'equity': 'StockholdersEquity', 'ebit': 'OperatingIncomeLoss', 'revenue': 'RevenueFromContractWithCustomerExcludingAssessedTax', 'shares': 'EntityCommonStockSharesOutstanding'}"
1528849,RH,RH,"{'debt_st': 'LongTermDebtCurrent', 'debt_lt': 'LongTermDebtNoncurrent', 'assets': 'Assets', 'liabilities': 'Liabilities', 'current_assets': 'AssetsCurrent', 'current_liabilities': 'LiabilitiesCurrent', 'retained_earnings': 'RetainedEarningsAccumulatedDeficit', 'liabilities_and_equity': 'LiabilitiesAndStockholdersEquity', 'equity': 'StockholdersEquity', 'ebit': 'OperatingIncomeLoss', 'revenue': 'RevenueFromContractWithCustomerExcludingAssessedTax', 'shares': 'EntityCommonStockSharesOutstanding'}"
1529274,ALKT,"ALKAMI TECHNOLOGY, INC.","{'debt_st': 'LongTermDebtCurrent', 'debt_lt': 'LongTermDebtNoncurrent', 'assets': 'Assets', 'liabilities': 'Liabilities', 'current_assets': 'AssetsCurrent', 'current_liabilities': 'LiabilitiesCurrent', 'retained_earnings': 'RetainedEarningsAccumulatedDeficit', 'liabilities_and_equity': 'LiabilitiesAndStockholdersEquity', 'equity': 'StockholdersEquity', 'ebit': 'OperatingIncomeLoss', 'revenue': 'RevenueFromContractWithCustomerExcludingAssessedTax', 'shares': 'EntityCommonStockSharesOutstanding'}"
1529628,SND,"Smart Sand, Inc.","{'debt_st': 'LongTermDebtCurrent', 'debt_lt': 'LongTermDebtNoncurrent', 'assets': 'Assets', 'liabilities': 'Liabilities', 'current_assets': 'AssetsCurrent', 'current_liabilities': 'LiabilitiesCurrent', 'retained_earnings': 'RetainedEarningsAccumulatedDeficit', 'liabilities_and_equity': 'LiabilitiesAndStockholdersEquity', 'equity': 'StockholdersEquity', 'ebit': 'OperatingIncomeLoss', 'revenue': 'RevenueFromContractWithCustomerExcludingAssessedTax', 'shares': 'EntityCommonStockSharesOutstanding'}"
1530721,CPRI,Capri Holdings Ltd,"{'debt_st': 'LongTermDebtCurrent', 'debt_lt': 'LongTermDebtNoncurrent', 'assets': 'Assets', 'liabilities': 'Liabilities', 'current_assets': 'AssetsCurrent', 'current_liabilities': 'LiabilitiesCurrent', 'retained_earnings': 'RetainedEarningsAccumulatedDeficit', 'liabilities_and_equity': 'LiabilitiesAndStockholdersEquity', 'equity': 'StockholdersEquity', 'ebit': 'OperatingIncomeLoss', 'revenue': 'RevenueFromContractWithCustomerExcludingAssessedTax', 'shares': 'EntityCommonStockSharesOutstanding'}"
1530804,TROX,Tronox Holdings plc,"{'debt_st': 'LongTermDebtCurrent', 'debt_lt': 'LongTermDebtNoncurrent', 'assets': 'Assets', 'liabilities': 'Liabilities', 'current_assets': 'AssetsCurrent', 'current_liabilities': 'LiabilitiesCurrent', 'retained_earnings': 'RetainedEarningsAccumulatedDeficit', 'liabilities_and_equity': 'LiabilitiesAndStockholdersEquity', 'equity': 'StockholdersEquity', 'ebit': 'OperatingIncomeLoss', 'revenue': 'RevenueFromContractWithCustomerExcludingAssessedTax', 'shares': 'EntityCommonStockSharesOutstanding'}"
1530950,POST,"Post Holdings, Inc.","{'debt_st': 'LongTermDebtCurrent', 'debt_lt': 'LongTermDebtNoncurrent', 'assets': 'Assets', 'liabilities': 'Liabilities', 'current_assets': 'AssetsCurrent', 'current_liabilities': 'LiabilitiesCurrent', 'retained_earnings': 'RetainedEarningsAccumulatedDeficit', 'liabilities_and_equity': 'LiabilitiesAndStockholdersEquity', 'equity': 'StockholdersEquity', 'ebit': 'OperatingIncomeLoss', 'revenue': 'Revenues', 'shares': 'EntityCommonStockSharesOutstanding'}"
1531152,BJ,"BJ's Wholesale Club Holdings, Inc.","{'debt_st': 'DebtCurrent', 'debt_lt': 'LongTermDebtNoncurrent', 'assets': 'Assets', 'liabilities': 'Liabilities', 'current_assets': 'AssetsCurrent', 'current_liabilities': 'LiabilitiesCurrent', 'retained_earnings': 'RetainedEarningsAccumulatedDeficit', 'liabilities_and_equity': 'LiabilitiesAndStockholdersEquity', 'equity': 'StockholdersEquity', 'ebit': 'OperatingIncomeLoss', 'revenue': 'RevenueFromContractWithCustomerExcludingAssessedTax', 'shares': 'EntityCommonStockSharesOutstanding'}"
1532961,NVEE,"NV5 Global, Inc.","{'debt_st': 'LongTermDebtCurrent', 'debt_lt': 'LongTermDebtNoncurrent', 'assets': 'Assets', 'liabilities': 'Liabilities', 'current_assets': 'AssetsCurrent', 'current_liabilities': 'LiabilitiesCurrent', 'retained_earnings': 'RetainedEarningsAccumulatedDeficit', 'liabilities_and_equity': 'LiabilitiesAndStockholdersEquity', 'equity': 'StockholdersEquity', 'ebit': 'IncomeLossFromContinuingOperationsBeforeIncomeTaxesExtraordinaryItemsNoncontrollingInterest', 'revenue': 'RevenueFromContractWithCustomerExcludingAssessedTax', 'shares': 'EntityCommonStockSharesOutstanding'}"
1534254,CION,CION Investment Corp,"{'debt_st': None, 'debt_lt': 'LongTermDebt', 'assets': 'Assets', 'liabilities': 'Liabilities', 'current_assets': None, 'current_liabilities': None, 'retained_earnings': 'RetainedEarningsAccumulatedDeficit', 'liabilities_and_equity': 'LiabilitiesAndStockholdersEquity', 'equity': 'StockholdersEquity', 'ebit': None, 'revenue': None, 'shares': 'EntityCommonStockSharesOutstanding'}"
1534675,TGLS,Tecnoglass Holdings Inc.,"{'debt_st': 'DebtCurrent', 'debt_lt': 'LongTermDebtNoncurrent', 'assets': 'Assets', 'liabilities': 'Liabilities', 'current_assets': 'AssetsCurrent', 'current_liabilities': 'LiabilitiesCurrent', 'retained_earnings': 'RetainedEarningsAccumulatedDeficit', 'liabilities_and_equity': 'LiabilitiesAndStockholdersEquity', 'equity': 'StockholdersEquity', 'ebit': 'OperatingIncomeLoss', 'revenue': 'RevenueFromContractWithCustomerExcludingAssessedTax', 'shares': 'EntityCommonStockSharesOutstanding'}"
1534701,PSX,Phillips 66,"{'debt_st': 'DebtCurrent', 'debt_lt': 'LongTermDebtAndCapitalLeaseObligations', 'assets': 'Assets', 'liabilities': 'Liabilities', 'current_assets': 'AssetsCurrent', 'current_liabilities': 'LiabilitiesCurrent', 'retained_earnings': 'RetainedEarningsAccumulatedDeficit', 'liabilities_and_equity': 'LiabilitiesAndStockholdersEquity', 'equity': 'StockholdersEquity', 'ebit': 'IncomeLossFromContinuingOperationsBeforeIncomeTaxesExtraordinaryItemsNoncontrollingInterest', 'revenue': 'RevenueFromContractWithCustomerExcludingAssessedTax', 'shares': 'EntityCommonStockSharesOutstanding'}"
1535527,CRWD,"CrowdStrike Holdings, Inc.","{'debt_st': None, 'debt_lt': 'LongTermDebtNoncurrent', 'assets': 'Assets', 'liabilities': 'Liabilities', 'current_assets': 'AssetsCurrent', 'current_liabilities': 'LiabilitiesCurrent', 'retained_earnings': 'RetainedEarningsAccumulatedDeficit', 'liabilities_and_equity': 'LiabilitiesAndStockholdersEquity', 'equity': 'StockholdersEquity', 'ebit': 'OperatingIncomeLoss', 'revenue': 'RevenueFromContractWithCustomerIncludingAssessedTax', 'shares': 'EntityCommonStockSharesOutstanding'}"
1535778,MSIF,"MSC INCOME FUND, INC.","{'debt_st': None, 'debt_lt': 'LongTermDebt', 'assets': 'Assets', 'liabilities': 'Liabilities', 'current_assets': None, 'current_liabilities': None, 'retained_earnings': 'RetainedEarningsAccumulatedDeficit', 'liabilities_and_equity': 'LiabilitiesAndStockholdersEquity', 'equity': 'StockholdersEquity', 'ebit': None, 'revenue': None, 'shares': 'EntityCommonStockSharesOutstanding'}"
1537054,GOGO,Gogo Inc.,"{'debt_st': 'LongTermDebtCurrent', 'debt_lt': 'LongTermDebtNoncurrent', 'assets': 'Assets', 'liabilities': 'Liabilities', 'current_assets': 'AssetsCurrent', 'current_liabilities': 'LiabilitiesCurrent', 'retained_earnings': 'RetainedEarningsAccumulatedDeficit', 'liabilities_and_equity': 'LiabilitiesAndStockholdersEquity', 'equity': 'StockholdersEquity', 'ebit': 'OperatingIncomeLoss', 'revenue': 'RevenueFromContractWithCustomerExcludingAssessedTax', 'shares': 'EntityCommonStockSharesOutstanding'}"
1538849,CAPL,CrossAmerica Partners LP,"{'debt_st': 'LongTermDebtCurrent', 'debt_lt': 'LongTermDebtNoncurrent', 'assets': 'Assets', 'liabilities': 'Liabilities', 'current_assets': 'AssetsCurrent', 'current_liabilities': 'LiabilitiesCurrent', 'retained_earnings': None, 'liabilities_and_equity': 'LiabilitiesAndStockholdersEquity', 'equity': None, 'ebit': 'OperatingIncomeLoss', 'revenue': 'Revenues', 'shares': 'EntityCommonStockSharesOutstanding'}"
1539838,FANG,"Diamondback Energy, Inc.","{'debt_st': 'DebtCurrent', 'debt_lt': 'LongTermDebtNoncurrent', 'assets': 'Assets', 'liabilities': 'Liabilities', 'current_assets': 'AssetsCurrent', 'current_liabilities': 'LiabilitiesCurrent', 'retained_earnings': 'RetainedEarningsAccumulatedDeficit', 'liabilities_and_equity': 'LiabilitiesAndStockholdersEquity', 'equity': 'StockholdersEquity', 'ebit': 'OperatingIncomeLoss', 'revenue': 'RevenueFromContractWithCustomerExcludingAssessedTax', 'shares': 'EntityCommonStockSharesOutstanding'}"
1543151,UBER,"Uber Technologies, Inc","{'debt_st': 'LongTermDebtCurrent', 'debt_lt': 'LongTermDebtNoncurrent', 'assets': 'Assets', 'liabilities': 'Liabilities', 'current_assets': 'AssetsCurrent', 'current_liabilities': 'LiabilitiesCurrent', 'retained_earnings': 'RetainedEarningsAccumulatedDeficit', 'liabilities_and_equity': 'LiabilitiesAndStockholdersEquity', 'equity': 'StockholdersEquity', 'ebit': 'OperatingIncomeLoss', 'revenue': 'Revenues', 'shares': 'EntityCommonStockSharesOutstanding'}"
1544206,CGBD,"Carlyle Secured Lending, Inc.","{'debt_st': None, 'debt_lt': 'LongTermDebt', 'assets': 'Assets', 'liabilities': 'Liabilities', 'current_assets': None, 'current_liabilities': None, 'retained_earnings': 'RetainedEarningsAccumulatedDeficit', 'liabilities_and_equity': None, 'equity': 'StockholdersEquity', 'ebit': None, 'revenue': None, 'shares': 'EntityCommonStockSharesOutstanding'}"
1546417,BLMN,"Bloomin' Brands, Inc.","{'debt_st': 'LongTermDebtCurrent', 'debt_lt': 'LongTermDebtAndCapitalLeaseObligations', 'assets': 'Assets', 'liabilities': 'Liabilities', 'current_assets': 'AssetsCurrent', 'current_liabilities': 'LiabilitiesCurrent', 'retained_earnings': 'RetainedEarningsAccumulatedDeficit', 'liabilities_and_equity': 'LiabilitiesAndStockholdersEquity', 'equity': 'StockholdersEquity', 'ebit': 'OperatingIncomeLoss', 'revenue': 'RevenueFromContractWithCustomerExcludingAssessedTax', 'shares': 'EntityCommonStockSharesOutstanding'}"
1547459,NGVC,"Natural Grocers by Vitamin Cottage, Inc.","{'debt_st': 'LongTermDebtCurrent', 'debt_lt': 'LongTermDebtNoncurrent', 'assets': 'Assets', 'liabilities': 'Liabilities', 'current_assets': 'AssetsCurrent', 'current_liabilities': 'LiabilitiesCurrent', 'retained_earnings': 'RetainedEarningsAccumulatedDeficit', 'liabilities_and_equity': 'LiabilitiesAndStockholdersEquity', 'equity': 'StockholdersEquity', 'ebit': 'OperatingIncomeLoss', 'revenue': 'RevenueFromContractWithCustomerExcludingAssessedTax', 'shares': 'EntityCommonStockSharesOutstanding'}"
1549346,SSTK,"Shutterstock, Inc.","{'debt_st': 'LongTermDebtCurrent', 'debt_lt': 'LongTermDebtNoncurrent', 'assets': 'Assets', 'liabilities': 'Liabilities', 'current_assets': 'AssetsCurrent', 'current_liabilities': 'LiabilitiesCurrent', 'retained_earnings': 'RetainedEarningsAccumulatedDeficit', 'liabilities_and_equity': 'LiabilitiesAndStockholdersEquity', 'equity': 'StockholdersEquity', 'ebit': 'OperatingIncomeLoss', 'revenue': 'RevenueFromContractWithCustomerExcludingAssessedTax', 'shares': 'EntityCommonStockSharesOutstanding'}"
1551152,ABBV,AbbVie Inc.,"{'debt_st': 'ShortTermBorrowings', 'debt_lt': 'LongTermDebtAndCapitalLeaseObligations', 'assets': 'Assets', 'liabilities': None, 'current_assets': 'AssetsCurrent', 'current_liabilities': 'LiabilitiesCurrent', 'retained_earnings': 'RetainedEarningsAccumulatedDeficit', 'liabilities_and_equity': 'LiabilitiesAndStockholdersEquity', 'equity': 'StockholdersEquity', 'ebit': 'OperatingIncomeLoss', 'revenue': 'RevenueFromContractWithCustomerExcludingAssessedTax', 'shares': 'EntityCommonStockSharesOutstanding'}"
1551182,ETN,Eaton Corp plc,"{'debt_st': 'ShortTermBorrowings', 'debt_lt': 'LongTermDebtNoncurrent', 'assets': 'Assets', 'liabilities': None, 'current_assets': 'AssetsCurrent', 'current_liabilities': 'LiabilitiesCurrent', 'retained_earnings': 'RetainedEarningsAccumulatedDeficit', 'liabilities_and_equity': 'LiabilitiesAndStockholdersEquity', 'equity': 'StockholdersEquity', 'ebit': 'OperatingIncomeLoss', 'revenue': 'RevenueFromContractWithCustomerExcludingAssessedTax', 'shares': 'EntityCommonStockSharesOutstanding'}"
1551306,PGNY,"Progyny, Inc.","{'debt_st': 'ShortTermBorrowings', 'debt_lt': None, 'assets': 'Assets', 'liabilities': 'Liabilities', 'current_assets': 'AssetsCurrent', 'current_liabilities': 'LiabilitiesCurrent', 'retained_earnings': 'RetainedEarningsAccumulatedDeficit', 'liabilities_and_equity': 'LiabilitiesAndStockholdersEquity', 'equity': 'StockholdersEquity', 'ebit': 'OperatingIncomeLoss', 'revenue': 'RevenueFromContractWithCustomerExcludingAssessedTax', 'shares': 'EntityCommonStockSharesOutstanding'}"
1552000,MPLX,MPLX LP,"{'debt_st': 'DebtCurrent', 'debt_lt': 'LongTermDebtAndCapitalLeaseObligations', 'assets': 'Assets', 'liabilities': 'Liabilities', 'current_assets': 'AssetsCurrent', 'current_liabilities': 'LiabilitiesCurrent', 'retained_earnings': None, 'liabilities_and_equity': 'LiabilitiesAndStockholdersEquity', 'equity': 'StockholdersEquity', 'ebit': 'OperatingIncomeLoss', 'revenue': 'RevenueFromContractWithCustomerExcludingAssessedTax', 'shares': 'EntityCommonStockSharesOutstanding'}"
1552033,TRU,TransUnion,"{'debt_st': 'DebtCurrent', 'debt_lt': 'LongTermDebtNoncurrent', 'assets': 'Assets', 'liabilities': 'Liabilities', 'current_assets': 'AssetsCurrent', 'current_liabilities': 'LiabilitiesCurrent', 'retained_earnings': 'RetainedEarningsAccumulatedDeficit', 'liabilities_and_equity': 'LiabilitiesAndStockholdersEquity', 'equity': 'StockholdersEquity', 'ebit': 'OperatingIncomeLoss', 'revenue': 'RevenueFromContractWithCustomerExcludingAssessedTax', 'shares': 'EntityCommonStockSharesOutstanding'}"
1552198,WHF,"WhiteHorse Finance, Inc.","{'debt_st': None, 'debt_lt': 'LongTermDebt', 'assets': 'Assets', 'liabilities': 'Liabilities', 'current_assets': None, 'current_liabilities': None, 'retained_earnings': 'RetainedEarningsAccumulatedDeficit', 'liabilities_and_equity': 'LiabilitiesAndStockholdersEquity', 'equity': 'StockholdersEquity', 'ebit': None, 'revenue': None, 'shares': 'EntityCommonStockSharesOutstanding'}"
1552797,DKL,"Delek Logistics Partners, LP","{'debt_st': 'LongTermDebtCurrent', 'debt_lt': 'LongTermDebtNoncurrent', 'assets': 'Assets', 'liabilities': None, 'current_assets': 'AssetsCurrent', 'current_liabilities': 'LiabilitiesCurrent', 'retained_earnings': None, 'liabilities_and_equity': 'LiabilitiesAndStockholdersEquity', 'equity': None, 'ebit': 'OperatingIncomeLoss', 'revenue': 'RevenueFromContractWithCustomerExcludingAssessedTax', 'shares': 'EntityCommonStockSharesOutstanding'}"
1554859,SMLR,"Semler Scientific, Inc.","{'debt_st': 'ShortTermBorrowings', 'debt_lt': 'LongTermDebt', 'assets': 'Assets', 'liabilities': None, 'current_assets': 'AssetsCurrent', 'current_liabilities': 'LiabilitiesCurrent', 'retained_earnings': 'RetainedEarningsAccumulatedDeficit', 'liabilities_and_equity': 'LiabilitiesAndStockholdersEquity', 'equity': 'StockholdersEquity', 'ebit': 'OperatingIncomeLoss', 'revenue': 'RevenueFromContractWithCustomerExcludingAssessedTax', 'shares': 'EntityCommonStockSharesOutstanding'}"
1555280,ZTS,Zoetis Inc.,"{'debt_st': 'DebtCurrent', 'debt_lt': 'LongTermDebtNoncurrent', 'assets': 'Assets', 'liabilities': 'Liabilities', 'current_assets': 'AssetsCurrent', 'current_liabilities': 'LiabilitiesCurrent', 'retained_earnings': 'RetainedEarningsAccumulatedDeficit', 'liabilities_and_equity': 'LiabilitiesAndStockholdersEquity', 'equity': 'StockholdersEquity', 'ebit': 'IncomeLossFromContinuingOperationsBeforeIncomeTaxesExtraordinaryItemsNoncontrollingInterest', 'revenue': 'Revenues', 'shares': 'EntityCommonStockSharesOutstanding'}"
1556266,BYU,"BAIYU Holdings, Inc.","{'debt_st': 'ShortTermBorrowings', 'debt_lt': None, 'assets': 'Assets', 'liabilities': 'Liabilities', 'current_assets': 'AssetsCurrent', 'current_liabilities': 'LiabilitiesCurrent', 'retained_earnings': 'RetainedEarningsAccumulatedDeficit', 'liabilities_and_equity': 'LiabilitiesAndStockholdersEquity', 'equity': 'StockholdersEquity', 'ebit': 'IncomeLossFromContinuingOperationsBeforeIncomeTaxesExtraordinaryItemsNoncontrollingInterest', 'revenue': 'Revenues', 'shares': 'EntityCommonStockSharesOutstanding'}"
1559432,TXO,"TXO Partners, L.P.","{'debt_st': None, 'debt_lt': 'LongTermDebt', 'assets': 'Assets', 'liabilities': None, 'current_assets': 'AssetsCurrent', 'current_liabilities': 'LiabilitiesCurrent', 'retained_earnings': None, 'liabilities_and_equity': 'LiabilitiesAndStockholdersEquity', 'equity': None, 'ebit': 'OperatingIncomeLoss', 'revenue': 'RevenueFromContractWithCustomerExcludingAssessedTax', 'shares': 'EntityCommonStockSharesOutstanding'}"
1559865,EVTC,"EVERTEC, Inc.","{'debt_st': 'LongTermDebtCurrent', 'debt_lt': 'LongTermDebtNoncurrent', 'assets': 'Assets', 'liabilities': 'Liabilities', 'current_assets': 'AssetsCurrent', 'current_liabilities': 'LiabilitiesCurrent', 'retained_earnings': 'RetainedEarningsAccumulatedDeficit', 'liabilities_and_equity': 'LiabilitiesAndStockholdersEquity', 'equity': 'StockholdersEquity', 'ebit': 'OperatingIncomeLoss', 'revenue': 'RevenueFromContractWithCustomerExcludingAssessedTax', 'shares': 'EntityCommonStockSharesOutstanding'}"
1560327,RPD,"Rapid7, Inc.","{'debt_st': 'LongTermDebtCurrent', 'debt_lt': 'LongTermDebtNoncurrent', 'assets': 'Assets', 'liabilities': 'Liabilities', 'current_assets': 'AssetsCurrent', 'current_liabilities': 'LiabilitiesCurrent', 'retained_earnings': 'RetainedEarningsAccumulatedDeficit', 'liabilities_and_equity': 'LiabilitiesAndStockholdersEquity', 'equity': 'StockholdersEquity', 'ebit': 'OperatingIncomeLoss', 'revenue': 'RevenueFromContractWithCustomerExcludingAssessedTax', 'shares': 'EntityCommonStockSharesOutstanding'}"
1561680,TPH,"Tri Pointe Homes, Inc.","{'debt_st': 'ShortTermBorrowings', 'debt_lt': 'LongTermDebt', 'assets': 'Assets', 'liabilities': 'Liabilities', 'current_assets': None, 'current_liabilities': None, 'retained_earnings': 'RetainedEarningsAccumulatedDeficit', 'liabilities_and_equity': 'LiabilitiesAndStockholdersEquity', 'equity': 'StockholdersEquity', 'ebit': 'OperatingIncomeLoss', 'revenue': 'RevenueFromContractWithCustomerExcludingAssessedTax', 'shares': 'EntityCommonStockSharesOutstanding'}"
1562476,TMHC,Taylor Morrison Home Corp,"{'debt_st': None, 'debt_lt': 'LongTermDebt', 'assets': 'Assets', 'liabilities': 'Liabilities', 'current_assets': None, 'current_liabilities': None, 'retained_earnings': 'RetainedEarningsAccumulatedDeficit', 'liabilities_and_equity': 'LiabilitiesAndStockholdersEquity', 'equity': 'StockholdersEquity', 'ebit': 'IncomeLossFromContinuingOperationsBeforeIncomeTaxesExtraordinaryItemsNoncontrollingInterest', 'revenue': 'RevenueFromContractWithCustomerExcludingAssessedTax', 'shares': 'EntityCommonStockSharesOutstanding'}"
1563411,CSTM,CONSTELLIUM SE,"{'debt_st': 'DebtCurrent', 'debt_lt': 'LongTermDebtAndCapitalLeaseObligationsIncludingCurrentMaturities', 'assets': 'Assets', 'liabilities': 'Liabilities', 'current_assets': 'AssetsCurrent', 'current_liabilities': 'LiabilitiesCurrent', 'retained_earnings': 'RetainedEarningsAccumulatedDeficit', 'liabilities_and_equity': 'LiabilitiesAndStockholdersEquity', 'equity': 'StockholdersEquity', 'ebit': 'IncomeLossFromContinuingOperationsBeforeIncomeTaxesExtraordinaryItemsNoncontrollingInterest', 'revenue': 'RevenueFromContractWithCustomerExcludingAssessedTax', 'shares': 'EntityCommonStockSharesOutstanding'}"
1564180,KNOP,KNOT Offshore Partners LP,"{'debt_st': 'DebtCurrent', 'debt_lt': 'LongTermDebtNoncurrent', 'assets': 'Assets', 'liabilities': 'Liabilities', 'current_assets': 'AssetsCurrent', 'current_liabilities': 'LiabilitiesCurrent', 'retained_earnings': None, 'liabilities_and_equity': 'LiabilitiesAndStockholdersEquity', 'equity': 'StockholdersEquityIncludingPortionAttributableToNoncontrollingInterest', 'ebit': 'OperatingIncomeLoss', 'revenue': 'RevenueFromContractWithCustomerExcludingAssessedTax', 'shares': 'EntityCommonStockSharesOutstanding'}"
1564902,PRKS,United Parks & Resorts Inc.,"{'debt_st': 'LongTermDebtCurrent', 'debt_lt': 'LongTermDebtNoncurrent', 'assets': 'Assets', 'liabilities': 'Liabilities', 'current_assets': 'AssetsCurrent', 'current_liabilities': 'LiabilitiesCurrent', 'retained_earnings': 'RetainedEarningsAccumulatedDeficit', 'liabilities_and_equity': 'LiabilitiesAndStockholdersEquity', 'equity': 'StockholdersEquity', 'ebit': 'OperatingIncomeLoss', 'revenue': 'RevenueFromContractWithCustomerExcludingAssessedTax', 'shares': 'EntityCommonStockSharesOutstanding'}"
1565687,INTA,"Intapp, Inc.","{'debt_st': None, 'debt_lt': 'LongTermDebt', 'assets': 'Assets', 'liabilities': 'Liabilities', 'current_assets': 'AssetsCurrent', 'current_liabilities': 'LiabilitiesCurrent', 'retained_earnings': 'RetainedEarningsAccumulatedDeficit', 'liabilities_and_equity': 'LiabilitiesAndStockholdersEquity', 'equity': 'StockholdersEquity', 'ebit': 'OperatingIncomeLoss', 'revenue': 'RevenueFromContractWithCustomerExcludingAssessedTax', 'shares': 'EntityCommonStockSharesOutstanding'}"
1567094,CNH,CNH Industrial N.V.,"{'debt_st': None, 'debt_lt': 'LongTermDebt', 'assets': 'Assets', 'liabilities': 'Liabilities', 'current_assets': None, 'current_liabilities': None, 'retained_earnings': 'RetainedEarningsAccumulatedDeficit', 'liabilities_and_equity': 'LiabilitiesAndStockholdersEquity', 'equity': 'StockholdersEquityIncludingPortionAttributableToNoncontrollingInterest', 'ebit': 'OperatingIncomeLoss', 'revenue': 'RevenueFromContractWithCustomerExcludingAssessedTax', 'shares': 'EntityCommonStockSharesOutstanding'}"
1568100,PD,"PagerDuty, Inc.","{'debt_st': None, 'debt_lt': 'LongTermDebt', 'assets': 'Assets', 'liabilities': 'Liabilities', 'current_assets': 'AssetsCurrent', 'current_liabilities': 'LiabilitiesCurrent', 'retained_earnings': 'RetainedEarningsAccumulatedDeficit', 'liabilities_and_equity': 'LiabilitiesAndStockholdersEquity', 'equity': 'StockholdersEquity', 'ebit': 'OperatingIncomeLoss', 'revenue': 'RevenueFromContractWithCustomerExcludingAssessedTax', 'shares': 'EntityCommonStockSharesOutstanding'}"
1571123,SAIC,Science Applications International Corp,"{'debt_st': 'LongTermDebtCurrent', 'debt_lt': 'LongTermDebtNoncurrent', 'assets': 'Assets', 'liabilities': None, 'current_assets': 'AssetsCurrent', 'current_liabilities': 'LiabilitiesCurrent', 'retained_earnings': 'RetainedEarningsAccumulatedDeficit', 'liabilities_and_equity': 'LiabilitiesAndStockholdersEquity', 'equity': 'StockholdersEquity', 'ebit': 'OperatingIncomeLoss', 'revenue': 'RevenueFromContractWithCustomerExcludingAssessedTax', 'shares': 'EntityCommonStockSharesOutstanding'}"
1572694,GSBD,"Goldman Sachs BDC, Inc.","{'debt_st': None, 'debt_lt': 'LongTermDebt', 'assets': 'Assets', 'liabilities': 'Liabilities', 'current_assets': None, 'current_liabilities': None, 'retained_earnings': 'RetainedEarningsAccumulatedDeficit', 'liabilities_and_equity': 'LiabilitiesAndStockholdersEquity', 'equity': 'StockholdersEquity', 'ebit': None, 'revenue': None, 'shares': 'EntityCommonStockSharesOutstanding'}"
1573221,REAL,"TheRealReal, Inc.","{'debt_st': 'LongTermDebtCurrent', 'debt_lt': 'LongTermDebtNoncurrent', 'assets': 'Assets', 'liabilities': 'Liabilities', 'current_assets': 'AssetsCurrent', 'current_liabilities': 'LiabilitiesCurrent', 'retained_earnings': 'RetainedEarningsAccumulatedDeficit', 'liabilities_and_equity': 'LiabilitiesAndStockholdersEquity', 'equity': 'StockholdersEquity', 'ebit': 'OperatingIncomeLoss', 'revenue': 'RevenueFromContractWithCustomerExcludingAssessedTax', 'shares': 'EntityCommonStockSharesOutstanding'}"
1573516,MUSA,Murphy USA Inc.,"{'debt_st': 'LongTermDebtCurrent', 'debt_lt': 'LongTermDebtNoncurrent', 'assets': 'Assets', 'liabilities': 'Liabilities', 'current_assets': 'AssetsCurrent', 'current_liabilities': 'LiabilitiesCurrent', 'retained_earnings': 'RetainedEarningsAccumulatedDeficit', 'liabilities_and_equity': 'LiabilitiesAndStockholdersEquity', 'equity': 'StockholdersEquity', 'ebit': 'OperatingIncomeLoss', 'revenue': 'Revenues', 'shares': 'EntityCommonStockSharesOutstanding'}"
1575515,SFM,"Sprouts Farmers Market, Inc.","{'debt_st': 'LongTermDebtCurrent', 'debt_lt': 'LongTermDebtNoncurrent', 'assets': 'Assets', 'liabilities': 'Liabilities', 'current_assets': 'AssetsCurrent', 'current_liabilities': 'LiabilitiesCurrent', 'retained_earnings': 'RetainedEarningsAccumulatedDeficit', 'liabilities_and_equity': 'LiabilitiesAndStockholdersEquity', 'equity': 'StockholdersEquity', 'ebit': 'OperatingIncomeLoss', 'revenue': 'RevenueFromContractWithCustomerExcludingAssessedTax', 'shares': 'EntityCommonStockSharesOutstanding'}"
1576280,GH,"Guardant Health, Inc.","{'debt_st': None, 'debt_lt': 'LongTermDebt', 'assets': 'Assets', 'liabilities': 'Liabilities', 'current_assets': 'AssetsCurrent', 'current_liabilities': 'LiabilitiesCurrent', 'retained_earnings': 'RetainedEarningsAccumulatedDeficit', 'liabilities_and_equity': 'LiabilitiesAndStockholdersEquity', 'equity': 'StockholdersEquity', 'ebit': 'OperatingIncomeLoss', 'revenue': 'RevenueFromContractWithCustomerExcludingAssessedTax', 'shares': 'EntityCommonStockSharesOutstanding'}"
1577437,ASC,Ardmore Shipping Corp,"{'debt_st': 'LongTermDebtCurrent', 'debt_lt': 'LongTermDebtNoncurrent', 'assets': 'Assets', 'liabilities': 'Liabilities', 'current_assets': 'AssetsCurrent', 'current_liabilities': 'LiabilitiesCurrent', 'retained_earnings': 'RetainedEarningsAccumulatedDeficit', 'liabilities_and_equity': 'LiabilitiesAndStockholdersEquity', 'equity': 'StockholdersEquity', 'ebit': 'OperatingIncomeLoss', 'revenue': 'Revenues', 'shares': 'EntityCommonStockSharesOutstanding'}"
1577916,PINC,"Premier, Inc.","{'debt_st': 'LongTermDebtCurrent', 'debt_lt': 'LongTermDebtNoncurrent', 'assets': 'Assets', 'liabilities': 'Liabilities', 'current_assets': 'AssetsCurrent', 'current_liabilities': 'LiabilitiesCurrent', 'retained_earnings': 'RetainedEarningsAccumulatedDeficit', 'liabilities_and_equity': 'LiabilitiesAndStockholdersEquity', 'equity': 'StockholdersEquity', 'ebit': 'OperatingIncomeLoss', 'revenue': 'RevenueFromContractWithCustomerExcludingAssessedTax', 'shares': 'EntityCommonStockSharesOutstanding'}"
1579157,VNCE,VINCE HOLDING CORP.,"{'debt_st': 'LongTermDebtCurrent', 'debt_lt': 'LongTermDebtNoncurrent', 'assets': 'Assets', 'liabilities': None, 'current_assets': 'AssetsCurrent', 'current_liabilities': 'LiabilitiesCurrent', 'retained_earnings': 'RetainedEarningsAccumulatedDeficit', 'liabilities_and_equity': 'LiabilitiesAndStockholdersEquity', 'equity': 'StockholdersEquity', 'ebit': 'OperatingIncomeLoss', 'revenue': 'RevenueFromContractWithCustomerExcludingAssessedTax', 'shares': 'EntityCommonStockSharesOutstanding'}"
1579214,EEX,"Emerald Holding, Inc.","{'debt_st': None, 'debt_lt': 'LongTermDebt', 'assets': 'Assets', 'liabilities': 'Liabilities', 'current_assets': 'AssetsCurrent', 'current_liabilities': 'LiabilitiesCurrent', 'retained_earnings': 'RetainedEarningsAccumulatedDeficit', 'liabilities_and_equity': 'LiabilitiesAndStockholdersEquity', 'equity': 'StockholdersEquity', 'ebit': 'OperatingIncomeLoss', 'revenue': 'RevenueFromContractWithCustomerExcludingAssessedTax', 'shares': 'EntityCommonStockSharesOutstanding'}"
1579241,ALLE,Allegion plc,"{'debt_st': 'DebtCurrent', 'debt_lt': 'LongTermDebtNoncurrent', 'assets': 'Assets', 'liabilities': 'Liabilities', 'current_assets': 'AssetsCurrent', 'current_liabilities': 'LiabilitiesCurrent', 'retained_earnings': 'RetainedEarningsAccumulatedDeficit', 'liabilities_and_equity': 'LiabilitiesAndStockholdersEquity', 'equity': 'StockholdersEquity', 'ebit': 'OperatingIncomeLoss', 'revenue': 'RevenueFromContractWithCustomerExcludingAssessedTax', 'shares': 'EntityCommonStockSharesOutstanding'}"
1579298,BURL,"Burlington Stores, Inc.","{'debt_st': 'LongTermDebtCurrent', 'debt_lt': 'LongTermDebtNoncurrent', 'assets': 'Assets', 'liabilities': None, 'current_assets': 'AssetsCurrent', 'current_liabilities': 'LiabilitiesCurrent', 'retained_earnings': 'RetainedEarningsAccumulatedDeficit', 'liabilities_and_equity': 'LiabilitiesAndStockholdersEquity', 'equity': 'StockholdersEquity', 'ebit': 'IncomeLossFromContinuingOperationsBeforeIncomeTaxesExtraordinaryItemsNoncontrollingInterest', 'revenue': 'RevenueFromContractWithCustomerExcludingAssessedTax', 'shares': 'EntityCommonStockSharesOutstanding'}"
1579428,AXSM,"Axsome Therapeutics, Inc.","{'debt_st': 'LongTermDebtCurrent', 'debt_lt': 'LongTermDebtNoncurrent', 'assets': 'Assets', 'liabilities': 'Liabilities', 'current_assets': 'AssetsCurrent', 'current_liabilities': 'LiabilitiesCurrent', 'retained_earnings': 'RetainedEarningsAccumulatedDeficit', 'liabilities_and_equity': 'LiabilitiesAndStockholdersEquity', 'equity': 'StockholdersEquity', 'ebit': 'OperatingIncomeLoss', 'revenue': 'RevenueFromContractWithCustomerExcludingAssessedTax', 'shares': 'EntityCommonStockSharesOutstanding'}"
1579684,TDAY,"USA TODAY Co., Inc.","{'debt_st': 'DebtCurrent', 'debt_lt': 'LongTermDebtNoncurrent', 'assets': 'Assets', 'liabilities': 'Liabilities', 'current_assets': 'AssetsCurrent', 'current_liabilities': 'LiabilitiesCurrent', 'retained_earnings': 'RetainedEarningsAccumulatedDeficit', 'liabilities_and_equity': 'LiabilitiesAndStockholdersEquity', 'equity': 'StockholdersEquity', 'ebit': 'OperatingIncomeLoss', 'revenue': 'RevenueFromContractWithCustomerExcludingAssessedTax', 'shares': 'EntityCommonStockSharesOutstanding'}"
1579733,VITL,"Vital Farms, Inc.","{'debt_st': 'LongTermDebtCurrent', 'debt_lt': 'LongTermDebtNoncurrent', 'assets': 'Assets', 'liabilities': 'Liabilities', 'current_assets': 'AssetsCurrent', 'current_liabilities': 'LiabilitiesCurrent', 'retained_earnings': 'RetainedEarningsAccumulatedDeficit', 'liabilities_and_equity': 'LiabilitiesAndStockholdersEquity', 'equity': 'StockholdersEquity', 'ebit': 'OperatingIncomeLoss', 'revenue': 'RevenueFromContractWithCustomerExcludingAssessedTax', 'shares': 'EntityCommonStockSharesOutstanding'}"
1580345,TPVG,TriplePoint Venture Growth BDC Corp.,"{'debt_st': None, 'debt_lt': 'LongTermDebt', 'assets': 'Assets', 'liabilities': 'Liabilities', 'current_assets': None, 'current_liabilities': None, 'retained_earnings': 'RetainedEarningsAccumulatedDeficit', 'liabilities_and_equity': 'LiabilitiesAndStockholdersEquity', 'equity': 'StockholdersEquity', 'ebit': None, 'revenue': None, 'shares': 'EntityCommonStockSharesOutstanding'}"
1580670,LGIH,"LGI Homes, Inc.","{'debt_st': None, 'debt_lt': 'LongTermDebt', 'assets': 'Assets', 'liabilities': 'Liabilities', 'current_assets': None, 'current_liabilities': None, 'retained_earnings': 'RetainedEarningsAccumulatedDeficit', 'liabilities_and_equity': 'LiabilitiesAndStockholdersEquity', 'equity': 'StockholdersEquity', 'ebit': 'OperatingIncomeLoss', 'revenue': 'Revenues', 'shares': 'EntityCommonStockSharesOutstanding'}"
1580808,ATEN,"A10 Networks, Inc.","{'debt_st': 'LongTermDebtCurrent', 'debt_lt': 'LongTermDebt', 'assets': 'Assets', 'liabilities': 'Liabilities', 'current_assets': 'AssetsCurrent', 'current_liabilities': 'LiabilitiesCurrent', 'retained_earnings': 'RetainedEarningsAccumulatedDeficit', 'liabilities_and_equity': 'LiabilitiesAndStockholdersEquity', 'equity': 'StockholdersEquity', 'ebit': 'OperatingIncomeLoss', 'revenue': 'RevenueFromContractWithCustomerExcludingAssessedTax', 'shares': 'EntityCommonStockSharesOutstanding'}"
1580864,VRM,"Vroom, Inc.","{'debt_st': 'LongTermDebtCurrent', 'debt_lt': 'LongTermDebtNoncurrent', 'assets': 'Assets', 'liabilities': 'Liabilities', 'current_assets': 'AssetsCurrent', 'current_liabilities': 'LiabilitiesCurrent', 'retained_earnings': 'RetainedEarningsAccumulatedDeficit', 'liabilities_and_equity': 'LiabilitiesAndStockholdersEquity', 'equity': 'StockholdersEquity', 'ebit': 'OperatingIncomeLoss', 'revenue': 'RevenueFromContractWithCustomerExcludingAssessedTax', 'shares': 'EntityCommonStockSharesOutstanding'}"
1580905,IBP,"Installed Building Products, Inc.","{'debt_st': 'LongTermDebtCurrent', 'debt_lt': 'LongTermDebtNoncurrent', 'assets': 'Assets', 'liabilities': 'Liabilities', 'current_assets': 'AssetsCurrent', 'current_liabilities': 'LiabilitiesCurrent', 'retained_earnings': 'RetainedEarningsAccumulatedDeficit', 'liabilities_and_equity': 'LiabilitiesAndStockholdersEquity', 'equity': 'StockholdersEquity', 'ebit': 'OperatingIncomeLoss', 'revenue': 'RevenueFromContractWithCustomerExcludingAssessedTax', 'shares': 'EntityCommonStockSharesOutstanding'}"
1581280,TWST,Twist Bioscience Corp,"{'debt_st': 'LongTermDebtCurrent', 'debt_lt': 'LongTermDebtNoncurrent', 'assets': 'Assets', 'liabilities': 'Liabilities', 'current_assets': 'AssetsCurrent', 'current_liabilities': 'LiabilitiesCurrent', 'retained_earnings': 'RetainedEarningsAccumulatedDeficit', 'liabilities_and_equity': 'LiabilitiesAndStockholdersEquity', 'equity': 'StockholdersEquity', 'ebit': 'OperatingIncomeLoss', 'revenue': 'RevenueFromContractWithCustomerIncludingAssessedTax', 'shares': 'EntityCommonStockSharesOutstanding'}"
1581760,LIF,"Life360, Inc.","{'debt_st': None, 'debt_lt': 'LongTermDebt', 'assets': 'Assets', 'liabilities': 'Liabilities', 'current_assets': 'AssetsCurrent', 'current_liabilities': 'LiabilitiesCurrent', 'retained_earnings': 'RetainedEarningsAccumulatedDeficit', 'liabilities_and_equity': 'LiabilitiesAndStockholdersEquity', 'equity': 'StockholdersEquity', 'ebit': 'OperatingIncomeLoss', 'revenue': 'RevenueFromContractWithCustomerExcludingAssessedTax', 'shares': 'EntityCommonStockSharesOutstanding'}"
1581804,NVGS,Navigator Holdings Ltd.,"{'debt_st': 'LongTermDebtCurrent', 'debt_lt': 'LongTermDebtNoncurrent', 'assets': 'Assets', 'liabilities': 'Liabilities', 'current_assets': 'AssetsCurrent', 'current_liabilities': 'LiabilitiesCurrent', 'retained_earnings': 'RetainedEarningsAccumulatedDeficit', 'liabilities_and_equity': 'LiabilitiesAndStockholdersEquity', 'equity': 'StockholdersEquity', 'ebit': 'OperatingIncomeLoss', 'revenue': 'Revenues', 'shares': 'EntityCommonStockSharesOutstanding'}"
1581990,PAGP,PLAINS GP HOLDINGS LP,"{'debt_st': 'DebtCurrent', 'debt_lt': 'LongTermDebtAndCapitalLeaseObligations', 'assets': 'Assets', 'liabilities': None, 'current_assets': 'AssetsCurrent', 'current_liabilities': 'LiabilitiesCurrent', 'retained_earnings': None, 'liabilities_and_equity': 'LiabilitiesAndStockholdersEquity', 'equity': 'StockholdersEquityIncludingPortionAttributableToNoncontrollingInterest', 'ebit': 'OperatingIncomeLoss', 'revenue': 'Revenues', 'shares': 'EntityCommonStockSharesOutstanding'}"
1582313,XENE,Xenon Pharmaceuticals Inc.,"{'debt_st': 'LongTermDebtCurrent', 'debt_lt': 'LongTermDebtNoncurrent', 'assets': 'Assets', 'liabilities': 'Liabilities', 'current_assets': 'AssetsCurrent', 'current_liabilities': 'LiabilitiesCurrent', 'retained_earnings': 'RetainedEarningsAccumulatedDeficit', 'liabilities_and_equity': 'LiabilitiesAndStockholdersEquity', 'equity': 'StockholdersEquity', 'ebit': 'OperatingIncomeLoss', 'revenue': 'RevenueFromContractWithCustomerExcludingAssessedTax', 'shares': 'EntityCommonStockSharesOutstanding'}"
1582961,DOCN,"DigitalOcean Holdings, Inc.","{'debt_st': 'LongTermDebtCurrent', 'debt_lt': 'LongTermDebtNoncurrent', 'assets': 'Assets', 'liabilities': 'Liabilities', 'current_assets': 'AssetsCurrent', 'current_liabilities': 'LiabilitiesCurrent', 'retained_earnings': 'RetainedEarningsAccumulatedDeficit', 'liabilities_and_equity': 'LiabilitiesAndStockholdersEquity', 'equity': 'StockholdersEquity', 'ebit': 'OperatingIncomeLoss', 'revenue': 'RevenueFromContractWithCustomerExcludingAssessedTax', 'shares': 'EntityCommonStockSharesOutstanding'}"
1583107,TBPH,"Theravance Biopharma, Inc.","{'debt_st': None, 'debt_lt': 'LongTermDebt', 'assets': 'Assets', 'liabilities': None, 'current_assets': 'AssetsCurrent', 'current_liabilities': 'LiabilitiesCurrent', 'retained_earnings': 'RetainedEarningsAccumulatedDeficit', 'liabilities_and_equity': 'LiabilitiesAndStockholdersEquity', 'equity': 'StockholdersEquity', 'ebit': 'OperatingIncomeLoss', 'revenue': 'RevenueFromContractWithCustomerExcludingAssessedTax', 'shares': 'EntityCommonStockSharesOutstanding'}"
1584509,ARMK,Aramark,"{'debt_st': 'LongTermDebtCurrent', 'debt_lt': 'LongTermDebtAndCapitalLeaseObligationsIncludingCurrentMaturities', 'assets': 'Assets', 'liabilities': None, 'current_assets': 'AssetsCurrent', 'current_liabilities': 'LiabilitiesCurrent', 'retained_earnings': 'RetainedEarningsAccumulatedDeficit', 'liabilities_and_equity': 'LiabilitiesAndStockholdersEquity', 'equity': 'StockholdersEquity', 'ebit': 'OperatingIncomeLoss', 'revenue': 'RevenueFromContractWithCustomerIncludingAssessedTax', 'shares': 'EntityCommonStockSharesOutstanding'}"
1584549,VFF,"Village Farms International, Inc.","{'debt_st': 'LongTermDebtCurrent', 'debt_lt': 'LongTermDebtNoncurrent', 'assets': 'Assets', 'liabilities': 'Liabilities', 'current_assets': 'AssetsCurrent', 'current_liabilities': 'LiabilitiesCurrent', 'retained_earnings': 'RetainedEarningsAccumulatedDeficit', 'liabilities_and_equity': 'LiabilitiesAndStockholdersEquity', 'equity': 'StockholdersEquity', 'ebit': 'IncomeLossFromContinuingOperationsBeforeIncomeTaxesExtraordinaryItemsNoncontrollingInterest', 'revenue': 'Revenues', 'shares': 'EntityCommonStockSharesOutstanding'}"
1585364,PRGO,PERRIGO Co plc,"{'debt_st': 'DebtCurrent', 'debt_lt': 'LongTermDebtNoncurrent', 'assets': 'Assets', 'liabilities': 'Liabilities', 'current_assets': 'AssetsCurrent', 'current_liabilities': 'LiabilitiesCurrent', 'retained_earnings': 'RetainedEarningsAccumulatedDeficit', 'liabilities_and_equity': 'LiabilitiesAndStockholdersEquity', 'equity': 'StockholdersEquity', 'ebit': 'OperatingIncomeLoss', 'revenue': 'RevenueFromContractWithCustomerExcludingAssessedTax', 'shares': 'EntityCommonStockSharesOutstanding'}"
1585689,HLT,Hilton Worldwide Holdings Inc.,"{'debt_st': 'LongTermDebtCurrent', 'debt_lt': 'LongTermDebtAndCapitalLeaseObligationsIncludingCurrentMaturities', 'assets': 'Assets', 'liabilities': 'Liabilities', 'current_assets': 'AssetsCurrent', 'current_liabilities': 'LiabilitiesCurrent', 'retained_earnings': 'RetainedEarningsAccumulatedDeficit', 'liabilities_and_equity': 'LiabilitiesAndStockholdersEquity', 'equity': 'StockholdersEquity', 'ebit': 'OperatingIncomeLoss', 'revenue': 'RevenueFromContractWithCustomerExcludingAssessedTax', 'shares': 'EntityCommonStockSharesOutstanding'}"
1587523,KN,Knowles Corp,"{'debt_st': 'DebtCurrent', 'debt_lt': 'LongTermDebtNoncurrent', 'assets': 'Assets', 'liabilities': None, 'current_assets': 'AssetsCurrent', 'current_liabilities': 'LiabilitiesCurrent', 'retained_earnings': 'RetainedEarningsAccumulatedDeficit', 'liabilities_and_equity': 'LiabilitiesAndStockholdersEquity', 'equity': 'StockholdersEquity', 'ebit': 'OperatingIncomeLoss', 'revenue': 'Revenues', 'shares': 'EntityCommonStockSharesOutstanding'}"
1587732,OGS,"ONE Gas, Inc.","{'debt_st': 'LongTermDebtCurrent', 'debt_lt': 'LongTermDebtNoncurrent', 'assets': 'Assets', 'liabilities': None, 'current_assets': 'AssetsCurrent', 'current_liabilities': 'LiabilitiesCurrent', 'retained_earnings': 'RetainedEarningsAccumulatedDeficit', 'liabilities_and_equity': 'LiabilitiesAndStockholdersEquity', 'equity': 'StockholdersEquity', 'ebit': 'OperatingIncomeLoss', 'revenue': 'Revenues', 'shares': 'EntityCommonStockSharesOutstanding'}"
1588978,PRCT,PROCEPT BioRobotics Corp,"{'debt_st': 'LongTermDebtCurrent', 'debt_lt': 'LongTermDebtNoncurrent', 'assets': 'Assets', 'liabilities': 'Liabilities', 'current_assets': 'AssetsCurrent', 'current_liabilities': 'LiabilitiesCurrent', 'retained_earnings': 'RetainedEarningsAccumulatedDeficit', 'liabilities_and_equity': 'LiabilitiesAndStockholdersEquity', 'equity': 'StockholdersEquity', 'ebit': 'OperatingIncomeLoss', 'revenue': 'RevenueFromContractWithCustomerExcludingAssessedTax', 'shares': 'EntityCommonStockSharesOutstanding'}"
1589526,BLBD,Blue Bird Corp,"{'debt_st': 'LongTermDebtCurrent', 'debt_lt': 'LongTermDebtNoncurrent', 'assets': 'Assets', 'liabilities': 'Liabilities', 'current_assets': 'AssetsCurrent', 'current_liabilities': 'LiabilitiesCurrent', 'retained_earnings': 'RetainedEarningsAccumulatedDeficit', 'liabilities_and_equity': 'LiabilitiesAndStockholdersEquity', 'equity': 'StockholdersEquity', 'ebit': 'OperatingIncomeLoss', 'revenue': 'RevenueFromContractWithCustomerExcludingAssessedTax', 'shares': 'EntityCommonStockSharesOutstanding'}"
1590364,FTAI,FTAI Aviation Ltd.,"{'debt_st': 'LongTermDebtCurrent', 'debt_lt': 'LongTermDebt', 'assets': 'Assets', 'liabilities': 'Liabilities', 'current_assets': 'AssetsCurrent', 'current_liabilities': 'LiabilitiesCurrent', 'retained_earnings': 'RetainedEarningsAccumulatedDeficit', 'liabilities_and_equity': 'LiabilitiesAndStockholdersEquity', 'equity': 'StockholdersEquity', 'ebit': 'IncomeLossFromContinuingOperationsBeforeIncomeTaxesExtraordinaryItemsNoncontrollingInterest', 'revenue': 'RevenueFromContractWithCustomerExcludingAssessedTax', 'shares': 'EntityCommonStockSharesOutstanding'}"
1590560,QURE,uniQure N.V.,"{'debt_st': 'LongTermDebtCurrent', 'debt_lt': 'LongTermDebtNoncurrent', 'assets': 'Assets', 'liabilities': 'Liabilities', 'current_assets': 'AssetsCurrent', 'current_liabilities': 'LiabilitiesCurrent', 'retained_earnings': 'RetainedEarningsAccumulatedDeficit', 'liabilities_and_equity': 'LiabilitiesAndStockholdersEquity', 'equity': 'StockholdersEquity', 'ebit': 'OperatingIncomeLoss', 'revenue': 'Revenues', 'shares': 'EntityCommonStockSharesOutstanding'}"
1590584,CVEO,Civeo Corp,"{'debt_st': 'LongTermDebtCurrent', 'debt_lt': 'LongTermDebtNoncurrent', 'assets': 'Assets', 'liabilities': 'Liabilities', 'current_assets': 'AssetsCurrent', 'current_liabilities': 'LiabilitiesCurrent', 'retained_earnings': 'RetainedEarningsAccumulatedDeficit', 'liabilities_and_equity': 'LiabilitiesAndStockholdersEquity', 'equity': 'StockholdersEquity', 'ebit': 'OperatingIncomeLoss', 'revenue': 'RevenueFromContractWithCustomerExcludingAssessedTax', 'shares': 'EntityCommonStockSharesOutstanding'}"
1590714,ESI,Element Solutions Inc,"{'debt_st': 'LongTermDebtCurrent', 'debt_lt': 'LongTermDebtNoncurrent', 'assets': 'Assets', 'liabilities': 'Liabilities', 'current_assets': 'AssetsCurrent', 'current_liabilities': 'LiabilitiesCurrent', 'retained_earnings': 'RetainedEarningsAccumulatedDeficit', 'liabilities_and_equity': 'LiabilitiesAndStockholdersEquity', 'equity': 'StockholdersEquity', 'ebit': 'OperatingIncomeLoss', 'revenue': 'RevenueFromContractWithCustomerExcludingAssessedTax', 'shares': 'EntityCommonStockSharesOutstanding'}"
1590750,VRDN,"Viridian Therapeutics, Inc.\DE","{'debt_st': 'LongTermDebtCurrent', 'debt_lt': 'LongTermDebtNoncurrent', 'assets': 'Assets', 'liabilities': 'Liabilities', 'current_assets': 'AssetsCurrent', 'current_liabilities': 'LiabilitiesCurrent', 'retained_earnings': 'RetainedEarningsAccumulatedDeficit', 'liabilities_and_equity': 'LiabilitiesAndStockholdersEquity', 'equity': 'StockholdersEquity', 'ebit': 'OperatingIncomeLoss', 'revenue': 'Revenues', 'shares': 'EntityCommonStockSharesOutstanding'}"
1590895,CZR,"Caesars Entertainment, Inc.","{'debt_st': 'LongTermDebtCurrent', 'debt_lt': 'LongTermDebtNoncurrent', 'assets': 'Assets', 'liabilities': 'Liabilities', 'current_assets': 'AssetsCurrent', 'current_liabilities': 'LiabilitiesCurrent', 'retained_earnings': 'RetainedEarningsAccumulatedDeficit', 'liabilities_and_equity': 'LiabilitiesAndStockholdersEquity', 'equity': 'StockholdersEquity', 'ebit': 'OperatingIncomeLoss', 'revenue': 'RevenueFromContractWithCustomerExcludingAssessedTax', 'shares': 'EntityCommonStockSharesOutstanding'}"
1590955,PAYC,"Paycom Software, Inc.","{'debt_st': 'LongTermDebtCurrent', 'debt_lt': 'LongTermDebtNoncurrent', 'assets': 'Assets', 'liabilities': 'Liabilities', 'current_assets': 'AssetsCurrent', 'current_liabilities': 'LiabilitiesCurrent', 'retained_earnings': 'RetainedEarningsAccumulatedDeficit', 'liabilities_and_equity': 'LiabilitiesAndStockholdersEquity', 'equity': 'StockholdersEquity', 'ebit': 'OperatingIncomeLoss', 'revenue': 'RevenueFromContractWithCustomerExcludingAssessedTax', 'shares': 'EntityCommonStockSharesOutstanding'}"
1591588,GOLD,"Gold.com, Inc.","{'debt_st': 'LongTermDebtCurrent', 'debt_lt': 'LongTermDebtNoncurrent', 'assets': 'Assets', 'liabilities': 'Liabilities', 'current_assets': 'AssetsCurrent', 'current_liabilities': 'LiabilitiesCurrent', 'retained_earnings': 'RetainedEarningsAccumulatedDeficit', 'liabilities_and_equity': 'LiabilitiesAndStockholdersEquity', 'equity': 'StockholdersEquity', 'ebit': 'IncomeLossFromContinuingOperationsBeforeIncomeTaxesExtraordinaryItemsNoncontrollingInterest', 'revenue': 'RevenueFromContractWithCustomerExcludingAssessedTax', 'shares': 'EntityCommonStockSharesOutstanding'}"
1592058,PRTYQ,Party City Holdco Inc.,"{'debt_st': 'DebtCurrent', 'debt_lt': 'LongTermDebtNoncurrent', 'assets': 'Assets', 'liabilities': 'Liabilities', 'current_assets': 'AssetsCurrent', 'current_liabilities': 'LiabilitiesCurrent', 'retained_earnings': 'RetainedEarningsAccumulatedDeficit', 'liabilities_and_equity': 'LiabilitiesAndStockholdersEquity', 'equity': 'StockholdersEquity', 'ebit': 'OperatingIncomeLoss', 'revenue': 'RevenueFromContractWithCustomerExcludingAssessedTax', 'shares': 'EntityCommonStockSharesOutstanding'}"
1595974,MGNI,"MAGNITE, INC.","{'debt_st': 'DebtCurrent', 'debt_lt': 'LongTermDebtNoncurrent', 'assets': 'Assets', 'liabilities': 'Liabilities', 'current_assets': 'AssetsCurrent', 'current_liabilities': 'LiabilitiesCurrent', 'retained_earnings': 'RetainedEarningsAccumulatedDeficit', 'liabilities_and_equity': 'LiabilitiesAndStockholdersEquity', 'equity': 'StockholdersEquity', 'ebit': 'OperatingIncomeLoss', 'revenue': 'RevenueFromContractWithCustomerExcludingAssessedTax', 'shares': 'EntityCommonStockSharesOutstanding'}"
1596961,RDNW,"RideNow Group, Inc.","{'debt_st': 'LongTermDebtCurrent', 'debt_lt': 'LongTermDebtNoncurrent', 'assets': 'Assets', 'liabilities': 'Liabilities', 'current_assets': 'AssetsCurrent', 'current_liabilities': 'LiabilitiesCurrent', 'retained_earnings': 'RetainedEarningsAccumulatedDeficit', 'liabilities_and_equity': 'LiabilitiesAndStockholdersEquity', 'equity': 'StockholdersEquity', 'ebit': 'OperatingIncomeLoss', 'revenue': 'RevenueFromContractWithCustomerExcludingAssessedTax', 'shares': 'EntityCommonStockSharesOutstanding'}"
1596993,LPG,DORIAN LPG LTD.,"{'debt_st': 'LongTermDebtCurrent', 'debt_lt': 'LongTermDebtNoncurrent', 'assets': 'Assets', 'liabilities': 'Liabilities', 'current_assets': 'AssetsCurrent', 'current_liabilities': 'LiabilitiesCurrent', 'retained_earnings': 'RetainedEarningsAccumulatedDeficit', 'liabilities_and_equity': 'LiabilitiesAndStockholdersEquity', 'equity': 'StockholdersEquity', 'ebit': 'OperatingIncomeLoss', 'revenue': 'RevenueFromContractWithCustomerExcludingAssessedTax', 'shares': 'EntityCommonStockSharesOutstanding'}"
1597033,SABR,Sabre Corp,"{'debt_st': 'DebtCurrent', 'debt_lt': 'LongTermDebtNoncurrent', 'assets': 'Assets', 'liabilities': None, 'current_assets': 'AssetsCurrent', 'current_liabilities': 'LiabilitiesCurrent', 'retained_earnings': 'RetainedEarningsAccumulatedDeficit', 'liabilities_and_equity': 'LiabilitiesAndStockholdersEquity', 'equity': 'StockholdersEquityIncludingPortionAttributableToNoncontrollingInterest', 'ebit': 'OperatingIncomeLoss', 'revenue': 'RevenueFromContractWithCustomerExcludingAssessedTax', 'shares': 'EntityCommonStockSharesOutstanding'}"
1597264,BPMC,Blueprint Medicines Corp,"{'debt_st': 'LongTermDebtCurrent', 'debt_lt': 'LongTermDebtNoncurrent', 'assets': 'Assets', 'liabilities': 'Liabilities', 'current_assets': 'AssetsCurrent', 'current_liabilities': 'LiabilitiesCurrent', 'retained_earnings': 'RetainedEarningsAccumulatedDeficit', 'liabilities_and_equity': 'LiabilitiesAndStockholdersEquity', 'equity': 'StockholdersEquity', 'ebit': 'IncomeLossFromContinuingOperationsBeforeIncomeTaxesExtraordinaryItemsNoncontrollingInterest', 'revenue': 'Revenues', 'shares': 'EntityCommonStockSharesOutstanding'}"
1597672,RYAM,RAYONIER ADVANCED MATERIALS INC.,"{'debt_st': 'DebtCurrent', 'debt_lt': 'LongTermDebtNoncurrent', 'assets': 'Assets', 'liabilities': None, 'current_assets': 'AssetsCurrent', 'current_liabilities': 'LiabilitiesCurrent', 'retained_earnings': 'RetainedEarningsAccumulatedDeficit', 'liabilities_and_equity': 'LiabilitiesAndStockholdersEquity', 'equity': 'StockholdersEquity', 'ebit': 'OperatingIncomeLoss', 'revenue': 'RevenueFromContractWithCustomerExcludingAssessedTax', 'shares': 'EntityCommonStockSharesOutstanding'}"
1598428,MTUS,Metallus Inc.,"{'debt_st': 'LongTermDebtCurrent', 'debt_lt': 'LongTermDebtNoncurrent', 'assets': 'Assets', 'liabilities': 'Liabilities', 'current_assets': 'AssetsCurrent', 'current_liabilities': 'LiabilitiesCurrent', 'retained_earnings': 'RetainedEarningsAccumulatedDeficit', 'liabilities_and_equity': 'LiabilitiesAndStockholdersEquity', 'equity': 'StockholdersEquity', 'ebit': 'OperatingIncomeLoss', 'revenue': 'RevenueFromContractWithCustomerExcludingAssessedTax', 'shares': 'EntityCommonStockSharesOutstanding'}"
1599298,SMMT,Summit Therapeutics Inc.,"{'debt_st': 'NotesPayableCurrent', 'debt_lt': 'LongTermNotesPayable', 'assets': 'Assets', 'liabilities': 'Liabilities', 'current_assets': 'AssetsCurrent', 'current_liabilities': 'LiabilitiesCurrent', 'retained_earnings': 'RetainedEarningsAccumulatedDeficit', 'liabilities_and_equity': 'LiabilitiesAndStockholdersEquity', 'equity': 'StockholdersEquity', 'ebit': 'OperatingIncomeLoss', 'revenue': 'RevenueFromContractWithCustomerExcludingAssessedTax', 'shares': 'EntityCommonStockSharesOutstanding'}"
1599617,DNOW,DNOW Inc.,"{'debt_st': 'ShortTermBorrowings', 'debt_lt': 'LongTermDebtNoncurrent', 'assets': 'Assets', 'liabilities': 'Liabilities', 'current_assets': 'AssetsCurrent', 'current_liabilities': 'LiabilitiesCurrent', 'retained_earnings': 'RetainedEarningsAccumulatedDeficit', 'liabilities_and_equity': 'LiabilitiesAndStockholdersEquity', 'equity': 'StockholdersEquity', 'ebit': 'OperatingIncomeLoss', 'revenue': 'RevenueFromContractWithCustomerExcludingAssessedTax', 'shares': 'EntityCommonStockSharesOutstanding'}"
1599901,RNAM,"Avidity Biosciences, Inc.","{'debt_st': 'LongTermDebtCurrent', 'debt_lt': 'LongTermDebtNoncurrent', 'assets': 'Assets', 'liabilities': 'Liabilities', 'current_assets': 'AssetsCurrent', 'current_liabilities': 'LiabilitiesCurrent', 'retained_earnings': 'RetainedEarningsAccumulatedDeficit', 'liabilities_and_equity': 'LiabilitiesAndStockholdersEquity', 'equity': 'StockholdersEquity', 'ebit': 'OperatingIncomeLoss', 'revenue': 'RevenueFromContractWithCustomerExcludingAssessedTax', 'shares': 'EntityCommonStockSharesOutstanding'}"
1600033,ELF,"e.l.f. Beauty, Inc.","{'debt_st': None, 'debt_lt': 'LongTermDebtAndCapitalLeaseObligationsIncludingCurrentMaturities', 'assets': 'Assets', 'liabilities': 'Liabilities', 'current_assets': 'AssetsCurrent', 'current_liabilities': 'LiabilitiesCurrent', 'retained_earnings': 'RetainedEarningsAccumulatedDeficit', 'liabilities_and_equity': 'LiabilitiesAndStockholdersEquity', 'equity': 'StockholdersEquity', 'ebit': 'OperatingIncomeLoss', 'revenue': 'RevenueFromContractWithCustomerExcludingAssessedTax', 'shares': 'EntityCommonStockSharesOutstanding'}"
1601046,KEYS,"Keysight Technologies, Inc.","{'debt_st': 'DebtCurrent', 'debt_lt': 'LongTermDebtNoncurrent', 'assets': 'Assets', 'liabilities': 'Liabilities', 'current_assets': 'AssetsCurrent', 'current_liabilities': 'LiabilitiesCurrent', 'retained_earnings': 'RetainedEarningsAccumulatedDeficit', 'liabilities_and_equity': 'LiabilitiesAndStockholdersEquity', 'equity': 'StockholdersEquity', 'ebit': 'OperatingIncomeLoss', 'revenue': 'Revenues', 'shares': 'EntityCommonStockSharesOutstanding'}"
1601548,VVX,"V2X, Inc.","{'debt_st': 'LongTermDebtCurrent', 'debt_lt': 'LongTermDebtNoncurrent', 'assets': 'Assets', 'liabilities': 'Liabilities', 'current_assets': 'AssetsCurrent', 'current_liabilities': 'LiabilitiesCurrent', 'retained_earnings': 'RetainedEarningsAccumulatedDeficit', 'liabilities_and_equity': 'LiabilitiesAndStockholdersEquity', 'equity': 'StockholdersEquity', 'ebit': 'OperatingIncomeLoss', 'revenue': 'RevenueFromContractWithCustomerExcludingAssessedTax', 'shares': 'EntityCommonStockSharesOutstanding'}"
1601830,RXRX,"RECURSION PHARMACEUTICALS, INC.","{'debt_st': 'NotesPayableCurrent', 'debt_lt': 'LongTermDebtAndCapitalLeaseObligations', 'assets': 'Assets', 'liabilities': 'Liabilities', 'current_assets': 'AssetsCurrent', 'current_liabilities': 'LiabilitiesCurrent', 'retained_earnings': 'RetainedEarningsAccumulatedDeficit', 'liabilities_and_equity': 'LiabilitiesAndStockholdersEquity', 'equity': 'StockholdersEquity', 'ebit': 'OperatingIncomeLoss', 'revenue': 'RevenueFromContractWithCustomerExcludingAssessedTax', 'shares': 'EntityCommonStockSharesOutstanding'}"
1603145,XIFR,"XPLR Infrastructure, LP","{'debt_st': 'LongTermDebtCurrent', 'debt_lt': 'LongTermDebtNoncurrent', 'assets': 'Assets', 'liabilities': 'Liabilities', 'current_assets': 'AssetsCurrent', 'current_liabilities': 'LiabilitiesCurrent', 'retained_earnings': 'RetainedEarningsAccumulatedDeficit', 'liabilities_and_equity': 'LiabilitiesAndStockholdersEquity', 'equity': 'StockholdersEquityIncludingPortionAttributableToNoncontrollingInterest', 'ebit': 'OperatingIncomeLoss', 'revenue': 'Revenues', 'shares': 'EntityCommonStockSharesOutstanding'}"
1603756,AXNX,"Axonics, Inc.","{'debt_st': 'LongTermDebtCurrent', 'debt_lt': 'LongTermDebtNoncurrent', 'assets': 'Assets', 'liabilities': 'Liabilities', 'current_assets': 'AssetsCurrent', 'current_liabilities': 'LiabilitiesCurrent', 'retained_earnings': 'RetainedEarningsAccumulatedDeficit', 'liabilities_and_equity': 'LiabilitiesAndStockholdersEquity', 'equity': 'StockholdersEquity', 'ebit': 'OperatingIncomeLoss', 'revenue': 'RevenueFromContractWithCustomerExcludingAssessedTax', 'shares': 'EntityCommonStockSharesOutstanding'}"
1604028,WMS,"ADVANCED DRAINAGE SYSTEMS, INC.","{'debt_st': 'LongTermDebtCurrent', 'debt_lt': 'LongTermDebtNoncurrent', 'assets': 'Assets', 'liabilities': 'Liabilities', 'current_assets': 'AssetsCurrent', 'current_liabilities': 'LiabilitiesCurrent', 'retained_earnings': 'RetainedEarningsAccumulatedDeficit', 'liabilities_and_equity': 'LiabilitiesAndStockholdersEquity', 'equity': 'StockholdersEquity', 'ebit': 'OperatingIncomeLoss', 'revenue': 'RevenueFromContractWithCustomerExcludingAssessedTax', 'shares': 'EntityCommonStockSharesOutstanding'}"
1604738,AINC,Ashford Inc.,"{'debt_st': 'NotesPayableCurrent', 'debt_lt': 'LongTermDebtAndCapitalLeaseObligationsIncludingCurrentMaturities', 'assets': 'Assets', 'liabilities': 'Liabilities', 'current_assets': 'AssetsCurrent', 'current_liabilities': 'LiabilitiesCurrent', 'retained_earnings': 'RetainedEarningsAccumulatedDeficit', 'liabilities_and_equity': 'LiabilitiesAndStockholdersEquity', 'equity': 'StockholdersEquity', 'ebit': 'OperatingIncomeLoss', 'revenue': 'RevenueFromContractWithCustomerExcludingAssessedTax', 'shares': 'EntityCommonStockSharesOutstanding'}"
1604778,QRVO,"Qorvo, Inc.","{'debt_st': 'LongTermDebtCurrent', 'debt_lt': 'LongTermDebtNoncurrent', 'assets': 'Assets', 'liabilities': 'Liabilities', 'current_assets': 'AssetsCurrent', 'current_liabilities': 'LiabilitiesCurrent', 'retained_earnings': 'RetainedEarningsAccumulatedDeficit', 'liabilities_and_equity': 'LiabilitiesAndStockholdersEquity', 'equity': 'StockholdersEquity', 'ebit': 'OperatingIncomeLoss', 'revenue': 'Revenues', 'shares': 'EntityCommonStockSharesOutstanding'}"
1604821,NTRA,"Natera, Inc.","{'debt_st': 'ShortTermBorrowings', 'debt_lt': 'LongTermDebt', 'assets': 'Assets', 'liabilities': 'Liabilities', 'current_assets': 'AssetsCurrent', 'current_liabilities': 'LiabilitiesCurrent', 'retained_earnings': 'RetainedEarningsAccumulatedDeficit', 'liabilities_and_equity': 'LiabilitiesAndStockholdersEquity', 'equity': 'StockholdersEquity', 'ebit': 'OperatingIncomeLoss', 'revenue': 'RevenueFromContractWithCustomerExcludingAssessedTax', 'shares': 'EntityCommonStockSharesOutstanding'}"
1606163,LMB,"Limbach Holdings, Inc.","{'debt_st': 'LongTermDebtCurrent', 'debt_lt': 'LongTermDebtNoncurrent', 'assets': 'Assets', 'liabilities': 'Liabilities', 'current_assets': 'AssetsCurrent', 'current_liabilities': 'LiabilitiesCurrent', 'retained_earnings': 'RetainedEarningsAccumulatedDeficit', 'liabilities_and_equity': 'LiabilitiesAndStockholdersEquity', 'equity': 'StockholdersEquity', 'ebit': 'OperatingIncomeLoss', 'revenue': 'Revenues', 'shares': 'EntityCommonStockSharesOutstanding'}"
1606366,LOCO,"El Pollo Loco Holdings, Inc.","{'debt_st': None, 'debt_lt': 'LongTermDebtAndCapitalLeaseObligations', 'assets': 'Assets', 'liabilities': 'Liabilities', 'current_assets': 'AssetsCurrent', 'current_liabilities': 'LiabilitiesCurrent', 'retained_earnings': 'RetainedEarningsAccumulatedDeficit', 'liabilities_and_equity': 'LiabilitiesAndStockholdersEquity', 'equity': 'StockholdersEquity', 'ebit': 'OperatingIncomeLoss', 'revenue': 'RevenueFromContractWithCustomerExcludingAssessedTax', 'shares': 'EntityCommonStockSharesOutstanding'}"
1606498,AVNS,"AVANOS MEDICAL, INC.","{'debt_st': 'DebtCurrent', 'debt_lt': 'LongTermDebtNoncurrent', 'assets': 'Assets', 'liabilities': 'Liabilities', 'current_assets': 'AssetsCurrent', 'current_liabilities': 'LiabilitiesCurrent', 'retained_earnings': 'RetainedEarningsAccumulatedDeficit', 'liabilities_and_equity': 'LiabilitiesAndStockholdersEquity', 'equity': 'StockholdersEquity', 'ebit': 'OperatingIncomeLoss', 'revenue': 'RevenueFromContractWithCustomerExcludingAssessedTax', 'shares': 'EntityCommonStockSharesOutstanding'}"
1606757,KE,"Kimball Electronics, Inc.","{'debt_st': 'LongTermDebtCurrent', 'debt_lt': 'LongTermDebtNoncurrent', 'assets': 'Assets', 'liabilities': 'Liabilities', 'current_assets': 'AssetsCurrent', 'current_liabilities': 'LiabilitiesCurrent', 'retained_earnings': 'RetainedEarningsAccumulatedDeficit', 'liabilities_and_equity': 'LiabilitiesAndStockholdersEquity', 'equity': 'StockholdersEquity', 'ebit': 'OperatingIncomeLoss', 'revenue': 'RevenueFromContractWithCustomerExcludingAssessedTax', 'shares': 'EntityCommonStockSharesOutstanding'}"
1606909,PANL,Pangaea Logistics Solutions Ltd.,"{'debt_st': 'LongTermDebtCurrent', 'debt_lt': 'LongTermDebtNoncurrent', 'assets': 'Assets', 'liabilities': None, 'current_assets': 'AssetsCurrent', 'current_liabilities': 'LiabilitiesCurrent', 'retained_earnings': 'RetainedEarningsAccumulatedDeficit', 'liabilities_and_equity': 'LiabilitiesAndStockholdersEquity', 'equity': 'StockholdersEquity', 'ebit': 'OperatingIncomeLoss', 'revenue': 'RevenueFromContractWithCustomerExcludingAssessedTax', 'shares': 'EntityCommonStockSharesOutstanding'}"
1609550,INSP,"Inspire Medical Systems, Inc.","{'debt_st': 'NotesPayableCurrent', 'debt_lt': 'LongTermDebt', 'assets': 'Assets', 'liabilities': 'Liabilities', 'current_assets': 'AssetsCurrent', 'current_liabilities': 'LiabilitiesCurrent', 'retained_earnings': 'RetainedEarningsAccumulatedDeficit', 'liabilities_and_equity': 'LiabilitiesAndStockholdersEquity', 'equity': 'StockholdersEquity', 'ebit': 'OperatingIncomeLoss', 'revenue': 'RevenueFromContractWithCustomerExcludingAssessedTax', 'shares': 'EntityCommonStockSharesOutstanding'}"
1609711,GDDY,GoDaddy Inc.,"{'debt_st': 'LongTermDebtCurrent', 'debt_lt': 'LongTermDebtNoncurrent', 'assets': 'Assets', 'liabilities': None, 'current_assets': 'AssetsCurrent', 'current_liabilities': 'LiabilitiesCurrent', 'retained_earnings': 'RetainedEarningsAccumulatedDeficit', 'liabilities_and_equity': 'LiabilitiesAndStockholdersEquity', 'equity': 'StockholdersEquity', 'ebit': 'OperatingIncomeLoss', 'revenue': 'RevenueFromContractWithCustomerExcludingAssessedTax', 'shares': 'EntityCommonStockSharesOutstanding'}"
1609804,OEC,Orion S.A.,"{'debt_st': 'DebtCurrent', 'debt_lt': 'LongTermDebtNoncurrent', 'assets': 'Assets', 'liabilities': None, 'current_assets': 'AssetsCurrent', 'current_liabilities': 'LiabilitiesCurrent', 'retained_earnings': 'RetainedEarningsAccumulatedDeficit', 'liabilities_and_equity': 'LiabilitiesAndStockholdersEquity', 'equity': 'StockholdersEquity', 'ebit': 'OperatingIncomeLoss', 'revenue': 'RevenueFromContractWithCustomerExcludingAssessedTax', 'shares': 'EntityCommonStockSharesOutstanding'}"
1609809,MCRB,"Seres Therapeutics, Inc.","{'debt_st': 'NotesPayableCurrent', 'debt_lt': 'LongTermDebt', 'assets': 'Assets', 'liabilities': 'Liabilities', 'current_assets': 'AssetsCurrent', 'current_liabilities': 'LiabilitiesCurrent', 'retained_earnings': 'RetainedEarningsAccumulatedDeficit', 'liabilities_and_equity': 'LiabilitiesAndStockholdersEquity', 'equity': 'StockholdersEquity', 'ebit': 'OperatingIncomeLoss', 'revenue': 'RevenueFromContractWithCustomerExcludingAssessedTax', 'shares': 'EntityCommonStockSharesOutstanding'}"
1610250,BOOT,"Boot Barn Holdings, Inc.","{'debt_st': 'NotesPayableCurrent', 'debt_lt': 'LongTermDebt', 'assets': 'Assets', 'liabilities': 'Liabilities', 'current_assets': 'AssetsCurrent', 'current_liabilities': 'LiabilitiesCurrent', 'retained_earnings': 'RetainedEarningsAccumulatedDeficit', 'liabilities_and_equity': 'LiabilitiesAndStockholdersEquity', 'equity': 'StockholdersEquity', 'ebit': 'OperatingIncomeLoss', 'revenue': 'RevenueFromContractWithCustomerExcludingAssessedTax', 'shares': 'EntityCommonStockSharesOutstanding'}"
1611647,FRPT,"Freshpet, Inc.","{'debt_st': 'LongTermDebtCurrent', 'debt_lt': 'LongTermDebtNoncurrent', 'assets': 'Assets', 'liabilities': 'Liabilities', 'current_assets': 'AssetsCurrent', 'current_liabilities': 'LiabilitiesCurrent', 'retained_earnings': 'RetainedEarningsAccumulatedDeficit', 'liabilities_and_equity': 'LiabilitiesAndStockholdersEquity', 'equity': 'StockholdersEquity', 'ebit': 'OperatingIncomeLoss', 'revenue': 'RevenueFromContractWithCustomerExcludingAssessedTax', 'shares': 'EntityCommonStockSharesOutstanding'}"
1612720,NEXT,NextDecade Corp,"{'debt_st': 'LongTermDebtCurrent', 'debt_lt': 'LongTermDebtNoncurrent', 'assets': 'Assets', 'liabilities': 'Liabilities', 'current_assets': 'AssetsCurrent', 'current_liabilities': 'LiabilitiesCurrent', 'retained_earnings': 'RetainedEarningsAccumulatedDeficit', 'liabilities_and_equity': 'LiabilitiesAndStockholdersEquity', 'equity': 'StockholdersEquity', 'ebit': 'OperatingIncomeLoss', 'revenue': 'Revenues', 'shares': 'EntityCommonStockSharesOutstanding'}"
1613103,MDT,Medtronic plc,"{'debt_st': 'DebtCurrent', 'debt_lt': 'LongTermDebtNoncurrent', 'assets': 'Assets', 'liabilities': 'Liabilities', 'current_assets': 'AssetsCurrent', 'current_liabilities': 'LiabilitiesCurrent', 'retained_earnings': 'RetainedEarningsAccumulatedDeficit', 'liabilities_and_equity': 'LiabilitiesAndStockholdersEquity', 'equity': 'StockholdersEquity', 'ebit': 'OperatingIncomeLoss', 'revenue': 'RevenueFromContractWithCustomerExcludingAssessedTax', 'shares': 'EntityCommonStockSharesOutstanding'}"
1614178,YEXT,"Yext, Inc.","{'debt_st': None, 'debt_lt': 'LongTermDebtNoncurrent', 'assets': 'Assets', 'liabilities': 'Liabilities', 'current_assets': 'AssetsCurrent', 'current_liabilities': 'LiabilitiesCurrent', 'retained_earnings': 'RetainedEarningsAccumulatedDeficit', 'liabilities_and_equity': 'LiabilitiesAndStockholdersEquity', 'equity': 'StockholdersEquity', 'ebit': 'OperatingIncomeLoss', 'revenue': 'RevenueFromContractWithCustomerExcludingAssessedTax', 'shares': 'EntityCommonStockSharesOutstanding'}"
1615063,INSE,"Inspired Entertainment, Inc.","{'debt_st': 'LongTermDebtCurrent', 'debt_lt': 'LongTermDebtNoncurrent', 'assets': 'Assets', 'liabilities': 'Liabilities', 'current_assets': 'AssetsCurrent', 'current_liabilities': 'LiabilitiesCurrent', 'retained_earnings': 'RetainedEarningsAccumulatedDeficit', 'liabilities_and_equity': 'LiabilitiesAndStockholdersEquity', 'equity': 'StockholdersEquity', 'ebit': 'OperatingIncomeLoss', 'revenue': 'RevenueFromContractWithCustomerExcludingAssessedTax', 'shares': 'EntityCommonStockSharesOutstanding'}"
1615165,VERI,"Veritone, Inc.","{'debt_st': None, 'debt_lt': 'LongTermDebt', 'assets': 'Assets', 'liabilities': 'Liabilities', 'current_assets': 'AssetsCurrent', 'current_liabilities': 'LiabilitiesCurrent', 'retained_earnings': 'RetainedEarningsAccumulatedDeficit', 'liabilities_and_equity': 'LiabilitiesAndStockholdersEquity', 'equity': 'StockholdersEquity', 'ebit': 'OperatingIncomeLoss', 'revenue': 'RevenueFromContractWithCustomerExcludingAssessedTax', 'shares': 'EntityCommonStockSharesOutstanding'}"
1616000,XHR,"Xenia Hotels & Resorts, Inc.","{'debt_st': None, 'debt_lt': 'LongTermDebt', 'assets': 'Assets', 'liabilities': 'Liabilities', 'current_assets': None, 'current_liabilities': None, 'retained_earnings': 'RetainedEarningsAccumulatedDeficit', 'liabilities_and_equity': 'LiabilitiesAndStockholdersEquity', 'equity': 'StockholdersEquity', 'ebit': 'OperatingIncomeLoss', 'revenue': 'RevenueFromContractWithCustomerExcludingAssessedTax', 'shares': 'EntityCommonStockSharesOutstanding'}"
1616318,VSTO,Vista Outdoor Inc.,"{'debt_st': 'LongTermDebtCurrent', 'debt_lt': 'LongTermDebtNoncurrent', 'assets': 'Assets', 'liabilities': 'Liabilities', 'current_assets': 'AssetsCurrent', 'current_liabilities': 'LiabilitiesCurrent', 'retained_earnings': 'RetainedEarningsAccumulatedDeficit', 'liabilities_and_equity': 'LiabilitiesAndStockholdersEquity', 'equity': 'StockholdersEquity', 'ebit': 'OperatingIncomeLoss', 'revenue': 'RevenueFromContractWithCustomerExcludingAssessedTax', 'shares': 'EntityCommonStockSharesOutstanding'}"
1616533,PENG,"Penguin Solutions, Inc.","{'debt_st': 'LongTermDebtCurrent', 'debt_lt': 'LongTermDebtNoncurrent', 'assets': 'Assets', 'liabilities': 'Liabilities', 'current_assets': 'AssetsCurrent', 'current_liabilities': 'LiabilitiesCurrent', 'retained_earnings': 'RetainedEarningsAccumulatedDeficit', 'liabilities_and_equity': 'LiabilitiesAndStockholdersEquity', 'equity': 'StockholdersEquity', 'ebit': 'OperatingIncomeLoss', 'revenue': 'RevenueFromContractWithCustomerExcludingAssessedTax', 'shares': 'EntityCommonStockSharesOutstanding'}"
1616862,AXTA,Axalta Coating Systems Ltd.,"{'debt_st': 'DebtCurrent', 'debt_lt': 'LongTermDebtNoncurrent', 'assets': 'Assets', 'liabilities': 'Liabilities', 'current_assets': 'AssetsCurrent', 'current_liabilities': 'LiabilitiesCurrent', 'retained_earnings': 'RetainedEarningsAccumulatedDeficit', 'liabilities_and_equity': 'LiabilitiesAndStockholdersEquity', 'equity': 'StockholdersEquity', 'ebit': 'OperatingIncomeLoss', 'revenue': 'RevenueFromContractWithCustomerExcludingAssessedTax', 'shares': 'EntityCommonStockSharesOutstanding'}"
1617406,PK,Park Hotels & Resorts Inc.,"{'debt_st': 'ShortTermBorrowings', 'debt_lt': 'LongTermDebt', 'assets': 'Assets', 'liabilities': 'Liabilities', 'current_assets': None, 'current_liabilities': None, 'retained_earnings': 'RetainedEarningsAccumulatedDeficit', 'liabilities_and_equity': 'LiabilitiesAndStockholdersEquity', 'equity': 'StockholdersEquity', 'ebit': 'OperatingIncomeLoss', 'revenue': 'RevenueFromContractWithCustomerExcludingAssessedTax', 'shares': 'EntityCommonStockSharesOutstanding'}"
1618673,PFGC,Performance Food Group Co,"{'debt_st': 'LongTermDebtCurrent', 'debt_lt': 'LongTermDebtNoncurrent', 'assets': 'Assets', 'liabilities': 'Liabilities', 'current_assets': 'AssetsCurrent', 'current_liabilities': 'LiabilitiesCurrent', 'retained_earnings': 'RetainedEarningsAccumulatedDeficit', 'liabilities_and_equity': 'LiabilitiesAndStockholdersEquity', 'equity': 'StockholdersEquity', 'ebit': 'OperatingIncomeLoss', 'revenue': 'RevenueFromContractWithCustomerExcludingAssessedTax', 'shares': 'EntityCommonStockSharesOutstanding'}"
1618756,QSR,Restaurant Brands International Inc.,"{'debt_st': 'LongTermDebtCurrent', 'debt_lt': 'LongTermDebtNoncurrent', 'assets': 'Assets', 'liabilities': 'Liabilities', 'current_assets': 'AssetsCurrent', 'current_liabilities': 'LiabilitiesCurrent', 'retained_earnings': 'RetainedEarningsAccumulatedDeficit', 'liabilities_and_equity': 'LiabilitiesAndStockholdersEquity', 'equity': 'StockholdersEquity', 'ebit': 'OperatingIncomeLoss', 'revenue': 'Revenues', 'shares': 'EntityCommonStockSharesOutstanding'}"
1618921,WBA,"Walgreens Boots Alliance, Inc.","{'debt_st': 'LongTermDebtCurrent', 'debt_lt': 'LongTermDebtNoncurrent', 'assets': 'Assets', 'liabilities': 'Liabilities', 'current_assets': 'AssetsCurrent', 'current_liabilities': 'LiabilitiesCurrent', 'retained_earnings': 'RetainedEarningsAccumulatedDeficit', 'liabilities_and_equity': 'LiabilitiesAndStockholdersEquity', 'equity': 'StockholdersEquity', 'ebit': 'OperatingIncomeLoss', 'revenue': 'RevenueFromContractWithCustomerExcludingAssessedTax', 'shares': 'EntityCommonStockSharesOutstanding'}"
1619762,BRSL,Brightstar Lottery PLC,"{'debt_st': 'LongTermDebtCurrent', 'debt_lt': 'LongTermDebtNoncurrent', 'assets': 'Assets', 'liabilities': 'Liabilities', 'current_assets': 'AssetsCurrent', 'current_liabilities': 'LiabilitiesCurrent', 'retained_earnings': 'RetainedEarningsAccumulatedDeficit', 'liabilities_and_equity': 'LiabilitiesAndStockholdersEquity', 'equity': 'StockholdersEquity', 'ebit': 'OperatingIncomeLoss', 'revenue': 'RevenueFromContractWithCustomerExcludingAssessedTax', 'shares': 'EntityCommonStockSharesOutstanding'}"
1622536,TLN,Talen Energy Corp,"{'debt_st': 'LongTermDebtCurrent', 'debt_lt': 'LongTermDebtNoncurrent', 'assets': 'Assets', 'liabilities': 'Liabilities', 'current_assets': 'AssetsCurrent', 'current_liabilities': 'LiabilitiesCurrent', 'retained_earnings': 'RetainedEarningsAccumulatedDeficit', 'liabilities_and_equity': 'LiabilitiesAndStockholdersEquity', 'equity': 'StockholdersEquity', 'ebit': 'OperatingIncomeLoss', 'revenue': 'RevenueFromContractWithCustomerExcludingAssessedTax', 'shares': 'EntityCommonStockSharesOutstanding'}"
1623925,AM,Antero Midstream Corp,"{'debt_st': None, 'debt_lt': 'LongTermDebtNoncurrent', 'assets': 'Assets', 'liabilities': 'Liabilities', 'current_assets': 'AssetsCurrent', 'current_liabilities': 'LiabilitiesCurrent', 'retained_earnings': 'RetainedEarningsAccumulatedDeficit', 'liabilities_and_equity': 'LiabilitiesAndStockholdersEquity', 'equity': 'StockholdersEquity', 'ebit': 'OperatingIncomeLoss', 'revenue': 'Revenues', 'shares': 'EntityCommonStockSharesOutstanding'}"
1624794,CSW,"CSW INDUSTRIALS, INC.","{'debt_st': 'LongTermDebtCurrent', 'debt_lt': 'LongTermDebtNoncurrent', 'assets': 'Assets', 'liabilities': 'Liabilities', 'current_assets': 'AssetsCurrent', 'current_liabilities': 'LiabilitiesCurrent', 'retained_earnings': 'RetainedEarningsAccumulatedDeficit', 'liabilities_and_equity': 'LiabilitiesAndStockholdersEquity', 'equity': 'StockholdersEquity', 'ebit': 'OperatingIncomeLoss', 'revenue': 'RevenueFromContractWithCustomerExcludingAssessedTax', 'shares': 'EntityCommonStockSharesOutstanding'}"
1624899,STE,STERIS Ltd,"{'debt_st': None, 'debt_lt': 'LongTermDebtNoncurrent', 'assets': 'Assets', 'liabilities': 'Liabilities', 'current_assets': 'AssetsCurrent', 'current_liabilities': 'LiabilitiesCurrent', 'retained_earnings': 'RetainedEarningsAccumulatedDeficit', 'liabilities_and_equity': 'LiabilitiesAndStockholdersEquity', 'equity': 'StockholdersEquity', 'ebit': 'OperatingIncomeLoss', 'revenue': 'Revenues', 'shares': 'EntityCommonStockSharesOutstanding'}"
1625297,INDV,"Indivior Pharmaceuticals, Inc.","{'debt_st': 'LongTermDebtCurrent', 'debt_lt': 'LongTermDebtNoncurrent', 'assets': 'Assets', 'liabilities': 'Liabilities', 'current_assets': 'AssetsCurrent', 'current_liabilities': 'LiabilitiesCurrent', 'retained_earnings': 'RetainedEarningsAccumulatedDeficit', 'liabilities_and_equity': 'LiabilitiesAndStockholdersEquity', 'equity': 'StockholdersEquity', 'ebit': 'OperatingIncomeLoss', 'revenue': 'RevenueFromContractWithCustomerExcludingAssessedTax', 'shares': 'EntityCommonStockSharesOutstanding'}"
1625414,BZUN,Baozun Inc.,"{'debt_st': 'ShortTermBorrowings', 'debt_lt': 'LongTermDebtNoncurrent', 'assets': 'Assets', 'liabilities': 'Liabilities', 'current_assets': 'AssetsCurrent', 'current_liabilities': 'LiabilitiesCurrent', 'retained_earnings': 'RetainedEarningsAccumulatedDeficit', 'liabilities_and_equity': 'LiabilitiesAndStockholdersEquity', 'equity': 'StockholdersEquity', 'ebit': 'OperatingIncomeLoss', 'revenue': 'RevenueFromContractWithCustomerExcludingAssessedTax', 'shares': 'EntityCommonStockSharesOutstanding'}"
1625791,KRNT,Kornit Digital Ltd.,"{'debt_st': 'ShortTermBorrowings', 'debt_lt': None, 'assets': 'Assets', 'liabilities': 'Liabilities', 'current_assets': 'AssetsCurrent', 'current_liabilities': 'LiabilitiesCurrent', 'retained_earnings': 'RetainedEarningsAccumulatedDeficit', 'liabilities_and_equity': 'LiabilitiesAndStockholdersEquity', 'equity': 'StockholdersEquity', 'ebit': 'OperatingIncomeLoss', 'revenue': 'Revenues', 'shares': 'EntityCommonStockSharesOutstanding'}"
1626450,CMRC,"Commerce.com, Inc.","{'debt_st': 'DebtCurrent', 'debt_lt': 'LongTermDebtNoncurrent', 'assets': 'Assets', 'liabilities': 'Liabilities', 'current_assets': 'AssetsCurrent', 'current_liabilities': 'LiabilitiesCurrent', 'retained_earnings': 'RetainedEarningsAccumulatedDeficit', 'liabilities_and_equity': 'LiabilitiesAndStockholdersEquity', 'equity': 'StockholdersEquity', 'ebit': 'OperatingIncomeLoss', 'revenue': 'RevenueFromContractWithCustomerExcludingAssessedTax', 'shares': 'EntityCommonStockSharesOutstanding'}"
1627223,CC,Chemours Co,"{'debt_st': 'DebtCurrent', 'debt_lt': 'LongTermDebtNoncurrent', 'assets': 'Assets', 'liabilities': 'Liabilities', 'current_assets': 'AssetsCurrent', 'current_liabilities': 'LiabilitiesCurrent', 'retained_earnings': 'RetainedEarningsAccumulatedDeficit', 'liabilities_and_equity': 'LiabilitiesAndStockholdersEquity', 'equity': 'StockholdersEquity', 'ebit': 'IncomeLossFromContinuingOperationsBeforeIncomeTaxesExtraordinaryItemsNoncontrollingInterest', 'revenue': 'RevenueFromContractWithCustomerExcludingAssessedTax', 'shares': 'EntityCommonStockSharesOutstanding'}"
1627475,UPWK,"UPWORK, INC","{'debt_st': 'LongTermDebtCurrent', 'debt_lt': 'LongTermDebtNoncurrent', 'assets': 'Assets', 'liabilities': 'Liabilities', 'current_assets': 'AssetsCurrent', 'current_liabilities': 'LiabilitiesCurrent', 'retained_earnings': 'RetainedEarningsAccumulatedDeficit', 'liabilities_and_equity': 'LiabilitiesAndStockholdersEquity', 'equity': 'StockholdersEquity', 'ebit': 'OperatingIncomeLoss', 'revenue': 'RevenueFromContractWithCustomerExcludingAssessedTax', 'shares': 'EntityCommonStockSharesOutstanding'}"
1628908,EVH,"Evolent Health, Inc.","{'debt_st': 'LongTermDebtCurrent', 'debt_lt': 'LongTermDebtNoncurrent', 'assets': 'Assets', 'liabilities': 'Liabilities', 'current_assets': 'AssetsCurrent', 'current_liabilities': 'LiabilitiesCurrent', 'retained_earnings': 'RetainedEarningsAccumulatedDeficit', 'liabilities_and_equity': 'LiabilitiesAndStockholdersEquity', 'equity': 'StockholdersEquity', 'ebit': 'OperatingIncomeLoss', 'revenue': 'RevenueFromContractWithCustomerExcludingAssessedTax', 'shares': 'EntityCommonStockSharesOutstanding'}"
1630805,BW,"Babcock & Wilcox Enterprises, Inc.","{'debt_st': 'DebtCurrent', 'debt_lt': 'LongTermDebtNoncurrent', 'assets': 'Assets', 'liabilities': 'Liabilities', 'current_assets': 'AssetsCurrent', 'current_liabilities': 'LiabilitiesCurrent', 'retained_earnings': 'RetainedEarningsAccumulatedDeficit', 'liabilities_and_equity': 'LiabilitiesAndStockholdersEquity', 'equity': 'StockholdersEquity', 'ebit': 'OperatingIncomeLoss', 'revenue': 'RevenueFromContractWithCustomerExcludingAssessedTax', 'shares': 'EntityCommonStockSharesOutstanding'}"
1632127,CABO,"Cable One, Inc.","{'debt_st': 'LongTermDebtCurrent', 'debt_lt': 'LongTermDebtNoncurrent', 'assets': 'Assets', 'liabilities': 'Liabilities', 'current_assets': 'AssetsCurrent', 'current_liabilities': 'LiabilitiesCurrent', 'retained_earnings': 'RetainedEarningsAccumulatedDeficit', 'liabilities_and_equity': 'LiabilitiesAndStockholdersEquity', 'equity': 'StockholdersEquity', 'ebit': 'OperatingIncomeLoss', 'revenue': 'RevenueFromContractWithCustomerIncludingAssessedTax', 'shares': 'EntityCommonStockSharesOutstanding'}"
1632790,ENR,"ENERGIZER HOLDINGS, INC.","{'debt_st': 'LongTermDebtCurrent', 'debt_lt': 'LongTermDebtNoncurrent', 'assets': 'Assets', 'liabilities': 'Liabilities', 'current_assets': 'AssetsCurrent', 'current_liabilities': 'LiabilitiesCurrent', 'retained_earnings': 'RetainedEarningsAccumulatedDeficit', 'liabilities_and_equity': 'LiabilitiesAndStockholdersEquity', 'equity': 'StockholdersEquity', 'ebit': 'IncomeLossFromContinuingOperationsBeforeIncomeTaxesExtraordinaryItemsNoncontrollingInterest', 'revenue': 'RevenueFromContractWithCustomerExcludingAssessedTax', 'shares': 'EntityCommonStockSharesOutstanding'}"
1633336,CCAP,"Crescent Capital BDC, Inc.","{'debt_st': None, 'debt_lt': 'LongTermDebt', 'assets': 'Assets', 'liabilities': 'Liabilities', 'current_assets': None, 'current_liabilities': None, 'retained_earnings': 'RetainedEarningsAccumulatedDeficit', 'liabilities_and_equity': 'LiabilitiesAndStockholdersEquity', 'equity': 'StockholdersEquity', 'ebit': 'OperatingIncomeLoss', 'revenue': None, 'shares': 'EntityCommonStockSharesOutstanding'}"
1633917,PYPL,"PayPal Holdings, Inc.","{'debt_st': 'DebtCurrent', 'debt_lt': 'LongTermDebtNoncurrent', 'assets': 'Assets', 'liabilities': 'Liabilities', 'current_assets': 'AssetsCurrent', 'current_liabilities': 'LiabilitiesCurrent', 'retained_earnings': 'RetainedEarningsAccumulatedDeficit', 'liabilities_and_equity': 'LiabilitiesAndStockholdersEquity', 'equity': 'StockholdersEquity', 'ebit': 'OperatingIncomeLoss', 'revenue': 'RevenueFromContractWithCustomerExcludingAssessedTax', 'shares': 'EntityCommonStockSharesOutstanding'}"
1633978,LITE,Lumentum Holdings Inc.,"{'debt_st': 'LongTermDebtCurrent', 'debt_lt': 'LongTermDebtNoncurrent', 'assets': 'Assets', 'liabilities': 'Liabilities', 'current_assets': 'AssetsCurrent', 'current_liabilities': 'LiabilitiesCurrent', 'retained_earnings': 'RetainedEarningsAccumulatedDeficit', 'liabilities_and_equity': 'LiabilitiesAndStockholdersEquity', 'equity': 'StockholdersEquity', 'ebit': 'OperatingIncomeLoss', 'revenue': 'RevenueFromContractWithCustomerExcludingAssessedTax', 'shares': 'EntityCommonStockSharesOutstanding'}"
1634117,BNED,"Barnes & Noble Education, Inc.","{'debt_st': 'ShortTermBorrowings', 'debt_lt': 'LongTermDebt', 'assets': 'Assets', 'liabilities': 'Liabilities', 'current_assets': 'AssetsCurrent', 'current_liabilities': 'LiabilitiesCurrent', 'retained_earnings': 'RetainedEarningsAccumulatedDeficit', 'liabilities_and_equity': 'LiabilitiesAndStockholdersEquity', 'equity': 'StockholdersEquity', 'ebit': 'OperatingIncomeLoss', 'revenue': 'RevenueFromContractWithCustomerExcludingAssessedTax', 'shares': 'EntityCommonStockSharesOutstanding'}"
1634997,AGR,"Avangrid, Inc.","{'debt_st': 'LongTermDebtCurrent', 'debt_lt': 'LongTermDebtNoncurrent', 'assets': 'Assets', 'liabilities': 'Liabilities', 'current_assets': 'AssetsCurrent', 'current_liabilities': 'LiabilitiesCurrent', 'retained_earnings': 'RetainedEarningsAccumulatedDeficit', 'liabilities_and_equity': 'LiabilitiesAndStockholdersEquity', 'equity': 'StockholdersEquity', 'ebit': 'OperatingIncomeLoss', 'revenue': 'RevenueFromContractWithCustomerExcludingAssessedTax', 'shares': 'EntityCommonStockSharesOutstanding'}"
1635088,ROIV,Roivant Sciences Ltd.,"{'debt_st': 'LongTermDebtCurrent', 'debt_lt': 'LongTermDebtNoncurrent', 'assets': 'Assets', 'liabilities': 'Liabilities', 'current_assets': 'AssetsCurrent', 'current_liabilities': 'LiabilitiesCurrent', 'retained_earnings': 'RetainedEarningsAccumulatedDeficit', 'liabilities_and_equity': 'LiabilitiesAndStockholdersEquity', 'equity': 'StockholdersEquity', 'ebit': 'OperatingIncomeLoss', 'revenue': 'RevenueFromContractWithCustomerExcludingAssessedTax', 'shares': 'EntityCommonStockSharesOutstanding'}"
1635282,RMNI,"Rimini Street, Inc.","{'debt_st': 'LongTermDebtCurrent', 'debt_lt': 'LongTermDebtNoncurrent', 'assets': 'Assets', 'liabilities': 'Liabilities', 'current_assets': 'AssetsCurrent', 'current_liabilities': 'LiabilitiesCurrent', 'retained_earnings': 'RetainedEarningsAccumulatedDeficit', 'liabilities_and_equity': 'LiabilitiesAndStockholdersEquity', 'equity': 'StockholdersEquity', 'ebit': 'OperatingIncomeLoss', 'revenue': 'Revenues', 'shares': 'EntityCommonStockSharesOutstanding'}"
1635327,FLUT,Flutter Entertainment plc,"{'debt_st': 'LongTermDebtCurrent', 'debt_lt': 'LongTermDebtNoncurrent', 'assets': 'Assets', 'liabilities': 'Liabilities', 'current_assets': 'AssetsCurrent', 'current_liabilities': 'LiabilitiesCurrent', 'retained_earnings': 'RetainedEarningsAccumulatedDeficit', 'liabilities_and_equity': 'LiabilitiesAndStockholdersEquity', 'equity': 'StockholdersEquity', 'ebit': 'OperatingIncomeLoss', 'revenue': 'RevenueFromContractWithCustomerIncludingAssessedTax', 'shares': 'EntityCommonStockSharesOutstanding'}"
1636222,WING,Wingstop Inc.,"{'debt_st': 'LongTermDebtCurrent', 'debt_lt': 'LongTermDebtNoncurrent', 'assets': 'Assets', 'liabilities': 'Liabilities', 'current_assets': 'AssetsCurrent', 'current_liabilities': 'LiabilitiesCurrent', 'retained_earnings': 'RetainedEarningsAccumulatedDeficit', 'liabilities_and_equity': 'LiabilitiesAndStockholdersEquity', 'equity': 'StockholdersEquity', 'ebit': 'OperatingIncomeLoss', 'revenue': 'Revenues', 'shares': 'EntityCommonStockSharesOutstanding'}"
1636422,HCAT,"Health Catalyst, Inc.","{'debt_st': 'LongTermDebtCurrent', 'debt_lt': 'LongTermDebtNoncurrent', 'assets': 'Assets', 'liabilities': 'Liabilities', 'current_assets': 'AssetsCurrent', 'current_liabilities': 'LiabilitiesCurrent', 'retained_earnings': 'RetainedEarningsAccumulatedDeficit', 'liabilities_and_equity': 'LiabilitiesAndStockholdersEquity', 'equity': 'StockholdersEquity', 'ebit': 'OperatingIncomeLoss', 'revenue': 'RevenueFromContractWithCustomerExcludingAssessedTax', 'shares': 'EntityCommonStockSharesOutstanding'}"
1637459,KHC,Kraft Heinz Co,"{'debt_st': 'ShortTermBorrowings', 'debt_lt': 'LongTermDebtAndCapitalLeaseObligationsIncludingCurrentMaturities', 'assets': 'Assets', 'liabilities': 'Liabilities', 'current_assets': 'AssetsCurrent', 'current_liabilities': 'LiabilitiesCurrent', 'retained_earnings': 'RetainedEarningsAccumulatedDeficit', 'liabilities_and_equity': 'LiabilitiesAndStockholdersEquity', 'equity': 'StockholdersEquity', 'ebit': 'OperatingIncomeLoss', 'revenue': 'Revenues', 'shares': 'EntityCommonStockSharesOutstanding'}"
1638833,SGRY,"Surgery Partners, Inc.","{'debt_st': None, 'debt_lt': 'LongTermDebtAndCapitalLeaseObligationsIncludingCurrentMaturities', 'assets': 'Assets', 'liabilities': None, 'current_assets': 'AssetsCurrent', 'current_liabilities': 'LiabilitiesCurrent', 'retained_earnings': 'RetainedEarningsAccumulatedDeficit', 'liabilities_and_equity': 'LiabilitiesAndStockholdersEquity', 'equity': 'StockholdersEquity', 'ebit': 'OperatingIncomeLoss', 'revenue': 'Revenues', 'shares': 'EntityCommonStockSharesOutstanding'}"
1639300,OLLI,"Ollie's Bargain Outlet Holdings, Inc.","{'debt_st': 'LongTermDebtCurrent', 'debt_lt': 'LongTermDebtNoncurrent', 'assets': 'Assets', 'liabilities': 'Liabilities', 'current_assets': 'AssetsCurrent', 'current_liabilities': 'LiabilitiesCurrent', 'retained_earnings': 'RetainedEarningsAccumulatedDeficit', 'liabilities_and_equity': 'LiabilitiesAndStockholdersEquity', 'equity': 'StockholdersEquity', 'ebit': 'OperatingIncomeLoss', 'revenue': 'RevenueFromContractWithCustomerExcludingAssessedTax', 'shares': 'EntityCommonStockSharesOutstanding'}"
1639691,LIVN,LivaNova PLC,"{'debt_st': 'DebtCurrent', 'debt_lt': 'LongTermDebtNoncurrent', 'assets': 'Assets', 'liabilities': 'Liabilities', 'current_assets': 'AssetsCurrent', 'current_liabilities': 'LiabilitiesCurrent', 'retained_earnings': 'RetainedEarningsAccumulatedDeficit', 'liabilities_and_equity': 'LiabilitiesAndStockholdersEquity', 'equity': 'StockholdersEquity', 'ebit': 'OperatingIncomeLoss', 'revenue': 'RevenueFromContractWithCustomerExcludingAssessedTax', 'shares': 'EntityCommonStockSharesOutstanding'}"
1641614,PMTS,CPI Card Group Inc.,"{'debt_st': 'LongTermDebtCurrent', 'debt_lt': 'LongTermDebtNoncurrent', 'assets': 'Assets', 'liabilities': 'Liabilities', 'current_assets': 'AssetsCurrent', 'current_liabilities': 'LiabilitiesCurrent', 'retained_earnings': 'RetainedEarningsAccumulatedDeficit', 'liabilities_and_equity': 'LiabilitiesAndStockholdersEquity', 'equity': 'StockholdersEquity', 'ebit': 'OperatingIncomeLoss', 'revenue': 'RevenueFromContractWithCustomerExcludingAssessedTax', 'shares': 'EntityCommonStockSharesOutstanding'}"
1642545,SWAV,"Shockwave Medical, Inc.","{'debt_st': 'LongTermDebtCurrent', 'debt_lt': 'LongTermDebtNoncurrent', 'assets': 'Assets', 'liabilities': 'Liabilities', 'current_assets': 'AssetsCurrent', 'current_liabilities': 'LiabilitiesCurrent', 'retained_earnings': 'RetainedEarningsAccumulatedDeficit', 'liabilities_and_equity': 'LiabilitiesAndStockholdersEquity', 'equity': 'StockholdersEquity', 'ebit': 'OperatingIncomeLoss', 'revenue': 'RevenueFromContractWithCustomerExcludingAssessedTax', 'shares': 'EntityCommonStockSharesOutstanding'}"
1643615,ONT,"Onterris, Inc.","{'debt_st': 'LongTermDebtCurrent', 'debt_lt': 'LongTermDebtNoncurrent', 'assets': 'Assets', 'liabilities': 'Liabilities', 'current_assets': 'AssetsCurrent', 'current_liabilities': 'LiabilitiesCurrent', 'retained_earnings': 'RetainedEarningsAccumulatedDeficit', 'liabilities_and_equity': 'LiabilitiesAndStockholdersEquity', 'equity': 'StockholdersEquity', 'ebit': 'OperatingIncomeLoss', 'revenue': 'RevenueFromContractWithCustomerExcludingAssessedTax', 'shares': 'EntityCommonStockSharesOutstanding'}"
1643953,PRPL,"Purple Innovation, Inc.","{'debt_st': 'DebtCurrent', 'debt_lt': 'LongTermDebtNoncurrent', 'assets': 'Assets', 'liabilities': 'Liabilities', 'current_assets': 'AssetsCurrent', 'current_liabilities': 'LiabilitiesCurrent', 'retained_earnings': 'RetainedEarningsAccumulatedDeficit', 'liabilities_and_equity': 'LiabilitiesAndStockholdersEquity', 'equity': 'StockholdersEquity', 'ebit': 'OperatingIncomeLoss', 'revenue': 'Revenues', 'shares': 'EntityCommonStockSharesOutstanding'}"
1644406,TWNK,"Hostess Brands, Inc.","{'debt_st': None, 'debt_lt': 'LongTermDebtAndCapitalLeaseObligationsIncludingCurrentMaturities', 'assets': 'Assets', 'liabilities': 'Liabilities', 'current_assets': 'AssetsCurrent', 'current_liabilities': 'LiabilitiesCurrent', 'retained_earnings': 'RetainedEarningsAccumulatedDeficit', 'liabilities_and_equity': 'LiabilitiesAndStockholdersEquity', 'equity': 'StockholdersEquity', 'ebit': 'OperatingIncomeLoss', 'revenue': 'RevenueFromContractWithCustomerExcludingAssessedTax', 'shares': 'EntityCommonStockSharesOutstanding'}"
1645113,NVCR,NovoCure Ltd,"{'debt_st': None, 'debt_lt': 'LongTermDebtNoncurrent', 'assets': 'Assets', 'liabilities': 'Liabilities', 'current_assets': 'AssetsCurrent', 'current_liabilities': 'LiabilitiesCurrent', 'retained_earnings': 'RetainedEarningsAccumulatedDeficit', 'liabilities_and_equity': 'LiabilitiesAndStockholdersEquity', 'equity': 'StockholdersEquity', 'ebit': 'OperatingIncomeLoss', 'revenue': 'Revenues', 'shares': 'EntityCommonStockSharesOutstanding'}"
1645590,HPE,Hewlett Packard Enterprise Co,"{'debt_st': 'DebtCurrent', 'debt_lt': 'LongTermDebtNoncurrent', 'assets': 'Assets', 'liabilities': 'Liabilities', 'current_assets': 'AssetsCurrent', 'current_liabilities': 'LiabilitiesCurrent', 'retained_earnings': 'RetainedEarningsAccumulatedDeficit', 'liabilities_and_equity': 'LiabilitiesAndStockholdersEquity', 'equity': 'StockholdersEquity', 'ebit': 'OperatingIncomeLoss', 'revenue': 'Revenues', 'shares': 'EntityCommonStockSharesOutstanding'}"
1647088,WSC,WillScot Holdings Corp,"{'debt_st': 'LongTermDebtCurrent', 'debt_lt': 'LongTermDebtNoncurrent', 'assets': 'Assets', 'liabilities': 'Liabilities', 'current_assets': 'AssetsCurrent', 'current_liabilities': 'LiabilitiesCurrent', 'retained_earnings': 'RetainedEarningsAccumulatedDeficit', 'liabilities_and_equity': 'LiabilitiesAndStockholdersEquity', 'equity': 'StockholdersEquity', 'ebit': 'OperatingIncomeLoss', 'revenue': 'Revenues', 'shares': 'EntityCommonStockSharesOutstanding'}"
1647339,ACN,Accenture Holdings plc,"{'debt_st': 'DebtCurrent', 'debt_lt': 'LongTermDebtAndCapitalLeaseObligations', 'assets': 'Assets', 'liabilities': None, 'current_assets': 'AssetsCurrent', 'current_liabilities': 'LiabilitiesCurrent', 'retained_earnings': 'RetainedEarningsAccumulatedDeficit', 'liabilities_and_equity': 'LiabilitiesAndStockholdersEquity', 'equity': 'StockholdersEquity', 'ebit': 'OperatingIncomeLoss', 'revenue': 'Revenues', 'shares': 'EntityCommonStockSharesOutstanding'}"
1648257,HCM,HUTCHMED (China) Ltd,"{'debt_st': 'LongTermDebtCurrent', 'debt_lt': 'LongTermDebtNoncurrent', 'assets': 'Assets', 'liabilities': 'Liabilities', 'current_assets': 'AssetsCurrent', 'current_liabilities': 'LiabilitiesCurrent', 'retained_earnings': 'RetainedEarningsAccumulatedDeficit', 'liabilities_and_equity': 'LiabilitiesAndStockholdersEquity', 'equity': 'StockholdersEquity', 'ebit': 'OperatingIncomeLoss', 'revenue': 'RevenueFromContractWithCustomerExcludingAssessedTax', 'shares': 'EntityCommonStockSharesOutstanding'}"
1649904,RYTM,"RHYTHM PHARMACEUTICALS, INC.","{'debt_st': 'LongTermDebtCurrent', 'debt_lt': 'LongTermDebtNoncurrent', 'assets': 'Assets', 'liabilities': 'Liabilities', 'current_assets': 'AssetsCurrent', 'current_liabilities': 'LiabilitiesCurrent', 'retained_earnings': 'RetainedEarningsAccumulatedDeficit', 'liabilities_and_equity': 'LiabilitiesAndStockholdersEquity', 'equity': 'StockholdersEquity', 'ebit': 'OperatingIncomeLoss', 'revenue': 'RevenueFromContractWithCustomerExcludingAssessedTax', 'shares': 'EntityCommonStockSharesOutstanding'}"
1650664,EDIT,"Editas Medicine, Inc.","{'debt_st': 'LongTermDebtCurrent', 'debt_lt': 'LongTermDebtNoncurrent', 'assets': 'Assets', 'liabilities': 'Liabilities', 'current_assets': 'AssetsCurrent', 'current_liabilities': 'LiabilitiesCurrent', 'retained_earnings': 'RetainedEarningsAccumulatedDeficit', 'liabilities_and_equity': 'LiabilitiesAndStockholdersEquity', 'equity': 'StockholdersEquity', 'ebit': 'OperatingIncomeLoss', 'revenue': 'RevenueFromContractWithCustomerExcludingAssessedTax', 'shares': 'EntityCommonStockSharesOutstanding'}"
1650729,SITE,"SiteOne Landscape Supply, Inc.","{'debt_st': 'LongTermDebtCurrent', 'debt_lt': 'LongTermDebtNoncurrent', 'assets': 'Assets', 'liabilities': 'Liabilities', 'current_assets': 'AssetsCurrent', 'current_liabilities': 'LiabilitiesCurrent', 'retained_earnings': 'RetainedEarningsAccumulatedDeficit', 'liabilities_and_equity': 'LiabilitiesAndStockholdersEquity', 'equity': 'StockholdersEquity', 'ebit': 'OperatingIncomeLoss', 'revenue': 'RevenueFromContractWithCustomerExcludingAssessedTax', 'shares': 'EntityCommonStockSharesOutstanding'}"
1651308,ONC,BeOne Medicines Ltd.,"{'debt_st': 'LongTermDebtCurrent', 'debt_lt': 'LongTermDebtNoncurrent', 'assets': 'Assets', 'liabilities': 'Liabilities', 'current_assets': 'AssetsCurrent', 'current_liabilities': 'LiabilitiesCurrent', 'retained_earnings': 'RetainedEarningsAccumulatedDeficit', 'liabilities_and_equity': 'LiabilitiesAndStockholdersEquity', 'equity': 'StockholdersEquity', 'ebit': 'OperatingIncomeLoss', 'revenue': 'RevenueFromContractWithCustomerExcludingAssessedTax', 'shares': 'EntityCommonStockSharesOutstanding'}"
1652535,ICHR,"ICHOR HOLDINGS, LTD.","{'debt_st': 'LongTermDebtCurrent', 'debt_lt': 'LongTermDebtNoncurrent', 'assets': 'Assets', 'liabilities': 'Liabilities', 'current_assets': 'AssetsCurrent', 'current_liabilities': 'LiabilitiesCurrent', 'retained_earnings': 'RetainedEarningsAccumulatedDeficit', 'liabilities_and_equity': 'LiabilitiesAndStockholdersEquity', 'equity': 'StockholdersEquity', 'ebit': 'OperatingIncomeLoss', 'revenue': 'RevenueFromContractWithCustomerExcludingAssessedTax', 'shares': 'EntityCommonStockSharesOutstanding'}"
1653087,ALEC,"Alector, Inc.","{'debt_st': 'LongTermDebtCurrent', 'debt_lt': 'LongTermDebtNoncurrent', 'assets': 'Assets', 'liabilities': 'Liabilities', 'current_assets': 'AssetsCurrent', 'current_liabilities': 'LiabilitiesCurrent', 'retained_earnings': 'RetainedEarningsAccumulatedDeficit', 'liabilities_and_equity': 'LiabilitiesAndStockholdersEquity', 'equity': 'StockholdersEquity', 'ebit': 'OperatingIncomeLoss', 'revenue': 'RevenueFromContractWithCustomerExcludingAssessedTax', 'shares': 'EntityCommonStockSharesOutstanding'}"
1653384,RWAY,Runway Growth Finance Corp.,"{'debt_st': None, 'debt_lt': 'LongTermDebt', 'assets': 'Assets', 'liabilities': 'Liabilities', 'current_assets': None, 'current_liabilities': None, 'retained_earnings': 'RetainedEarningsAccumulatedDeficit', 'liabilities_and_equity': None, 'equity': 'StockholdersEquity', 'ebit': None, 'revenue': None, 'shares': 'EntityCommonStockSharesOutstanding'}"
1653477,NGVT,Ingevity Corp,"{'debt_st': 'DebtCurrent', 'debt_lt': 'LongTermDebtAndCapitalLeaseObligationsIncludingCurrentMaturities', 'assets': 'Assets', 'liabilities': 'Liabilities', 'current_assets': 'AssetsCurrent', 'current_liabilities': 'LiabilitiesCurrent', 'retained_earnings': 'RetainedEarningsAccumulatedDeficit', 'liabilities_and_equity': 'LiabilitiesAndStockholdersEquity', 'equity': 'StockholdersEquity', 'ebit': 'OperatingIncomeLoss', 'revenue': 'RevenueFromContractWithCustomerExcludingAssessedTax', 'shares': 'EntityCommonStockSharesOutstanding'}"
1653558,PRTH,"Priority Technology Holdings, Inc.","{'debt_st': 'LongTermDebtCurrent', 'debt_lt': 'LongTermDebtNoncurrent', 'assets': 'Assets', 'liabilities': 'Liabilities', 'current_assets': 'AssetsCurrent', 'current_liabilities': 'LiabilitiesCurrent', 'retained_earnings': 'RetainedEarningsAccumulatedDeficit', 'liabilities_and_equity': 'LiabilitiesAndStockholdersEquity', 'equity': 'StockholdersEquity', 'ebit': 'OperatingIncomeLoss', 'revenue': 'RevenueFromContractWithCustomerExcludingAssessedTax', 'shares': 'EntityCommonStockSharesOutstanding'}"
1655050,BCSF,"Bain Capital Specialty Finance, Inc.","{'debt_st': None, 'debt_lt': 'LongTermDebt', 'assets': 'Assets', 'liabilities': 'Liabilities', 'current_assets': None, 'current_liabilities': None, 'retained_earnings': 'RetainedEarningsAccumulatedDeficit', 'liabilities_and_equity': 'LiabilitiesAndStockholdersEquity', 'equity': 'StockholdersEquity', 'ebit': None, 'revenue': None, 'shares': 'EntityCommonStockSharesOutstanding'}"
1655210,BYND,"BEYOND MEAT, INC.","{'debt_st': 'LongTermDebtCurrent', 'debt_lt': 'LongTermDebtNoncurrent', 'assets': 'Assets', 'liabilities': None, 'current_assets': 'AssetsCurrent', 'current_liabilities': 'LiabilitiesCurrent', 'retained_earnings': 'RetainedEarningsAccumulatedDeficit', 'liabilities_and_equity': 'LiabilitiesAndStockholdersEquity', 'equity': 'StockholdersEquity', 'ebit': 'OperatingIncomeLoss', 'revenue': 'RevenueFromContractWithCustomerExcludingAssessedTax', 'shares': 'EntityCommonStockSharesOutstanding'}"
1655759,ARVN,"ARVINAS, INC.","{'debt_st': 'LongTermDebtCurrent', 'debt_lt': 'LongTermDebtNoncurrent', 'assets': 'Assets', 'liabilities': 'Liabilities', 'current_assets': 'AssetsCurrent', 'current_liabilities': 'LiabilitiesCurrent', 'retained_earnings': 'RetainedEarningsAccumulatedDeficit', 'liabilities_and_equity': 'LiabilitiesAndStockholdersEquity', 'equity': 'StockholdersEquity', 'ebit': 'OperatingIncomeLoss', 'revenue': 'RevenueFromContractWithCustomerExcludingAssessedTax', 'shares': 'EntityCommonStockSharesOutstanding'}"
1655888,OBDC,Blue Owl Capital Corp,"{'debt_st': None, 'debt_lt': 'LongTermDebt', 'assets': 'Assets', 'liabilities': 'Liabilities', 'current_assets': None, 'current_liabilities': None, 'retained_earnings': 'RetainedEarningsAccumulatedDeficit', 'liabilities_and_equity': 'LiabilitiesAndStockholdersEquity', 'equity': 'StockholdersEquity', 'ebit': None, 'revenue': None, 'shares': 'EntityCommonStockSharesOutstanding'}"
1657312,VRNA,Verona Pharma plc,"{'debt_st': None, 'debt_lt': 'LongTermDebtNoncurrent', 'assets': 'Assets', 'liabilities': 'Liabilities', 'current_assets': 'AssetsCurrent', 'current_liabilities': 'LiabilitiesCurrent', 'retained_earnings': 'RetainedEarningsAccumulatedDeficit', 'liabilities_and_equity': 'LiabilitiesAndStockholdersEquity', 'equity': 'StockholdersEquity', 'ebit': 'OperatingIncomeLoss', 'revenue': 'Revenues', 'shares': 'EntityCommonStockSharesOutstanding'}"
1657573,XMTR,"Xometry, Inc.","{'debt_st': 'ShortTermBorrowings', 'debt_lt': None, 'assets': 'Assets', 'liabilities': 'Liabilities', 'current_assets': 'AssetsCurrent', 'current_liabilities': 'LiabilitiesCurrent', 'retained_earnings': 'RetainedEarningsAccumulatedDeficit', 'liabilities_and_equity': 'LiabilitiesAndStockholdersEquity', 'equity': 'StockholdersEquity', 'ebit': 'OperatingIncomeLoss', 'revenue': 'RevenueFromContractWithCustomerExcludingAssessedTax', 'shares': 'EntityCommonStockSharesOutstanding'}"
1657788,KRP,"Kimbell Royalty Partners, LP","{'debt_st': None, 'debt_lt': 'LongTermDebt', 'assets': 'Assets', 'liabilities': 'Liabilities', 'current_assets': 'AssetsCurrent', 'current_liabilities': 'LiabilitiesCurrent', 'retained_earnings': None, 'liabilities_and_equity': 'LiabilitiesAndStockholdersEquity', 'equity': None, 'ebit': 'OperatingIncomeLoss', 'revenue': 'RevenueFromContractWithCustomerExcludingAssessedTax', 'shares': 'EntityCommonStockSharesOutstanding'}"
1658566,PR,Permian Resources Corp,"{'debt_st': 'LongTermDebtCurrent', 'debt_lt': 'LongTermDebtNoncurrent', 'assets': 'Assets', 'liabilities': 'Liabilities', 'current_assets': 'AssetsCurrent', 'current_liabilities': 'LiabilitiesCurrent', 'retained_earnings': 'RetainedEarningsAccumulatedDeficit', 'liabilities_and_equity': 'LiabilitiesAndStockholdersEquity', 'equity': 'StockholdersEquity', 'ebit': 'OperatingIncomeLoss', 'revenue': 'RevenueFromContractWithCustomerExcludingAssessedTax', 'shares': 'EntityCommonStockSharesOutstanding'}"
1659166,FTV,Fortive Corp,"{'debt_st': 'LongTermDebtCurrent', 'debt_lt': 'LongTermDebtNoncurrent', 'assets': 'Assets', 'liabilities': None, 'current_assets': 'AssetsCurrent', 'current_liabilities': 'LiabilitiesCurrent', 'retained_earnings': 'RetainedEarningsAccumulatedDeficit', 'liabilities_and_equity': 'LiabilitiesAndStockholdersEquity', 'equity': 'StockholdersEquity', 'ebit': 'OperatingIncomeLoss', 'revenue': 'RevenueFromContractWithCustomerExcludingAssessedTax', 'shares': 'EntityCommonStockSharesOutstanding'}"
1661059,NXTC,"NextCure, Inc.","{'debt_st': 'LongTermDebtCurrent', 'debt_lt': 'LongTermDebtNoncurrent', 'assets': 'Assets', 'liabilities': 'Liabilities', 'current_assets': 'AssetsCurrent', 'current_liabilities': 'LiabilitiesCurrent', 'retained_earnings': 'RetainedEarningsAccumulatedDeficit', 'liabilities_and_equity': 'LiabilitiesAndStockholdersEquity', 'equity': 'StockholdersEquity', 'ebit': 'OperatingIncomeLoss', 'revenue': 'RevenueFromContractWithCustomerExcludingAssessedTax', 'shares': 'EntityCommonStockSharesOutstanding'}"
1661181,ORGO,Organogenesis Holdings Inc.,"{'debt_st': 'NotesPayableCurrent', 'debt_lt': 'LongTermDebtNoncurrent', 'assets': 'Assets', 'liabilities': 'Liabilities', 'current_assets': 'AssetsCurrent', 'current_liabilities': 'LiabilitiesCurrent', 'retained_earnings': 'RetainedEarningsAccumulatedDeficit', 'liabilities_and_equity': 'LiabilitiesAndStockholdersEquity', 'equity': 'StockholdersEquity', 'ebit': 'OperatingIncomeLoss', 'revenue': 'Revenues', 'shares': 'EntityCommonStockSharesOutstanding'}"
1661460,PSTX,"Poseida Therapeutics, Inc.","{'debt_st': 'LongTermDebtCurrent', 'debt_lt': 'LongTermDebtNoncurrent', 'assets': 'Assets', 'liabilities': 'Liabilities', 'current_assets': 'AssetsCurrent', 'current_liabilities': 'LiabilitiesCurrent', 'retained_earnings': 'RetainedEarningsAccumulatedDeficit', 'liabilities_and_equity': 'LiabilitiesAndStockholdersEquity', 'equity': 'StockholdersEquity', 'ebit': 'OperatingIncomeLoss', 'revenue': 'Revenues', 'shares': 'EntityCommonStockSharesOutstanding'}"
1662579,CCCC,"C4 Therapeutics, Inc.","{'debt_st': 'LongTermDebtCurrent', 'debt_lt': 'LongTermDebtNoncurrent', 'assets': 'Assets', 'liabilities': 'Liabilities', 'current_assets': 'AssetsCurrent', 'current_liabilities': 'LiabilitiesCurrent', 'retained_earnings': 'RetainedEarningsAccumulatedDeficit', 'liabilities_and_equity': 'LiabilitiesAndStockholdersEquity', 'equity': 'StockholdersEquity', 'ebit': 'OperatingIncomeLoss', 'revenue': 'RevenueFromContractWithCustomerExcludingAssessedTax', 'shares': 'EntityCommonStockSharesOutstanding'}"
1664703,BE,Bloom Energy Corp,"{'debt_st': 'LongTermDebtCurrent', 'debt_lt': 'LongTermDebtNoncurrent', 'assets': 'Assets', 'liabilities': 'Liabilities', 'current_assets': 'AssetsCurrent', 'current_liabilities': 'LiabilitiesCurrent', 'retained_earnings': 'RetainedEarningsAccumulatedDeficit', 'liabilities_and_equity': 'LiabilitiesAndStockholdersEquity', 'equity': 'StockholdersEquity', 'ebit': 'OperatingIncomeLoss', 'revenue': 'RevenueFromContractWithCustomerExcludingAssessedTax', 'shares': 'EntityCommonStockSharesOutstanding'}"
1665918,USFD,US Foods Holding Corp.,"{'debt_st': 'LongTermDebtCurrent', 'debt_lt': 'LongTermDebtNoncurrent', 'assets': 'Assets', 'liabilities': 'Liabilities', 'current_assets': 'AssetsCurrent', 'current_liabilities': 'LiabilitiesCurrent', 'retained_earnings': 'RetainedEarningsAccumulatedDeficit', 'liabilities_and_equity': 'LiabilitiesAndStockholdersEquity', 'equity': 'StockholdersEquity', 'ebit': 'OperatingIncomeLoss', 'revenue': 'RevenueFromContractWithCustomerExcludingAssessedTax', 'shares': 'EntityCommonStockSharesOutstanding'}"
1666071,CDLX,"Cardlytics, Inc.","{'debt_st': 'LongTermDebtCurrent', 'debt_lt': 'LongTermDebtNoncurrent', 'assets': 'Assets', 'liabilities': 'Liabilities', 'current_assets': 'AssetsCurrent', 'current_liabilities': 'LiabilitiesCurrent', 'retained_earnings': 'RetainedEarningsAccumulatedDeficit', 'liabilities_and_equity': 'LiabilitiesAndStockholdersEquity', 'equity': 'StockholdersEquity', 'ebit': 'OperatingIncomeLoss', 'revenue': 'RevenueFromContractWithCustomerExcludingAssessedTax', 'shares': 'EntityCommonStockSharesOutstanding'}"
1666138,ATKR,Atkore Inc.,"{'debt_st': 'DebtCurrent', 'debt_lt': 'LongTermDebtNoncurrent', 'assets': 'Assets', 'liabilities': 'Liabilities', 'current_assets': 'AssetsCurrent', 'current_liabilities': 'LiabilitiesCurrent', 'retained_earnings': 'RetainedEarningsAccumulatedDeficit', 'liabilities_and_equity': 'LiabilitiesAndStockholdersEquity', 'equity': 'StockholdersEquity', 'ebit': 'OperatingIncomeLoss', 'revenue': 'RevenueFromContractWithCustomerExcludingAssessedTax', 'shares': 'EntityCommonStockSharesOutstanding'}"
1666700,DD,"DuPont de Nemours, Inc.","{'debt_st': 'DebtCurrent', 'debt_lt': 'LongTermDebtAndCapitalLeaseObligations', 'assets': 'Assets', 'liabilities': 'Liabilities', 'current_assets': 'AssetsCurrent', 'current_liabilities': 'LiabilitiesCurrent', 'retained_earnings': 'RetainedEarningsAccumulatedDeficit', 'liabilities_and_equity': 'LiabilitiesAndStockholdersEquity', 'equity': 'StockholdersEquity', 'ebit': 'IncomeLossFromContinuingOperationsBeforeIncomeTaxesExtraordinaryItemsNoncontrollingInterest', 'revenue': 'RevenueFromContractWithCustomerExcludingAssessedTax', 'shares': 'EntityCommonStockSharesOutstanding'}"
1668397,MEDP,"Medpace Holdings, Inc.","{'debt_st': 'LongTermDebtCurrent', 'debt_lt': 'LongTermDebtNoncurrent', 'assets': 'Assets', 'liabilities': 'Liabilities', 'current_assets': 'AssetsCurrent', 'current_liabilities': 'LiabilitiesCurrent', 'retained_earnings': 'RetainedEarningsAccumulatedDeficit', 'liabilities_and_equity': 'LiabilitiesAndStockholdersEquity', 'equity': 'StockholdersEquity', 'ebit': 'OperatingIncomeLoss', 'revenue': 'RevenueFromContractWithCustomerExcludingAssessedTax', 'shares': 'EntityCommonStockSharesOutstanding'}"
1669811,DFIN,"Donnelley Financial Solutions, Inc.","{'debt_st': 'LongTermDebtCurrent', 'debt_lt': 'LongTermDebtNoncurrent', 'assets': 'Assets', 'liabilities': 'Liabilities', 'current_assets': 'AssetsCurrent', 'current_liabilities': 'LiabilitiesCurrent', 'retained_earnings': 'RetainedEarningsAccumulatedDeficit', 'liabilities_and_equity': 'LiabilitiesAndStockholdersEquity', 'equity': 'StockholdersEquity', 'ebit': 'OperatingIncomeLoss', 'revenue': 'RevenueFromContractWithCustomerExcludingAssessedTax', 'shares': 'EntityCommonStockSharesOutstanding'}"
1670076,ULCC,"Frontier Group Holdings, Inc.","{'debt_st': 'LongTermDebtCurrent', 'debt_lt': 'LongTermDebtNoncurrent', 'assets': 'Assets', 'liabilities': 'Liabilities', 'current_assets': 'AssetsCurrent', 'current_liabilities': 'LiabilitiesCurrent', 'retained_earnings': 'RetainedEarningsAccumulatedDeficit', 'liabilities_and_equity': 'LiabilitiesAndStockholdersEquity', 'equity': 'StockholdersEquity', 'ebit': 'OperatingIncomeLoss', 'revenue': 'RevenueFromContractWithCustomerExcludingAssessedTax', 'shares': 'EntityCommonStockSharesOutstanding'}"
1670541,ADNT,Adient plc,"{'debt_st': 'ShortTermBorrowings', 'debt_lt': 'LongTermDebtAndCapitalLeaseObligationsIncludingCurrentMaturities', 'assets': 'Assets', 'liabilities': None, 'current_assets': 'AssetsCurrent', 'current_liabilities': 'LiabilitiesCurrent', 'retained_earnings': 'RetainedEarningsAccumulatedDeficit', 'liabilities_and_equity': 'LiabilitiesAndStockholdersEquity', 'equity': 'StockholdersEquity', 'ebit': 'IncomeLossFromContinuingOperationsBeforeIncomeTaxesExtraordinaryItemsNoncontrollingInterest', 'revenue': 'RevenueFromContractWithCustomerExcludingAssessedTax', 'shares': 'EntityCommonStockSharesOutstanding'}"
1670592,YETI,"YETI Holdings, Inc.","{'debt_st': 'LongTermDebtCurrent', 'debt_lt': 'LongTermDebtNoncurrent', 'assets': 'Assets', 'liabilities': 'Liabilities', 'current_assets': 'AssetsCurrent', 'current_liabilities': 'LiabilitiesCurrent', 'retained_earnings': 'RetainedEarningsAccumulatedDeficit', 'liabilities_and_equity': 'LiabilitiesAndStockholdersEquity', 'equity': 'StockholdersEquity', 'ebit': 'OperatingIncomeLoss', 'revenue': 'RevenueFromContractWithCustomerExcludingAssessedTax', 'shares': 'EntityCommonStockSharesOutstanding'}"
1671858,SPRY,"ARS Pharmaceuticals, Inc.","{'debt_st': 'NotesPayableCurrent', 'debt_lt': 'LongTermDebt', 'assets': 'Assets', 'liabilities': 'Liabilities', 'current_assets': 'AssetsCurrent', 'current_liabilities': 'LiabilitiesCurrent', 'retained_earnings': 'RetainedEarningsAccumulatedDeficit', 'liabilities_and_equity': 'LiabilitiesAndStockholdersEquity', 'equity': 'StockholdersEquity', 'ebit': 'OperatingIncomeLoss', 'revenue': 'RevenueFromContractWithCustomerExcludingAssessedTax', 'shares': 'EntityCommonStockSharesOutstanding'}"
1671927,IMCR,Immunocore Holdings plc,"{'debt_st': None, 'debt_lt': 'LongTermDebt', 'assets': 'Assets', 'liabilities': 'Liabilities', 'current_assets': 'AssetsCurrent', 'current_liabilities': 'LiabilitiesCurrent', 'retained_earnings': 'RetainedEarningsAccumulatedDeficit', 'liabilities_and_equity': 'LiabilitiesAndStockholdersEquity', 'equity': 'StockholdersEquity', 'ebit': 'OperatingIncomeLoss', 'revenue': 'RevenueFromContractWithCustomerExcludingAssessedTax', 'shares': 'EntityCommonStockSharesOutstanding'}"
1672013,GOLF,Acushnet Holdings Corp.,"{'debt_st': 'LongTermDebtCurrent', 'debt_lt': 'LongTermDebtNoncurrent', 'assets': 'Assets', 'liabilities': 'Liabilities', 'current_assets': 'AssetsCurrent', 'current_liabilities': 'LiabilitiesCurrent', 'retained_earnings': 'RetainedEarningsAccumulatedDeficit', 'liabilities_and_equity': 'LiabilitiesAndStockholdersEquity', 'equity': 'StockholdersEquity', 'ebit': 'OperatingIncomeLoss', 'revenue': 'RevenueFromContractWithCustomerExcludingAssessedTax', 'shares': 'EntityCommonStockSharesOutstanding'}"
1672688,ABSI,Absci Corp,"{'debt_st': 'NotesPayableCurrent', 'debt_lt': 'LongTermDebt', 'assets': 'Assets', 'liabilities': 'Liabilities', 'current_assets': 'AssetsCurrent', 'current_liabilities': 'LiabilitiesCurrent', 'retained_earnings': 'RetainedEarningsAccumulatedDeficit', 'liabilities_and_equity': 'LiabilitiesAndStockholdersEquity', 'equity': 'StockholdersEquity', 'ebit': 'OperatingIncomeLoss', 'revenue': 'Revenues', 'shares': 'EntityCommonStockSharesOutstanding'}"
1673358,YUMC,"Yum China Holdings, Inc.","{'debt_st': 'ShortTermBorrowings', 'debt_lt': None, 'assets': 'Assets', 'liabilities': 'Liabilities', 'current_assets': 'AssetsCurrent', 'current_liabilities': 'LiabilitiesCurrent', 'retained_earnings': 'RetainedEarningsAccumulatedDeficit', 'liabilities_and_equity': 'LiabilitiesAndStockholdersEquity', 'equity': 'StockholdersEquity', 'ebit': 'OperatingIncomeLoss', 'revenue': 'Revenues', 'shares': 'EntityCommonStockSharesOutstanding'}"
1673985,ASIX,AdvanSix Inc.,"{'debt_st': 'LongTermDebtCurrent', 'debt_lt': 'LongTermDebtNoncurrent', 'assets': 'Assets', 'liabilities': 'Liabilities', 'current_assets': 'AssetsCurrent', 'current_liabilities': 'LiabilitiesCurrent', 'retained_earnings': 'RetainedEarningsAccumulatedDeficit', 'liabilities_and_equity': 'LiabilitiesAndStockholdersEquity', 'equity': 'StockholdersEquity', 'ebit': 'IncomeLossFromContinuingOperationsBeforeIncomeTaxesExtraordinaryItemsNoncontrollingInterest', 'revenue': 'RevenueFromContractWithCustomerExcludingAssessedTax', 'shares': 'EntityCommonStockSharesOutstanding'}"
1674101,VRT,Vertiv Holdings Co,"{'debt_st': 'DebtCurrent', 'debt_lt': 'LongTermDebtNoncurrent', 'assets': 'Assets', 'liabilities': 'Liabilities', 'current_assets': 'AssetsCurrent', 'current_liabilities': 'LiabilitiesCurrent', 'retained_earnings': 'RetainedEarningsAccumulatedDeficit', 'liabilities_and_equity': 'LiabilitiesAndStockholdersEquity', 'equity': 'StockholdersEquity', 'ebit': 'OperatingIncomeLoss', 'revenue': 'RevenueFromContractWithCustomerExcludingAssessedTax', 'shares': 'EntityCommonStockSharesOutstanding'}"
1674168,HGV,Hilton Grand Vacations Inc.,"{'debt_st': None, 'debt_lt': 'LongTermDebt', 'assets': 'Assets', 'liabilities': 'Liabilities', 'current_assets': None, 'current_liabilities': None, 'retained_earnings': 'RetainedEarningsAccumulatedDeficit', 'liabilities_and_equity': 'LiabilitiesAndStockholdersEquity', 'equity': 'StockholdersEquity', 'ebit': 'IncomeLossFromContinuingOperationsBeforeIncomeTaxesExtraordinaryItemsNoncontrollingInterest', 'revenue': 'RevenueFromContractWithCustomerExcludingAssessedTax', 'shares': 'EntityCommonStockSharesOutstanding'}"
1674335,JELD,"JELD-WEN Holding, Inc.","{'debt_st': 'LongTermDebtCurrent', 'debt_lt': 'LongTermDebtNoncurrent', 'assets': 'Assets', 'liabilities': 'Liabilities', 'current_assets': 'AssetsCurrent', 'current_liabilities': 'LiabilitiesCurrent', 'retained_earnings': 'RetainedEarningsAccumulatedDeficit', 'liabilities_and_equity': 'LiabilitiesAndStockholdersEquity', 'equity': 'StockholdersEquity', 'ebit': 'OperatingIncomeLoss', 'revenue': 'RevenueFromContractWithCustomerExcludingAssessedTax', 'shares': 'EntityCommonStockSharesOutstanding'}"
1674416,CRSP,CRISPR Therapeutics AG,"{'debt_st': None, 'debt_lt': 'LongTermDebt', 'assets': 'Assets', 'liabilities': 'Liabilities', 'current_assets': 'AssetsCurrent', 'current_liabilities': 'LiabilitiesCurrent', 'retained_earnings': 'RetainedEarningsAccumulatedDeficit', 'liabilities_and_equity': 'LiabilitiesAndStockholdersEquity', 'equity': 'StockholdersEquity', 'ebit': 'OperatingIncomeLoss', 'revenue': 'RevenueFromContractWithCustomerExcludingAssessedTax', 'shares': 'EntityCommonStockSharesOutstanding'}"
1674862,ASH,ASHLAND INC.,"{'debt_st': 'LongTermDebtCurrent', 'debt_lt': 'LongTermDebtNoncurrent', 'assets': 'Assets', 'liabilities': None, 'current_assets': 'AssetsCurrent', 'current_liabilities': 'LiabilitiesCurrent', 'retained_earnings': 'RetainedEarningsAccumulatedDeficit', 'liabilities_and_equity': 'LiabilitiesAndStockholdersEquity', 'equity': 'StockholdersEquity', 'ebit': 'OperatingIncomeLoss', 'revenue': 'RevenueFromContractWithCustomerExcludingAssessedTax', 'shares': 'EntityCommonStockSharesOutstanding'}"
1674910,VVV,VALVOLINE INC,"{'debt_st': 'LongTermDebtCurrent', 'debt_lt': 'LongTermDebtNoncurrent', 'assets': 'Assets', 'liabilities': None, 'current_assets': 'AssetsCurrent', 'current_liabilities': 'LiabilitiesCurrent', 'retained_earnings': 'RetainedEarningsAccumulatedDeficit', 'liabilities_and_equity': 'LiabilitiesAndStockholdersEquity', 'equity': 'StockholdersEquity', 'ebit': 'OperatingIncomeLoss', 'revenue': 'RevenueFromContractWithCustomerExcludingAssessedTax', 'shares': 'EntityCommonStockSharesOutstanding'}"
1674930,FLGT,"Fulgent Genetics, Inc.","{'debt_st': 'NotesPayableCurrent', 'debt_lt': 'LongTermNotesPayable', 'assets': 'Assets', 'liabilities': 'Liabilities', 'current_assets': 'AssetsCurrent', 'current_liabilities': 'LiabilitiesCurrent', 'retained_earnings': 'RetainedEarningsAccumulatedDeficit', 'liabilities_and_equity': 'LiabilitiesAndStockholdersEquity', 'equity': 'StockholdersEquity', 'ebit': 'OperatingIncomeLoss', 'revenue': 'RevenueFromContractWithCustomerExcludingAssessedTax', 'shares': 'EntityCommonStockSharesOutstanding'}"
1675149,AA,Alcoa Corp,"{'debt_st': 'LongTermDebtCurrent', 'debt_lt': 'LongTermDebtNoncurrent', 'assets': 'Assets', 'liabilities': 'Liabilities', 'current_assets': 'AssetsCurrent', 'current_liabilities': 'LiabilitiesCurrent', 'retained_earnings': 'RetainedEarningsAccumulatedDeficit', 'liabilities_and_equity': 'LiabilitiesAndStockholdersEquity', 'equity': 'StockholdersEquity', 'ebit': 'IncomeLossFromContinuingOperationsBeforeIncomeTaxesExtraordinaryItemsNoncontrollingInterest', 'revenue': 'RevenueFromContractWithCustomerExcludingAssessedTax', 'shares': 'EntityCommonStockSharesOutstanding'}"
1677703,CNDT,CONDUENT Inc,"{'debt_st': 'DebtCurrent', 'debt_lt': 'LongTermDebtAndCapitalLeaseObligations', 'assets': 'Assets', 'liabilities': 'Liabilities', 'current_assets': 'AssetsCurrent', 'current_liabilities': 'LiabilitiesCurrent', 'retained_earnings': 'RetainedEarningsAccumulatedDeficit', 'liabilities_and_equity': 'LiabilitiesAndStockholdersEquity', 'equity': 'StockholdersEquity', 'ebit': 'OperatingIncomeLoss', 'revenue': 'RevenueFromContractWithCustomerExcludingAssessedTax', 'shares': 'EntityCommonStockSharesOutstanding'}"
1679049,INSW,"International Seaways, Inc.","{'debt_st': 'LongTermDebtCurrent', 'debt_lt': 'LongTermDebtNoncurrent', 'assets': 'Assets', 'liabilities': 'Liabilities', 'current_assets': 'AssetsCurrent', 'current_liabilities': 'LiabilitiesCurrent', 'retained_earnings': 'RetainedEarningsAccumulatedDeficit', 'liabilities_and_equity': 'LiabilitiesAndStockholdersEquity', 'equity': 'StockholdersEquity', 'ebit': 'OperatingIncomeLoss', 'revenue': 'RevenueFromContractWithCustomerExcludingAssessedTax', 'shares': 'EntityCommonStockSharesOutstanding'}"
1679268,TUSK,"MAMMOTH ENERGY SERVICES, INC.","{'debt_st': 'LongTermDebtCurrent', 'debt_lt': 'LongTermDebtNoncurrent', 'assets': 'Assets', 'liabilities': 'Liabilities', 'current_assets': 'AssetsCurrent', 'current_liabilities': 'LiabilitiesCurrent', 'retained_earnings': 'RetainedEarningsAccumulatedDeficit', 'liabilities_and_equity': 'LiabilitiesAndStockholdersEquity', 'equity': 'StockholdersEquity', 'ebit': 'OperatingIncomeLoss', 'revenue': 'RevenueFromContractWithCustomerExcludingAssessedTax', 'shares': 'EntityCommonStockSharesOutstanding'}"
1679273,LW,"Lamb Weston Holdings, Inc.","{'debt_st': 'LongTermDebtCurrent', 'debt_lt': 'LongTermDebtNoncurrent', 'assets': 'Assets', 'liabilities': 'Liabilities', 'current_assets': 'AssetsCurrent', 'current_liabilities': 'LiabilitiesCurrent', 'retained_earnings': 'RetainedEarningsAccumulatedDeficit', 'liabilities_and_equity': 'LiabilitiesAndStockholdersEquity', 'equity': 'StockholdersEquity', 'ebit': 'OperatingIncomeLoss', 'revenue': 'RevenueFromContractWithCustomerExcludingAssessedTax', 'shares': 'EntityCommonStockSharesOutstanding'}"
1680247,PUMP,ProPetro Holding Corp.,"{'debt_st': 'LongTermDebtCurrent', 'debt_lt': 'LongTermDebtNoncurrent', 'assets': 'Assets', 'liabilities': 'Liabilities', 'current_assets': 'AssetsCurrent', 'current_liabilities': 'LiabilitiesCurrent', 'retained_earnings': 'RetainedEarningsAccumulatedDeficit', 'liabilities_and_equity': 'LiabilitiesAndStockholdersEquity', 'equity': 'StockholdersEquity', 'ebit': 'OperatingIncomeLoss', 'revenue': 'RevenueFromContractWithCustomerExcludingAssessedTax', 'shares': 'EntityCommonStockSharesOutstanding'}"
1680873,HFFG,HF Foods Group Inc.,"{'debt_st': 'LongTermDebtCurrent', 'debt_lt': 'LongTermDebtNoncurrent', 'assets': 'Assets', 'liabilities': 'Liabilities', 'current_assets': 'AssetsCurrent', 'current_liabilities': 'LiabilitiesCurrent', 'retained_earnings': 'RetainedEarningsAccumulatedDeficit', 'liabilities_and_equity': 'LiabilitiesAndStockholdersEquity', 'equity': 'StockholdersEquity', 'ebit': 'OperatingIncomeLoss', 'revenue': 'RevenueFromContractWithCustomerExcludingAssessedTax', 'shares': 'EntityCommonStockSharesOutstanding'}"
1681459,FTI,TechnipFMC plc,"{'debt_st': 'DebtCurrent', 'debt_lt': 'LongTermDebtNoncurrent', 'assets': 'Assets', 'liabilities': 'Liabilities', 'current_assets': 'AssetsCurrent', 'current_liabilities': 'LiabilitiesCurrent', 'retained_earnings': 'RetainedEarningsAccumulatedDeficit', 'liabilities_and_equity': 'LiabilitiesAndStockholdersEquity', 'equity': 'StockholdersEquity', 'ebit': 'OperatingIncomeLoss', 'revenue': 'Revenues', 'shares': 'EntityCommonStockSharesOutstanding'}"
1681622,VREX,Varex Imaging Corp,"{'debt_st': 'LongTermDebtCurrent', 'debt_lt': 'LongTermDebtNoncurrent', 'assets': 'Assets', 'liabilities': 'Liabilities', 'current_assets': 'AssetsCurrent', 'current_liabilities': 'LiabilitiesCurrent', 'retained_earnings': 'RetainedEarningsAccumulatedDeficit', 'liabilities_and_equity': 'LiabilitiesAndStockholdersEquity', 'equity': 'StockholdersEquity', 'ebit': 'OperatingIncomeLoss', 'revenue': 'RevenueFromContractWithCustomerExcludingAssessedTax', 'shares': 'EntityCommonStockSharesOutstanding'}"
1682745,VRRM,VERRA MOBILITY Corp,"{'debt_st': 'LongTermDebtCurrent', 'debt_lt': 'LongTermDebtNoncurrent', 'assets': 'Assets', 'liabilities': 'Liabilities', 'current_assets': 'AssetsCurrent', 'current_liabilities': 'LiabilitiesCurrent', 'retained_earnings': 'RetainedEarningsAccumulatedDeficit', 'liabilities_and_equity': 'LiabilitiesAndStockholdersEquity', 'equity': 'StockholdersEquity', 'ebit': 'OperatingIncomeLoss', 'revenue': 'RevenueFromContractWithCustomerExcludingAssessedTax', 'shares': 'EntityCommonStockSharesOutstanding'}"
1682852,MRNA,"Moderna, Inc.","{'debt_st': None, 'debt_lt': 'LongTermDebtNoncurrent', 'assets': 'Assets', 'liabilities': 'Liabilities', 'current_assets': 'AssetsCurrent', 'current_liabilities': 'LiabilitiesCurrent', 'retained_earnings': 'RetainedEarningsAccumulatedDeficit', 'liabilities_and_equity': 'LiabilitiesAndStockholdersEquity', 'equity': 'StockholdersEquity', 'ebit': 'OperatingIncomeLoss', 'revenue': 'RevenueFromContractWithCustomerExcludingAssessedTax', 'shares': 'EntityCommonStockSharesOutstanding'}"
1683606,CARS,Cars.com Inc.,"{'debt_st': 'LongTermDebtCurrent', 'debt_lt': 'LongTermDebtNoncurrent', 'assets': 'Assets', 'liabilities': 'Liabilities', 'current_assets': 'AssetsCurrent', 'current_liabilities': 'LiabilitiesCurrent', 'retained_earnings': 'RetainedEarningsAccumulatedDeficit', 'liabilities_and_equity': 'LiabilitiesAndStockholdersEquity', 'equity': 'StockholdersEquity', 'ebit': 'OperatingIncomeLoss', 'revenue': 'RevenueFromContractWithCustomerExcludingAssessedTax', 'shares': 'EntityCommonStockSharesOutstanding'}"
1683695,IMXI,"International Money Express, Inc.","{'debt_st': 'LongTermDebtCurrent', 'debt_lt': 'LongTermDebtNoncurrent', 'assets': 'Assets', 'liabilities': 'Liabilities', 'current_assets': 'AssetsCurrent', 'current_liabilities': 'LiabilitiesCurrent', 'retained_earnings': 'RetainedEarningsAccumulatedDeficit', 'liabilities_and_equity': 'LiabilitiesAndStockholdersEquity', 'equity': 'StockholdersEquity', 'ebit': 'OperatingIncomeLoss', 'revenue': 'Revenues', 'shares': 'EntityCommonStockSharesOutstanding'}"
1687187,METC,"Ramaco Resources, Inc.","{'debt_st': 'LongTermDebtCurrent', 'debt_lt': 'LongTermDebtNoncurrent', 'assets': 'Assets', 'liabilities': 'Liabilities', 'current_assets': 'AssetsCurrent', 'current_liabilities': 'LiabilitiesCurrent', 'retained_earnings': 'RetainedEarningsAccumulatedDeficit', 'liabilities_and_equity': 'LiabilitiesAndStockholdersEquity', 'equity': 'StockholdersEquity', 'ebit': 'OperatingIncomeLoss', 'revenue': 'RevenueFromContractWithCustomerIncludingAssessedTax', 'shares': 'EntityCommonStockSharesOutstanding'}"
1687221,REVG,"REV Group, Inc.","{'debt_st': 'LongTermDebtCurrent', 'debt_lt': 'LongTermDebtNoncurrent', 'assets': 'Assets', 'liabilities': 'Liabilities', 'current_assets': 'AssetsCurrent', 'current_liabilities': 'LiabilitiesCurrent', 'retained_earnings': 'RetainedEarningsAccumulatedDeficit', 'liabilities_and_equity': 'LiabilitiesAndStockholdersEquity', 'equity': 'StockholdersEquity', 'ebit': 'OperatingIncomeLoss', 'revenue': 'RevenueFromContractWithCustomerExcludingAssessedTax', 'shares': 'EntityCommonStockSharesOutstanding'}"
1687932,JILL,"J.Jill, Inc.","{'debt_st': 'LongTermDebtCurrent', 'debt_lt': 'LongTermDebtNoncurrent', 'assets': 'Assets', 'liabilities': 'Liabilities', 'current_assets': 'AssetsCurrent', 'current_liabilities': 'LiabilitiesCurrent', 'retained_earnings': 'RetainedEarningsAccumulatedDeficit', 'liabilities_and_equity': 'LiabilitiesAndStockholdersEquity', 'equity': 'StockholdersEquity', 'ebit': 'OperatingIncomeLoss', 'revenue': 'RevenueFromContractWithCustomerExcludingAssessedTax', 'shares': 'EntityCommonStockSharesOutstanding'}"
1688568,DXC,DXC Technology Co,"{'debt_st': 'DebtCurrent', 'debt_lt': 'LongTermDebtNoncurrent', 'assets': 'Assets', 'liabilities': 'Liabilities', 'current_assets': 'AssetsCurrent', 'current_liabilities': 'LiabilitiesCurrent', 'retained_earnings': 'RetainedEarningsAccumulatedDeficit', 'liabilities_and_equity': 'LiabilitiesAndStockholdersEquity', 'equity': 'StockholdersEquity', 'ebit': 'OperatingIncomeLoss', 'revenue': 'Revenues', 'shares': 'EntityCommonStockSharesOutstanding'}"
1688757,ESTA,ESTABLISHMENT LABS HOLDINGS INC.,"{'debt_st': 'ShortTermBorrowings', 'debt_lt': 'LongTermDebtNoncurrent', 'assets': 'Assets', 'liabilities': 'Liabilities', 'current_assets': 'AssetsCurrent', 'current_liabilities': 'LiabilitiesCurrent', 'retained_earnings': 'RetainedEarningsAccumulatedDeficit', 'liabilities_and_equity': 'LiabilitiesAndStockholdersEquity', 'equity': 'StockholdersEquity', 'ebit': 'OperatingIncomeLoss', 'revenue': 'RevenueFromContractWithCustomerExcludingAssessedTax', 'shares': 'EntityCommonStockSharesOutstanding'}"
1690334,SMHI,SEACOR Marine Holdings Inc.,"{'debt_st': 'LongTermDebtCurrent', 'debt_lt': 'LongTermDebtNoncurrent', 'assets': 'Assets', 'liabilities': 'Liabilities', 'current_assets': 'AssetsCurrent', 'current_liabilities': 'LiabilitiesCurrent', 'retained_earnings': 'RetainedEarningsAccumulatedDeficit', 'liabilities_and_equity': 'LiabilitiesAndStockholdersEquity', 'equity': 'StockholdersEquity', 'ebit': 'OperatingIncomeLoss', 'revenue': 'Revenues', 'shares': 'EntityCommonStockSharesOutstanding'}"
1691303,HCC,"WARRIOR MET COAL, INC.","{'debt_st': 'LongTermDebtCurrent', 'debt_lt': 'LongTermDebtNoncurrent', 'assets': 'Assets', 'liabilities': 'Liabilities', 'current_assets': 'AssetsCurrent', 'current_liabilities': 'LiabilitiesCurrent', 'retained_earnings': 'RetainedEarningsAccumulatedDeficit', 'liabilities_and_equity': 'LiabilitiesAndStockholdersEquity', 'equity': 'StockholdersEquity', 'ebit': 'OperatingIncomeLoss', 'revenue': 'RevenueFromContractWithCustomerIncludingAssessedTax', 'shares': 'EntityCommonStockSharesOutstanding'}"
1692115,SWX,"Southwest Gas Holdings, Inc.","{'debt_st': 'LongTermDebtCurrent', 'debt_lt': 'LongTermDebtNoncurrent', 'assets': 'Assets', 'liabilities': None, 'current_assets': 'AssetsCurrent', 'current_liabilities': 'LiabilitiesCurrent', 'retained_earnings': 'RetainedEarningsAccumulatedDeficit', 'liabilities_and_equity': 'LiabilitiesAndStockholdersEquity', 'equity': 'StockholdersEquity', 'ebit': 'OperatingIncomeLoss', 'revenue': 'RevenueFromContractWithCustomerExcludingAssessedTax', 'shares': 'EntityCommonStockSharesOutstanding'}"
1692412,PLYA,Playa Hotels & Resorts N.V.,"{'debt_st': None, 'debt_lt': 'LongTermDebtAndCapitalLeaseObligations', 'assets': 'Assets', 'liabilities': 'Liabilities', 'current_assets': None, 'current_liabilities': None, 'retained_earnings': 'RetainedEarningsAccumulatedDeficit', 'liabilities_and_equity': 'LiabilitiesAndStockholdersEquity', 'equity': 'StockholdersEquity', 'ebit': 'OperatingIncomeLoss', 'revenue': 'RevenueFromContractWithCustomerExcludingAssessedTax', 'shares': 'EntityCommonStockSharesOutstanding'}"
1692427,NCSM,"NCS Multistage Holdings, Inc.","{'debt_st': 'LongTermDebtCurrent', 'debt_lt': 'LongTermDebtNoncurrent', 'assets': 'Assets', 'liabilities': 'Liabilities', 'current_assets': 'AssetsCurrent', 'current_liabilities': 'LiabilitiesCurrent', 'retained_earnings': 'RetainedEarningsAccumulatedDeficit', 'liabilities_and_equity': 'LiabilitiesAndStockholdersEquity', 'equity': 'StockholdersEquity', 'ebit': 'OperatingIncomeLoss', 'revenue': 'RevenueFromContractWithCustomerExcludingAssessedTax', 'shares': 'EntityCommonStockSharesOutstanding'}"
1692819,VST,Vistra Corp.,"{'debt_st': 'ShortTermBorrowings', 'debt_lt': 'LongTermDebtAndCapitalLeaseObligationsIncludingCurrentMaturities', 'assets': 'Assets', 'liabilities': 'Liabilities', 'current_assets': 'AssetsCurrent', 'current_liabilities': 'LiabilitiesCurrent', 'retained_earnings': 'RetainedEarningsAccumulatedDeficit', 'liabilities_and_equity': 'LiabilitiesAndStockholdersEquity', 'equity': 'StockholdersEquity', 'ebit': 'OperatingIncomeLoss', 'revenue': 'RevenueFromContractWithCustomerExcludingAssessedTax', 'shares': 'EntityCommonStockSharesOutstanding'}"
1694426,DK,"Delek US Holdings, Inc.","{'debt_st': 'LongTermDebtCurrent', 'debt_lt': 'LongTermDebtNoncurrent', 'assets': 'Assets', 'liabilities': None, 'current_assets': 'AssetsCurrent', 'current_liabilities': 'LiabilitiesCurrent', 'retained_earnings': 'RetainedEarningsAccumulatedDeficit', 'liabilities_and_equity': 'LiabilitiesAndStockholdersEquity', 'equity': 'StockholdersEquity', 'ebit': 'OperatingIncomeLoss', 'revenue': 'RevenueFromContractWithCustomerExcludingAssessedTax', 'shares': 'EntityCommonStockSharesOutstanding'}"
1695295,HYFM,"HYDROFARM HOLDINGS GROUP, INC.","{'debt_st': 'LongTermDebtCurrent', 'debt_lt': 'LongTermDebtNoncurrent', 'assets': 'Assets', 'liabilities': 'Liabilities', 'current_assets': 'AssetsCurrent', 'current_liabilities': 'LiabilitiesCurrent', 'retained_earnings': 'RetainedEarningsAccumulatedDeficit', 'liabilities_and_equity': 'LiabilitiesAndStockholdersEquity', 'equity': 'StockholdersEquity', 'ebit': 'OperatingIncomeLoss', 'revenue': 'RevenueFromContractWithCustomerExcludingAssessedTax', 'shares': 'EntityCommonStockSharesOutstanding'}"
1698514,NESR,National Energy Services Reunited Corp.,"{'debt_st': 'LongTermDebtCurrent', 'debt_lt': 'LongTermDebtNoncurrent', 'assets': 'Assets', 'liabilities': 'Liabilities', 'current_assets': 'AssetsCurrent', 'current_liabilities': 'LiabilitiesCurrent', 'retained_earnings': 'RetainedEarningsAccumulatedDeficit', 'liabilities_and_equity': 'LiabilitiesAndStockholdersEquity', 'equity': 'StockholdersEquity', 'ebit': 'OperatingIncomeLoss', 'revenue': 'RevenueFromContractWithCustomerExcludingAssessedTax', 'shares': 'EntityCommonStockSharesOutstanding'}"
1698990,MGY,Magnolia Oil & Gas Corp,"{'debt_st': None, 'debt_lt': 'LongTermDebtNoncurrent', 'assets': 'Assets', 'liabilities': 'Liabilities', 'current_assets': 'AssetsCurrent', 'current_liabilities': 'LiabilitiesCurrent', 'retained_earnings': 'RetainedEarningsAccumulatedDeficit', 'liabilities_and_equity': 'LiabilitiesAndStockholdersEquity', 'equity': 'StockholdersEquity', 'ebit': 'OperatingIncomeLoss', 'revenue': 'Revenues', 'shares': 'EntityCommonStockSharesOutstanding'}"
1698991,ACEL,"Accel Entertainment, Inc.","{'debt_st': 'LongTermDebtCurrent', 'debt_lt': 'LongTermDebtNoncurrent', 'assets': 'Assets', 'liabilities': 'Liabilities', 'current_assets': 'AssetsCurrent', 'current_liabilities': 'LiabilitiesCurrent', 'retained_earnings': 'RetainedEarningsAccumulatedDeficit', 'liabilities_and_equity': 'LiabilitiesAndStockholdersEquity', 'equity': 'StockholdersEquity', 'ebit': 'OperatingIncomeLoss', 'revenue': 'Revenues', 'shares': 'EntityCommonStockSharesOutstanding'}"
1699150,IR,Ingersoll Rand Inc.,"{'debt_st': 'DebtCurrent', 'debt_lt': 'LongTermDebtAndCapitalLeaseObligationsIncludingCurrentMaturities', 'assets': 'Assets', 'liabilities': 'Liabilities', 'current_assets': 'AssetsCurrent', 'current_liabilities': 'LiabilitiesCurrent', 'retained_earnings': 'RetainedEarningsAccumulatedDeficit', 'liabilities_and_equity': 'LiabilitiesAndStockholdersEquity', 'equity': 'StockholdersEquity', 'ebit': 'OperatingIncomeLoss', 'revenue': 'RevenueFromContractWithCustomerExcludingAssessedTax', 'shares': 'EntityCommonStockSharesOutstanding'}"
1701051,WOW,"WideOpenWest, Inc.","{'debt_st': 'LongTermDebtCurrent', 'debt_lt': 'LongTermDebtNoncurrent', 'assets': 'Assets', 'liabilities': 'Liabilities', 'current_assets': 'AssetsCurrent', 'current_liabilities': 'LiabilitiesCurrent', 'retained_earnings': 'RetainedEarningsAccumulatedDeficit', 'liabilities_and_equity': 'LiabilitiesAndStockholdersEquity', 'equity': 'StockholdersEquity', 'ebit': 'OperatingIncomeLoss', 'revenue': 'RevenueFromContractWithCustomerExcludingAssessedTax', 'shares': 'EntityCommonStockSharesOutstanding'}"
1701605,BKR,Baker Hughes Co,"{'debt_st': 'DebtCurrent', 'debt_lt': 'LongTermDebtAndCapitalLeaseObligations', 'assets': 'Assets', 'liabilities': 'Liabilities', 'current_assets': 'AssetsCurrent', 'current_liabilities': 'LiabilitiesCurrent', 'retained_earnings': 'RetainedEarningsAccumulatedDeficit', 'liabilities_and_equity': 'LiabilitiesAndStockholdersEquity', 'equity': 'StockholdersEquity', 'ebit': 'OperatingIncomeLoss', 'revenue': 'RevenueFromContractWithCustomerExcludingAssessedTax', 'shares': 'EntityCommonStockSharesOutstanding'}"
1701758,LOVE,Lovesac Co,"{'debt_st': 'ShortTermBorrowings', 'debt_lt': 'LongTermDebt', 'assets': 'Assets', 'liabilities': 'Liabilities', 'current_assets': 'AssetsCurrent', 'current_liabilities': 'LiabilitiesCurrent', 'retained_earnings': 'RetainedEarningsAccumulatedDeficit', 'liabilities_and_equity': 'LiabilitiesAndStockholdersEquity', 'equity': 'StockholdersEquity', 'ebit': 'OperatingIncomeLoss', 'revenue': 'RevenueFromContractWithCustomerExcludingAssessedTax', 'shares': 'EntityCommonStockSharesOutstanding'}"
1702744,SMPL,Simply Good Foods Co,"{'debt_st': 'LongTermDebtCurrent', 'debt_lt': 'LongTermDebtNoncurrent', 'assets': 'Assets', 'liabilities': 'Liabilities', 'current_assets': 'AssetsCurrent', 'current_liabilities': 'LiabilitiesCurrent', 'retained_earnings': 'RetainedEarningsAccumulatedDeficit', 'liabilities_and_equity': 'LiabilitiesAndStockholdersEquity', 'equity': 'StockholdersEquity', 'ebit': 'OperatingIncomeLoss', 'revenue': 'RevenueFromContractWithCustomerExcludingAssessedTax', 'shares': 'EntityCommonStockSharesOutstanding'}"
1702780,OPTU,"Optimum Communications, Inc.","{'debt_st': 'LongTermDebtCurrent', 'debt_lt': 'LongTermDebtNoncurrent', 'assets': 'Assets', 'liabilities': 'Liabilities', 'current_assets': 'AssetsCurrent', 'current_liabilities': 'LiabilitiesCurrent', 'retained_earnings': 'RetainedEarningsAccumulatedDeficit', 'liabilities_and_equity': 'LiabilitiesAndStockholdersEquity', 'equity': 'StockholdersEquity', 'ebit': 'OperatingIncomeLoss', 'revenue': 'Revenues', 'shares': 'EntityCommonStockSharesOutstanding'}"
1703056,ADT,ADT Inc.,"{'debt_st': 'LongTermDebtCurrent', 'debt_lt': 'LongTermDebtNoncurrent', 'assets': 'Assets', 'liabilities': 'Liabilities', 'current_assets': 'AssetsCurrent', 'current_liabilities': 'LiabilitiesCurrent', 'retained_earnings': 'RetainedEarningsAccumulatedDeficit', 'liabilities_and_equity': 'LiabilitiesAndStockholdersEquity', 'equity': 'StockholdersEquity', 'ebit': 'OperatingIncomeLoss', 'revenue': 'RevenueFromContractWithCustomerExcludingAssessedTax', 'shares': 'EntityCommonStockSharesOutstanding'}"
1703057,ABCL,AbCellera Biologics Inc.,"{'debt_st': 'LongTermDebtCurrent', 'debt_lt': None, 'assets': 'Assets', 'liabilities': 'Liabilities', 'current_assets': 'AssetsCurrent', 'current_liabilities': 'LiabilitiesCurrent', 'retained_earnings': 'RetainedEarningsAccumulatedDeficit', 'liabilities_and_equity': 'LiabilitiesAndStockholdersEquity', 'equity': 'StockholdersEquity', 'ebit': 'OperatingIncomeLoss', 'revenue': 'RevenueFromContractWithCustomerExcludingAssessedTax', 'shares': 'EntityCommonStockSharesOutstanding'}"
1703141,DESP,"Despegar.com, Corp.","{'debt_st': 'DebtCurrent', 'debt_lt': 'LongTermDebtNoncurrent', 'assets': 'Assets', 'liabilities': 'Liabilities', 'current_assets': 'AssetsCurrent', 'current_liabilities': 'LiabilitiesCurrent', 'retained_earnings': 'RetainedEarningsAccumulatedDeficit', 'liabilities_and_equity': 'LiabilitiesAndStockholdersEquity', 'equity': 'StockholdersEquity', 'ebit': 'OperatingIncomeLoss', 'revenue': 'RevenueFromContractWithCustomerExcludingAssessedTax', 'shares': 'EntityCommonStockSharesOutstanding'}"
1703956,BBCP,"Concrete Pumping Holdings, Inc.","{'debt_st': 'NotesPayableCurrent', 'debt_lt': 'LongTermDebtNoncurrent', 'assets': 'Assets', 'liabilities': 'Liabilities', 'current_assets': 'AssetsCurrent', 'current_liabilities': 'LiabilitiesCurrent', 'retained_earnings': 'RetainedEarningsAccumulatedDeficit', 'liabilities_and_equity': 'LiabilitiesAndStockholdersEquity', 'equity': 'StockholdersEquity', 'ebit': 'OperatingIncomeLoss', 'revenue': 'RevenueFromContractWithCustomerExcludingAssessedTax', 'shares': 'EntityCommonStockSharesOutstanding'}"
1704292,ZLAB,Zai Lab Ltd,"{'debt_st': 'ShortTermBorrowings', 'debt_lt': None, 'assets': 'Assets', 'liabilities': 'Liabilities', 'current_assets': 'AssetsCurrent', 'current_liabilities': 'LiabilitiesCurrent', 'retained_earnings': 'RetainedEarningsAccumulatedDeficit', 'liabilities_and_equity': 'LiabilitiesAndStockholdersEquity', 'equity': 'StockholdersEquity', 'ebit': 'OperatingIncomeLoss', 'revenue': 'RevenueFromContractWithCustomerExcludingAssessedTax', 'shares': 'EntityCommonStockSharesOutstanding'}"
1704715,AMR,"Alpha Metallurgical Resources, Inc.","{'debt_st': None, 'debt_lt': 'LongTermDebtAndCapitalLeaseObligationsIncludingCurrentMaturities', 'assets': 'Assets', 'liabilities': 'Liabilities', 'current_assets': 'AssetsCurrent', 'current_liabilities': 'LiabilitiesCurrent', 'retained_earnings': 'RetainedEarningsAccumulatedDeficit', 'liabilities_and_equity': 'LiabilitiesAndStockholdersEquity', 'equity': 'StockholdersEquity', 'ebit': 'OperatingIncomeLoss', 'revenue': 'RevenueFromContractWithCustomerExcludingAssessedTax', 'shares': 'EntityCommonStockSharesOutstanding'}"
1704720,CNNE,"Cannae Holdings, Inc.","{'debt_st': 'LongTermDebtCurrent', 'debt_lt': 'LongTermDebtNoncurrent', 'assets': 'Assets', 'liabilities': 'Liabilities', 'current_assets': 'AssetsCurrent', 'current_liabilities': 'LiabilitiesCurrent', 'retained_earnings': 'RetainedEarningsAccumulatedDeficit', 'liabilities_and_equity': 'LiabilitiesAndStockholdersEquity', 'equity': 'StockholdersEquity', 'ebit': 'OperatingIncomeLoss', 'revenue': 'RevenueFromContractWithCustomerExcludingAssessedTax', 'shares': 'EntityCommonStockSharesOutstanding'}"
1705843,CBUS,"Cibus, Inc.","{'debt_st': 'LongTermDebtCurrent', 'debt_lt': 'LongTermDebtNoncurrent', 'assets': 'Assets', 'liabilities': 'Liabilities', 'current_assets': 'AssetsCurrent', 'current_liabilities': 'LiabilitiesCurrent', 'retained_earnings': 'RetainedEarningsAccumulatedDeficit', 'liabilities_and_equity': 'LiabilitiesAndStockholdersEquity', 'equity': 'StockholdersEquity', 'ebit': 'OperatingIncomeLoss', 'revenue': 'RevenueFromContractWithCustomerExcludingAssessedTax', 'shares': 'EntityCommonStockSharesOutstanding'}"
1705873,BRY,Berry Corp (bry),"{'debt_st': 'LongTermDebtCurrent', 'debt_lt': 'LongTermDebtNoncurrent', 'assets': 'Assets', 'liabilities': None, 'current_assets': 'AssetsCurrent', 'current_liabilities': 'LiabilitiesCurrent', 'retained_earnings': 'RetainedEarningsAccumulatedDeficit', 'liabilities_and_equity': 'LiabilitiesAndStockholdersEquity', 'equity': 'StockholdersEquity', 'ebit': 'IncomeLossFromContinuingOperationsBeforeIncomeTaxesExtraordinaryItemsNoncontrollingInterest', 'revenue': 'RevenueFromContractWithCustomerExcludingAssessedTax', 'shares': 'EntityCommonStockSharesOutstanding'}"
1706946,SPCE,"Virgin Galactic Holdings, Inc","{'debt_st': 'LongTermDebtCurrent', 'debt_lt': 'LongTermDebtNoncurrent', 'assets': 'Assets', 'liabilities': 'Liabilities', 'current_assets': 'AssetsCurrent', 'current_liabilities': 'LiabilitiesCurrent', 'retained_earnings': 'RetainedEarningsAccumulatedDeficit', 'liabilities_and_equity': 'LiabilitiesAndStockholdersEquity', 'equity': 'StockholdersEquity', 'ebit': 'OperatingIncomeLoss', 'revenue': 'RevenueFromContractWithCustomerExcludingAssessedTax', 'shares': 'EntityCommonStockSharesOutstanding'}"
1707753,ESTC,Elastic N.V.,"{'debt_st': None, 'debt_lt': 'LongTermDebt', 'assets': 'Assets', 'liabilities': 'Liabilities', 'current_assets': 'AssetsCurrent', 'current_liabilities': 'LiabilitiesCurrent', 'retained_earnings': 'RetainedEarningsAccumulatedDeficit', 'liabilities_and_equity': 'LiabilitiesAndStockholdersEquity', 'equity': 'StockholdersEquity', 'ebit': 'OperatingIncomeLoss', 'revenue': 'RevenueFromContractWithCustomerExcludingAssessedTax', 'shares': 'EntityCommonStockSharesOutstanding'}"
1707925,LIN,LINDE PLC,"{'debt_st': 'LongTermDebtCurrent', 'debt_lt': 'LongTermDebtNoncurrent', 'assets': 'Assets', 'liabilities': 'Liabilities', 'current_assets': 'AssetsCurrent', 'current_liabilities': 'LiabilitiesCurrent', 'retained_earnings': 'RetainedEarningsAccumulatedDeficit', 'liabilities_and_equity': 'LiabilitiesAndStockholdersEquity', 'equity': 'StockholdersEquity', 'ebit': 'OperatingIncomeLoss', 'revenue': 'RevenueFromContractWithCustomerExcludingAssessedTax', 'shares': 'EntityCommonStockSharesOutstanding'}"
1708035,ECVT,Ecovyst Inc.,"{'debt_st': 'LongTermDebtCurrent', 'debt_lt': 'LongTermDebtNoncurrent', 'assets': 'Assets', 'liabilities': 'Liabilities', 'current_assets': 'AssetsCurrent', 'current_liabilities': 'LiabilitiesCurrent', 'retained_earnings': 'RetainedEarningsAccumulatedDeficit', 'liabilities_and_equity': 'LiabilitiesAndStockholdersEquity', 'equity': 'StockholdersEquity', 'ebit': 'OperatingIncomeLoss', 'revenue': 'RevenueFromContractWithCustomerExcludingAssessedTax', 'shares': 'EntityCommonStockSharesOutstanding'}"
1708055,RBBN,Ribbon Communications Inc.,"{'debt_st': 'LongTermDebtCurrent', 'debt_lt': 'LongTermDebtNoncurrent', 'assets': 'Assets', 'liabilities': 'Liabilities', 'current_assets': 'AssetsCurrent', 'current_liabilities': 'LiabilitiesCurrent', 'retained_earnings': 'RetainedEarningsAccumulatedDeficit', 'liabilities_and_equity': 'LiabilitiesAndStockholdersEquity', 'equity': 'StockholdersEquity', 'ebit': 'OperatingIncomeLoss', 'revenue': 'RevenueFromContractWithCustomerExcludingAssessedTax', 'shares': 'EntityCommonStockSharesOutstanding'}"
1708441,MYND,"Mynd.ai, Inc.","{'debt_st': 'LongTermDebtCurrent', 'debt_lt': 'LongTermDebtNoncurrent', 'assets': 'Assets', 'liabilities': 'Liabilities', 'current_assets': 'AssetsCurrent', 'current_liabilities': 'LiabilitiesCurrent', 'retained_earnings': 'RetainedEarningsAccumulatedDeficit', 'liabilities_and_equity': 'LiabilitiesAndStockholdersEquity', 'equity': 'StockholdersEquity', 'ebit': 'OperatingIncomeLoss', 'revenue': 'RevenueFromContractWithCustomerExcludingAssessedTax', 'shares': 'EntityCommonStockSharesOutstanding'}"
1709682,CTOS,"Custom Truck One Source, Inc.","{'debt_st': 'LongTermDebtCurrent', 'debt_lt': 'LongTermDebtNoncurrent', 'assets': 'Assets', 'liabilities': 'Liabilities', 'current_assets': 'AssetsCurrent', 'current_liabilities': 'LiabilitiesCurrent', 'retained_earnings': 'RetainedEarningsAccumulatedDeficit', 'liabilities_and_equity': 'LiabilitiesAndStockholdersEquity', 'equity': 'StockholdersEquity', 'ebit': 'OperatingIncomeLoss', 'revenue': 'RevenueFromContractWithCustomerExcludingAssessedTax', 'shares': 'EntityCommonStockSharesOutstanding'}"
1709941,BIOA,"BioAge Labs, Inc.","{'debt_st': 'LongTermDebtCurrent', 'debt_lt': 'LongTermDebtNoncurrent', 'assets': 'Assets', 'liabilities': 'Liabilities', 'current_assets': 'AssetsCurrent', 'current_liabilities': 'LiabilitiesCurrent', 'retained_earnings': 'RetainedEarningsAccumulatedDeficit', 'liabilities_and_equity': 'LiabilitiesAndStockholdersEquity', 'equity': 'StockholdersEquity', 'ebit': 'OperatingIncomeLoss', 'revenue': 'RevenueFromContractWithCustomerExcludingAssessedTax', 'shares': 'EntityCommonStockSharesOutstanding'}"
1710072,EWTX,"Edgewise Therapeutics, Inc.","{'debt_st': 'ShortTermBorrowings', 'debt_lt': 'LongTermDebt', 'assets': 'Assets', 'liabilities': 'Liabilities', 'current_assets': 'AssetsCurrent', 'current_liabilities': 'LiabilitiesCurrent', 'retained_earnings': 'RetainedEarningsAccumulatedDeficit', 'liabilities_and_equity': 'LiabilitiesAndStockholdersEquity', 'equity': 'StockholdersEquity', 'ebit': 'OperatingIncomeLoss', 'revenue': None, 'shares': 'EntityCommonStockSharesOutstanding'}"
1710155,EYE,"National Vision Holdings, Inc.","{'debt_st': 'LongTermDebtCurrent', 'debt_lt': 'LongTermDebtNoncurrent', 'assets': 'Assets', 'liabilities': None, 'current_assets': 'AssetsCurrent', 'current_liabilities': 'LiabilitiesCurrent', 'retained_earnings': 'RetainedEarningsAccumulatedDeficit', 'liabilities_and_equity': 'LiabilitiesAndStockholdersEquity', 'equity': 'StockholdersEquity', 'ebit': 'OperatingIncomeLoss', 'revenue': 'RevenueFromContractWithCustomerExcludingAssessedTax', 'shares': 'EntityCommonStockSharesOutstanding'}"
1710366,CNR,"Core Natural Resources, Inc.","{'debt_st': 'LongTermDebtCurrent', 'debt_lt': 'LongTermDebtNoncurrent', 'assets': 'Assets', 'liabilities': 'Liabilities', 'current_assets': 'AssetsCurrent', 'current_liabilities': 'LiabilitiesCurrent', 'retained_earnings': 'RetainedEarningsAccumulatedDeficit', 'liabilities_and_equity': 'LiabilitiesAndStockholdersEquity', 'equity': 'StockholdersEquity', 'ebit': 'OperatingIncomeLoss', 'revenue': 'RevenueFromContractWithCustomerExcludingAssessedTax', 'shares': 'EntityCommonStockSharesOutstanding'}"
1711269,EVRG,"Evergy, Inc.","{'debt_st': 'LongTermDebtCurrent', 'debt_lt': 'LongTermDebtNoncurrent', 'assets': 'Assets', 'liabilities': None, 'current_assets': 'AssetsCurrent', 'current_liabilities': 'LiabilitiesCurrent', 'retained_earnings': 'RetainedEarningsAccumulatedDeficit', 'liabilities_and_equity': 'LiabilitiesAndStockholdersEquity', 'equity': 'StockholdersEquity', 'ebit': 'OperatingIncomeLoss', 'revenue': 'RevenueFromContractWithCustomerExcludingAssessedTax', 'shares': 'EntityCommonStockSharesOutstanding'}"
1711279,KRYS,"Krystal Biotech, Inc.","{'debt_st': None, 'debt_lt': 'LongTermDebt', 'assets': 'Assets', 'liabilities': 'Liabilities', 'current_assets': 'AssetsCurrent', 'current_liabilities': 'LiabilitiesCurrent', 'retained_earnings': 'RetainedEarningsAccumulatedDeficit', 'liabilities_and_equity': 'LiabilitiesAndStockholdersEquity', 'equity': 'StockholdersEquity', 'ebit': 'OperatingIncomeLoss', 'revenue': 'RevenueFromContractWithCustomerExcludingAssessedTax', 'shares': 'EntityCommonStockSharesOutstanding'}"
1712189,TH,Target Hospitality Corp.,"{'debt_st': 'LongTermDebtCurrent', 'debt_lt': 'LongTermDebtNoncurrent', 'assets': 'Assets', 'liabilities': 'Liabilities', 'current_assets': 'AssetsCurrent', 'current_liabilities': 'LiabilitiesCurrent', 'retained_earnings': 'RetainedEarningsAccumulatedDeficit', 'liabilities_and_equity': 'LiabilitiesAndStockholdersEquity', 'equity': 'StockholdersEquity', 'ebit': 'OperatingIncomeLoss', 'revenue': 'RevenueFromContractWithCustomerExcludingAssessedTax', 'shares': 'EntityCommonStockSharesOutstanding'}"
1712463,PACK,Ranpak Holdings Corp.,"{'debt_st': 'LongTermDebtCurrent', 'debt_lt': 'LongTermDebtNoncurrent', 'assets': 'Assets', 'liabilities': 'Liabilities', 'current_assets': 'AssetsCurrent', 'current_liabilities': 'LiabilitiesCurrent', 'retained_earnings': 'RetainedEarningsAccumulatedDeficit', 'liabilities_and_equity': 'LiabilitiesAndStockholdersEquity', 'equity': 'StockholdersEquity', 'ebit': 'OperatingIncomeLoss', 'revenue': 'RevenueFromContractWithCustomerExcludingAssessedTax', 'shares': 'EntityCommonStockSharesOutstanding'}"
1713683,ZS,"Zscaler, Inc.","{'debt_st': None, 'debt_lt': 'LongTermDebt', 'assets': 'Assets', 'liabilities': 'Liabilities', 'current_assets': 'AssetsCurrent', 'current_liabilities': 'LiabilitiesCurrent', 'retained_earnings': 'RetainedEarningsAccumulatedDeficit', 'liabilities_and_equity': 'LiabilitiesAndStockholdersEquity', 'equity': 'StockholdersEquity', 'ebit': 'OperatingIncomeLoss', 'revenue': 'RevenueFromContractWithCustomerExcludingAssessedTax', 'shares': 'EntityCommonStockSharesOutstanding'}"
1715497,BORR,Borr Drilling Ltd,"{'debt_st': 'DebtCurrent', 'debt_lt': 'LongTermDebtNoncurrent', 'assets': 'Assets', 'liabilities': 'Liabilities', 'current_assets': 'AssetsCurrent', 'current_liabilities': 'LiabilitiesCurrent', 'retained_earnings': 'RetainedEarningsAccumulatedDeficit', 'liabilities_and_equity': 'LiabilitiesAndStockholdersEquity', 'equity': 'StockholdersEquity', 'ebit': 'OperatingIncomeLoss', 'revenue': 'RevenueFromContractWithCustomerExcludingAssessedTax', 'shares': 'EntityCommonStockSharesOutstanding'}"
1718512,GTES,Gates Industrial Corp Ltd.,"{'debt_st': 'LongTermDebtCurrent', 'debt_lt': 'LongTermDebtNoncurrent', 'assets': 'Assets', 'liabilities': 'Liabilities', 'current_assets': 'AssetsCurrent', 'current_liabilities': 'LiabilitiesCurrent', 'retained_earnings': 'RetainedEarningsAccumulatedDeficit', 'liabilities_and_equity': 'LiabilitiesAndStockholdersEquity', 'equity': 'StockholdersEquity', 'ebit': 'OperatingIncomeLoss', 'revenue': 'RevenueFromContractWithCustomerExcludingAssessedTax', 'shares': 'EntityCommonStockSharesOutstanding'}"
1720161,CTRM,Castor Maritime Inc.,"{'debt_st': None, 'debt_lt': 'LongTermDebt', 'assets': 'Assets', 'liabilities': None, 'current_assets': 'AssetsCurrent', 'current_liabilities': 'LiabilitiesCurrent', 'retained_earnings': 'RetainedEarningsAccumulatedDeficit', 'liabilities_and_equity': 'LiabilitiesAndStockholdersEquity', 'equity': 'StockholdersEquity', 'ebit': 'OperatingIncomeLoss', 'revenue': 'RevenueFromContractWithCustomerExcludingAssessedTax', 'shares': 'EntityCommonStockSharesOutstanding'}"
1720635,NVT,nVent Electric plc,"{'debt_st': 'DebtCurrent', 'debt_lt': 'LongTermDebtNoncurrent', 'assets': 'Assets', 'liabilities': 'Liabilities', 'current_assets': 'AssetsCurrent', 'current_liabilities': 'LiabilitiesCurrent', 'retained_earnings': 'RetainedEarningsAccumulatedDeficit', 'liabilities_and_equity': 'LiabilitiesAndStockholdersEquity', 'equity': 'StockholdersEquityIncludingPortionAttributableToNoncontrollingInterest', 'ebit': 'OperatingIncomeLoss', 'revenue': 'RevenueFromContractWithCustomerExcludingAssessedTax', 'shares': 'EntityCommonStockSharesOutstanding'}"
1721386,LSEA,Landsea Homes Corp,"{'debt_st': 'NotesPayableCurrent', 'debt_lt': 'LongTermDebt', 'assets': 'Assets', 'liabilities': 'Liabilities', 'current_assets': 'AssetsCurrent', 'current_liabilities': 'LiabilitiesCurrent', 'retained_earnings': 'RetainedEarningsAccumulatedDeficit', 'liabilities_and_equity': 'LiabilitiesAndStockholdersEquity', 'equity': 'StockholdersEquity', 'ebit': 'OperatingIncomeLoss', 'revenue': 'RevenueFromContractWithCustomerExcludingAssessedTax', 'shares': 'EntityCommonStockSharesOutstanding'}"
1721741,GORV,"Lazydays Holdings, Inc.","{'debt_st': 'LongTermDebtCurrent', 'debt_lt': 'LongTermDebtNoncurrent', 'assets': 'Assets', 'liabilities': 'Liabilities', 'current_assets': 'AssetsCurrent', 'current_liabilities': 'LiabilitiesCurrent', 'retained_earnings': 'RetainedEarningsAccumulatedDeficit', 'liabilities_and_equity': 'LiabilitiesAndStockholdersEquity', 'equity': 'StockholdersEquity', 'ebit': 'OperatingIncomeLoss', 'revenue': 'RevenueFromContractWithCustomerExcludingAssessedTax', 'shares': 'EntityCommonStockSharesOutstanding'}"
1721947,JAMF,Jamf Holding Corp.,"{'debt_st': None, 'debt_lt': 'LongTermDebtNoncurrent', 'assets': 'Assets', 'liabilities': 'Liabilities', 'current_assets': 'AssetsCurrent', 'current_liabilities': 'LiabilitiesCurrent', 'retained_earnings': 'RetainedEarningsAccumulatedDeficit', 'liabilities_and_equity': 'LiabilitiesAndStockholdersEquity', 'equity': 'StockholdersEquity', 'ebit': 'OperatingIncomeLoss', 'revenue': 'RevenueFromContractWithCustomerExcludingAssessedTax', 'shares': 'EntityCommonStockSharesOutstanding'}"
1722482,AVTR,"Avantor, Inc.","{'debt_st': 'LongTermDebtCurrent', 'debt_lt': 'LongTermDebtNoncurrent', 'assets': 'Assets', 'liabilities': 'Liabilities', 'current_assets': 'AssetsCurrent', 'current_liabilities': 'LiabilitiesCurrent', 'retained_earnings': 'RetainedEarningsAccumulatedDeficit', 'liabilities_and_equity': 'LiabilitiesAndStockholdersEquity', 'equity': 'StockholdersEquity', 'ebit': 'OperatingIncomeLoss', 'revenue': 'Revenues', 'shares': 'EntityCommonStockSharesOutstanding'}"
1722684,WH,"WYNDHAM HOTELS & RESORTS, INC.","{'debt_st': None, 'debt_lt': 'LongTermDebtAndCapitalLeaseObligationsIncludingCurrentMaturities', 'assets': 'Assets', 'liabilities': 'Liabilities', 'current_assets': 'AssetsCurrent', 'current_liabilities': 'LiabilitiesCurrent', 'retained_earnings': 'RetainedEarningsAccumulatedDeficit', 'liabilities_and_equity': 'LiabilitiesAndStockholdersEquity', 'equity': 'StockholdersEquity', 'ebit': 'OperatingIncomeLoss', 'revenue': 'RevenueFromContractWithCustomerExcludingAssessedTax', 'shares': 'EntityCommonStockSharesOutstanding'}"
1723089,CHX,ChampionX Corp,"{'debt_st': 'LongTermDebtCurrent', 'debt_lt': 'LongTermDebtNoncurrent', 'assets': 'Assets', 'liabilities': 'Liabilities', 'current_assets': 'AssetsCurrent', 'current_liabilities': 'LiabilitiesCurrent', 'retained_earnings': 'RetainedEarningsAccumulatedDeficit', 'liabilities_and_equity': 'LiabilitiesAndStockholdersEquity', 'equity': 'StockholdersEquity', 'ebit': 'OperatingIncomeLoss', 'revenue': 'Revenues', 'shares': 'EntityCommonStockSharesOutstanding'}"
1723128,AMRX,"Amneal Pharmaceuticals, Inc.","{'debt_st': 'LongTermDebtCurrent', 'debt_lt': 'LongTermDebtNoncurrent', 'assets': 'Assets', 'liabilities': 'Liabilities', 'current_assets': 'AssetsCurrent', 'current_liabilities': 'LiabilitiesCurrent', 'retained_earnings': 'RetainedEarningsAccumulatedDeficit', 'liabilities_and_equity': 'LiabilitiesAndStockholdersEquity', 'equity': 'StockholdersEquity', 'ebit': 'OperatingIncomeLoss', 'revenue': 'RevenueFromContractWithCustomerExcludingAssessedTax', 'shares': 'EntityCommonStockSharesOutstanding'}"
1724521,RCUS,"Arcus Biosciences, Inc.","{'debt_st': None, 'debt_lt': 'LongTermDebt', 'assets': 'Assets', 'liabilities': 'Liabilities', 'current_assets': 'AssetsCurrent', 'current_liabilities': 'LiabilitiesCurrent', 'retained_earnings': 'RetainedEarningsAccumulatedDeficit', 'liabilities_and_equity': 'LiabilitiesAndStockholdersEquity', 'equity': 'StockholdersEquity', 'ebit': 'OperatingIncomeLoss', 'revenue': 'RevenueFromContractWithCustomerExcludingAssessedTax', 'shares': 'EntityCommonStockSharesOutstanding'}"
1724965,TALO,TALOS ENERGY INC.,"{'debt_st': 'LongTermDebtCurrent', 'debt_lt': 'LongTermDebtNoncurrent', 'assets': 'Assets', 'liabilities': 'Liabilities', 'current_assets': 'AssetsCurrent', 'current_liabilities': 'LiabilitiesCurrent', 'retained_earnings': 'RetainedEarningsAccumulatedDeficit', 'liabilities_and_equity': 'LiabilitiesAndStockholdersEquity', 'equity': 'StockholdersEquity', 'ebit': 'OperatingIncomeLoss', 'revenue': 'Revenues', 'shares': 'EntityCommonStockSharesOutstanding'}"
1725057,DAY,"Dayforce, Inc.","{'debt_st': 'LongTermDebtCurrent', 'debt_lt': 'LongTermDebtNoncurrent', 'assets': 'Assets', 'liabilities': 'Liabilities', 'current_assets': 'AssetsCurrent', 'current_liabilities': 'LiabilitiesCurrent', 'retained_earnings': 'RetainedEarningsAccumulatedDeficit', 'liabilities_and_equity': 'LiabilitiesAndStockholdersEquity', 'equity': 'StockholdersEquity', 'ebit': 'OperatingIncomeLoss', 'revenue': 'RevenueFromContractWithCustomerExcludingAssessedTax', 'shares': 'EntityCommonStockSharesOutstanding'}"
1725255,AHCO,AdaptHealth Corp.,"{'debt_st': 'LongTermDebtCurrent', 'debt_lt': 'LongTermDebtNoncurrent', 'assets': 'Assets', 'liabilities': 'Liabilities', 'current_assets': 'AssetsCurrent', 'current_liabilities': 'LiabilitiesCurrent', 'retained_earnings': 'RetainedEarningsAccumulatedDeficit', 'liabilities_and_equity': 'LiabilitiesAndStockholdersEquity', 'equity': 'StockholdersEquity', 'ebit': 'OperatingIncomeLoss', 'revenue': 'RevenueFromContractWithCustomerExcludingAssessedTax', 'shares': 'EntityCommonStockSharesOutstanding'}"
1726173,BH-A,Biglari Holdings Inc.,"{'debt_st': 'DebtCurrent', 'debt_lt': 'LongTermDebtNoncurrent', 'assets': 'Assets', 'liabilities': 'Liabilities', 'current_assets': 'AssetsCurrent', 'current_liabilities': 'LiabilitiesCurrent', 'retained_earnings': 'RetainedEarningsAccumulatedDeficit', 'liabilities_and_equity': 'LiabilitiesAndStockholdersEquity', 'equity': 'StockholdersEquity', 'ebit': 'IncomeLossFromContinuingOperationsBeforeIncomeTaxesExtraordinaryItemsNoncontrollingInterest', 'revenue': 'RevenueFromContractWithCustomerExcludingAssessedTax', 'shares': 'EntityCommonStockSharesOutstanding'}"
1727196,SRRK,Scholar Rock Holding Corp,"{'debt_st': 'DebtCurrent', 'debt_lt': 'LongTermDebtNoncurrent', 'assets': 'Assets', 'liabilities': 'Liabilities', 'current_assets': 'AssetsCurrent', 'current_liabilities': 'LiabilitiesCurrent', 'retained_earnings': 'RetainedEarningsAccumulatedDeficit', 'liabilities_and_equity': 'LiabilitiesAndStockholdersEquity', 'equity': 'StockholdersEquity', 'ebit': 'OperatingIncomeLoss', 'revenue': 'RevenueFromContractWithCustomerExcludingAssessedTax', 'shares': 'EntityCommonStockSharesOutstanding'}"
1727263,FTDR,"Frontdoor, Inc.","{'debt_st': None, 'debt_lt': 'LongTermDebtAndCapitalLeaseObligations', 'assets': 'Assets', 'liabilities': 'Liabilities', 'current_assets': 'AssetsCurrent', 'current_liabilities': 'LiabilitiesCurrent', 'retained_earnings': 'RetainedEarningsAccumulatedDeficit', 'liabilities_and_equity': 'LiabilitiesAndStockholdersEquity', 'equity': 'StockholdersEquity', 'ebit': 'IncomeLossFromContinuingOperationsBeforeIncomeTaxesExtraordinaryItemsNoncontrollingInterest', 'revenue': 'RevenueFromContractWithCustomerExcludingAssessedTax', 'shares': 'EntityCommonStockSharesOutstanding'}"
1728117,GOSS,"Gossamer Bio, Inc.","{'debt_st': 'DebtCurrent', 'debt_lt': 'LongTermDebtNoncurrent', 'assets': 'Assets', 'liabilities': 'Liabilities', 'current_assets': 'AssetsCurrent', 'current_liabilities': 'LiabilitiesCurrent', 'retained_earnings': 'RetainedEarningsAccumulatedDeficit', 'liabilities_and_equity': 'LiabilitiesAndStockholdersEquity', 'equity': 'StockholdersEquity', 'ebit': 'OperatingIncomeLoss', 'revenue': 'RevenueFromContractWithCustomerExcludingAssessedTax', 'shares': 'EntityCommonStockSharesOutstanding'}"
1728205,PLL,Piedmont Lithium Inc.,"{'debt_st': 'DebtCurrent', 'debt_lt': 'LongTermDebtNoncurrent', 'assets': 'Assets', 'liabilities': 'Liabilities', 'current_assets': 'AssetsCurrent', 'current_liabilities': 'LiabilitiesCurrent', 'retained_earnings': 'RetainedEarningsAccumulatedDeficit', 'liabilities_and_equity': 'LiabilitiesAndStockholdersEquity', 'equity': 'StockholdersEquity', 'ebit': 'OperatingIncomeLoss', 'revenue': 'RevenueFromContractWithCustomerExcludingAssessedTax', 'shares': 'EntityCommonStockSharesOutstanding'}"
1730168,AVGO,Broadcom Inc.,"{'debt_st': 'DebtCurrent', 'debt_lt': 'LongTermDebtNoncurrent', 'assets': 'Assets', 'liabilities': 'Liabilities', 'current_assets': 'AssetsCurrent', 'current_liabilities': 'LiabilitiesCurrent', 'retained_earnings': 'RetainedEarningsAccumulatedDeficit', 'liabilities_and_equity': 'LiabilitiesAndStockholdersEquity', 'equity': 'StockholdersEquity', 'ebit': 'OperatingIncomeLoss', 'revenue': 'RevenueFromContractWithCustomerExcludingAssessedTax', 'shares': 'EntityCommonStockSharesOutstanding'}"
1730463,AUTL,Autolus Therapeutics plc,"{'debt_st': None, 'debt_lt': 'LongTermDebtNoncurrent', 'assets': 'Assets', 'liabilities': 'Liabilities', 'current_assets': 'AssetsCurrent', 'current_liabilities': 'LiabilitiesCurrent', 'retained_earnings': 'RetainedEarningsAccumulatedDeficit', 'liabilities_and_equity': 'LiabilitiesAndStockholdersEquity', 'equity': 'StockholdersEquity', 'ebit': 'OperatingIncomeLoss', 'revenue': 'RevenueFromContractWithCustomerExcludingAssessedTax', 'shares': 'EntityCommonStockSharesOutstanding'}"
1731348,TLRY,"Tilray Brands, Inc.","{'debt_st': 'LongTermDebtCurrent', 'debt_lt': 'LongTermDebtNoncurrent', 'assets': 'Assets', 'liabilities': 'Liabilities', 'current_assets': 'AssetsCurrent', 'current_liabilities': 'LiabilitiesCurrent', 'retained_earnings': 'RetainedEarningsAccumulatedDeficit', 'liabilities_and_equity': 'LiabilitiesAndStockholdersEquity', 'equity': 'StockholdersEquity', 'ebit': 'OperatingIncomeLoss', 'revenue': 'RevenueFromContractWithCustomerExcludingAssessedTax', 'shares': 'EntityCommonStockSharesOutstanding'}"
1733998,NWN,Northwest Natural Holding Co,"{'debt_st': 'LongTermDebtCurrent', 'debt_lt': 'LongTermDebtNoncurrent', 'assets': 'Assets', 'liabilities': None, 'current_assets': 'AssetsCurrent', 'current_liabilities': 'LiabilitiesCurrent', 'retained_earnings': 'RetainedEarningsAccumulatedDeficit', 'liabilities_and_equity': 'LiabilitiesAndStockholdersEquity', 'equity': 'StockholdersEquity', 'ebit': 'OperatingIncomeLoss', 'revenue': 'Revenues', 'shares': 'EntityCommonStockSharesOutstanding'}"
1734713,BV,"BrightView Holdings, Inc.","{'debt_st': 'LongTermDebtCurrent', 'debt_lt': 'LongTermDebtNoncurrent', 'assets': 'Assets', 'liabilities': 'Liabilities', 'current_assets': 'AssetsCurrent', 'current_liabilities': 'LiabilitiesCurrent', 'retained_earnings': 'RetainedEarningsAccumulatedDeficit', 'liabilities_and_equity': 'LiabilitiesAndStockholdersEquity', 'equity': 'StockholdersEquity', 'ebit': 'OperatingIncomeLoss', 'revenue': 'RevenueFromContractWithCustomerIncludingAssessedTax', 'shares': 'EntityCommonStockSharesOutstanding'}"
1735438,MGTX,MeiraGTx Holdings plc,"{'debt_st': 'NotesPayableCurrent', 'debt_lt': 'LongTermNotesPayable', 'assets': 'Assets', 'liabilities': 'Liabilities', 'current_assets': 'AssetsCurrent', 'current_liabilities': 'LiabilitiesCurrent', 'retained_earnings': 'RetainedEarningsAccumulatedDeficit', 'liabilities_and_equity': 'LiabilitiesAndStockholdersEquity', 'equity': 'StockholdersEquity', 'ebit': 'OperatingIncomeLoss', 'revenue': 'RevenueFromContractWithCustomerExcludingAssessedTax', 'shares': 'EntityCommonStockSharesOutstanding'}"
1735707,GTX,Garrett Motion Inc.,"{'debt_st': 'LongTermDebtCurrent', 'debt_lt': 'LongTermDebtNoncurrent', 'assets': 'Assets', 'liabilities': 'Liabilities', 'current_assets': 'AssetsCurrent', 'current_liabilities': 'LiabilitiesCurrent', 'retained_earnings': 'RetainedEarningsAccumulatedDeficit', 'liabilities_and_equity': 'LiabilitiesAndStockholdersEquity', 'equity': 'StockholdersEquity', 'ebit': 'IncomeLossFromContinuingOperationsBeforeIncomeTaxesExtraordinaryItemsNoncontrollingInterest', 'revenue': 'Revenues', 'shares': 'EntityCommonStockSharesOutstanding'}"
1736035,BXSL,Blackstone Secured Lending Fund,"{'debt_st': None, 'debt_lt': 'LongTermDebt', 'assets': 'Assets', 'liabilities': 'Liabilities', 'current_assets': None, 'current_liabilities': None, 'retained_earnings': 'RetainedEarningsAccumulatedDeficit', 'liabilities_and_equity': 'LiabilitiesAndStockholdersEquity', 'equity': 'StockholdersEquity', 'ebit': None, 'revenue': None, 'shares': 'EntityCommonStockSharesOutstanding'}"
1737706,SDRL,Seadrill Ltd,"{'debt_st': 'LongTermDebtCurrent', 'debt_lt': 'LongTermDebtNoncurrent', 'assets': 'Assets', 'liabilities': None, 'current_assets': 'AssetsCurrent', 'current_liabilities': 'LiabilitiesCurrent', 'retained_earnings': 'RetainedEarningsAccumulatedDeficit', 'liabilities_and_equity': 'LiabilitiesAndStockholdersEquity', 'equity': 'StockholdersEquity', 'ebit': 'OperatingIncomeLoss', 'revenue': 'RevenueFromContractWithCustomerExcludingAssessedTax', 'shares': 'EntityCommonStockSharesOutstanding'}"
1737924,NCDL,Nuveen Churchill Direct Lending Corp.,"{'debt_st': None, 'debt_lt': 'LongTermDebt', 'assets': 'Assets', 'liabilities': 'Liabilities', 'current_assets': None, 'current_liabilities': None, 'retained_earnings': 'RetainedEarningsAccumulatedDeficit', 'liabilities_and_equity': 'LiabilitiesAndStockholdersEquity', 'equity': 'StockholdersEquity', 'ebit': None, 'revenue': None, 'shares': 'EntityCommonStockSharesOutstanding'}"
1737953,REPL,"Replimune Group, Inc.","{'debt_st': None, 'debt_lt': 'LongTermDebtNoncurrent', 'assets': 'Assets', 'liabilities': 'Liabilities', 'current_assets': 'AssetsCurrent', 'current_liabilities': 'LiabilitiesCurrent', 'retained_earnings': 'RetainedEarningsAccumulatedDeficit', 'liabilities_and_equity': 'LiabilitiesAndStockholdersEquity', 'equity': 'StockholdersEquity', 'ebit': 'OperatingIncomeLoss', 'revenue': None, 'shares': 'EntityCommonStockSharesOutstanding'}"
1738758,CHR,"Cheer Holding, Inc.","{'debt_st': 'ShortTermBorrowings', 'debt_lt': 'LongTermDebt', 'assets': 'Assets', 'liabilities': 'Liabilities', 'current_assets': 'AssetsCurrent', 'current_liabilities': 'LiabilitiesCurrent', 'retained_earnings': 'RetainedEarningsAccumulatedDeficit', 'liabilities_and_equity': 'LiabilitiesAndStockholdersEquity', 'equity': 'StockholdersEquity', 'ebit': 'OperatingIncomeLoss', 'revenue': 'Revenues', 'shares': 'EntityCommonStockSharesOutstanding'}"
1738827,KLXE,"KLX Energy Services Holdings, Inc.","{'debt_st': 'LongTermDebtCurrent', 'debt_lt': 'LongTermDebtNoncurrent', 'assets': 'Assets', 'liabilities': None, 'current_assets': 'AssetsCurrent', 'current_liabilities': 'LiabilitiesCurrent', 'retained_earnings': 'RetainedEarningsAccumulatedDeficit', 'liabilities_and_equity': 'LiabilitiesAndStockholdersEquity', 'equity': 'StockholdersEquity', 'ebit': 'OperatingIncomeLoss', 'revenue': 'RevenueFromContractWithCustomerExcludingAssessedTax', 'shares': 'EntityCommonStockSharesOutstanding'}"
1739104,ELAN,Elanco Animal Health Inc,"{'debt_st': 'LongTermDebtCurrent', 'debt_lt': 'LongTermDebtNoncurrent', 'assets': 'Assets', 'liabilities': 'Liabilities', 'current_assets': 'AssetsCurrent', 'current_liabilities': 'LiabilitiesCurrent', 'retained_earnings': 'RetainedEarningsAccumulatedDeficit', 'liabilities_and_equity': 'LiabilitiesAndStockholdersEquity', 'equity': 'StockholdersEquity', 'ebit': 'IncomeLossFromContinuingOperationsBeforeIncomeTaxesExtraordinaryItemsNoncontrollingInterest', 'revenue': 'RevenueFromContractWithCustomerExcludingAssessedTax', 'shares': 'EntityCommonStockSharesOutstanding'}"
1739445,ACA,"Arcosa, Inc.","{'debt_st': None, 'debt_lt': 'LongTermDebtAndCapitalLeaseObligationsIncludingCurrentMaturities', 'assets': 'Assets', 'liabilities': 'Liabilities', 'current_assets': 'AssetsCurrent', 'current_liabilities': 'LiabilitiesCurrent', 'retained_earnings': 'RetainedEarningsAccumulatedDeficit', 'liabilities_and_equity': 'LiabilitiesAndStockholdersEquity', 'equity': 'StockholdersEquity', 'ebit': 'OperatingIncomeLoss', 'revenue': 'Revenues', 'shares': 'EntityCommonStockSharesOutstanding'}"
1739942,SWI,SolarWinds Corp,"{'debt_st': 'LongTermDebtCurrent', 'debt_lt': 'LongTermDebtNoncurrent', 'assets': 'Assets', 'liabilities': 'Liabilities', 'current_assets': 'AssetsCurrent', 'current_liabilities': 'LiabilitiesCurrent', 'retained_earnings': 'RetainedEarningsAccumulatedDeficit', 'liabilities_and_equity': 'LiabilitiesAndStockholdersEquity', 'equity': 'StockholdersEquity', 'ebit': 'OperatingIncomeLoss', 'revenue': 'RevenueFromContractWithCustomerExcludingAssessedTax', 'shares': 'EntityCommonStockSharesOutstanding'}"
1740332,REZI,"RESIDEO TECHNOLOGIES, INC.","{'debt_st': 'LongTermDebtCurrent', 'debt_lt': 'LongTermDebtNoncurrent', 'assets': 'Assets', 'liabilities': 'Liabilities', 'current_assets': 'AssetsCurrent', 'current_liabilities': 'LiabilitiesCurrent', 'retained_earnings': 'RetainedEarningsAccumulatedDeficit', 'liabilities_and_equity': 'LiabilitiesAndStockholdersEquity', 'equity': 'StockholdersEquity', 'ebit': 'OperatingIncomeLoss', 'revenue': 'RevenueFromContractWithCustomerExcludingAssessedTax', 'shares': 'EntityCommonStockSharesOutstanding'}"
1743725,GDYN,"GRID DYNAMICS HOLDINGS, INC.","{'debt_st': None, 'debt_lt': 'LongTermDebtNoncurrent', 'assets': 'Assets', 'liabilities': 'Liabilities', 'current_assets': 'AssetsCurrent', 'current_liabilities': 'LiabilitiesCurrent', 'retained_earnings': 'RetainedEarningsAccumulatedDeficit', 'liabilities_and_equity': 'LiabilitiesAndStockholdersEquity', 'equity': 'StockholdersEquity', 'ebit': 'OperatingIncomeLoss', 'revenue': 'RevenueFromContractWithCustomerExcludingAssessedTax', 'shares': 'EntityCommonStockSharesOutstanding'}"
1743759,CRSR,"Corsair Gaming, Inc.","{'debt_st': 'DebtCurrent', 'debt_lt': 'LongTermDebtNoncurrent', 'assets': 'Assets', 'liabilities': 'Liabilities', 'current_assets': 'AssetsCurrent', 'current_liabilities': 'LiabilitiesCurrent', 'retained_earnings': 'RetainedEarningsAccumulatedDeficit', 'liabilities_and_equity': 'LiabilitiesAndStockholdersEquity', 'equity': 'StockholdersEquity', 'ebit': 'OperatingIncomeLoss', 'revenue': 'RevenueFromContractWithCustomerExcludingAssessedTax', 'shares': 'EntityCommonStockSharesOutstanding'}"
1743881,BBIO,"BridgeBio Pharma, Inc.","{'debt_st': 'LongTermDebtCurrent', 'debt_lt': 'LongTermDebtNoncurrent', 'assets': 'Assets', 'liabilities': 'Liabilities', 'current_assets': 'AssetsCurrent', 'current_liabilities': 'LiabilitiesCurrent', 'retained_earnings': 'RetainedEarningsAccumulatedDeficit', 'liabilities_and_equity': 'LiabilitiesAndStockholdersEquity', 'equity': 'StockholdersEquity', 'ebit': 'OperatingIncomeLoss', 'revenue': 'RevenueFromContractWithCustomerExcludingAssessedTax', 'shares': 'EntityCommonStockSharesOutstanding'}"
1743907,SNCY,"Sun Country Airlines Holdings, LLC","{'debt_st': 'LongTermDebtCurrent', 'debt_lt': 'LongTermDebtNoncurrent', 'assets': 'Assets', 'liabilities': 'Liabilities', 'current_assets': 'AssetsCurrent', 'current_liabilities': 'LiabilitiesCurrent', 'retained_earnings': 'RetainedEarningsAccumulatedDeficit', 'liabilities_and_equity': 'LiabilitiesAndStockholdersEquity', 'equity': 'StockholdersEquity', 'ebit': 'OperatingIncomeLoss', 'revenue': 'RevenueFromContractWithCustomerExcludingAssessedTax', 'shares': 'EntityCommonStockSharesOutstanding'}"
1744489,DIS,Walt Disney Co,"{'debt_st': 'LongTermDebtCurrent', 'debt_lt': 'LongTermDebtNoncurrent', 'assets': 'Assets', 'liabilities': None, 'current_assets': 'AssetsCurrent', 'current_liabilities': 'LiabilitiesCurrent', 'retained_earnings': 'RetainedEarningsAccumulatedDeficit', 'liabilities_and_equity': 'LiabilitiesAndStockholdersEquity', 'equity': 'StockholdersEquity', 'ebit': 'OperatingIncomeLoss', 'revenue': 'Revenues', 'shares': 'EntityCommonStockSharesOutstanding'}"
1745999,BEAM,Beam Therapeutics Inc.,"{'debt_st': None, 'debt_lt': 'LongTermDebtNoncurrent', 'assets': 'Assets', 'liabilities': 'Liabilities', 'current_assets': 'AssetsCurrent', 'current_liabilities': 'LiabilitiesCurrent', 'retained_earnings': 'RetainedEarningsAccumulatedDeficit', 'liabilities_and_equity': 'LiabilitiesAndStockholdersEquity', 'equity': 'StockholdersEquity', 'ebit': 'OperatingIncomeLoss', 'revenue': 'RevenueFromContractWithCustomerExcludingAssessedTax', 'shares': 'EntityCommonStockSharesOutstanding'}"
1746473,PLRX,"PLIANT THERAPEUTICS, INC.","{'debt_st': None, 'debt_lt': 'LongTermDebt', 'assets': 'Assets', 'liabilities': 'Liabilities', 'current_assets': 'AssetsCurrent', 'current_liabilities': 'LiabilitiesCurrent', 'retained_earnings': 'RetainedEarningsAccumulatedDeficit', 'liabilities_and_equity': 'LiabilitiesAndStockholdersEquity', 'equity': 'StockholdersEquity', 'ebit': 'OperatingIncomeLoss', 'revenue': 'RevenueFromContractWithCustomerExcludingAssessedTax', 'shares': 'EntityCommonStockSharesOutstanding'}"
1747079,BALY,Bally's Corp,"{'debt_st': 'LongTermDebtCurrent', 'debt_lt': 'LongTermDebtNoncurrent', 'assets': 'Assets', 'liabilities': 'Liabilities', 'current_assets': 'AssetsCurrent', 'current_liabilities': 'LiabilitiesCurrent', 'retained_earnings': 'RetainedEarningsAccumulatedDeficit', 'liabilities_and_equity': 'LiabilitiesAndStockholdersEquity', 'equity': 'StockholdersEquity', 'ebit': 'OperatingIncomeLoss', 'revenue': 'RevenueFromContractWithCustomerExcludingAssessedTax', 'shares': 'EntityCommonStockSharesOutstanding'}"
1747777,OTF,Blue Owl Technology Finance Corp.,"{'debt_st': None, 'debt_lt': 'LongTermDebt', 'assets': 'Assets', 'liabilities': 'Liabilities', 'current_assets': None, 'current_liabilities': None, 'retained_earnings': 'RetainedEarningsAccumulatedDeficit', 'liabilities_and_equity': 'LiabilitiesAndStockholdersEquity', 'equity': 'StockholdersEquity', 'ebit': None, 'revenue': None, 'shares': 'EntityCommonStockSharesOutstanding'}"
1748790,AMCR,Amcor plc,"{'debt_st': 'LongTermDebtCurrent', 'debt_lt': 'LongTermDebtAndCapitalLeaseObligationsIncludingCurrentMaturities', 'assets': 'Assets', 'liabilities': 'Liabilities', 'current_assets': 'AssetsCurrent', 'current_liabilities': 'LiabilitiesCurrent', 'retained_earnings': 'RetainedEarningsAccumulatedDeficit', 'liabilities_and_equity': 'LiabilitiesAndStockholdersEquity', 'equity': 'StockholdersEquity', 'ebit': 'OperatingIncomeLoss', 'revenue': 'RevenueFromContractWithCustomerExcludingAssessedTax', 'shares': 'EntityCommonStockSharesOutstanding'}"
1749723,NFE,New Fortress Energy Inc.,"{'debt_st': 'DebtCurrent', 'debt_lt': 'LongTermDebtNoncurrent', 'assets': 'Assets', 'liabilities': 'Liabilities', 'current_assets': 'AssetsCurrent', 'current_liabilities': 'LiabilitiesCurrent', 'retained_earnings': 'RetainedEarningsAccumulatedDeficit', 'liabilities_and_equity': 'LiabilitiesAndStockholdersEquity', 'equity': 'StockholdersEquity', 'ebit': 'OperatingIncomeLoss', 'revenue': 'RevenueFromContractWithCustomerExcludingAssessedTax', 'shares': 'EntityCommonStockSharesOutstanding'}"
1751788,DOW,DOW INC.,"{'debt_st': 'ShortTermBorrowings', 'debt_lt': 'LongTermDebtAndCapitalLeaseObligations', 'assets': 'Assets', 'liabilities': None, 'current_assets': 'AssetsCurrent', 'current_liabilities': 'LiabilitiesCurrent', 'retained_earnings': 'RetainedEarningsAccumulatedDeficit', 'liabilities_and_equity': 'LiabilitiesAndStockholdersEquity', 'equity': 'StockholdersEquity', 'ebit': 'IncomeLossFromContinuingOperationsBeforeIncomeTaxesExtraordinaryItemsNoncontrollingInterest', 'revenue': 'Revenues', 'shares': 'EntityCommonStockSharesOutstanding'}"
1752828,CELU,Celularity Inc,"{'debt_st': 'DebtCurrent', 'debt_lt': 'LongTermDebtAndCapitalLeaseObligations', 'assets': 'Assets', 'liabilities': 'Liabilities', 'current_assets': 'AssetsCurrent', 'current_liabilities': 'LiabilitiesCurrent', 'retained_earnings': 'RetainedEarningsAccumulatedDeficit', 'liabilities_and_equity': 'LiabilitiesAndStockholdersEquity', 'equity': 'StockholdersEquity', 'ebit': 'OperatingIncomeLoss', 'revenue': 'RevenueFromContractWithCustomerExcludingAssessedTax', 'shares': 'EntityCommonStockSharesOutstanding'}"
1753539,BKSY,BlackSky Technology Inc.,"{'debt_st': 'DebtCurrent', 'debt_lt': 'LongTermDebtNoncurrent', 'assets': 'Assets', 'liabilities': 'Liabilities', 'current_assets': 'AssetsCurrent', 'current_liabilities': 'LiabilitiesCurrent', 'retained_earnings': 'RetainedEarningsAccumulatedDeficit', 'liabilities_and_equity': 'LiabilitiesAndStockholdersEquity', 'equity': 'StockholdersEquity', 'ebit': 'OperatingIncomeLoss', 'revenue': 'RevenueFromContractWithCustomerExcludingAssessedTax', 'shares': 'EntityCommonStockSharesOutstanding'}"
1753706,FREE,"Whole Earth Brands, Inc.","{'debt_st': 'LongTermDebtCurrent', 'debt_lt': 'LongTermDebtNoncurrent', 'assets': 'Assets', 'liabilities': 'Liabilities', 'current_assets': 'AssetsCurrent', 'current_liabilities': 'LiabilitiesCurrent', 'retained_earnings': 'RetainedEarningsAccumulatedDeficit', 'liabilities_and_equity': 'LiabilitiesAndStockholdersEquity', 'equity': 'StockholdersEquity', 'ebit': 'OperatingIncomeLoss', 'revenue': 'RevenueFromContractWithCustomerExcludingAssessedTax', 'shares': 'EntityCommonStockSharesOutstanding'}"
1754170,ASLE,AerSale Corp,"{'debt_st': 'LongTermDebtCurrent', 'debt_lt': 'LongTermDebtNoncurrent', 'assets': 'Assets', 'liabilities': 'Liabilities', 'current_assets': 'AssetsCurrent', 'current_liabilities': 'LiabilitiesCurrent', 'retained_earnings': 'RetainedEarningsAccumulatedDeficit', 'liabilities_and_equity': 'LiabilitiesAndStockholdersEquity', 'equity': 'StockholdersEquity', 'ebit': 'OperatingIncomeLoss', 'revenue': 'RevenueFromContractWithCustomerExcludingAssessedTax', 'shares': 'EntityCommonStockSharesOutstanding'}"
1754301,FOXA,Fox Corp,"{'debt_st': 'LongTermDebtCurrent', 'debt_lt': 'LongTermDebtNoncurrent', 'assets': 'Assets', 'liabilities': None, 'current_assets': 'AssetsCurrent', 'current_liabilities': 'LiabilitiesCurrent', 'retained_earnings': 'RetainedEarningsAccumulatedDeficit', 'liabilities_and_equity': 'LiabilitiesAndStockholdersEquity', 'equity': 'StockholdersEquity', 'ebit': 'IncomeLossFromContinuingOperationsBeforeIncomeTaxesExtraordinaryItemsNoncontrollingInterest', 'revenue': 'RevenueFromContractWithCustomerExcludingAssessedTax', 'shares': 'EntityCommonStockSharesOutstanding'}"
1755672,CTVA,"Corteva, Inc.","{'debt_st': 'DebtCurrent', 'debt_lt': 'LongTermDebtAndCapitalLeaseObligations', 'assets': 'Assets', 'liabilities': None, 'current_assets': 'AssetsCurrent', 'current_liabilities': 'LiabilitiesCurrent', 'retained_earnings': 'RetainedEarningsAccumulatedDeficit', 'liabilities_and_equity': 'LiabilitiesAndStockholdersEquity', 'equity': 'StockholdersEquity', 'ebit': 'IncomeLossFromContinuingOperationsBeforeIncomeTaxesExtraordinaryItemsNoncontrollingInterest', 'revenue': 'Revenues', 'shares': 'EntityCommonStockSharesOutstanding'}"
1756262,TMDX,"TransMedics Group, Inc.","{'debt_st': 'LongTermDebtCurrent', 'debt_lt': 'LongTermDebtNoncurrent', 'assets': 'Assets', 'liabilities': 'Liabilities', 'current_assets': 'AssetsCurrent', 'current_liabilities': 'LiabilitiesCurrent', 'retained_earnings': 'RetainedEarningsAccumulatedDeficit', 'liabilities_and_equity': 'LiabilitiesAndStockholdersEquity', 'equity': 'StockholdersEquity', 'ebit': 'OperatingIncomeLoss', 'revenue': 'RevenueFromContractWithCustomerExcludingAssessedTax', 'shares': 'EntityCommonStockSharesOutstanding'}"
1756655,ARDT,"Ardent Health, Inc.","{'debt_st': 'LongTermDebtCurrent', 'debt_lt': 'LongTermDebtNoncurrent', 'assets': 'Assets', 'liabilities': 'Liabilities', 'current_assets': 'AssetsCurrent', 'current_liabilities': 'LiabilitiesCurrent', 'retained_earnings': 'RetainedEarningsAccumulatedDeficit', 'liabilities_and_equity': 'LiabilitiesAndStockholdersEquity', 'equity': 'StockholdersEquity', 'ebit': 'IncomeLossFromContinuingOperationsBeforeIncomeTaxesExtraordinaryItemsNoncontrollingInterest', 'revenue': 'Revenues', 'shares': 'EntityCommonStockSharesOutstanding'}"
1757073,NVST,Envista Holdings Corp,"{'debt_st': 'DebtCurrent', 'debt_lt': 'LongTermDebtNoncurrent', 'assets': 'Assets', 'liabilities': None, 'current_assets': 'AssetsCurrent', 'current_liabilities': 'LiabilitiesCurrent', 'retained_earnings': 'RetainedEarningsAccumulatedDeficit', 'liabilities_and_equity': 'LiabilitiesAndStockholdersEquity', 'equity': 'StockholdersEquity', 'ebit': 'OperatingIncomeLoss', 'revenue': 'RevenueFromContractWithCustomerExcludingAssessedTax', 'shares': 'EntityCommonStockSharesOutstanding'}"
1757898,STE,STERIS plc,"{'debt_st': 'ShortTermBorrowings', 'debt_lt': 'LongTermDebtNoncurrent', 'assets': 'Assets', 'liabilities': 'Liabilities', 'current_assets': 'AssetsCurrent', 'current_liabilities': 'LiabilitiesCurrent', 'retained_earnings': 'RetainedEarningsAccumulatedDeficit', 'liabilities_and_equity': 'LiabilitiesAndStockholdersEquity', 'equity': 'StockholdersEquity', 'ebit': 'OperatingIncomeLoss', 'revenue': 'Revenues', 'shares': 'EntityCommonStockSharesOutstanding'}"
1758009,QUBT,Quantum Computing Inc.,"{'debt_st': 'LongTermDebtCurrent', 'debt_lt': 'LongTermDebtNoncurrent', 'assets': 'Assets', 'liabilities': 'Liabilities', 'current_assets': 'AssetsCurrent', 'current_liabilities': 'LiabilitiesCurrent', 'retained_earnings': 'RetainedEarningsAccumulatedDeficit', 'liabilities_and_equity': 'LiabilitiesAndStockholdersEquity', 'equity': 'StockholdersEquity', 'ebit': 'OperatingIncomeLoss', 'revenue': 'Revenues', 'shares': 'EntityCommonStockSharesOutstanding'}"
1758021,KRT,Karat Packaging Inc.,"{'debt_st': 'LongTermDebtCurrent', 'debt_lt': 'LongTermDebtNoncurrent', 'assets': 'Assets', 'liabilities': 'Liabilities', 'current_assets': 'AssetsCurrent', 'current_liabilities': 'LiabilitiesCurrent', 'retained_earnings': 'RetainedEarningsAccumulatedDeficit', 'liabilities_and_equity': 'LiabilitiesAndStockholdersEquity', 'equity': 'StockholdersEquity', 'ebit': 'OperatingIncomeLoss', 'revenue': 'RevenueFromContractWithCustomerExcludingAssessedTax', 'shares': 'EntityCommonStockSharesOutstanding'}"
1758488,OSW,ONESPAWORLD HOLDINGS Ltd,"{'debt_st': 'LongTermDebtCurrent', 'debt_lt': 'LongTermDebtNoncurrent', 'assets': 'Assets', 'liabilities': 'Liabilities', 'current_assets': 'AssetsCurrent', 'current_liabilities': 'LiabilitiesCurrent', 'retained_earnings': 'RetainedEarningsAccumulatedDeficit', 'liabilities_and_equity': 'LiabilitiesAndStockholdersEquity', 'equity': 'StockholdersEquity', 'ebit': 'OperatingIncomeLoss', 'revenue': 'RevenueFromContractWithCustomerExcludingAssessedTax', 'shares': 'EntityCommonStockSharesOutstanding'}"
1758766,STEM,"STEM, INC.","{'debt_st': 'NotesPayableCurrent', 'debt_lt': 'LongTermNotesPayable', 'assets': 'Assets', 'liabilities': 'Liabilities', 'current_assets': 'AssetsCurrent', 'current_liabilities': 'LiabilitiesCurrent', 'retained_earnings': 'RetainedEarningsAccumulatedDeficit', 'liabilities_and_equity': 'LiabilitiesAndStockholdersEquity', 'equity': 'StockholdersEquity', 'ebit': 'OperatingIncomeLoss', 'revenue': 'RevenueFromContractWithCustomerExcludingAssessedTax', 'shares': 'EntityCommonStockSharesOutstanding'}"
1759509,LYFT,"Lyft, Inc.","{'debt_st': 'LongTermDebtCurrent', 'debt_lt': 'LongTermDebtNoncurrent', 'assets': 'Assets', 'liabilities': 'Liabilities', 'current_assets': 'AssetsCurrent', 'current_liabilities': 'LiabilitiesCurrent', 'retained_earnings': 'RetainedEarningsAccumulatedDeficit', 'liabilities_and_equity': 'LiabilitiesAndStockholdersEquity', 'equity': 'StockholdersEquity', 'ebit': 'OperatingIncomeLoss', 'revenue': 'RevenueFromContractWithCustomerExcludingAssessedTax', 'shares': 'EntityCommonStockSharesOutstanding'}"
1759631,HYLN,Hyliion Holdings Corp.,"{'debt_st': 'DebtCurrent', 'debt_lt': 'LongTermDebtNoncurrent', 'assets': 'Assets', 'liabilities': 'Liabilities', 'current_assets': 'AssetsCurrent', 'current_liabilities': 'LiabilitiesCurrent', 'retained_earnings': 'RetainedEarningsAccumulatedDeficit', 'liabilities_and_equity': 'LiabilitiesAndStockholdersEquity', 'equity': 'StockholdersEquity', 'ebit': 'OperatingIncomeLoss', 'revenue': 'RevenueFromContractWithCustomerExcludingAssessedTax', 'shares': 'EntityCommonStockSharesOutstanding'}"
1759655,PRVA,"Privia Health Group, Inc.","{'debt_st': 'NotesPayableCurrent', 'debt_lt': 'LongTermNotesPayable', 'assets': 'Assets', 'liabilities': 'Liabilities', 'current_assets': 'AssetsCurrent', 'current_liabilities': 'LiabilitiesCurrent', 'retained_earnings': 'RetainedEarningsAccumulatedDeficit', 'liabilities_and_equity': 'LiabilitiesAndStockholdersEquity', 'equity': 'StockholdersEquity', 'ebit': 'OperatingIncomeLoss', 'revenue': 'RevenueFromContractWithCustomerIncludingAssessedTax', 'shares': 'EntityCommonStockSharesOutstanding'}"
1759824,ALTG,ALTA EQUIPMENT GROUP INC.,"{'debt_st': 'LongTermDebtCurrent', 'debt_lt': 'LongTermDebtNoncurrent', 'assets': 'Assets', 'liabilities': 'Liabilities', 'current_assets': 'AssetsCurrent', 'current_liabilities': 'LiabilitiesCurrent', 'retained_earnings': 'RetainedEarningsAccumulatedDeficit', 'liabilities_and_equity': 'LiabilitiesAndStockholdersEquity', 'equity': 'StockholdersEquity', 'ebit': 'OperatingIncomeLoss', 'revenue': 'RevenueFromContractWithCustomerExcludingAssessedTax', 'shares': 'EntityCommonStockSharesOutstanding'}"
1760689,MVST,"Microvast Holdings, Inc.","{'debt_st': 'ShortTermBorrowings', 'debt_lt': 'LongTermDebt', 'assets': 'Assets', 'liabilities': 'Liabilities', 'current_assets': 'AssetsCurrent', 'current_liabilities': 'LiabilitiesCurrent', 'retained_earnings': 'RetainedEarningsAccumulatedDeficit', 'liabilities_and_equity': 'LiabilitiesAndStockholdersEquity', 'equity': 'StockholdersEquity', 'ebit': 'OperatingIncomeLoss', 'revenue': 'Revenues', 'shares': 'EntityCommonStockSharesOutstanding'}"
1760965,KTB,"Kontoor Brands, Inc.","{'debt_st': 'LongTermDebtCurrent', 'debt_lt': 'LongTermDebtNoncurrent', 'assets': 'Assets', 'liabilities': 'Liabilities', 'current_assets': 'AssetsCurrent', 'current_liabilities': 'LiabilitiesCurrent', 'retained_earnings': 'RetainedEarningsAccumulatedDeficit', 'liabilities_and_equity': 'LiabilitiesAndStockholdersEquity', 'equity': 'StockholdersEquity', 'ebit': 'OperatingIncomeLoss', 'revenue': 'RevenueFromContractWithCustomerExcludingAssessedTax', 'shares': 'EntityCommonStockSharesOutstanding'}"
1761612,BCYC,BICYCLE THERAPEUTICS PLC,"{'debt_st': 'LongTermDebtCurrent', 'debt_lt': 'LongTermDebtNoncurrent', 'assets': 'Assets', 'liabilities': 'Liabilities', 'current_assets': 'AssetsCurrent', 'current_liabilities': 'LiabilitiesCurrent', 'retained_earnings': 'RetainedEarningsAccumulatedDeficit', 'liabilities_and_equity': 'LiabilitiesAndStockholdersEquity', 'equity': 'StockholdersEquity', 'ebit': 'OperatingIncomeLoss', 'revenue': 'RevenueFromContractWithCustomerExcludingAssessedTax', 'shares': 'EntityCommonStockSharesOutstanding'}"
1762301,FVRR,Fiverr International Ltd.,"{'debt_st': 'LongTermDebtCurrent', 'debt_lt': 'LongTermDebtNoncurrent', 'assets': 'Assets', 'liabilities': 'Liabilities', 'current_assets': 'AssetsCurrent', 'current_liabilities': 'LiabilitiesCurrent', 'retained_earnings': 'RetainedEarningsAccumulatedDeficit', 'liabilities_and_equity': 'LiabilitiesAndStockholdersEquity', 'equity': 'StockholdersEquity', 'ebit': 'OperatingIncomeLoss', 'revenue': 'Revenues', 'shares': 'EntityCommonStockSharesOutstanding'}"
1764046,CLVT,CLARIVATE PLC,"{'debt_st': 'DebtCurrent', 'debt_lt': 'LongTermDebtNoncurrent', 'assets': 'Assets', 'liabilities': 'Liabilities', 'current_assets': 'AssetsCurrent', 'current_liabilities': 'LiabilitiesCurrent', 'retained_earnings': 'RetainedEarningsAccumulatedDeficit', 'liabilities_and_equity': 'LiabilitiesAndStockholdersEquity', 'equity': 'StockholdersEquity', 'ebit': 'OperatingIncomeLoss', 'revenue': 'RevenueFromContractWithCustomerExcludingAssessedTax', 'shares': 'EntityCommonStockSharesOutstanding'}"
1766368,MEC,"Mayville Engineering Company, Inc.","{'debt_st': 'LongTermDebtCurrent', 'debt_lt': None, 'assets': 'Assets', 'liabilities': 'Liabilities', 'current_assets': 'AssetsCurrent', 'current_liabilities': 'LiabilitiesCurrent', 'retained_earnings': 'RetainedEarningsAccumulatedDeficit', 'liabilities_and_equity': 'LiabilitiesAndStockholdersEquity', 'equity': 'StockholdersEquity', 'ebit': 'OperatingIncomeLoss', 'revenue': 'RevenueFromContractWithCustomerExcludingAssessedTax', 'shares': 'EntityCommonStockSharesOutstanding'}"
1766400,PNTG,"Pennant Group, Inc.","{'debt_st': 'LongTermDebtCurrent', 'debt_lt': 'LongTermDebt', 'assets': 'Assets', 'liabilities': 'Liabilities', 'current_assets': 'AssetsCurrent', 'current_liabilities': 'LiabilitiesCurrent', 'retained_earnings': 'RetainedEarningsAccumulatedDeficit', 'liabilities_and_equity': 'LiabilitiesAndStockholdersEquity', 'equity': 'StockholdersEquity', 'ebit': 'OperatingIncomeLoss', 'revenue': 'RevenueFromContractWithCustomerExcludingAssessedTax', 'shares': 'EntityCommonStockSharesOutstanding'}"
1767042,KGS,"Kodiak Gas Services, Inc.","{'debt_st': None, 'debt_lt': 'LongTermDebtNoncurrent', 'assets': 'Assets', 'liabilities': 'Liabilities', 'current_assets': 'AssetsCurrent', 'current_liabilities': 'LiabilitiesCurrent', 'retained_earnings': 'RetainedEarningsAccumulatedDeficit', 'liabilities_and_equity': 'LiabilitiesAndStockholdersEquity', 'equity': 'StockholdersEquity', 'ebit': 'OperatingIncomeLoss', 'revenue': 'RevenueFromContractWithCustomerExcludingAssessedTax', 'shares': 'EntityCommonStockSharesOutstanding'}"
1767258,XPEL,"XPEL, Inc.","{'debt_st': 'ShortTermBorrowings', 'debt_lt': 'LongTermDebtNoncurrent', 'assets': 'Assets', 'liabilities': 'Liabilities', 'current_assets': 'AssetsCurrent', 'current_liabilities': 'LiabilitiesCurrent', 'retained_earnings': 'RetainedEarningsAccumulatedDeficit', 'liabilities_and_equity': 'LiabilitiesAndStockholdersEquity', 'equity': 'StockholdersEquity', 'ebit': 'OperatingIncomeLoss', 'revenue': 'RevenueFromContractWithCustomerExcludingAssessedTax', 'shares': 'EntityCommonStockSharesOutstanding'}"
1768224,ARCT,Arcturus Therapeutics Holdings Inc.,"{'debt_st': 'LongTermDebtCurrent', 'debt_lt': 'LongTermDebtNoncurrent', 'assets': 'Assets', 'liabilities': 'Liabilities', 'current_assets': 'AssetsCurrent', 'current_liabilities': 'LiabilitiesCurrent', 'retained_earnings': 'RetainedEarningsAccumulatedDeficit', 'liabilities_and_equity': 'LiabilitiesAndStockholdersEquity', 'equity': 'StockholdersEquity', 'ebit': 'OperatingIncomeLoss', 'revenue': 'RevenueFromContractWithCustomerExcludingAssessedTax', 'shares': 'EntityCommonStockSharesOutstanding'}"
1768267,CRNC,Cerence Inc.,"{'debt_st': 'LongTermDebtCurrent', 'debt_lt': 'LongTermDebtNoncurrent', 'assets': 'Assets', 'liabilities': 'Liabilities', 'current_assets': 'AssetsCurrent', 'current_liabilities': 'LiabilitiesCurrent', 'retained_earnings': 'RetainedEarningsAccumulatedDeficit', 'liabilities_and_equity': 'LiabilitiesAndStockholdersEquity', 'equity': 'StockholdersEquity', 'ebit': 'OperatingIncomeLoss', 'revenue': 'RevenueFromContractWithCustomerExcludingAssessedTax', 'shares': 'EntityCommonStockSharesOutstanding'}"
1770450,XRX,Xerox Holdings Corp,"{'debt_st': 'DebtCurrent', 'debt_lt': 'LongTermDebtAndCapitalLeaseObligations', 'assets': 'Assets', 'liabilities': 'Liabilities', 'current_assets': 'AssetsCurrent', 'current_liabilities': 'LiabilitiesCurrent', 'retained_earnings': 'RetainedEarningsAccumulatedDeficit', 'liabilities_and_equity': 'LiabilitiesAndStockholdersEquity', 'equity': 'StockholdersEquity', 'ebit': 'IncomeLossFromContinuingOperationsBeforeIncomeTaxesMinorityInterestAndIncomeLossFromEquityMethodInvestments', 'revenue': 'RevenueFromContractWithCustomerExcludingAssessedTax', 'shares': 'EntityCommonStockSharesOutstanding'}"
1771515,GO,Grocery Outlet Holding Corp.,"{'debt_st': 'LongTermDebtCurrent', 'debt_lt': 'LongTermDebtNoncurrent', 'assets': 'Assets', 'liabilities': 'Liabilities', 'current_assets': 'AssetsCurrent', 'current_liabilities': 'LiabilitiesCurrent', 'retained_earnings': 'RetainedEarningsAccumulatedDeficit', 'liabilities_and_equity': 'LiabilitiesAndStockholdersEquity', 'equity': 'StockholdersEquity', 'ebit': 'OperatingIncomeLoss', 'revenue': 'RevenueFromContractWithCustomerExcludingAssessedTax', 'shares': 'EntityCommonStockSharesOutstanding'}"
1771910,ADCT,ADC Therapeutics SA,"{'debt_st': 'LongTermDebtCurrent', 'debt_lt': None, 'assets': 'Assets', 'liabilities': 'Liabilities', 'current_assets': 'AssetsCurrent', 'current_liabilities': 'LiabilitiesCurrent', 'retained_earnings': 'RetainedEarningsAccumulatedDeficit', 'liabilities_and_equity': 'LiabilitiesAndStockholdersEquity', 'equity': 'StockholdersEquity', 'ebit': 'OperatingIncomeLoss', 'revenue': 'RevenueFromContractWithCustomerExcludingAssessedTax', 'shares': 'EntityCommonStockSharesOutstanding'}"
1772016,BRBR,"BELLRING BRANDS, INC.","{'debt_st': 'LongTermDebtCurrent', 'debt_lt': 'LongTermDebtNoncurrent', 'assets': 'Assets', 'liabilities': 'Liabilities', 'current_assets': 'AssetsCurrent', 'current_liabilities': 'LiabilitiesCurrent', 'retained_earnings': 'RetainedEarningsAccumulatedDeficit', 'liabilities_and_equity': 'LiabilitiesAndStockholdersEquity', 'equity': 'StockholdersEquity', 'ebit': 'OperatingIncomeLoss', 'revenue': 'Revenues', 'shares': 'EntityCommonStockSharesOutstanding'}"
1772253,FLNG,Flex LNG Ltd.,"{'debt_st': 'DebtCurrent', 'debt_lt': 'LongTermDebtNoncurrent', 'assets': 'Assets', 'liabilities': 'Liabilities', 'current_assets': 'AssetsCurrent', 'current_liabilities': 'LiabilitiesCurrent', 'retained_earnings': 'RetainedEarningsAccumulatedDeficit', 'liabilities_and_equity': 'LiabilitiesAndStockholdersEquity', 'equity': 'StockholdersEquity', 'ebit': 'OperatingIncomeLoss', 'revenue': 'RevenueFromContractWithCustomerExcludingAssessedTax', 'shares': 'EntityCommonStockSharesOutstanding'}"
1772720,SPRU,SPRUCE POWER HOLDING CORP,"{'debt_st': 'DebtCurrent', 'debt_lt': 'LongTermDebtNoncurrent', 'assets': 'Assets', 'liabilities': 'Liabilities', 'current_assets': 'AssetsCurrent', 'current_liabilities': 'LiabilitiesCurrent', 'retained_earnings': 'RetainedEarningsAccumulatedDeficit', 'liabilities_and_equity': 'LiabilitiesAndStockholdersEquity', 'equity': 'StockholdersEquity', 'ebit': 'OperatingIncomeLoss', 'revenue': 'RevenueFromContractWithCustomerExcludingAssessedTax', 'shares': 'EntityCommonStockSharesOutstanding'}"
1773383,DT,"Dynatrace, Inc.","{'debt_st': 'LongTermDebtCurrent', 'debt_lt': 'LongTermDebtNoncurrent', 'assets': 'Assets', 'liabilities': 'Liabilities', 'current_assets': 'AssetsCurrent', 'current_liabilities': 'LiabilitiesCurrent', 'retained_earnings': 'RetainedEarningsAccumulatedDeficit', 'liabilities_and_equity': 'LiabilitiesAndStockholdersEquity', 'equity': 'StockholdersEquity', 'ebit': 'OperatingIncomeLoss', 'revenue': 'RevenueFromContractWithCustomerExcludingAssessedTax', 'shares': 'EntityCommonStockSharesOutstanding'}"
1774170,AIOT,"Powerfleet, Inc.","{'debt_st': 'DebtCurrent', 'debt_lt': 'LongTermDebtNoncurrent', 'assets': 'Assets', 'liabilities': 'Liabilities', 'current_assets': 'AssetsCurrent', 'current_liabilities': 'LiabilitiesCurrent', 'retained_earnings': 'RetainedEarningsAccumulatedDeficit', 'liabilities_and_equity': 'LiabilitiesAndStockholdersEquity', 'equity': 'StockholdersEquity', 'ebit': 'OperatingIncomeLoss', 'revenue': 'RevenueFromContractWithCustomerExcludingAssessedTax', 'shares': 'EntityCommonStockSharesOutstanding'}"
1774675,SKIL,Skillsoft Corp.,"{'debt_st': 'LongTermDebtCurrent', 'debt_lt': 'LongTermDebtNoncurrent', 'assets': 'Assets', 'liabilities': 'Liabilities', 'current_assets': 'AssetsCurrent', 'current_liabilities': 'LiabilitiesCurrent', 'retained_earnings': 'RetainedEarningsAccumulatedDeficit', 'liabilities_and_equity': 'LiabilitiesAndStockholdersEquity', 'equity': 'StockholdersEquity', 'ebit': 'OperatingIncomeLoss', 'revenue': 'RevenueFromContractWithCustomerExcludingAssessedTax', 'shares': 'EntityCommonStockSharesOutstanding'}"
1776661,ADV,Advantage Solutions Inc.,"{'debt_st': 'LongTermDebtCurrent', 'debt_lt': 'LongTermDebtNoncurrent', 'assets': 'Assets', 'liabilities': 'Liabilities', 'current_assets': 'AssetsCurrent', 'current_liabilities': 'LiabilitiesCurrent', 'retained_earnings': 'RetainedEarningsAccumulatedDeficit', 'liabilities_and_equity': 'LiabilitiesAndStockholdersEquity', 'equity': 'StockholdersEquity', 'ebit': 'OperatingIncomeLoss', 'revenue': 'RevenueFromContractWithCustomerExcludingAssessedTax', 'shares': 'EntityCommonStockSharesOutstanding'}"
1777393,CHPT,"ChargePoint Holdings, Inc.","{'debt_st': 'LongTermDebtCurrent', 'debt_lt': 'LongTermDebtNoncurrent', 'assets': 'Assets', 'liabilities': 'Liabilities', 'current_assets': 'AssetsCurrent', 'current_liabilities': 'LiabilitiesCurrent', 'retained_earnings': 'RetainedEarningsAccumulatedDeficit', 'liabilities_and_equity': 'LiabilitiesAndStockholdersEquity', 'equity': 'StockholdersEquity', 'ebit': 'OperatingIncomeLoss', 'revenue': 'RevenueFromContractWithCustomerExcludingAssessedTax', 'shares': 'EntityCommonStockSharesOutstanding'}"
1778016,NBP,NovaBridge Biosciences,"{'debt_st': 'ShortTermBorrowings', 'debt_lt': None, 'assets': 'Assets', 'liabilities': 'Liabilities', 'current_assets': 'AssetsCurrent', 'current_liabilities': 'LiabilitiesCurrent', 'retained_earnings': 'RetainedEarningsAccumulatedDeficit', 'liabilities_and_equity': 'LiabilitiesAndStockholdersEquity', 'equity': 'StockholdersEquity', 'ebit': 'OperatingIncomeLoss', 'revenue': 'RevenueFromContractWithCustomerExcludingAssessedTax', 'shares': 'EntityCommonStockSharesOutstanding'}"
1781335,OTIS,Otis Worldwide Corp,"{'debt_st': 'DebtCurrent', 'debt_lt': 'LongTermDebtNoncurrent', 'assets': 'Assets', 'liabilities': 'Liabilities', 'current_assets': 'AssetsCurrent', 'current_liabilities': 'LiabilitiesCurrent', 'retained_earnings': 'RetainedEarningsAccumulatedDeficit', 'liabilities_and_equity': 'LiabilitiesAndStockholdersEquity', 'equity': 'StockholdersEquity', 'ebit': 'OperatingIncomeLoss', 'revenue': 'RevenueFromContractWithCustomerExcludingAssessedTax', 'shares': 'EntityCommonStockSharesOutstanding'}"
1782170,RELY,"Remitly Global, Inc.","{'debt_st': 'ShortTermBorrowings', 'debt_lt': 'LongTermDebtNoncurrent', 'assets': 'Assets', 'liabilities': 'Liabilities', 'current_assets': 'AssetsCurrent', 'current_liabilities': 'LiabilitiesCurrent', 'retained_earnings': 'RetainedEarningsAccumulatedDeficit', 'liabilities_and_equity': 'LiabilitiesAndStockholdersEquity', 'equity': 'StockholdersEquity', 'ebit': 'OperatingIncomeLoss', 'revenue': 'RevenueFromContractWithCustomerExcludingAssessedTax', 'shares': 'EntityCommonStockSharesOutstanding'}"
1782524,MSDL,Morgan Stanley Direct Lending Fund,"{'debt_st': None, 'debt_lt': 'LongTermDebt', 'assets': 'Assets', 'liabilities': 'Liabilities', 'current_assets': None, 'current_liabilities': None, 'retained_earnings': 'RetainedEarningsAccumulatedDeficit', 'liabilities_and_equity': 'LiabilitiesAndStockholdersEquity', 'equity': 'StockholdersEquity', 'ebit': None, 'revenue': None, 'shares': 'EntityCommonStockSharesOutstanding'}"
1783180,CARR,CARRIER GLOBAL Corp,"{'debt_st': 'DebtCurrent', 'debt_lt': 'LongTermDebtNoncurrent', 'assets': 'Assets', 'liabilities': 'Liabilities', 'current_assets': 'AssetsCurrent', 'current_liabilities': 'LiabilitiesCurrent', 'retained_earnings': 'RetainedEarningsAccumulatedDeficit', 'liabilities_and_equity': 'LiabilitiesAndStockholdersEquity', 'equity': 'StockholdersEquity', 'ebit': 'OperatingIncomeLoss', 'revenue': 'RevenueFromContractWithCustomerExcludingAssessedTax', 'shares': 'EntityCommonStockSharesOutstanding'}"
1784535,PRCH,"Porch Group, Inc.","{'debt_st': 'LongTermDebtCurrent', 'debt_lt': 'LongTermDebtNoncurrent', 'assets': 'Assets', 'liabilities': 'Liabilities', 'current_assets': 'AssetsCurrent', 'current_liabilities': 'LiabilitiesCurrent', 'retained_earnings': 'RetainedEarningsAccumulatedDeficit', 'liabilities_and_equity': 'LiabilitiesAndStockholdersEquity', 'equity': 'StockholdersEquity', 'ebit': 'OperatingIncomeLoss', 'revenue': 'RevenueFromContractWithCustomerExcludingAssessedTax', 'shares': 'EntityCommonStockSharesOutstanding'}"
1784970,NXTT,Next Technology Holding Inc.,"{'debt_st': 'ShortTermBorrowings', 'debt_lt': None, 'assets': 'Assets', 'liabilities': 'Liabilities', 'current_assets': 'AssetsCurrent', 'current_liabilities': 'LiabilitiesCurrent', 'retained_earnings': 'RetainedEarningsAccumulatedDeficit', 'liabilities_and_equity': 'LiabilitiesAndStockholdersEquity', 'equity': 'StockholdersEquity', 'ebit': 'OperatingIncomeLoss', 'revenue': 'Revenues', 'shares': 'EntityCommonStockSharesOutstanding'}"
1785173,ETNB,"89bio, Inc.","{'debt_st': 'LongTermDebtCurrent', 'debt_lt': 'LongTermDebtNoncurrent', 'assets': 'Assets', 'liabilities': 'Liabilities', 'current_assets': 'AssetsCurrent', 'current_liabilities': 'LiabilitiesCurrent', 'retained_earnings': 'RetainedEarningsAccumulatedDeficit', 'liabilities_and_equity': 'LiabilitiesAndStockholdersEquity', 'equity': 'StockholdersEquity', 'ebit': 'OperatingIncomeLoss', 'revenue': None, 'shares': 'EntityCommonStockSharesOutstanding'}"
1786108,TRIN,Trinity Capital Inc.,"{'debt_st': None, 'debt_lt': 'LongTermDebt', 'assets': 'Assets', 'liabilities': 'Liabilities', 'current_assets': None, 'current_liabilities': None, 'retained_earnings': 'RetainedEarningsAccumulatedDeficit', 'liabilities_and_equity': 'LiabilitiesAndStockholdersEquity', 'equity': 'StockholdersEquity', 'ebit': None, 'revenue': None, 'shares': 'EntityCommonStockSharesOutstanding'}"
1786352,BILL,"BILL Holdings, Inc.","{'debt_st': None, 'debt_lt': 'LongTermDebt', 'assets': 'Assets', 'liabilities': 'Liabilities', 'current_assets': 'AssetsCurrent', 'current_liabilities': 'LiabilitiesCurrent', 'retained_earnings': 'RetainedEarningsAccumulatedDeficit', 'liabilities_and_equity': 'LiabilitiesAndStockholdersEquity', 'equity': 'StockholdersEquity', 'ebit': 'OperatingIncomeLoss', 'revenue': 'RevenueFromContractWithCustomerExcludingAssessedTax', 'shares': 'EntityCommonStockSharesOutstanding'}"
1786431,REYN,Reynolds Consumer Products Inc.,"{'debt_st': 'LongTermDebtCurrent', 'debt_lt': 'LongTermDebtNoncurrent', 'assets': 'Assets', 'liabilities': 'Liabilities', 'current_assets': 'AssetsCurrent', 'current_liabilities': 'LiabilitiesCurrent', 'retained_earnings': 'RetainedEarningsAccumulatedDeficit', 'liabilities_and_equity': 'LiabilitiesAndStockholdersEquity', 'equity': 'StockholdersEquity', 'ebit': 'IncomeLossFromContinuingOperationsBeforeIncomeTaxesExtraordinaryItemsNoncontrollingInterest', 'revenue': 'RevenueFromContractWithCustomerExcludingAssessedTax', 'shares': 'EntityCommonStockSharesOutstanding'}"
1786842,VNT,Vontier Corp,"{'debt_st': 'DebtCurrent', 'debt_lt': 'LongTermDebtNoncurrent', 'assets': 'Assets', 'liabilities': 'Liabilities', 'current_assets': 'AssetsCurrent', 'current_liabilities': 'LiabilitiesCurrent', 'retained_earnings': 'RetainedEarningsAccumulatedDeficit', 'liabilities_and_equity': 'LiabilitiesAndStockholdersEquity', 'equity': 'StockholdersEquity', 'ebit': 'OperatingIncomeLoss', 'revenue': 'RevenueFromContractWithCustomerExcludingAssessedTax', 'shares': 'EntityCommonStockSharesOutstanding'}"
1787306,ARQT,"Arcutis Biotherapeutics, Inc.","{'debt_st': 'LongTermDebtCurrent', 'debt_lt': 'LongTermDebtNoncurrent', 'assets': 'Assets', 'liabilities': 'Liabilities', 'current_assets': 'AssetsCurrent', 'current_liabilities': 'LiabilitiesCurrent', 'retained_earnings': 'RetainedEarningsAccumulatedDeficit', 'liabilities_and_equity': 'LiabilitiesAndStockholdersEquity', 'equity': 'StockholdersEquity', 'ebit': 'OperatingIncomeLoss', 'revenue': 'Revenues', 'shares': 'EntityCommonStockSharesOutstanding'}"
1788999,XPER,Xperi Inc.,"{'debt_st': 'ShortTermBorrowings', 'debt_lt': 'LongTermDebtNoncurrent', 'assets': 'Assets', 'liabilities': 'Liabilities', 'current_assets': 'AssetsCurrent', 'current_liabilities': 'LiabilitiesCurrent', 'retained_earnings': 'RetainedEarningsAccumulatedDeficit', 'liabilities_and_equity': 'LiabilitiesAndStockholdersEquity', 'equity': 'StockholdersEquity', 'ebit': 'OperatingIncomeLoss', 'revenue': 'RevenueFromContractWithCustomerExcludingAssessedTax', 'shares': 'EntityCommonStockSharesOutstanding'}"
1789832,HESM,Hess Midstream LP,"{'debt_st': 'LongTermDebtCurrent', 'debt_lt': 'LongTermDebtNoncurrent', 'assets': 'Assets', 'liabilities': 'Liabilities', 'current_assets': 'AssetsCurrent', 'current_liabilities': 'LiabilitiesCurrent', 'retained_earnings': None, 'liabilities_and_equity': 'LiabilitiesAndStockholdersEquity', 'equity': None, 'ebit': 'OperatingIncomeLoss', 'revenue': 'Revenues', 'shares': 'EntityCommonStockSharesOutstanding'}"
1789940,FWRG,"First Watch Restaurant Group, Inc.","{'debt_st': 'NotesPayableCurrent', 'debt_lt': 'LongTermDebtAndCapitalLeaseObligations', 'assets': 'Assets', 'liabilities': 'Liabilities', 'current_assets': 'AssetsCurrent', 'current_liabilities': 'LiabilitiesCurrent', 'retained_earnings': 'RetainedEarningsAccumulatedDeficit', 'liabilities_and_equity': 'LiabilitiesAndStockholdersEquity', 'equity': 'StockholdersEquity', 'ebit': 'OperatingIncomeLoss', 'revenue': 'RevenueFromContractWithCustomerExcludingAssessedTax', 'shares': 'EntityCommonStockSharesOutstanding'}"
1792044,VTRS,Viatris Inc,"{'debt_st': 'DebtCurrent', 'debt_lt': 'LongTermDebtNoncurrent', 'assets': 'Assets', 'liabilities': 'Liabilities', 'current_assets': 'AssetsCurrent', 'current_liabilities': 'LiabilitiesCurrent', 'retained_earnings': 'RetainedEarningsAccumulatedDeficit', 'liabilities_and_equity': 'LiabilitiesAndStockholdersEquity', 'equity': 'StockholdersEquity', 'ebit': 'OperatingIncomeLoss', 'revenue': 'RevenueFromContractWithCustomerExcludingAssessedTax', 'shares': 'EntityCommonStockSharesOutstanding'}"
1792580,OVV,Ovintiv Inc.,"{'debt_st': 'LongTermDebtCurrent', 'debt_lt': 'LongTermDebtNoncurrent', 'assets': 'Assets', 'liabilities': 'Liabilities', 'current_assets': 'AssetsCurrent', 'current_liabilities': 'LiabilitiesCurrent', 'retained_earnings': 'RetainedEarningsAccumulatedDeficit', 'liabilities_and_equity': 'LiabilitiesAndStockholdersEquity', 'equity': 'StockholdersEquity', 'ebit': 'OperatingIncomeLoss', 'revenue': 'RevenueFromContractWithCustomerExcludingAssessedTax', 'shares': 'EntityCommonStockSharesOutstanding'}"
1792781,CURV,Torrid Holdings Inc.,"{'debt_st': 'LongTermDebtCurrent', 'debt_lt': 'LongTermDebtNoncurrent', 'assets': 'Assets', 'liabilities': 'Liabilities', 'current_assets': 'AssetsCurrent', 'current_liabilities': 'LiabilitiesCurrent', 'retained_earnings': 'RetainedEarningsAccumulatedDeficit', 'liabilities_and_equity': 'LiabilitiesAndStockholdersEquity', 'equity': 'StockholdersEquity', 'ebit': 'OperatingIncomeLoss', 'revenue': 'RevenueFromContractWithCustomerExcludingAssessedTax', 'shares': 'EntityCommonStockSharesOutstanding'}"
1792849,HPK,"HighPeak Energy, Inc.","{'debt_st': 'LongTermDebtCurrent', 'debt_lt': 'LongTermDebtNoncurrent', 'assets': 'Assets', 'liabilities': None, 'current_assets': 'AssetsCurrent', 'current_liabilities': 'LiabilitiesCurrent', 'retained_earnings': 'RetainedEarningsAccumulatedDeficit', 'liabilities_and_equity': 'LiabilitiesAndStockholdersEquity', 'equity': 'StockholdersEquity', 'ebit': 'OperatingIncomeLoss', 'revenue': 'RevenueFromContractWithCustomerExcludingAssessedTax', 'shares': 'EntityCommonStockSharesOutstanding'}"
1793229,CTEV,Claritev Corp,"{'debt_st': 'LongTermDebtCurrent', 'debt_lt': 'LongTermDebtAndCapitalLeaseObligations', 'assets': 'Assets', 'liabilities': 'Liabilities', 'current_assets': 'AssetsCurrent', 'current_liabilities': 'LiabilitiesCurrent', 'retained_earnings': 'RetainedEarningsAccumulatedDeficit', 'liabilities_and_equity': 'LiabilitiesAndStockholdersEquity', 'equity': 'StockholdersEquity', 'ebit': 'OperatingIncomeLoss', 'revenue': 'RevenueFromContractWithCustomerExcludingAssessedTax', 'shares': 'EntityCommonStockSharesOutstanding'}"
1793862,DADA,Dada Nexus Ltd,"{'debt_st': 'ShortTermBorrowings', 'debt_lt': None, 'assets': 'Assets', 'liabilities': 'Liabilities', 'current_assets': 'AssetsCurrent', 'current_liabilities': 'LiabilitiesCurrent', 'retained_earnings': 'RetainedEarningsAccumulatedDeficit', 'liabilities_and_equity': 'LiabilitiesAndStockholdersEquity', 'equity': 'StockholdersEquity', 'ebit': 'OperatingIncomeLoss', 'revenue': 'RevenueFromContractWithCustomerExcludingAssessedTax', 'shares': 'EntityCommonStockSharesOutstanding'}"
1794515,GTM,ZoomInfo Technologies Inc.,"{'debt_st': 'LongTermDebtCurrent', 'debt_lt': 'LongTermDebtNoncurrent', 'assets': 'Assets', 'liabilities': 'Liabilities', 'current_assets': 'AssetsCurrent', 'current_liabilities': 'LiabilitiesCurrent', 'retained_earnings': 'RetainedEarningsAccumulatedDeficit', 'liabilities_and_equity': 'LiabilitiesAndStockholdersEquity', 'equity': 'StockholdersEquity', 'ebit': 'OperatingIncomeLoss', 'revenue': 'RevenueFromContractWithCustomerExcludingAssessedTax', 'shares': 'EntityCommonStockSharesOutstanding'}"
1794669,FOUR,"Shift4 Payments, Inc.","{'debt_st': 'LongTermDebtCurrent', 'debt_lt': 'LongTermDebtNoncurrent', 'assets': 'Assets', 'liabilities': 'Liabilities', 'current_assets': 'AssetsCurrent', 'current_liabilities': 'LiabilitiesCurrent', 'retained_earnings': 'RetainedEarningsAccumulatedDeficit', 'liabilities_and_equity': 'LiabilitiesAndStockholdersEquity', 'equity': 'StockholdersEquity', 'ebit': 'OperatingIncomeLoss', 'revenue': 'RevenueFromContractWithCustomerExcludingAssessedTax', 'shares': 'EntityCommonStockSharesOutstanding'}"
1794776,PSBD,Palmer Square Capital BDC Inc.,"{'debt_st': 'NotesPayableCurrent', 'debt_lt': None, 'assets': 'Assets', 'liabilities': 'Liabilities', 'current_assets': None, 'current_liabilities': None, 'retained_earnings': 'RetainedEarningsAccumulatedDeficit', 'liabilities_and_equity': 'LiabilitiesAndStockholdersEquity', 'equity': 'StockholdersEquity', 'ebit': 'OperatingIncomeLoss', 'revenue': None, 'shares': 'EntityCommonStockSharesOutstanding'}"
1795589,KC,Kingsoft Cloud Holdings Ltd,"{'debt_st': 'LongTermDebtCurrent', 'debt_lt': 'LongTermDebtNoncurrent', 'assets': 'Assets', 'liabilities': 'Liabilities', 'current_assets': 'AssetsCurrent', 'current_liabilities': 'LiabilitiesCurrent', 'retained_earnings': 'RetainedEarningsAccumulatedDeficit', 'liabilities_and_equity': 'LiabilitiesAndStockholdersEquity', 'equity': 'StockholdersEquity', 'ebit': 'OperatingIncomeLoss', 'revenue': 'RevenueFromContractWithCustomerExcludingAssessedTax', 'shares': 'EntityCommonStockSharesOutstanding'}"
1796209,APG,APi Group Corp,"{'debt_st': 'DebtCurrent', 'debt_lt': 'LongTermDebtNoncurrent', 'assets': 'Assets', 'liabilities': 'Liabilities', 'current_assets': 'AssetsCurrent', 'current_liabilities': 'LiabilitiesCurrent', 'retained_earnings': 'RetainedEarningsAccumulatedDeficit', 'liabilities_and_equity': 'LiabilitiesAndStockholdersEquity', 'equity': 'StockholdersEquity', 'ebit': 'OperatingIncomeLoss', 'revenue': 'RevenueFromContractWithCustomerExcludingAssessedTax', 'shares': 'EntityCommonStockSharesOutstanding'}"
1796280,ORIC,"Oric Pharmaceuticals, Inc.","{'debt_st': None, 'debt_lt': 'LongTermDebt', 'assets': 'Assets', 'liabilities': 'Liabilities', 'current_assets': 'AssetsCurrent', 'current_liabilities': 'LiabilitiesCurrent', 'retained_earnings': 'RetainedEarningsAccumulatedDeficit', 'liabilities_and_equity': 'LiabilitiesAndStockholdersEquity', 'equity': 'StockholdersEquity', 'ebit': 'OperatingIncomeLoss', 'revenue': None, 'shares': 'EntityCommonStockSharesOutstanding'}"
1799208,DNB,"Dun & Bradstreet Holdings, Inc.","{'debt_st': 'DebtCurrent', 'debt_lt': 'LongTermDebtNoncurrent', 'assets': 'Assets', 'liabilities': 'Liabilities', 'current_assets': 'AssetsCurrent', 'current_liabilities': 'LiabilitiesCurrent', 'retained_earnings': 'RetainedEarningsAccumulatedDeficit', 'liabilities_and_equity': 'LiabilitiesAndStockholdersEquity', 'equity': 'StockholdersEquity', 'ebit': 'OperatingIncomeLoss', 'revenue': 'RevenueFromContractWithCustomerExcludingAssessedTax', 'shares': 'EntityCommonStockSharesOutstanding'}"
1799567,DDI,"DoubleDown Interactive Co., Ltd.","{'debt_st': 'LongTermDebtCurrent', 'debt_lt': 'LongTermDebtNoncurrent', 'assets': 'Assets', 'liabilities': 'Liabilities', 'current_assets': 'AssetsCurrent', 'current_liabilities': 'LiabilitiesCurrent', 'retained_earnings': 'RetainedEarningsAccumulatedDeficit', 'liabilities_and_equity': 'LiabilitiesAndStockholdersEquity', 'equity': 'StockholdersEquity', 'ebit': 'OperatingIncomeLoss', 'revenue': 'Revenues', 'shares': 'EntityCommonStockSharesOutstanding'}"
1800347,ETWO,"E2open Parent Holdings, Inc.","{'debt_st': 'LongTermDebtCurrent', 'debt_lt': 'LongTermDebtNoncurrent', 'assets': 'Assets', 'liabilities': 'Liabilities', 'current_assets': 'AssetsCurrent', 'current_liabilities': 'LiabilitiesCurrent', 'retained_earnings': 'RetainedEarningsAccumulatedDeficit', 'liabilities_and_equity': 'LiabilitiesAndStockholdersEquity', 'equity': 'StockholdersEquity', 'ebit': 'OperatingIncomeLoss', 'revenue': 'RevenueFromContractWithCustomerExcludingAssessedTax', 'shares': 'EntityCommonStockSharesOutstanding'}"
1800392,MLGO,MicroAlgo Inc.,"{'debt_st': 'ShortTermBorrowings', 'debt_lt': None, 'assets': 'Assets', 'liabilities': 'Liabilities', 'current_assets': 'AssetsCurrent', 'current_liabilities': 'LiabilitiesCurrent', 'retained_earnings': 'RetainedEarningsAccumulatedDeficit', 'liabilities_and_equity': 'LiabilitiesAndStockholdersEquity', 'equity': 'StockholdersEquity', 'ebit': 'OperatingIncomeLoss', 'revenue': 'RevenueFromContractWithCustomerExcludingAssessedTax', 'shares': 'EntityCommonStockSharesOutstanding'}"
1801368,MP,MP Materials Corp. / DE,"{'debt_st': 'LongTermDebtCurrent', 'debt_lt': 'LongTermDebtNoncurrent', 'assets': 'Assets', 'liabilities': 'Liabilities', 'current_assets': 'AssetsCurrent', 'current_liabilities': 'LiabilitiesCurrent', 'retained_earnings': 'RetainedEarningsAccumulatedDeficit', 'liabilities_and_equity': 'LiabilitiesAndStockholdersEquity', 'equity': 'StockholdersEquity', 'ebit': 'OperatingIncomeLoss', 'revenue': 'RevenueFromContractWithCustomerExcludingAssessedTax', 'shares': 'EntityCommonStockSharesOutstanding'}"
1802457,ORGN,"Origin Materials, Inc.","{'debt_st': 'NotesPayableCurrent', 'debt_lt': None, 'assets': 'Assets', 'liabilities': 'Liabilities', 'current_assets': 'AssetsCurrent', 'current_liabilities': 'LiabilitiesCurrent', 'retained_earnings': 'RetainedEarningsAccumulatedDeficit', 'liabilities_and_equity': 'LiabilitiesAndStockholdersEquity', 'equity': 'StockholdersEquity', 'ebit': 'OperatingIncomeLoss', 'revenue': 'Revenues', 'shares': 'EntityCommonStockSharesOutstanding'}"
1802665,HRMY,"Harmony Biosciences Holdings, Inc.","{'debt_st': 'LongTermDebtCurrent', 'debt_lt': 'LongTermDebtNoncurrent', 'assets': 'Assets', 'liabilities': 'Liabilities', 'current_assets': 'AssetsCurrent', 'current_liabilities': 'LiabilitiesCurrent', 'retained_earnings': 'RetainedEarningsAccumulatedDeficit', 'liabilities_and_equity': 'LiabilitiesAndStockholdersEquity', 'equity': 'StockholdersEquity', 'ebit': 'OperatingIncomeLoss', 'revenue': 'RevenueFromContractWithCustomerExcludingAssessedTax', 'shares': 'EntityCommonStockSharesOutstanding'}"
1802768,RPRX,Royalty Pharma plc,"{'debt_st': 'LongTermDebtCurrent', 'debt_lt': 'LongTermDebtNoncurrent', 'assets': 'Assets', 'liabilities': 'Liabilities', 'current_assets': 'AssetsCurrent', 'current_liabilities': 'LiabilitiesCurrent', 'retained_earnings': 'RetainedEarningsAccumulatedDeficit', 'liabilities_and_equity': 'LiabilitiesAndStockholdersEquity', 'equity': 'StockholdersEquityIncludingPortionAttributableToNoncontrollingInterest', 'ebit': 'OperatingIncomeLoss', 'revenue': 'Revenues', 'shares': 'EntityCommonStockSharesOutstanding'}"
1802974,AVO,"Mission Produce, Inc.","{'debt_st': 'LongTermDebtCurrent', 'debt_lt': 'LongTermDebtNoncurrent', 'assets': 'Assets', 'liabilities': 'Liabilities', 'current_assets': 'AssetsCurrent', 'current_liabilities': 'LiabilitiesCurrent', 'retained_earnings': 'RetainedEarningsAccumulatedDeficit', 'liabilities_and_equity': 'LiabilitiesAndStockholdersEquity', 'equity': 'StockholdersEquity', 'ebit': 'OperatingIncomeLoss', 'revenue': 'RevenueFromContractWithCustomerExcludingAssessedTax', 'shares': 'EntityCommonStockSharesOutstanding'}"
1803599,CNXC,Concentrix Corp,"{'debt_st': 'LongTermDebtCurrent', 'debt_lt': 'LongTermDebtNoncurrent', 'assets': 'Assets', 'liabilities': 'Liabilities', 'current_assets': 'AssetsCurrent', 'current_liabilities': 'LiabilitiesCurrent', 'retained_earnings': 'RetainedEarningsAccumulatedDeficit', 'liabilities_and_equity': 'LiabilitiesAndStockholdersEquity', 'equity': 'StockholdersEquity', 'ebit': 'OperatingIncomeLoss', 'revenue': 'RevenueFromContractWithCustomerExcludingAssessedTax', 'shares': 'EntityCommonStockSharesOutstanding'}"
1803696,ADEA,Adeia Inc.,"{'debt_st': 'LongTermDebtCurrent', 'debt_lt': 'LongTermDebtNoncurrent', 'assets': 'Assets', 'liabilities': 'Liabilities', 'current_assets': 'AssetsCurrent', 'current_liabilities': 'LiabilitiesCurrent', 'retained_earnings': 'RetainedEarningsAccumulatedDeficit', 'liabilities_and_equity': 'LiabilitiesAndStockholdersEquity', 'equity': 'StockholdersEquity', 'ebit': 'OperatingIncomeLoss', 'revenue': 'RevenueFromContractWithCustomerExcludingAssessedTax', 'shares': 'EntityCommonStockSharesOutstanding'}"
1803737,EHAB,"Enhabit, Inc.","{'debt_st': None, 'debt_lt': 'LongTermDebtAndCapitalLeaseObligationsIncludingCurrentMaturities', 'assets': 'Assets', 'liabilities': 'Liabilities', 'current_assets': 'AssetsCurrent', 'current_liabilities': 'LiabilitiesCurrent', 'retained_earnings': 'RetainedEarningsAccumulatedDeficit', 'liabilities_and_equity': 'LiabilitiesAndStockholdersEquity', 'equity': 'StockholdersEquity', 'ebit': 'OperatingIncomeLoss', 'revenue': 'RevenueFromContractWithCustomerExcludingAssessedTax', 'shares': 'EntityCommonStockSharesOutstanding'}"
1803914,PLBY,"Playboy, Inc.","{'debt_st': 'LongTermDebtCurrent', 'debt_lt': 'LongTermDebtNoncurrent', 'assets': 'Assets', 'liabilities': 'Liabilities', 'current_assets': 'AssetsCurrent', 'current_liabilities': 'LiabilitiesCurrent', 'retained_earnings': 'RetainedEarningsAccumulatedDeficit', 'liabilities_and_equity': 'LiabilitiesAndStockholdersEquity', 'equity': 'StockholdersEquity', 'ebit': 'OperatingIncomeLoss', 'revenue': 'RevenueFromContractWithCustomerExcludingAssessedTax', 'shares': 'EntityCommonStockSharesOutstanding'}"
1804745,DRVN,Driven Brands Holdings Inc.,"{'debt_st': 'LongTermDebtCurrent', 'debt_lt': 'LongTermDebtNoncurrent', 'assets': 'Assets', 'liabilities': 'Liabilities', 'current_assets': 'AssetsCurrent', 'current_liabilities': 'LiabilitiesCurrent', 'retained_earnings': 'RetainedEarningsAccumulatedDeficit', 'liabilities_and_equity': 'LiabilitiesAndStockholdersEquity', 'equity': 'StockholdersEquity', 'ebit': 'OperatingIncomeLoss', 'revenue': 'RevenueFromContractWithCustomerExcludingAssessedTax', 'shares': 'EntityCommonStockSharesOutstanding'}"
1805077,EOSE,"Eos Energy Enterprises, Inc.","{'debt_st': 'LongTermDebtCurrent', 'debt_lt': 'LongTermDebtNoncurrent', 'assets': 'Assets', 'liabilities': 'Liabilities', 'current_assets': 'AssetsCurrent', 'current_liabilities': 'LiabilitiesCurrent', 'retained_earnings': 'RetainedEarningsAccumulatedDeficit', 'liabilities_and_equity': 'LiabilitiesAndStockholdersEquity', 'equity': 'StockholdersEquity', 'ebit': 'OperatingIncomeLoss', 'revenue': 'RevenueFromContractWithCustomerExcludingAssessedTax', 'shares': 'EntityCommonStockSharesOutstanding'}"
1805385,EVLV,"Evolv Technologies Holdings, Inc.","{'debt_st': 'LongTermDebtCurrent', 'debt_lt': 'LongTermDebtNoncurrent', 'assets': 'Assets', 'liabilities': 'Liabilities', 'current_assets': 'AssetsCurrent', 'current_liabilities': 'LiabilitiesCurrent', 'retained_earnings': 'RetainedEarningsAccumulatedDeficit', 'liabilities_and_equity': 'LiabilitiesAndStockholdersEquity', 'equity': 'StockholdersEquity', 'ebit': 'OperatingIncomeLoss', 'revenue': 'Revenues', 'shares': 'EntityCommonStockSharesOutstanding'}"
1805521,FFAI,FARADAY FUTURE INTELLIGENT ELECTRIC INC.,"{'debt_st': 'NotesPayableCurrent', 'debt_lt': 'LongTermNotesPayable', 'assets': 'Assets', 'liabilities': 'Liabilities', 'current_assets': 'AssetsCurrent', 'current_liabilities': 'LiabilitiesCurrent', 'retained_earnings': 'RetainedEarningsAccumulatedDeficit', 'liabilities_and_equity': 'LiabilitiesAndStockholdersEquity', 'equity': 'StockholdersEquity', 'ebit': 'OperatingIncomeLoss', 'revenue': 'RevenueFromContractWithCustomerExcludingAssessedTax', 'shares': 'EntityCommonStockSharesOutstanding'}"
1805833,SST,"System1, Inc.","{'debt_st': 'DebtCurrent', 'debt_lt': 'LongTermDebtNoncurrent', 'assets': 'Assets', 'liabilities': 'Liabilities', 'current_assets': 'AssetsCurrent', 'current_liabilities': 'LiabilitiesCurrent', 'retained_earnings': 'RetainedEarningsAccumulatedDeficit', 'liabilities_and_equity': 'LiabilitiesAndStockholdersEquity', 'equity': 'StockholdersEquity', 'ebit': 'OperatingIncomeLoss', 'revenue': 'RevenueFromContractWithCustomerExcludingAssessedTax', 'shares': 'EntityCommonStockSharesOutstanding'}"
1806310,TSHA,"Taysha Gene Therapies, Inc.","{'debt_st': None, 'debt_lt': 'LongTermDebtNoncurrent', 'assets': 'Assets', 'liabilities': 'Liabilities', 'current_assets': 'AssetsCurrent', 'current_liabilities': 'LiabilitiesCurrent', 'retained_earnings': 'RetainedEarningsAccumulatedDeficit', 'liabilities_and_equity': 'LiabilitiesAndStockholdersEquity', 'equity': 'StockholdersEquity', 'ebit': 'OperatingIncomeLoss', 'revenue': 'Revenues', 'shares': 'EntityCommonStockSharesOutstanding'}"
1806347,WEST,Westrock Coffee Co,"{'debt_st': 'LongTermDebtCurrent', 'debt_lt': 'LongTermDebtNoncurrent', 'assets': 'Assets', 'liabilities': 'Liabilities', 'current_assets': 'AssetsCurrent', 'current_liabilities': 'LiabilitiesCurrent', 'retained_earnings': 'RetainedEarningsAccumulatedDeficit', 'liabilities_and_equity': 'LiabilitiesAndStockholdersEquity', 'equity': 'StockholdersEquity', 'ebit': 'OperatingIncomeLoss', 'revenue': 'RevenueFromContractWithCustomerExcludingAssessedTax', 'shares': 'EntityCommonStockSharesOutstanding'}"
1806837,VERX,"Vertex, Inc.","{'debt_st': 'LongTermDebtCurrent', 'debt_lt': 'LongTermDebtNoncurrent', 'assets': 'Assets', 'liabilities': 'Liabilities', 'current_assets': 'AssetsCurrent', 'current_liabilities': 'LiabilitiesCurrent', 'retained_earnings': 'RetainedEarningsAccumulatedDeficit', 'liabilities_and_equity': 'LiabilitiesAndStockholdersEquity', 'equity': 'StockholdersEquity', 'ebit': 'OperatingIncomeLoss', 'revenue': 'RevenueFromContractWithCustomerExcludingAssessedTax', 'shares': 'EntityCommonStockSharesOutstanding'}"
1808665,ASRT,"Assertio Holdings, Inc.","{'debt_st': 'DebtCurrent', 'debt_lt': 'LongTermDebtNoncurrent', 'assets': 'Assets', 'liabilities': 'Liabilities', 'current_assets': 'AssetsCurrent', 'current_liabilities': 'LiabilitiesCurrent', 'retained_earnings': 'RetainedEarningsAccumulatedDeficit', 'liabilities_and_equity': 'LiabilitiesAndStockholdersEquity', 'equity': 'StockholdersEquity', 'ebit': 'OperatingIncomeLoss', 'revenue': 'RevenueFromContractWithCustomerExcludingAssessedTax', 'shares': 'EntityCommonStockSharesOutstanding'}"
1808834,PRG,"PROG Holdings, Inc.","{'debt_st': None, 'debt_lt': 'LongTermDebt', 'assets': 'Assets', 'liabilities': 'Liabilities', 'current_assets': None, 'current_liabilities': None, 'retained_earnings': 'RetainedEarningsAccumulatedDeficit', 'liabilities_and_equity': 'LiabilitiesAndStockholdersEquity', 'equity': 'StockholdersEquity', 'ebit': 'OperatingIncomeLoss', 'revenue': 'Revenues', 'shares': 'EntityCommonStockSharesOutstanding'}"
1809104,ALIT,"Alight, Inc. / Delaware","{'debt_st': 'LongTermDebtCurrent', 'debt_lt': 'LongTermDebtNoncurrent', 'assets': 'Assets', 'liabilities': 'Liabilities', 'current_assets': 'AssetsCurrent', 'current_liabilities': 'LiabilitiesCurrent', 'retained_earnings': 'RetainedEarningsAccumulatedDeficit', 'liabilities_and_equity': 'LiabilitiesAndStockholdersEquity', 'equity': 'StockholdersEquity', 'ebit': 'OperatingIncomeLoss', 'revenue': 'RevenueFromContractWithCustomerExcludingAssessedTax', 'shares': 'EntityCommonStockSharesOutstanding'}"
1810019,RXT,"Rackspace Technology, Inc.","{'debt_st': 'LongTermDebtCurrent', 'debt_lt': 'LongTermDebtNoncurrent', 'assets': 'Assets', 'liabilities': 'Liabilities', 'current_assets': 'AssetsCurrent', 'current_liabilities': 'LiabilitiesCurrent', 'retained_earnings': 'RetainedEarningsAccumulatedDeficit', 'liabilities_and_equity': 'LiabilitiesAndStockholdersEquity', 'equity': 'StockholdersEquity', 'ebit': 'OperatingIncomeLoss', 'revenue': 'RevenueFromContractWithCustomerExcludingAssessedTax', 'shares': 'EntityCommonStockSharesOutstanding'}"
1811063,NUVB,Nuvation Bio Inc.,"{'debt_st': 'ShortTermBorrowings', 'debt_lt': 'LongTermDebt', 'assets': 'Assets', 'liabilities': 'Liabilities', 'current_assets': 'AssetsCurrent', 'current_liabilities': 'LiabilitiesCurrent', 'retained_earnings': 'RetainedEarningsAccumulatedDeficit', 'liabilities_and_equity': 'LiabilitiesAndStockholdersEquity', 'equity': 'StockholdersEquity', 'ebit': 'OperatingIncomeLoss', 'revenue': 'RevenueFromContractWithCustomerExcludingAssessedTax', 'shares': 'EntityCommonStockSharesOutstanding'}"
1811210,LCID,"Lucid Group, Inc.","{'debt_st': 'LongTermDebtCurrent', 'debt_lt': 'LongTermDebtNoncurrent', 'assets': 'Assets', 'liabilities': 'Liabilities', 'current_assets': 'AssetsCurrent', 'current_liabilities': 'LiabilitiesCurrent', 'retained_earnings': 'RetainedEarningsAccumulatedDeficit', 'liabilities_and_equity': 'LiabilitiesAndStockholdersEquity', 'equity': 'StockholdersEquity', 'ebit': 'OperatingIncomeLoss', 'revenue': 'RevenueFromContractWithCustomerExcludingAssessedTax', 'shares': 'EntityCommonStockSharesOutstanding'}"
1816233,SHCR,"Sharecare, Inc.","{'debt_st': 'LongTermDebtCurrent', 'debt_lt': 'LongTermDebtNoncurrent', 'assets': 'Assets', 'liabilities': 'Liabilities', 'current_assets': 'AssetsCurrent', 'current_liabilities': 'LiabilitiesCurrent', 'retained_earnings': 'RetainedEarningsAccumulatedDeficit', 'liabilities_and_equity': 'LiabilitiesAndStockholdersEquity', 'equity': 'StockholdersEquity', 'ebit': 'OperatingIncomeLoss', 'revenue': 'RevenueFromContractWithCustomerExcludingAssessedTax', 'shares': 'EntityCommonStockSharesOutstanding'}"
1816581,OUST,"Ouster, Inc.","{'debt_st': None, 'debt_lt': 'LongTermDebtNoncurrent', 'assets': 'Assets', 'liabilities': 'Liabilities', 'current_assets': 'AssetsCurrent', 'current_liabilities': 'LiabilitiesCurrent', 'retained_earnings': 'RetainedEarningsAccumulatedDeficit', 'liabilities_and_equity': 'LiabilitiesAndStockholdersEquity', 'equity': 'StockholdersEquity', 'ebit': 'OperatingIncomeLoss', 'revenue': 'RevenueFromContractWithCustomerExcludingAssessedTax', 'shares': 'EntityCommonStockSharesOutstanding'}"
1816736,IRON,"Disc Medicine, Inc.","{'debt_st': 'DebtCurrent', 'debt_lt': 'LongTermDebt', 'assets': 'Assets', 'liabilities': 'Liabilities', 'current_assets': 'AssetsCurrent', 'current_liabilities': 'LiabilitiesCurrent', 'retained_earnings': 'RetainedEarningsAccumulatedDeficit', 'liabilities_and_equity': 'LiabilitiesAndStockholdersEquity', 'equity': 'StockholdersEquity', 'ebit': 'OperatingIncomeLoss', 'revenue': None, 'shares': 'EntityCommonStockSharesOutstanding'}"
1817358,ASO,"Academy Sports & Outdoors, Inc.","{'debt_st': 'LongTermDebtCurrent', 'debt_lt': 'LongTermDebtNoncurrent', 'assets': 'Assets', 'liabilities': 'Liabilities', 'current_assets': 'AssetsCurrent', 'current_liabilities': 'LiabilitiesCurrent', 'retained_earnings': 'RetainedEarningsAccumulatedDeficit', 'liabilities_and_equity': 'LiabilitiesAndStockholdersEquity', 'equity': 'StockholdersEquity', 'ebit': 'OperatingIncomeLoss', 'revenue': 'RevenueFromContractWithCustomerExcludingAssessedTax', 'shares': 'EntityCommonStockSharesOutstanding'}"
1818093,SKIN,SkinHealth Systems Inc.,"{'debt_st': None, 'debt_lt': 'LongTermDebt', 'assets': 'Assets', 'liabilities': 'Liabilities', 'current_assets': 'AssetsCurrent', 'current_liabilities': 'LiabilitiesCurrent', 'retained_earnings': 'RetainedEarningsAccumulatedDeficit', 'liabilities_and_equity': 'LiabilitiesAndStockholdersEquity', 'equity': 'StockholdersEquity', 'ebit': 'OperatingIncomeLoss', 'revenue': 'RevenueFromContractWithCustomerExcludingAssessedTax', 'shares': 'EntityCommonStockSharesOutstanding'}"
1818201,CCC,CCC Intelligent Solutions Holdings Inc.,"{'debt_st': 'LongTermDebtCurrent', 'debt_lt': 'LongTermDebtNoncurrent', 'assets': 'Assets', 'liabilities': 'Liabilities', 'current_assets': 'AssetsCurrent', 'current_liabilities': 'LiabilitiesCurrent', 'retained_earnings': 'RetainedEarningsAccumulatedDeficit', 'liabilities_and_equity': 'LiabilitiesAndStockholdersEquity', 'equity': 'StockholdersEquity', 'ebit': 'OperatingIncomeLoss', 'revenue': 'Revenues', 'shares': 'EntityCommonStockSharesOutstanding'}"
1818331,WGS,GeneDx Holdings Corp.,"{'debt_st': 'LongTermDebtCurrent', 'debt_lt': 'LongTermDebtNoncurrent', 'assets': 'Assets', 'liabilities': 'Liabilities', 'current_assets': 'AssetsCurrent', 'current_liabilities': 'LiabilitiesCurrent', 'retained_earnings': 'RetainedEarningsAccumulatedDeficit', 'liabilities_and_equity': 'LiabilitiesAndStockholdersEquity', 'equity': 'StockholdersEquity', 'ebit': 'OperatingIncomeLoss', 'revenue': 'RevenueFromContractWithCustomerExcludingAssessedTax', 'shares': 'EntityCommonStockSharesOutstanding'}"
1818794,DYN,"Dyne Therapeutics, Inc.","{'debt_st': None, 'debt_lt': 'LongTermDebtNoncurrent', 'assets': 'Assets', 'liabilities': 'Liabilities', 'current_assets': 'AssetsCurrent', 'current_liabilities': 'LiabilitiesCurrent', 'retained_earnings': 'RetainedEarningsAccumulatedDeficit', 'liabilities_and_equity': 'LiabilitiesAndStockholdersEquity', 'equity': 'StockholdersEquity', 'ebit': 'OperatingIncomeLoss', 'revenue': None, 'shares': 'EntityCommonStockSharesOutstanding'}"
1819394,MTTR,"Matterport, Inc./DE","{'debt_st': 'LongTermDebtCurrent', 'debt_lt': 'LongTermDebtNoncurrent', 'assets': 'Assets', 'liabilities': 'Liabilities', 'current_assets': 'AssetsCurrent', 'current_liabilities': 'LiabilitiesCurrent', 'retained_earnings': 'RetainedEarningsAccumulatedDeficit', 'liabilities_and_equity': 'LiabilitiesAndStockholdersEquity', 'equity': 'StockholdersEquity', 'ebit': 'OperatingIncomeLoss', 'revenue': 'RevenueFromContractWithCustomerExcludingAssessedTax', 'shares': 'EntityCommonStockSharesOutstanding'}"
1819516,UP,Wheels Up Experience Inc.,"{'debt_st': 'LongTermDebtCurrent', 'debt_lt': 'LongTermDebtNoncurrent', 'assets': 'Assets', 'liabilities': 'Liabilities', 'current_assets': 'AssetsCurrent', 'current_liabilities': 'LiabilitiesCurrent', 'retained_earnings': 'RetainedEarningsAccumulatedDeficit', 'liabilities_and_equity': 'LiabilitiesAndStockholdersEquity', 'equity': 'StockholdersEquity', 'ebit': 'OperatingIncomeLoss', 'revenue': 'RevenueFromContractWithCustomerExcludingAssessedTax', 'shares': 'EntityCommonStockSharesOutstanding'}"
1819574,BARK,"Bark, Inc.","{'debt_st': 'LongTermDebtCurrent', 'debt_lt': 'LongTermDebtNoncurrent', 'assets': 'Assets', 'liabilities': 'Liabilities', 'current_assets': 'AssetsCurrent', 'current_liabilities': 'LiabilitiesCurrent', 'retained_earnings': 'RetainedEarningsAccumulatedDeficit', 'liabilities_and_equity': 'LiabilitiesAndStockholdersEquity', 'equity': 'StockholdersEquity', 'ebit': 'OperatingIncomeLoss', 'revenue': 'RevenueFromContractWithCustomerExcludingAssessedTax', 'shares': 'EntityCommonStockSharesOutstanding'}"
1819790,TARS,"Tarsus Pharmaceuticals, Inc.","{'debt_st': None, 'debt_lt': 'LongTermDebtNoncurrent', 'assets': 'Assets', 'liabilities': 'Liabilities', 'current_assets': 'AssetsCurrent', 'current_liabilities': 'LiabilitiesCurrent', 'retained_earnings': 'RetainedEarningsAccumulatedDeficit', 'liabilities_and_equity': 'LiabilitiesAndStockholdersEquity', 'equity': 'StockholdersEquity', 'ebit': 'OperatingIncomeLoss', 'revenue': 'Revenues', 'shares': 'EntityCommonStockSharesOutstanding'}"
1819810,RDW,Redwire Corp,"{'debt_st': 'LongTermDebtCurrent', 'debt_lt': 'LongTermDebtNoncurrent', 'assets': 'Assets', 'liabilities': 'Liabilities', 'current_assets': 'AssetsCurrent', 'current_liabilities': 'LiabilitiesCurrent', 'retained_earnings': 'RetainedEarningsAccumulatedDeficit', 'liabilities_and_equity': 'LiabilitiesAndStockholdersEquity', 'equity': 'StockholdersEquity', 'ebit': 'OperatingIncomeLoss', 'revenue': 'RevenueFromContractWithCustomerExcludingAssessedTax', 'shares': 'EntityCommonStockSharesOutstanding'}"
1819848,JOBY,"Joby Aviation, Inc.","{'debt_st': None, 'debt_lt': 'LongTermDebtNoncurrent', 'assets': 'Assets', 'liabilities': 'Liabilities', 'current_assets': 'AssetsCurrent', 'current_liabilities': 'LiabilitiesCurrent', 'retained_earnings': 'RetainedEarningsAccumulatedDeficit', 'liabilities_and_equity': 'LiabilitiesAndStockholdersEquity', 'equity': 'StockholdersEquity', 'ebit': 'OperatingIncomeLoss', 'revenue': 'RevenueFromContractWithCustomerExcludingAssessedTax', 'shares': 'EntityCommonStockSharesOutstanding'}"
1819928,DV,"DoubleVerify Holdings, Inc.","{'debt_st': None, 'debt_lt': 'LongTermDebtNoncurrent', 'assets': 'Assets', 'liabilities': 'Liabilities', 'current_assets': 'AssetsCurrent', 'current_liabilities': 'LiabilitiesCurrent', 'retained_earnings': 'RetainedEarningsAccumulatedDeficit', 'liabilities_and_equity': 'LiabilitiesAndStockholdersEquity', 'equity': 'StockholdersEquity', 'ebit': 'OperatingIncomeLoss', 'revenue': 'RevenueFromContractWithCustomerExcludingAssessedTax', 'shares': 'EntityCommonStockSharesOutstanding'}"
1819974,SKYT,"SkyWater Technology, LLC","{'debt_st': 'LongTermDebtCurrent', 'debt_lt': 'LongTermDebtNoncurrent', 'assets': 'Assets', 'liabilities': 'Liabilities', 'current_assets': 'AssetsCurrent', 'current_liabilities': 'LiabilitiesCurrent', 'retained_earnings': 'RetainedEarningsAccumulatedDeficit', 'liabilities_and_equity': 'LiabilitiesAndStockholdersEquity', 'equity': 'StockholdersEquity', 'ebit': 'OperatingIncomeLoss', 'revenue': 'Revenues', 'shares': 'EntityCommonStockSharesOutstanding'}"
1819994,RKLB,Rocket Lab Corp,"{'debt_st': 'LongTermDebtCurrent', 'debt_lt': 'LongTermDebtNoncurrent', 'assets': 'Assets', 'liabilities': 'Liabilities', 'current_assets': 'AssetsCurrent', 'current_liabilities': 'LiabilitiesCurrent', 'retained_earnings': 'RetainedEarningsAccumulatedDeficit', 'liabilities_and_equity': 'LiabilitiesAndStockholdersEquity', 'equity': 'StockholdersEquity', 'ebit': 'OperatingIncomeLoss', 'revenue': 'RevenueFromContractWithCustomerExcludingAssessedTax', 'shares': 'EntityCommonStockSharesOutstanding'}"
1820144,GRND,Grindr Inc.,"{'debt_st': 'LongTermDebtCurrent', 'debt_lt': 'LongTermDebtNoncurrent', 'assets': 'Assets', 'liabilities': 'Liabilities', 'current_assets': 'AssetsCurrent', 'current_liabilities': 'LiabilitiesCurrent', 'retained_earnings': 'RetainedEarningsAccumulatedDeficit', 'liabilities_and_equity': 'LiabilitiesAndStockholdersEquity', 'equity': 'StockholdersEquity', 'ebit': 'OperatingIncomeLoss', 'revenue': 'RevenueFromContractWithCustomerExcludingAssessedTax', 'shares': 'EntityCommonStockSharesOutstanding'}"
1820630,PTRAQ,Proterra Inc,"{'debt_st': 'LongTermDebtCurrent', 'debt_lt': 'LongTermDebtNoncurrent', 'assets': 'Assets', 'liabilities': 'Liabilities', 'current_assets': 'AssetsCurrent', 'current_liabilities': 'LiabilitiesCurrent', 'retained_earnings': 'RetainedEarningsAccumulatedDeficit', 'liabilities_and_equity': 'LiabilitiesAndStockholdersEquity', 'equity': 'StockholdersEquity', 'ebit': 'OperatingIncomeLoss', 'revenue': 'RevenueFromContractWithCustomerExcludingAssessedTax', 'shares': 'EntityCommonStockSharesOutstanding'}"
1820721,ARRY,"Array Technologies, Inc.","{'debt_st': 'LongTermDebtCurrent', 'debt_lt': 'LongTermDebtNoncurrent', 'assets': 'Assets', 'liabilities': 'Liabilities', 'current_assets': 'AssetsCurrent', 'current_liabilities': 'LiabilitiesCurrent', 'retained_earnings': 'RetainedEarningsAccumulatedDeficit', 'liabilities_and_equity': 'LiabilitiesAndStockholdersEquity', 'equity': 'StockholdersEquity', 'ebit': 'OperatingIncomeLoss', 'revenue': 'RevenueFromContractWithCustomerExcludingAssessedTax', 'shares': 'EntityCommonStockSharesOutstanding'}"
1820872,GBTG,"Global Business Travel Group, Inc.","{'debt_st': 'LongTermDebtCurrent', 'debt_lt': 'LongTermDebtNoncurrent', 'assets': 'Assets', 'liabilities': 'Liabilities', 'current_assets': 'AssetsCurrent', 'current_liabilities': 'LiabilitiesCurrent', 'retained_earnings': 'RetainedEarningsAccumulatedDeficit', 'liabilities_and_equity': 'LiabilitiesAndStockholdersEquity', 'equity': 'StockholdersEquity', 'ebit': 'OperatingIncomeLoss', 'revenue': 'RevenueFromContractWithCustomerExcludingAssessedTax', 'shares': 'EntityCommonStockSharesOutstanding'}"
1821586,MLTX,MoonLake Immunotherapeutics,"{'debt_st': 'ShortTermBorrowings', 'debt_lt': 'LongTermDebt', 'assets': 'Assets', 'liabilities': 'Liabilities', 'current_assets': 'AssetsCurrent', 'current_liabilities': 'LiabilitiesCurrent', 'retained_earnings': 'RetainedEarningsAccumulatedDeficit', 'liabilities_and_equity': 'LiabilitiesAndStockholdersEquity', 'equity': 'StockholdersEquity', 'ebit': 'OperatingIncomeLoss', 'revenue': None, 'shares': 'EntityCommonStockSharesOutstanding'}"
1821806,LESL,"Leslie's, Inc.","{'debt_st': 'LongTermDebtCurrent', 'debt_lt': 'LongTermDebtNoncurrent', 'assets': 'Assets', 'liabilities': 'Liabilities', 'current_assets': 'AssetsCurrent', 'current_liabilities': 'LiabilitiesCurrent', 'retained_earnings': 'RetainedEarningsAccumulatedDeficit', 'liabilities_and_equity': 'LiabilitiesAndStockholdersEquity', 'equity': 'StockholdersEquity', 'ebit': 'OperatingIncomeLoss', 'revenue': 'RevenueFromContractWithCustomerExcludingAssessedTax', 'shares': 'EntityCommonStockSharesOutstanding'}"
1821825,OGN,Organon & Co.,"{'debt_st': 'DebtCurrent', 'debt_lt': 'LongTermDebtNoncurrent', 'assets': 'Assets', 'liabilities': 'Liabilities', 'current_assets': 'AssetsCurrent', 'current_liabilities': 'LiabilitiesCurrent', 'retained_earnings': 'RetainedEarningsAccumulatedDeficit', 'liabilities_and_equity': 'LiabilitiesAndStockholdersEquity', 'equity': 'StockholdersEquity', 'ebit': 'IncomeLossFromContinuingOperationsBeforeIncomeTaxesExtraordinaryItemsNoncontrollingInterest', 'revenue': 'Revenues', 'shares': 'EntityCommonStockSharesOutstanding'}"
1822359,DCGO,DocGo Inc.,"{'debt_st': 'LongTermDebtCurrent', 'debt_lt': 'LongTermDebtNoncurrent', 'assets': 'Assets', 'liabilities': 'Liabilities', 'current_assets': 'AssetsCurrent', 'current_liabilities': 'LiabilitiesCurrent', 'retained_earnings': 'RetainedEarningsAccumulatedDeficit', 'liabilities_and_equity': 'LiabilitiesAndStockholdersEquity', 'equity': 'StockholdersEquity', 'ebit': 'OperatingIncomeLoss', 'revenue': 'Revenues', 'shares': 'EntityCommonStockSharesOutstanding'}"
1822462,FHTX,Foghorn Therapeutics Inc.,"{'debt_st': 'LongTermDebtCurrent', 'debt_lt': 'LongTermDebtNoncurrent', 'assets': 'Assets', 'liabilities': 'Liabilities', 'current_assets': 'AssetsCurrent', 'current_liabilities': 'LiabilitiesCurrent', 'retained_earnings': 'RetainedEarningsAccumulatedDeficit', 'liabilities_and_equity': 'LiabilitiesAndStockholdersEquity', 'equity': 'StockholdersEquity', 'ebit': 'OperatingIncomeLoss', 'revenue': 'RevenueFromContractWithCustomerExcludingAssessedTax', 'shares': 'EntityCommonStockSharesOutstanding'}"
1822479,SHC,Sotera Health Co,"{'debt_st': 'LongTermDebtCurrent', 'debt_lt': 'LongTermDebtNoncurrent', 'assets': 'Assets', 'liabilities': 'Liabilities', 'current_assets': 'AssetsCurrent', 'current_liabilities': 'LiabilitiesCurrent', 'retained_earnings': 'RetainedEarningsAccumulatedDeficit', 'liabilities_and_equity': 'LiabilitiesAndStockholdersEquity', 'equity': 'StockholdersEquity', 'ebit': 'OperatingIncomeLoss', 'revenue': 'RevenueFromContractWithCustomerExcludingAssessedTax', 'shares': 'EntityCommonStockSharesOutstanding'}"
1822492,HLMN,Hillman Solutions Corp.,"{'debt_st': None, 'debt_lt': 'LongTermDebtNoncurrent', 'assets': 'Assets', 'liabilities': 'Liabilities', 'current_assets': 'AssetsCurrent', 'current_liabilities': 'LiabilitiesCurrent', 'retained_earnings': 'RetainedEarningsAccumulatedDeficit', 'liabilities_and_equity': 'LiabilitiesAndStockholdersEquity', 'equity': 'StockholdersEquity', 'ebit': 'OperatingIncomeLoss', 'revenue': 'RevenueFromContractWithCustomerExcludingAssessedTax', 'shares': 'EntityCommonStockSharesOutstanding'}"
1822928,HLLY,Holley Inc.,"{'debt_st': 'DebtCurrent', 'debt_lt': 'LongTermDebtNoncurrent', 'assets': 'Assets', 'liabilities': 'Liabilities', 'current_assets': 'AssetsCurrent', 'current_liabilities': 'LiabilitiesCurrent', 'retained_earnings': 'RetainedEarningsAccumulatedDeficit', 'liabilities_and_equity': 'LiabilitiesAndStockholdersEquity', 'equity': 'StockholdersEquity', 'ebit': 'OperatingIncomeLoss', 'revenue': 'RevenueFromContractWithCustomerExcludingAssessedTax', 'shares': 'EntityCommonStockSharesOutstanding'}"
1823584,AENT,ALLIANCE ENTERTAINMENT HOLDING CORP,"{'debt_st': 'DebtCurrent', 'debt_lt': None, 'assets': 'Assets', 'liabilities': 'Liabilities', 'current_assets': 'AssetsCurrent', 'current_liabilities': 'LiabilitiesCurrent', 'retained_earnings': 'RetainedEarningsAccumulatedDeficit', 'liabilities_and_equity': 'LiabilitiesAndStockholdersEquity', 'equity': 'StockholdersEquity', 'ebit': 'OperatingIncomeLoss', 'revenue': 'RevenueFromContractWithCustomerExcludingAssessedTax', 'shares': 'EntityCommonStockSharesOutstanding'}"
1823794,ARKO,ARKO Corp.,"{'debt_st': 'LongTermDebtCurrent', 'debt_lt': 'LongTermDebtNoncurrent', 'assets': 'Assets', 'liabilities': 'Liabilities', 'current_assets': 'AssetsCurrent', 'current_liabilities': 'LiabilitiesCurrent', 'retained_earnings': 'RetainedEarningsAccumulatedDeficit', 'liabilities_and_equity': 'LiabilitiesAndStockholdersEquity', 'equity': 'StockholdersEquity', 'ebit': 'OperatingIncomeLoss', 'revenue': 'Revenues', 'shares': 'EntityCommonStockSharesOutstanding'}"
1824403,RSVR,"Reservoir Media, Inc.","{'debt_st': 'LongTermDebtCurrent', 'debt_lt': 'LongTermDebtNoncurrent', 'assets': 'Assets', 'liabilities': 'Liabilities', 'current_assets': 'AssetsCurrent', 'current_liabilities': 'LiabilitiesCurrent', 'retained_earnings': 'RetainedEarningsAccumulatedDeficit', 'liabilities_and_equity': 'LiabilitiesAndStockholdersEquity', 'equity': 'StockholdersEquity', 'ebit': 'OperatingIncomeLoss', 'revenue': 'RevenueFromContractWithCustomerExcludingAssessedTax', 'shares': 'EntityCommonStockSharesOutstanding'}"
1824502,ACHR,Archer Aviation Inc.,"{'debt_st': 'LongTermDebtCurrent', 'debt_lt': 'LongTermDebtNoncurrent', 'assets': 'Assets', 'liabilities': 'Liabilities', 'current_assets': 'AssetsCurrent', 'current_liabilities': 'LiabilitiesCurrent', 'retained_earnings': 'RetainedEarningsAccumulatedDeficit', 'liabilities_and_equity': 'LiabilitiesAndStockholdersEquity', 'equity': 'StockholdersEquity', 'ebit': 'OperatingIncomeLoss', 'revenue': 'Revenues', 'shares': 'EntityCommonStockSharesOutstanding'}"
1826600,MNTK,"Montauk Renewables, Inc.","{'debt_st': 'DebtCurrent', 'debt_lt': 'LongTermDebtNoncurrent', 'assets': 'Assets', 'liabilities': 'Liabilities', 'current_assets': 'AssetsCurrent', 'current_liabilities': 'LiabilitiesCurrent', 'retained_earnings': 'RetainedEarningsAccumulatedDeficit', 'liabilities_and_equity': 'LiabilitiesAndStockholdersEquity', 'equity': 'StockholdersEquity', 'ebit': 'OperatingIncomeLoss', 'revenue': 'RevenueFromContractWithCustomerExcludingAssessedTax', 'shares': 'EntityCommonStockSharesOutstanding'}"
1827090,CERT,"Certara, Inc.","{'debt_st': 'LongTermDebtCurrent', 'debt_lt': 'LongTermDebtNoncurrent', 'assets': 'Assets', 'liabilities': 'Liabilities', 'current_assets': 'AssetsCurrent', 'current_liabilities': 'LiabilitiesCurrent', 'retained_earnings': 'RetainedEarningsAccumulatedDeficit', 'liabilities_and_equity': 'LiabilitiesAndStockholdersEquity', 'equity': 'StockholdersEquity', 'ebit': 'OperatingIncomeLoss', 'revenue': 'RevenueFromContractWithCustomerExcludingAssessedTax', 'shares': 'EntityCommonStockSharesOutstanding'}"
1828016,PLTK,Playtika Holding Corp.,"{'debt_st': 'LongTermDebtCurrent', 'debt_lt': 'LongTermDebtNoncurrent', 'assets': 'Assets', 'liabilities': 'Liabilities', 'current_assets': 'AssetsCurrent', 'current_liabilities': 'LiabilitiesCurrent', 'retained_earnings': 'RetainedEarningsAccumulatedDeficit', 'liabilities_and_equity': 'LiabilitiesAndStockholdersEquity', 'equity': 'StockholdersEquity', 'ebit': 'OperatingIncomeLoss', 'revenue': 'RevenueFromContractWithCustomerExcludingAssessedTax', 'shares': 'EntityCommonStockSharesOutstanding'}"
1828318,ENVX,Enovix Corp,"{'debt_st': 'DebtCurrent', 'debt_lt': 'LongTermDebtNoncurrent', 'assets': 'Assets', 'liabilities': 'Liabilities', 'current_assets': 'AssetsCurrent', 'current_liabilities': 'LiabilitiesCurrent', 'retained_earnings': 'RetainedEarningsAccumulatedDeficit', 'liabilities_and_equity': 'LiabilitiesAndStockholdersEquity', 'equity': 'StockholdersEquity', 'ebit': 'OperatingIncomeLoss', 'revenue': 'RevenueFromContractWithCustomerExcludingAssessedTax', 'shares': 'EntityCommonStockSharesOutstanding'}"
1828365,RLX,RLX Technology Inc.,"{'debt_st': 'ShortTermBorrowings', 'debt_lt': None, 'assets': 'Assets', 'liabilities': 'Liabilities', 'current_assets': 'AssetsCurrent', 'current_liabilities': 'LiabilitiesCurrent', 'retained_earnings': 'RetainedEarningsAccumulatedDeficit', 'liabilities_and_equity': 'LiabilitiesAndStockholdersEquity', 'equity': 'StockholdersEquity', 'ebit': 'OperatingIncomeLoss', 'revenue': 'RevenueFromContractWithCustomerExcludingAssessedTax', 'shares': 'EntityCommonStockSharesOutstanding'}"
1828536,NRGV,"Energy Vault Holdings, Inc.","{'debt_st': 'LongTermDebtCurrent', 'debt_lt': 'LongTermDebtNoncurrent', 'assets': 'Assets', 'liabilities': 'Liabilities', 'current_assets': 'AssetsCurrent', 'current_liabilities': 'LiabilitiesCurrent', 'retained_earnings': 'RetainedEarningsAccumulatedDeficit', 'liabilities_and_equity': 'LiabilitiesAndStockholdersEquity', 'equity': 'StockholdersEquity', 'ebit': 'OperatingIncomeLoss', 'revenue': 'RevenueFromContractWithCustomerExcludingAssessedTax', 'shares': 'EntityCommonStockSharesOutstanding'}"
1828723,AMPS,"Altus Power, Inc.","{'debt_st': 'LongTermDebtCurrent', 'debt_lt': 'LongTermDebtNoncurrent', 'assets': 'Assets', 'liabilities': 'Liabilities', 'current_assets': 'AssetsCurrent', 'current_liabilities': 'LiabilitiesCurrent', 'retained_earnings': 'RetainedEarningsAccumulatedDeficit', 'liabilities_and_equity': 'LiabilitiesAndStockholdersEquity', 'equity': 'StockholdersEquity', 'ebit': 'OperatingIncomeLoss', 'revenue': 'RevenueFromContractWithCustomerExcludingAssessedTax', 'shares': 'EntityCommonStockSharesOutstanding'}"
1830033,PCT,"PureCycle Technologies, Inc.","{'debt_st': 'LongTermDebtCurrent', 'debt_lt': 'LongTermDebtNoncurrent', 'assets': 'Assets', 'liabilities': 'Liabilities', 'current_assets': 'AssetsCurrent', 'current_liabilities': 'LiabilitiesCurrent', 'retained_earnings': 'RetainedEarningsAccumulatedDeficit', 'liabilities_and_equity': 'LiabilitiesAndStockholdersEquity', 'equity': 'StockholdersEquity', 'ebit': 'OperatingIncomeLoss', 'revenue': 'Revenues', 'shares': 'EntityCommonStockSharesOutstanding'}"
1830043,BMBL,Bumble Inc.,"{'debt_st': 'LongTermDebtCurrent', 'debt_lt': 'LongTermDebtNoncurrent', 'assets': 'Assets', 'liabilities': 'Liabilities', 'current_assets': 'AssetsCurrent', 'current_liabilities': 'LiabilitiesCurrent', 'retained_earnings': 'RetainedEarningsAccumulatedDeficit', 'liabilities_and_equity': 'LiabilitiesAndStockholdersEquity', 'equity': 'StockholdersEquity', 'ebit': 'OperatingIncomeLoss', 'revenue': 'RevenueFromContractWithCustomerExcludingAssessedTax', 'shares': 'EntityCommonStockSharesOutstanding'}"
1831097,AGL,"agilon health, inc.","{'debt_st': 'LongTermDebtCurrent', 'debt_lt': 'LongTermDebtNoncurrent', 'assets': 'Assets', 'liabilities': 'Liabilities', 'current_assets': 'AssetsCurrent', 'current_liabilities': 'LiabilitiesCurrent', 'retained_earnings': 'RetainedEarningsAccumulatedDeficit', 'liabilities_and_equity': 'LiabilitiesAndStockholdersEquity', 'equity': 'StockholdersEquity', 'ebit': 'OperatingIncomeLoss', 'revenue': 'RevenueFromContractWithCustomerExcludingAssessedTax', 'shares': 'EntityCommonStockSharesOutstanding'}"
1831363,TERN,"Terns Pharmaceuticals, Inc.","{'debt_st': None, 'debt_lt': 'LongTermDebt', 'assets': 'Assets', 'liabilities': 'Liabilities', 'current_assets': 'AssetsCurrent', 'current_liabilities': 'LiabilitiesCurrent', 'retained_earnings': 'RetainedEarningsAccumulatedDeficit', 'liabilities_and_equity': 'LiabilitiesAndStockholdersEquity', 'equity': 'StockholdersEquity', 'ebit': 'OperatingIncomeLoss', 'revenue': 'RevenueFromContractWithCustomerExcludingAssessedTax', 'shares': 'EntityCommonStockSharesOutstanding'}"
1831481,SOC,Sable Offshore Corp.,"{'debt_st': 'DebtCurrent', 'debt_lt': 'LongTermDebtNoncurrent', 'assets': 'Assets', 'liabilities': 'Liabilities', 'current_assets': 'AssetsCurrent', 'current_liabilities': 'LiabilitiesCurrent', 'retained_earnings': 'RetainedEarningsAccumulatedDeficit', 'liabilities_and_equity': 'LiabilitiesAndStockholdersEquity', 'equity': 'StockholdersEquity', 'ebit': 'OperatingIncomeLoss', 'revenue': 'RevenueFromContractWithCustomerExcludingAssessedTax', 'shares': 'EntityCommonStockSharesOutstanding'}"
1831828,VERA,"Vera Therapeutics, Inc.","{'debt_st': None, 'debt_lt': 'LongTermDebt', 'assets': 'Assets', 'liabilities': 'Liabilities', 'current_assets': 'AssetsCurrent', 'current_liabilities': 'LiabilitiesCurrent', 'retained_earnings': 'RetainedEarningsAccumulatedDeficit', 'liabilities_and_equity': 'LiabilitiesAndStockholdersEquity', 'equity': 'StockholdersEquity', 'ebit': 'OperatingIncomeLoss', 'revenue': None, 'shares': 'EntityCommonStockSharesOutstanding'}"
1832332,AVAH,"Aveanna Healthcare Holdings, Inc.","{'debt_st': 'LongTermDebtCurrent', 'debt_lt': 'LongTermDebtNoncurrent', 'assets': 'Assets', 'liabilities': 'Liabilities', 'current_assets': 'AssetsCurrent', 'current_liabilities': 'LiabilitiesCurrent', 'retained_earnings': 'RetainedEarningsAccumulatedDeficit', 'liabilities_and_equity': 'LiabilitiesAndStockholdersEquity', 'equity': 'StockholdersEquity', 'ebit': 'OperatingIncomeLoss', 'revenue': 'RevenueFromContractWithCustomerExcludingAssessedTax', 'shares': 'EntityCommonStockSharesOutstanding'}"
1833197,SWIM,"Latham Group, Inc.","{'debt_st': 'LongTermDebtCurrent', 'debt_lt': 'LongTermDebtNoncurrent', 'assets': 'Assets', 'liabilities': 'Liabilities', 'current_assets': 'AssetsCurrent', 'current_liabilities': 'LiabilitiesCurrent', 'retained_earnings': 'RetainedEarningsAccumulatedDeficit', 'liabilities_and_equity': 'LiabilitiesAndStockholdersEquity', 'equity': 'StockholdersEquity', 'ebit': 'OperatingIncomeLoss', 'revenue': 'RevenueFromContractWithCustomerExcludingAssessedTax', 'shares': 'EntityCommonStockSharesOutstanding'}"
1833756,DRS,"Leonardo DRS, Inc.","{'debt_st': 'DebtCurrent', 'debt_lt': 'LongTermDebtAndCapitalLeaseObligations', 'assets': 'Assets', 'liabilities': None, 'current_assets': 'AssetsCurrent', 'current_liabilities': 'LiabilitiesCurrent', 'retained_earnings': 'RetainedEarningsAccumulatedDeficit', 'liabilities_and_equity': 'LiabilitiesAndStockholdersEquity', 'equity': 'StockholdersEquity', 'ebit': 'OperatingIncomeLoss', 'revenue': 'RevenueFromContractWithCustomerExcludingAssessedTax', 'shares': 'EntityCommonStockSharesOutstanding'}"
1833835,PSFE,Paysafe Ltd,"{'debt_st': 'LongTermDebtCurrent', 'debt_lt': 'LongTermDebtNoncurrent', 'assets': 'Assets', 'liabilities': 'Liabilities', 'current_assets': 'AssetsCurrent', 'current_liabilities': 'LiabilitiesCurrent', 'retained_earnings': 'RetainedEarningsAccumulatedDeficit', 'liabilities_and_equity': 'LiabilitiesAndStockholdersEquity', 'equity': 'StockholdersEquity', 'ebit': 'OperatingIncomeLoss', 'revenue': 'Revenues', 'shares': 'EntityCommonStockSharesOutstanding'}"
1834376,INNV,InnovAge Holding Corp.,"{'debt_st': 'LongTermDebtCurrent', 'debt_lt': 'LongTermDebtNoncurrent', 'assets': 'Assets', 'liabilities': 'Liabilities', 'current_assets': 'AssetsCurrent', 'current_liabilities': 'LiabilitiesCurrent', 'retained_earnings': 'RetainedEarningsAccumulatedDeficit', 'liabilities_and_equity': 'LiabilitiesAndStockholdersEquity', 'equity': 'StockholdersEquity', 'ebit': 'OperatingIncomeLoss', 'revenue': 'RevenueFromContractWithCustomerExcludingAssessedTax', 'shares': 'EntityCommonStockSharesOutstanding'}"
1834488,NABL,"N-able, Inc.","{'debt_st': 'LongTermDebtCurrent', 'debt_lt': 'LongTermDebtNoncurrent', 'assets': 'Assets', 'liabilities': 'Liabilities', 'current_assets': 'AssetsCurrent', 'current_liabilities': 'LiabilitiesCurrent', 'retained_earnings': 'RetainedEarningsAccumulatedDeficit', 'liabilities_and_equity': 'LiabilitiesAndStockholdersEquity', 'equity': 'StockholdersEquity', 'ebit': 'OperatingIncomeLoss', 'revenue': 'RevenueFromContractWithCustomerExcludingAssessedTax', 'shares': 'EntityCommonStockSharesOutstanding'}"
1834489,GENI,Genius Sports Ltd,"{'debt_st': 'LongTermDebtCurrent', 'debt_lt': 'LongTermDebtNoncurrent', 'assets': 'Assets', 'liabilities': 'Liabilities', 'current_assets': 'AssetsCurrent', 'current_liabilities': 'LiabilitiesCurrent', 'retained_earnings': 'RetainedEarningsAccumulatedDeficit', 'liabilities_and_equity': 'LiabilitiesAndStockholdersEquity', 'equity': 'StockholdersEquity', 'ebit': 'OperatingIncomeLoss', 'revenue': 'RevenueFromContractWithCustomerExcludingAssessedTax', 'shares': 'EntityCommonStockSharesOutstanding'}"
1834494,MLNK,"MeridianLink, Inc.","{'debt_st': 'LongTermDebtCurrent', 'debt_lt': 'LongTermDebtNoncurrent', 'assets': 'Assets', 'liabilities': 'Liabilities', 'current_assets': 'AssetsCurrent', 'current_liabilities': 'LiabilitiesCurrent', 'retained_earnings': 'RetainedEarningsAccumulatedDeficit', 'liabilities_and_equity': 'LiabilitiesAndStockholdersEquity', 'equity': 'StockholdersEquity', 'ebit': 'OperatingIncomeLoss', 'revenue': 'RevenueFromContractWithCustomerExcludingAssessedTax', 'shares': 'EntityCommonStockSharesOutstanding'}"
1834585,JOANQ,JOANN Inc.,"{'debt_st': 'LongTermDebtCurrent', 'debt_lt': 'LongTermDebtNoncurrent', 'assets': 'Assets', 'liabilities': None, 'current_assets': 'AssetsCurrent', 'current_liabilities': 'LiabilitiesCurrent', 'retained_earnings': 'RetainedEarningsAccumulatedDeficit', 'liabilities_and_equity': 'LiabilitiesAndStockholdersEquity', 'equity': 'StockholdersEquity', 'ebit': 'OperatingIncomeLoss', 'revenue': 'RevenueFromContractWithCustomerExcludingAssessedTax', 'shares': 'EntityCommonStockSharesOutstanding'}"
1834622,HAYW,"Hayward Holdings, Inc.","{'debt_st': 'NotesPayableCurrent', 'debt_lt': 'LongTermDebtAndCapitalLeaseObligations', 'assets': 'Assets', 'liabilities': 'Liabilities', 'current_assets': 'AssetsCurrent', 'current_liabilities': 'LiabilitiesCurrent', 'retained_earnings': 'RetainedEarningsAccumulatedDeficit', 'liabilities_and_equity': 'LiabilitiesAndStockholdersEquity', 'equity': 'StockholdersEquity', 'ebit': 'OperatingIncomeLoss', 'revenue': 'RevenueFromContractWithCustomerExcludingAssessedTax', 'shares': 'EntityCommonStockSharesOutstanding'}"
1835256,NAPA,"Duckhorn Portfolio, Inc.","{'debt_st': 'LongTermDebtCurrent', 'debt_lt': 'LongTermDebtNoncurrent', 'assets': 'Assets', 'liabilities': 'Liabilities', 'current_assets': 'AssetsCurrent', 'current_liabilities': 'LiabilitiesCurrent', 'retained_earnings': 'RetainedEarningsAccumulatedDeficit', 'liabilities_and_equity': 'LiabilitiesAndStockholdersEquity', 'equity': 'StockholdersEquity', 'ebit': 'OperatingIncomeLoss', 'revenue': 'RevenueFromContractWithCustomerExcludingAssessedTax', 'shares': 'EntityCommonStockSharesOutstanding'}"
1835632,MRVL,"Marvell Technology, Inc.","{'debt_st': 'LongTermDebtCurrent', 'debt_lt': 'LongTermDebtNoncurrent', 'assets': 'Assets', 'liabilities': 'Liabilities', 'current_assets': 'AssetsCurrent', 'current_liabilities': 'LiabilitiesCurrent', 'retained_earnings': 'RetainedEarningsAccumulatedDeficit', 'liabilities_and_equity': 'LiabilitiesAndStockholdersEquity', 'equity': 'StockholdersEquity', 'ebit': 'OperatingIncomeLoss', 'revenue': 'RevenueFromContractWithCustomerExcludingAssessedTax', 'shares': 'EntityCommonStockSharesOutstanding'}"
1835681,PWSC,"POWERSCHOOL HOLDINGS, INC.","{'debt_st': 'LongTermDebtCurrent', 'debt_lt': 'LongTermDebtNoncurrent', 'assets': 'Assets', 'liabilities': 'Liabilities', 'current_assets': 'AssetsCurrent', 'current_liabilities': 'LiabilitiesCurrent', 'retained_earnings': 'RetainedEarningsAccumulatedDeficit', 'liabilities_and_equity': 'LiabilitiesAndStockholdersEquity', 'equity': 'StockholdersEquity', 'ebit': 'OperatingIncomeLoss', 'revenue': 'RevenueFromContractWithCustomerExcludingAssessedTax', 'shares': 'EntityCommonStockSharesOutstanding'}"
1836981,BBAI,"BigBear.ai Holdings, Inc.","{'debt_st': 'DebtCurrent', 'debt_lt': 'LongTermDebtNoncurrent', 'assets': 'Assets', 'liabilities': 'Liabilities', 'current_assets': 'AssetsCurrent', 'current_liabilities': 'LiabilitiesCurrent', 'retained_earnings': 'RetainedEarningsAccumulatedDeficit', 'liabilities_and_equity': 'LiabilitiesAndStockholdersEquity', 'equity': 'StockholdersEquity', 'ebit': 'OperatingIncomeLoss', 'revenue': 'RevenueFromContractWithCustomerExcludingAssessedTax', 'shares': 'EntityCommonStockSharesOutstanding'}"
1837014,SMRT,"SmartRent, Inc.","{'debt_st': 'DebtCurrent', 'debt_lt': None, 'assets': 'Assets', 'liabilities': 'Liabilities', 'current_assets': 'AssetsCurrent', 'current_liabilities': 'LiabilitiesCurrent', 'retained_earnings': 'RetainedEarningsAccumulatedDeficit', 'liabilities_and_equity': 'LiabilitiesAndStockholdersEquity', 'equity': 'StockholdersEquity', 'ebit': 'OperatingIncomeLoss', 'revenue': 'RevenueFromContractWithCustomerExcludingAssessedTax', 'shares': 'EntityCommonStockSharesOutstanding'}"
1838163,BNAI,Brand Engagement Network Inc.,"{'debt_st': 'ShortTermBorrowings', 'debt_lt': 'LongTermDebtNoncurrent', 'assets': 'Assets', 'liabilities': 'Liabilities', 'current_assets': 'AssetsCurrent', 'current_liabilities': 'LiabilitiesCurrent', 'retained_earnings': 'RetainedEarningsAccumulatedDeficit', 'liabilities_and_equity': 'LiabilitiesAndStockholdersEquity', 'equity': 'StockholdersEquity', 'ebit': 'OperatingIncomeLoss', 'revenue': 'RevenueFromContractWithCustomerExcludingAssessedTax', 'shares': 'EntityCommonStockSharesOutstanding'}"
1838359,RGTI,"Rigetti Computing, Inc.","{'debt_st': 'DebtCurrent', 'debt_lt': 'LongTermDebtNoncurrent', 'assets': 'Assets', 'liabilities': 'Liabilities', 'current_assets': 'AssetsCurrent', 'current_liabilities': 'LiabilitiesCurrent', 'retained_earnings': 'RetainedEarningsAccumulatedDeficit', 'liabilities_and_equity': 'LiabilitiesAndStockholdersEquity', 'equity': 'StockholdersEquity', 'ebit': 'OperatingIncomeLoss', 'revenue': 'Revenues', 'shares': 'EntityCommonStockSharesOutstanding'}"
1838406,BKV,BKV Corp,"{'debt_st': 'LongTermDebtCurrent', 'debt_lt': 'LongTermDebtNoncurrent', 'assets': 'Assets', 'liabilities': 'Liabilities', 'current_assets': 'AssetsCurrent', 'current_liabilities': 'LiabilitiesCurrent', 'retained_earnings': 'RetainedEarningsAccumulatedDeficit', 'liabilities_and_equity': 'LiabilitiesAndStockholdersEquity', 'equity': 'StockholdersEquity', 'ebit': 'OperatingIncomeLoss', 'revenue': 'RevenueFromContractWithCustomerExcludingAssessedTax', 'shares': 'EntityCommonStockSharesOutstanding'}"
1839439,PYCR,"PAYCOR HCM, INC.","{'debt_st': 'LongTermDebtCurrent', 'debt_lt': 'LongTermDebtNoncurrent', 'assets': 'Assets', 'liabilities': 'Liabilities', 'current_assets': 'AssetsCurrent', 'current_liabilities': 'LiabilitiesCurrent', 'retained_earnings': 'RetainedEarningsAccumulatedDeficit', 'liabilities_and_equity': 'LiabilitiesAndStockholdersEquity', 'equity': 'StockholdersEquity', 'ebit': 'OperatingIncomeLoss', 'revenue': 'RevenueFromContractWithCustomerExcludingAssessedTax', 'shares': 'EntityCommonStockSharesOutstanding'}"
1839839,JBI,"Janus International Group, Inc.","{'debt_st': 'LongTermDebtCurrent', 'debt_lt': 'LongTermDebtNoncurrent', 'assets': 'Assets', 'liabilities': 'Liabilities', 'current_assets': 'AssetsCurrent', 'current_liabilities': 'LiabilitiesCurrent', 'retained_earnings': 'RetainedEarningsAccumulatedDeficit', 'liabilities_and_equity': 'LiabilitiesAndStockholdersEquity', 'equity': 'StockholdersEquity', 'ebit': 'OperatingIncomeLoss', 'revenue': 'RevenueFromContractWithCustomerExcludingAssessedTax', 'shares': 'EntityCommonStockSharesOutstanding'}"
1840317,VEEA,VEEA INC.,"{'debt_st': 'NotesPayableCurrent', 'debt_lt': 'LongTermDebt', 'assets': 'Assets', 'liabilities': 'Liabilities', 'current_assets': 'AssetsCurrent', 'current_liabilities': 'LiabilitiesCurrent', 'retained_earnings': 'RetainedEarningsAccumulatedDeficit', 'liabilities_and_equity': 'LiabilitiesAndStockholdersEquity', 'equity': 'StockholdersEquity', 'ebit': 'OperatingIncomeLoss', 'revenue': 'Revenues', 'shares': 'EntityCommonStockSharesOutstanding'}"
1840502,TBLA,Taboola.com Ltd.,"{'debt_st': None, 'debt_lt': 'LongTermDebtNoncurrent', 'assets': 'Assets', 'liabilities': None, 'current_assets': 'AssetsCurrent', 'current_liabilities': 'LiabilitiesCurrent', 'retained_earnings': 'RetainedEarningsAccumulatedDeficit', 'liabilities_and_equity': 'LiabilitiesAndStockholdersEquity', 'equity': 'StockholdersEquity', 'ebit': 'OperatingIncomeLoss', 'revenue': 'RevenueFromContractWithCustomerExcludingAssessedTax', 'shares': 'EntityCommonStockSharesOutstanding'}"
1840780,LOCL,Local Bounti Corporation/DE,"{'debt_st': 'LongTermDebtCurrent', 'debt_lt': 'LongTermDebtNoncurrent', 'assets': 'Assets', 'liabilities': 'Liabilities', 'current_assets': 'AssetsCurrent', 'current_liabilities': 'LiabilitiesCurrent', 'retained_earnings': 'RetainedEarningsAccumulatedDeficit', 'liabilities_and_equity': 'LiabilitiesAndStockholdersEquity', 'equity': 'StockholdersEquity', 'ebit': 'OperatingIncomeLoss', 'revenue': 'RevenueFromContractWithCustomerExcludingAssessedTax', 'shares': 'EntityCommonStockSharesOutstanding'}"
1841666,APA,APA Corp,"{'debt_st': 'DebtCurrent', 'debt_lt': 'LongTermDebtNoncurrent', 'assets': 'Assets', 'liabilities': None, 'current_assets': 'AssetsCurrent', 'current_liabilities': 'LiabilitiesCurrent', 'retained_earnings': 'RetainedEarningsAccumulatedDeficit', 'liabilities_and_equity': 'LiabilitiesAndStockholdersEquity', 'equity': 'StockholdersEquity', 'ebit': 'OperatingIncomeLoss', 'revenue': None, 'shares': 'EntityCommonStockSharesOutstanding'}"
1841804,INST,"INSTRUCTURE HOLDINGS, INC.","{'debt_st': 'LongTermDebtCurrent', 'debt_lt': 'LongTermDebtNoncurrent', 'assets': 'Assets', 'liabilities': 'Liabilities', 'current_assets': 'AssetsCurrent', 'current_liabilities': 'LiabilitiesCurrent', 'retained_earnings': 'RetainedEarningsAccumulatedDeficit', 'liabilities_and_equity': 'LiabilitiesAndStockholdersEquity', 'equity': 'StockholdersEquity', 'ebit': 'OperatingIncomeLoss', 'revenue': 'RevenueFromContractWithCustomerExcludingAssessedTax', 'shares': 'EntityCommonStockSharesOutstanding'}"
1842022,DTM,"DT Midstream, Inc.","{'debt_st': 'LongTermDebtCurrent', 'debt_lt': 'LongTermDebtNoncurrent', 'assets': 'Assets', 'liabilities': 'Liabilities', 'current_assets': 'AssetsCurrent', 'current_liabilities': 'LiabilitiesCurrent', 'retained_earnings': 'RetainedEarningsAccumulatedDeficit', 'liabilities_and_equity': 'LiabilitiesAndStockholdersEquity', 'equity': 'StockholdersEquity', 'ebit': 'OperatingIncomeLoss', 'revenue': 'Revenues', 'shares': 'EntityCommonStockSharesOutstanding'}"
1842279,OPAL,OPAL Fuels Inc.,"{'debt_st': None, 'debt_lt': 'LongTermDebtNoncurrent', 'assets': 'Assets', 'liabilities': 'Liabilities', 'current_assets': 'AssetsCurrent', 'current_liabilities': 'LiabilitiesCurrent', 'retained_earnings': 'RetainedEarningsAccumulatedDeficit', 'liabilities_and_equity': 'LiabilitiesAndStockholdersEquity', 'equity': 'StockholdersEquity', 'ebit': 'OperatingIncomeLoss', 'revenue': 'RevenueFromContractWithCustomerExcludingAssessedTax', 'shares': 'EntityCommonStockSharesOutstanding'}"
1842718,IAS,INTEGRAL AD SCIENCE HOLDING CORP.,"{'debt_st': 'ShortTermBorrowings', 'debt_lt': 'LongTermDebtNoncurrent', 'assets': 'Assets', 'liabilities': 'Liabilities', 'current_assets': 'AssetsCurrent', 'current_liabilities': 'LiabilitiesCurrent', 'retained_earnings': 'RetainedEarningsAccumulatedDeficit', 'liabilities_and_equity': 'LiabilitiesAndStockholdersEquity', 'equity': 'StockholdersEquity', 'ebit': 'OperatingIncomeLoss', 'revenue': 'RevenueFromContractWithCustomerExcludingAssessedTax', 'shares': 'EntityCommonStockSharesOutstanding'}"
1844452,LUNR,"Intuitive Machines, Inc.","{'debt_st': 'LongTermDebtCurrent', 'debt_lt': 'LongTermDebtNoncurrent', 'assets': 'Assets', 'liabilities': 'Liabilities', 'current_assets': 'AssetsCurrent', 'current_liabilities': 'LiabilitiesCurrent', 'retained_earnings': 'RetainedEarningsAccumulatedDeficit', 'liabilities_and_equity': 'LiabilitiesAndStockholdersEquity', 'equity': 'StockholdersEquity', 'ebit': 'OperatingIncomeLoss', 'revenue': 'RevenueFromContractWithCustomerExcludingAssessedTax', 'shares': 'EntityCommonStockSharesOutstanding'}"
1844862,SLDP,"Solid Power, Inc.","{'debt_st': 'LongTermDebtCurrent', 'debt_lt': 'LongTermDebtNoncurrent', 'assets': 'Assets', 'liabilities': 'Liabilities', 'current_assets': 'AssetsCurrent', 'current_liabilities': 'LiabilitiesCurrent', 'retained_earnings': 'RetainedEarningsAccumulatedDeficit', 'liabilities_and_equity': 'LiabilitiesAndStockholdersEquity', 'equity': 'StockholdersEquity', 'ebit': 'OperatingIncomeLoss', 'revenue': 'RevenueFromContractWithCustomerExcludingAssessedTax', 'shares': 'EntityCommonStockSharesOutstanding'}"
1845257,LFST,"LifeStance Health Group, Inc.","{'debt_st': 'LongTermDebtCurrent', 'debt_lt': 'LongTermDebtNoncurrent', 'assets': 'Assets', 'liabilities': 'Liabilities', 'current_assets': 'AssetsCurrent', 'current_liabilities': 'LiabilitiesCurrent', 'retained_earnings': 'RetainedEarningsAccumulatedDeficit', 'liabilities_and_equity': 'LiabilitiesAndStockholdersEquity', 'equity': 'StockholdersEquity', 'ebit': 'OperatingIncomeLoss', 'revenue': 'RevenueFromContractWithCustomerExcludingAssessedTax', 'shares': 'EntityCommonStockSharesOutstanding'}"
1845815,PAYO,Payoneer Global Inc.,"{'debt_st': 'LongTermDebtCurrent', 'debt_lt': 'LongTermDebtNoncurrent', 'assets': 'Assets', 'liabilities': 'Liabilities', 'current_assets': 'AssetsCurrent', 'current_liabilities': 'LiabilitiesCurrent', 'retained_earnings': 'RetainedEarningsAccumulatedDeficit', 'liabilities_and_equity': 'LiabilitiesAndStockholdersEquity', 'equity': 'StockholdersEquity', 'ebit': 'OperatingIncomeLoss', 'revenue': 'RevenueFromContractWithCustomerExcludingAssessedTax', 'shares': 'EntityCommonStockSharesOutstanding'}"
1846510,SHCO,Soho House & Co Inc.,"{'debt_st': 'LongTermDebtCurrent', 'debt_lt': 'LongTermDebtNoncurrent', 'assets': 'Assets', 'liabilities': 'Liabilities', 'current_assets': 'AssetsCurrent', 'current_liabilities': 'LiabilitiesCurrent', 'retained_earnings': 'RetainedEarningsAccumulatedDeficit', 'liabilities_and_equity': 'LiabilitiesAndStockholdersEquity', 'equity': 'StockholdersEquity', 'ebit': 'OperatingIncomeLoss', 'revenue': 'Revenues', 'shares': 'EntityCommonStockSharesOutstanding'}"
1847590,BWMN,Bowman Consulting Group Ltd.,"{'debt_st': 'NotesPayableCurrent', 'debt_lt': 'LongTermDebt', 'assets': 'Assets', 'liabilities': 'Liabilities', 'current_assets': 'AssetsCurrent', 'current_liabilities': 'LiabilitiesCurrent', 'retained_earnings': 'RetainedEarningsAccumulatedDeficit', 'liabilities_and_equity': 'LiabilitiesAndStockholdersEquity', 'equity': 'StockholdersEquity', 'ebit': 'OperatingIncomeLoss', 'revenue': 'RevenueFromContractWithCustomerExcludingAssessedTax', 'shares': 'EntityCommonStockSharesOutstanding'}"
1847903,CNTA,Centessa Pharmaceuticals plc,"{'debt_st': 'DebtCurrent', 'debt_lt': 'LongTermDebtNoncurrent', 'assets': 'Assets', 'liabilities': 'Liabilities', 'current_assets': 'AssetsCurrent', 'current_liabilities': 'LiabilitiesCurrent', 'retained_earnings': 'RetainedEarningsAccumulatedDeficit', 'liabilities_and_equity': 'LiabilitiesAndStockholdersEquity', 'equity': 'StockholdersEquity', 'ebit': 'OperatingIncomeLoss', 'revenue': 'Revenues', 'shares': 'EntityCommonStockSharesOutstanding'}"
1849056,OKLO,Oklo Inc.,"{'debt_st': None, 'debt_lt': 'LongTermDebtNoncurrent', 'assets': 'Assets', 'liabilities': 'Liabilities', 'current_assets': 'AssetsCurrent', 'current_liabilities': 'LiabilitiesCurrent', 'retained_earnings': 'RetainedEarningsAccumulatedDeficit', 'liabilities_and_equity': 'LiabilitiesAndStockholdersEquity', 'equity': 'StockholdersEquity', 'ebit': 'OperatingIncomeLoss', 'revenue': None, 'shares': 'EntityCommonStockSharesOutstanding'}"
1849635,DJT,Trump Media & Technology Group Corp.,"{'debt_st': 'LongTermDebtCurrent', 'debt_lt': 'LongTermDebtNoncurrent', 'assets': 'Assets', 'liabilities': 'Liabilities', 'current_assets': 'AssetsCurrent', 'current_liabilities': 'LiabilitiesCurrent', 'retained_earnings': 'RetainedEarningsAccumulatedDeficit', 'liabilities_and_equity': 'LiabilitiesAndStockholdersEquity', 'equity': 'StockholdersEquity', 'ebit': 'OperatingIncomeLoss', 'revenue': 'RevenueFromContractWithCustomerExcludingAssessedTax', 'shares': 'EntityCommonStockSharesOutstanding'}"
1850119,IPSC,"Century Therapeutics, Inc.","{'debt_st': None, 'debt_lt': 'LongTermDebtNoncurrent', 'assets': 'Assets', 'liabilities': 'Liabilities', 'current_assets': 'AssetsCurrent', 'current_liabilities': 'LiabilitiesCurrent', 'retained_earnings': 'RetainedEarningsAccumulatedDeficit', 'liabilities_and_equity': 'LiabilitiesAndStockholdersEquity', 'equity': 'StockholdersEquity', 'ebit': 'OperatingIncomeLoss', 'revenue': 'RevenueFromContractWithCustomerExcludingAssessedTax', 'shares': 'EntityCommonStockSharesOutstanding'}"
1851961,GCTS,"GCT Semiconductor Holding, Inc.","{'debt_st': 'LongTermDebtCurrent', 'debt_lt': 'LongTermDebtNoncurrent', 'assets': 'Assets', 'liabilities': 'Liabilities', 'current_assets': 'AssetsCurrent', 'current_liabilities': 'LiabilitiesCurrent', 'retained_earnings': 'RetainedEarningsAccumulatedDeficit', 'liabilities_and_equity': 'LiabilitiesAndStockholdersEquity', 'equity': 'StockholdersEquity', 'ebit': 'OperatingIncomeLoss', 'revenue': 'RevenueFromContractWithCustomerExcludingAssessedTax', 'shares': 'EntityCommonStockSharesOutstanding'}"
1852131,NXT,Nextpower Inc.,"{'debt_st': 'LongTermDebtCurrent', 'debt_lt': 'LongTermDebtNoncurrent', 'assets': 'Assets', 'liabilities': 'Liabilities', 'current_assets': 'AssetsCurrent', 'current_liabilities': 'LiabilitiesCurrent', 'retained_earnings': 'RetainedEarningsAccumulatedDeficit', 'liabilities_and_equity': 'LiabilitiesAndStockholdersEquity', 'equity': 'StockholdersEquity', 'ebit': 'OperatingIncomeLoss', 'revenue': 'Revenues', 'shares': 'EntityCommonStockSharesOutstanding'}"
1852244,GXO,"GXO Logistics, Inc.","{'debt_st': 'DebtCurrent', 'debt_lt': 'LongTermDebtNoncurrent', 'assets': 'Assets', 'liabilities': None, 'current_assets': 'AssetsCurrent', 'current_liabilities': 'LiabilitiesCurrent', 'retained_earnings': 'RetainedEarningsAccumulatedDeficit', 'liabilities_and_equity': 'LiabilitiesAndStockholdersEquity', 'equity': 'StockholdersEquity', 'ebit': 'OperatingIncomeLoss', 'revenue': 'RevenueFromContractWithCustomerExcludingAssessedTax', 'shares': 'EntityCommonStockSharesOutstanding'}"
1853138,KDK,"Kodiak AI, Inc.","{'debt_st': 'LongTermDebtCurrent', 'debt_lt': 'LongTermDebtNoncurrent', 'assets': 'Assets', 'liabilities': 'Liabilities', 'current_assets': 'AssetsCurrent', 'current_liabilities': 'LiabilitiesCurrent', 'retained_earnings': 'RetainedEarningsAccumulatedDeficit', 'liabilities_and_equity': 'LiabilitiesAndStockholdersEquity', 'equity': 'StockholdersEquity', 'ebit': 'OperatingIncomeLoss', 'revenue': 'RevenueFromContractWithCustomerExcludingAssessedTax', 'shares': 'EntityCommonStockSharesOutstanding'}"
1853145,EVCM,EverCommerce Inc.,"{'debt_st': 'LongTermDebtCurrent', 'debt_lt': 'LongTermDebtNoncurrent', 'assets': 'Assets', 'liabilities': 'Liabilities', 'current_assets': 'AssetsCurrent', 'current_liabilities': 'LiabilitiesCurrent', 'retained_earnings': 'RetainedEarningsAccumulatedDeficit', 'liabilities_and_equity': 'LiabilitiesAndStockholdersEquity', 'equity': 'StockholdersEquity', 'ebit': 'OperatingIncomeLoss', 'revenue': 'RevenueFromContractWithCustomerExcludingAssessedTax', 'shares': 'EntityCommonStockSharesOutstanding'}"
1853513,MCW,"Mister Car Wash, Inc.","{'debt_st': 'LongTermDebtCurrent', 'debt_lt': 'LongTermDebtNoncurrent', 'assets': 'Assets', 'liabilities': 'Liabilities', 'current_assets': 'AssetsCurrent', 'current_liabilities': 'LiabilitiesCurrent', 'retained_earnings': 'RetainedEarningsAccumulatedDeficit', 'liabilities_and_equity': 'LiabilitiesAndStockholdersEquity', 'equity': 'StockholdersEquity', 'ebit': 'OperatingIncomeLoss', 'revenue': 'RevenueFromContractWithCustomerExcludingAssessedTax', 'shares': 'EntityCommonStockSharesOutstanding'}"
1853717,ATAT,Atour Lifestyle Holdings Ltd,"{'debt_st': 'LongTermDebtCurrent', 'debt_lt': 'LongTermDebtNoncurrent', 'assets': 'Assets', 'liabilities': 'Liabilities', 'current_assets': 'AssetsCurrent', 'current_liabilities': 'LiabilitiesCurrent', 'retained_earnings': 'RetainedEarningsAccumulatedDeficit', 'liabilities_and_equity': 'LiabilitiesAndStockholdersEquity', 'equity': 'StockholdersEquity', 'ebit': 'OperatingIncomeLoss', 'revenue': 'RevenueFromContractWithCustomerExcludingAssessedTax', 'shares': 'EntityCommonStockSharesOutstanding'}"
1853962,IAUX,i-80 Gold Corp.,"{'debt_st': 'LongTermDebtCurrent', 'debt_lt': 'LongTermDebtNoncurrent', 'assets': 'Assets', 'liabilities': 'Liabilities', 'current_assets': 'AssetsCurrent', 'current_liabilities': 'LiabilitiesCurrent', 'retained_earnings': 'RetainedEarningsAccumulatedDeficit', 'liabilities_and_equity': 'LiabilitiesAndStockholdersEquity', 'equity': 'StockholdersEquity', 'ebit': 'OperatingIncomeLoss', 'revenue': 'RevenueFromContractWithCustomerExcludingAssessedTax', 'shares': 'EntityCommonStockSharesOutstanding'}"
1855457,KORE,"KORE Group Holdings, Inc.","{'debt_st': 'LongTermDebtCurrent', 'debt_lt': 'LongTermDebtNoncurrent', 'assets': 'Assets', 'liabilities': 'Liabilities', 'current_assets': 'AssetsCurrent', 'current_liabilities': 'LiabilitiesCurrent', 'retained_earnings': 'RetainedEarningsAccumulatedDeficit', 'liabilities_and_equity': 'LiabilitiesAndStockholdersEquity', 'equity': 'StockholdersEquity', 'ebit': 'OperatingIncomeLoss', 'revenue': 'RevenueFromContractWithCustomerExcludingAssessedTax', 'shares': 'EntityCommonStockSharesOutstanding'}"
1856031,SEAT,Vivid Seats Inc.,"{'debt_st': None, 'debt_lt': 'LongTermDebtAndCapitalLeaseObligations', 'assets': 'Assets', 'liabilities': 'Liabilities', 'current_assets': 'AssetsCurrent', 'current_liabilities': 'LiabilitiesCurrent', 'retained_earnings': 'RetainedEarningsAccumulatedDeficit', 'liabilities_and_equity': 'LiabilitiesAndStockholdersEquity', 'equity': 'StockholdersEquity', 'ebit': 'IncomeLossFromContinuingOperationsBeforeIncomeTaxesExtraordinaryItemsNoncontrollingInterest', 'revenue': 'RevenueFromContractWithCustomerExcludingAssessedTax', 'shares': 'EntityCommonStockSharesOutstanding'}"
1856437,VSXY,Victoria's Secret & Co.,"{'debt_st': 'DebtCurrent', 'debt_lt': 'LongTermDebtNoncurrent', 'assets': 'Assets', 'liabilities': 'Liabilities', 'current_assets': 'AssetsCurrent', 'current_liabilities': 'LiabilitiesCurrent', 'retained_earnings': 'RetainedEarningsAccumulatedDeficit', 'liabilities_and_equity': 'LiabilitiesAndStockholdersEquity', 'equity': 'StockholdersEquity', 'ebit': 'OperatingIncomeLoss', 'revenue': 'RevenueFromContractWithCustomerExcludingAssessedTax', 'shares': 'EntityCommonStockSharesOutstanding'}"
1856485,SLVM,Sylvamo Corp,"{'debt_st': 'LongTermDebtCurrent', 'debt_lt': 'LongTermDebtAndCapitalLeaseObligations', 'assets': 'Assets', 'liabilities': None, 'current_assets': 'AssetsCurrent', 'current_liabilities': 'LiabilitiesCurrent', 'retained_earnings': 'RetainedEarningsAccumulatedDeficit', 'liabilities_and_equity': 'LiabilitiesAndStockholdersEquity', 'equity': 'StockholdersEquity', 'ebit': 'OperatingIncomeLoss', 'revenue': 'RevenueFromContractWithCustomerExcludingAssessedTax', 'shares': 'EntityCommonStockSharesOutstanding'}"
1857154,DNUT,"Krispy Kreme, Inc.","{'debt_st': 'LongTermDebtCurrent', 'debt_lt': 'LongTermDebtNoncurrent', 'assets': 'Assets', 'liabilities': 'Liabilities', 'current_assets': 'AssetsCurrent', 'current_liabilities': 'LiabilitiesCurrent', 'retained_earnings': 'RetainedEarningsAccumulatedDeficit', 'liabilities_and_equity': 'LiabilitiesAndStockholdersEquity', 'equity': 'StockholdersEquity', 'ebit': 'OperatingIncomeLoss', 'revenue': 'RevenueFromContractWithCustomerExcludingAssessedTax', 'shares': 'EntityCommonStockSharesOutstanding'}"
1857475,DOLE,Dole plc,"{'debt_st': 'DebtCurrent', 'debt_lt': 'LongTermDebtNoncurrent', 'assets': 'Assets', 'liabilities': 'Liabilities', 'current_assets': 'AssetsCurrent', 'current_liabilities': 'LiabilitiesCurrent', 'retained_earnings': 'RetainedEarningsAccumulatedDeficit', 'liabilities_and_equity': 'LiabilitiesAndStockholdersEquity', 'equity': 'StockholdersEquity', 'ebit': 'OperatingIncomeLoss', 'revenue': 'RevenueFromContractWithCustomerExcludingAssessedTax', 'shares': 'EntityCommonStockSharesOutstanding'}"
1857853,COOK,"Traeger, Inc.","{'debt_st': 'LongTermDebtCurrent', 'debt_lt': 'LongTermDebtNoncurrent', 'assets': 'Assets', 'liabilities': 'Liabilities', 'current_assets': 'AssetsCurrent', 'current_liabilities': 'LiabilitiesCurrent', 'retained_earnings': 'RetainedEarningsAccumulatedDeficit', 'liabilities_and_equity': 'LiabilitiesAndStockholdersEquity', 'equity': 'StockholdersEquity', 'ebit': 'OperatingIncomeLoss', 'revenue': 'RevenueFromContractWithCustomerExcludingAssessedTax', 'shares': 'EntityCommonStockSharesOutstanding'}"
1858257,AVDX,"AvidXchange Holdings, Inc.","{'debt_st': 'LongTermDebtCurrent', 'debt_lt': 'LongTermDebtNoncurrent', 'assets': 'Assets', 'liabilities': 'Liabilities', 'current_assets': 'AssetsCurrent', 'current_liabilities': 'LiabilitiesCurrent', 'retained_earnings': 'RetainedEarningsAccumulatedDeficit', 'liabilities_and_equity': 'LiabilitiesAndStockholdersEquity', 'equity': 'StockholdersEquity', 'ebit': 'OperatingIncomeLoss', 'revenue': 'RevenueFromContractWithCustomerExcludingAssessedTax', 'shares': 'EntityCommonStockSharesOutstanding'}"
1860160,FLY,Firefly Aerospace Inc.,"{'debt_st': 'DebtCurrent', 'debt_lt': 'LongTermDebt', 'assets': 'Assets', 'liabilities': 'Liabilities', 'current_assets': 'AssetsCurrent', 'current_liabilities': 'LiabilitiesCurrent', 'retained_earnings': 'RetainedEarningsAccumulatedDeficit', 'liabilities_and_equity': 'LiabilitiesAndStockholdersEquity', 'equity': 'StockholdersEquityIncludingPortionAttributableToNoncontrollingInterest', 'ebit': 'OperatingIncomeLoss', 'revenue': 'RevenueFromContractWithCustomerExcludingAssessedTax', 'shares': 'EntityCommonStockSharesOutstanding'}"
1860543,CDRE,"Cadre Holdings, Inc.","{'debt_st': 'DebtCurrent', 'debt_lt': 'LongTermDebtNoncurrent', 'assets': 'Assets', 'liabilities': 'Liabilities', 'current_assets': 'AssetsCurrent', 'current_liabilities': 'LiabilitiesCurrent', 'retained_earnings': 'RetainedEarningsAccumulatedDeficit', 'liabilities_and_equity': 'LiabilitiesAndStockholdersEquity', 'equity': 'StockholdersEquity', 'ebit': 'OperatingIncomeLoss', 'revenue': 'RevenueFromContractWithCustomerExcludingAssessedTax', 'shares': 'EntityCommonStockSharesOutstanding'}"
1860742,BLCO,Bausch & Lomb Corp,"{'debt_st': 'LongTermDebtCurrent', 'debt_lt': 'LongTermDebtNoncurrent', 'assets': 'Assets', 'liabilities': 'Liabilities', 'current_assets': 'AssetsCurrent', 'current_liabilities': 'LiabilitiesCurrent', 'retained_earnings': 'RetainedEarningsAccumulatedDeficit', 'liabilities_and_equity': 'LiabilitiesAndStockholdersEquity', 'equity': 'StockholdersEquity', 'ebit': 'OperatingIncomeLoss', 'revenue': 'RevenueFromContractWithCustomerExcludingAssessedTax', 'shares': 'EntityCommonStockSharesOutstanding'}"
1861737,HSAI,Hesai Group,"{'debt_st': 'DebtCurrent', 'debt_lt': 'LongTermDebtNoncurrent', 'assets': 'Assets', 'liabilities': 'Liabilities', 'current_assets': 'AssetsCurrent', 'current_liabilities': 'LiabilitiesCurrent', 'retained_earnings': 'RetainedEarningsAccumulatedDeficit', 'liabilities_and_equity': 'LiabilitiesAndStockholdersEquity', 'equity': 'StockholdersEquity', 'ebit': 'OperatingIncomeLoss', 'revenue': 'RevenueFromContractWithCustomerExcludingAssessedTax', 'shares': 'EntityCommonStockSharesOutstanding'}"
1861795,DH,Definitive Healthcare Corp.,"{'debt_st': 'LongTermDebtCurrent', 'debt_lt': 'LongTermDebtNoncurrent', 'assets': 'Assets', 'liabilities': 'Liabilities', 'current_assets': 'AssetsCurrent', 'current_liabilities': 'LiabilitiesCurrent', 'retained_earnings': 'RetainedEarningsAccumulatedDeficit', 'liabilities_and_equity': 'LiabilitiesAndStockholdersEquity', 'equity': 'StockholdersEquityIncludingPortionAttributableToNoncontrollingInterest', 'ebit': 'OperatingIncomeLoss', 'revenue': 'Revenues', 'shares': 'EntityCommonStockSharesOutstanding'}"
1863105,ESMT,"EngageSmart, Inc.","{'debt_st': None, 'debt_lt': 'LongTermDebtNoncurrent', 'assets': 'Assets', 'liabilities': 'Liabilities', 'current_assets': 'AssetsCurrent', 'current_liabilities': 'LiabilitiesCurrent', 'retained_earnings': 'RetainedEarningsAccumulatedDeficit', 'liabilities_and_equity': 'LiabilitiesAndStockholdersEquity', 'equity': 'StockholdersEquity', 'ebit': 'OperatingIncomeLoss', 'revenue': 'RevenueFromContractWithCustomerExcludingAssessedTax', 'shares': 'EntityCommonStockSharesOutstanding'}"
1865107,AKA,A.K.A. BRANDS HOLDING CORP.,"{'debt_st': 'LongTermDebtCurrent', 'debt_lt': 'LongTermDebtNoncurrent', 'assets': 'Assets', 'liabilities': 'Liabilities', 'current_assets': 'AssetsCurrent', 'current_liabilities': 'LiabilitiesCurrent', 'retained_earnings': 'RetainedEarningsAccumulatedDeficit', 'liabilities_and_equity': 'LiabilitiesAndStockholdersEquity', 'equity': 'StockholdersEquity', 'ebit': 'OperatingIncomeLoss', 'revenue': 'RevenueFromContractWithCustomerExcludingAssessedTax', 'shares': 'EntityCommonStockSharesOutstanding'}"
1865782,BTSG,"BrightSpring Health Services, Inc.","{'debt_st': 'LongTermDebtCurrent', 'debt_lt': 'LongTermDebtNoncurrent', 'assets': 'Assets', 'liabilities': 'Liabilities', 'current_assets': 'AssetsCurrent', 'current_liabilities': 'LiabilitiesCurrent', 'retained_earnings': 'RetainedEarningsAccumulatedDeficit', 'liabilities_and_equity': 'LiabilitiesAndStockholdersEquity', 'equity': 'StockholdersEquity', 'ebit': 'OperatingIncomeLoss', 'revenue': 'RevenueFromContractWithCustomerExcludingAssessedTax', 'shares': 'EntityCommonStockSharesOutstanding'}"
1866175,CRGY,Crescent Energy Co,"{'debt_st': None, 'debt_lt': 'LongTermDebtNoncurrent', 'assets': 'Assets', 'liabilities': 'Liabilities', 'current_assets': 'AssetsCurrent', 'current_liabilities': 'LiabilitiesCurrent', 'retained_earnings': 'RetainedEarningsAccumulatedDeficit', 'liabilities_and_equity': 'LiabilitiesAndStockholdersEquity', 'equity': 'StockholdersEquityIncludingPortionAttributableToNoncontrollingInterest', 'ebit': 'OperatingIncomeLoss', 'revenue': 'RevenueFromContractWithCustomerExcludingAssessedTax', 'shares': 'EntityCommonStockSharesOutstanding'}"
1866550,TWKS,"Thoughtworks Holding, Inc.","{'debt_st': 'LongTermDebtCurrent', 'debt_lt': 'LongTermDebtNoncurrent', 'assets': 'Assets', 'liabilities': 'Liabilities', 'current_assets': 'AssetsCurrent', 'current_liabilities': 'LiabilitiesCurrent', 'retained_earnings': 'RetainedEarningsAccumulatedDeficit', 'liabilities_and_equity': 'LiabilitiesAndStockholdersEquity', 'equity': 'StockholdersEquity', 'ebit': 'OperatingIncomeLoss', 'revenue': 'RevenueFromContractWithCustomerExcludingAssessedTax', 'shares': 'EntityCommonStockSharesOutstanding'}"
1866633,CCSI,"Consensus Cloud Solutions, Inc.","{'debt_st': 'LongTermDebtCurrent', 'debt_lt': 'LongTermDebtNoncurrent', 'assets': 'Assets', 'liabilities': 'Liabilities', 'current_assets': 'AssetsCurrent', 'current_liabilities': 'LiabilitiesCurrent', 'retained_earnings': 'RetainedEarningsAccumulatedDeficit', 'liabilities_and_equity': 'LiabilitiesAndStockholdersEquity', 'equity': 'StockholdersEquity', 'ebit': 'OperatingIncomeLoss', 'revenue': 'RevenueFromContractWithCustomerExcludingAssessedTax', 'shares': 'EntityCommonStockSharesOutstanding'}"
1867072,KD,"Kyndryl Holdings, Inc.","{'debt_st': 'DebtCurrent', 'debt_lt': 'LongTermDebtNoncurrent', 'assets': 'Assets', 'liabilities': 'Liabilities', 'current_assets': 'AssetsCurrent', 'current_liabilities': 'LiabilitiesCurrent', 'retained_earnings': 'RetainedEarningsAccumulatedDeficit', 'liabilities_and_equity': 'LiabilitiesAndStockholdersEquity', 'equity': 'StockholdersEquity', 'ebit': 'IncomeLossFromContinuingOperationsBeforeIncomeTaxesExtraordinaryItemsNoncontrollingInterest', 'revenue': 'Revenues', 'shares': 'EntityCommonStockSharesOutstanding'}"
1867096,XERS,"Xeris Biopharma Holdings, Inc.","{'debt_st': 'LongTermDebtCurrent', 'debt_lt': 'LongTermDebtNoncurrent', 'assets': 'Assets', 'liabilities': 'Liabilities', 'current_assets': 'AssetsCurrent', 'current_liabilities': 'LiabilitiesCurrent', 'retained_earnings': 'RetainedEarningsAccumulatedDeficit', 'liabilities_and_equity': 'LiabilitiesAndStockholdersEquity', 'equity': 'StockholdersEquity', 'ebit': 'OperatingIncomeLoss', 'revenue': 'RevenueFromContractWithCustomerExcludingAssessedTax', 'shares': 'EntityCommonStockSharesOutstanding'}"
1868275,CEG,Constellation Energy Corp,"{'debt_st': 'LongTermDebtCurrent', 'debt_lt': 'LongTermDebtNoncurrent', 'assets': 'Assets', 'liabilities': 'Liabilities', 'current_assets': 'AssetsCurrent', 'current_liabilities': 'LiabilitiesCurrent', 'retained_earnings': 'RetainedEarningsAccumulatedDeficit', 'liabilities_and_equity': 'LiabilitiesAndStockholdersEquity', 'equity': 'StockholdersEquity', 'ebit': 'OperatingIncomeLoss', 'revenue': 'RevenueFromContractWithCustomerExcludingAssessedTax', 'shares': 'EntityCommonStockSharesOutstanding'}"
1868726,OLPX,"OLAPLEX HOLDINGS, INC.","{'debt_st': 'LongTermDebtCurrent', 'debt_lt': 'LongTermDebtNoncurrent', 'assets': 'Assets', 'liabilities': 'Liabilities', 'current_assets': 'AssetsCurrent', 'current_liabilities': 'LiabilitiesCurrent', 'retained_earnings': 'RetainedEarningsAccumulatedDeficit', 'liabilities_and_equity': 'LiabilitiesAndStockholdersEquity', 'equity': 'StockholdersEquity', 'ebit': 'OperatingIncomeLoss', 'revenue': 'RevenueFromContractWithCustomerExcludingAssessedTax', 'shares': 'EntityCommonStockSharesOutstanding'}"
1869198,LTH,"Life Time Group Holdings, Inc.","{'debt_st': 'LongTermDebtCurrent', 'debt_lt': 'LongTermDebtNoncurrent', 'assets': 'Assets', 'liabilities': 'Liabilities', 'current_assets': 'AssetsCurrent', 'current_liabilities': 'LiabilitiesCurrent', 'retained_earnings': 'RetainedEarningsAccumulatedDeficit', 'liabilities_and_equity': 'LiabilitiesAndStockholdersEquity', 'equity': 'StockholdersEquity', 'ebit': 'OperatingIncomeLoss', 'revenue': 'RevenueFromContractWithCustomerExcludingAssessedTax', 'shares': 'EntityCommonStockSharesOutstanding'}"
1871509,PTLO,Portillo's Inc.,"{'debt_st': 'LongTermDebtCurrent', 'debt_lt': 'LongTermDebtNoncurrent', 'assets': 'Assets', 'liabilities': 'Liabilities', 'current_assets': 'AssetsCurrent', 'current_liabilities': 'LiabilitiesCurrent', 'retained_earnings': 'RetainedEarningsAccumulatedDeficit', 'liabilities_and_equity': 'LiabilitiesAndStockholdersEquity', 'equity': 'StockholdersEquity', 'ebit': 'OperatingIncomeLoss', 'revenue': 'RevenueFromContractWithCustomerExcludingAssessedTax', 'shares': 'EntityCommonStockSharesOutstanding'}"
1872789,EMBC,Embecta Corp.,"{'debt_st': 'LongTermDebtCurrent', 'debt_lt': 'LongTermDebtNoncurrent', 'assets': 'Assets', 'liabilities': None, 'current_assets': 'AssetsCurrent', 'current_liabilities': 'LiabilitiesCurrent', 'retained_earnings': 'RetainedEarningsAccumulatedDeficit', 'liabilities_and_equity': 'LiabilitiesAndStockholdersEquity', 'equity': 'StockholdersEquity', 'ebit': 'OperatingIncomeLoss', 'revenue': 'RevenueFromContractWithCustomerExcludingAssessedTax', 'shares': 'EntityCommonStockSharesOutstanding'}"
1873529,KLC,"KinderCare Learning Companies, Inc.","{'debt_st': 'LongTermDebtCurrent', 'debt_lt': 'LongTermDebtNoncurrent', 'assets': 'Assets', 'liabilities': 'Liabilities', 'current_assets': 'AssetsCurrent', 'current_liabilities': 'LiabilitiesCurrent', 'retained_earnings': 'RetainedEarningsAccumulatedDeficit', 'liabilities_and_equity': 'LiabilitiesAndStockholdersEquity', 'equity': 'StockholdersEquity', 'ebit': 'OperatingIncomeLoss', 'revenue': 'RevenueFromContractWithCustomerExcludingAssessedTax', 'shares': 'EntityCommonStockSharesOutstanding'}"
1874944,VCSA,"Vacasa, Inc.","{'debt_st': 'LongTermDebtCurrent', 'debt_lt': 'LongTermDebtNoncurrent', 'assets': 'Assets', 'liabilities': 'Liabilities', 'current_assets': 'AssetsCurrent', 'current_liabilities': 'LiabilitiesCurrent', 'retained_earnings': 'RetainedEarningsAccumulatedDeficit', 'liabilities_and_equity': 'LiabilitiesAndStockholdersEquity', 'equity': 'StockholdersEquity', 'ebit': 'OperatingIncomeLoss', 'revenue': 'RevenueFromContractWithCustomerExcludingAssessedTax', 'shares': 'EntityCommonStockSharesOutstanding'}"
1876581,IMPP,Imperial Petroleum Inc./Marshall Islands,"{'debt_st': 'LongTermDebtCurrent', 'debt_lt': 'LongTermDebtNoncurrent', 'assets': 'Assets', 'liabilities': 'Liabilities', 'current_assets': 'AssetsCurrent', 'current_liabilities': 'LiabilitiesCurrent', 'retained_earnings': 'RetainedEarningsAccumulatedDeficit', 'liabilities_and_equity': 'LiabilitiesAndStockholdersEquity', 'equity': 'StockholdersEquity', 'ebit': 'OperatingIncomeLoss', 'revenue': 'RevenueFromContractWithCustomerIncludingAssessedTax', 'shares': 'EntityCommonStockSharesOutstanding'}"
1876588,ZIMV,ZimVie Inc.,"{'debt_st': 'DebtCurrent', 'debt_lt': 'LongTermDebtNoncurrent', 'assets': 'Assets', 'liabilities': 'Liabilities', 'current_assets': 'AssetsCurrent', 'current_liabilities': 'LiabilitiesCurrent', 'retained_earnings': 'RetainedEarningsAccumulatedDeficit', 'liabilities_and_equity': 'LiabilitiesAndStockholdersEquity', 'equity': 'StockholdersEquity', 'ebit': 'OperatingIncomeLoss', 'revenue': 'Revenues', 'shares': 'EntityCommonStockSharesOutstanding'}"
1877322,ESAB,ESAB Corp,"{'debt_st': 'LongTermDebtCurrent', 'debt_lt': 'LongTermDebtNoncurrent', 'assets': 'Assets', 'liabilities': 'Liabilities', 'current_assets': 'AssetsCurrent', 'current_liabilities': 'LiabilitiesCurrent', 'retained_earnings': 'RetainedEarningsAccumulatedDeficit', 'liabilities_and_equity': 'LiabilitiesAndStockholdersEquity', 'equity': 'StockholdersEquity', 'ebit': 'OperatingIncomeLoss', 'revenue': 'RevenueFromContractWithCustomerExcludingAssessedTax', 'shares': 'EntityCommonStockSharesOutstanding'}"
1879016,IE,Ivanhoe Electric Inc.,"{'debt_st': 'NotesPayableCurrent', 'debt_lt': 'LongTermNotesPayable', 'assets': 'Assets', 'liabilities': 'Liabilities', 'current_assets': 'AssetsCurrent', 'current_liabilities': 'LiabilitiesCurrent', 'retained_earnings': 'RetainedEarningsAccumulatedDeficit', 'liabilities_and_equity': 'LiabilitiesAndStockholdersEquity', 'equity': 'StockholdersEquity', 'ebit': 'OperatingIncomeLoss', 'revenue': 'RevenueFromContractWithCustomerExcludingAssessedTax', 'shares': 'EntityCommonStockSharesOutstanding'}"
1880319,PRM,"Perimeter Solutions, Inc.","{'debt_st': 'LongTermDebtCurrent', 'debt_lt': 'LongTermDebtNoncurrent', 'assets': 'Assets', 'liabilities': 'Liabilities', 'current_assets': 'AssetsCurrent', 'current_liabilities': 'LiabilitiesCurrent', 'retained_earnings': 'RetainedEarningsAccumulatedDeficit', 'liabilities_and_equity': 'LiabilitiesAndStockholdersEquity', 'equity': 'StockholdersEquity', 'ebit': 'OperatingIncomeLoss', 'revenue': 'RevenueFromContractWithCustomerExcludingAssessedTax', 'shares': 'EntityCommonStockSharesOutstanding'}"
1881487,ACDC,ProFrac Holding Corp.,"{'debt_st': 'LongTermDebtCurrent', 'debt_lt': 'LongTermDebtNoncurrent', 'assets': 'Assets', 'liabilities': 'Liabilities', 'current_assets': 'AssetsCurrent', 'current_liabilities': 'LiabilitiesCurrent', 'retained_earnings': 'RetainedEarningsAccumulatedDeficit', 'liabilities_and_equity': 'LiabilitiesAndStockholdersEquity', 'equity': 'StockholdersEquity', 'ebit': 'OperatingIncomeLoss', 'revenue': 'RevenueFromContractWithCustomerExcludingAssessedTax', 'shares': 'EntityCommonStockSharesOutstanding'}"
1883313,SVV,"Savers Value Village, Inc.","{'debt_st': 'DebtCurrent', 'debt_lt': 'LongTermDebtNoncurrent', 'assets': 'Assets', 'liabilities': 'Liabilities', 'current_assets': 'AssetsCurrent', 'current_liabilities': 'LiabilitiesCurrent', 'retained_earnings': 'RetainedEarningsAccumulatedDeficit', 'liabilities_and_equity': 'LiabilitiesAndStockholdersEquity', 'equity': 'StockholdersEquity', 'ebit': 'OperatingIncomeLoss', 'revenue': 'RevenueFromContractWithCustomerExcludingAssessedTax', 'shares': 'EntityCommonStockSharesOutstanding'}"
1883814,SLND,"Southland Holdings, Inc.","{'debt_st': 'LongTermDebtCurrent', 'debt_lt': 'LongTermDebtNoncurrent', 'assets': 'Assets', 'liabilities': 'Liabilities', 'current_assets': 'AssetsCurrent', 'current_liabilities': 'LiabilitiesCurrent', 'retained_earnings': 'RetainedEarningsAccumulatedDeficit', 'liabilities_and_equity': 'LiabilitiesAndStockholdersEquity', 'equity': 'StockholdersEquity', 'ebit': 'OperatingIncomeLoss', 'revenue': 'Revenues', 'shares': 'EntityCommonStockSharesOutstanding'}"
1885522,NMRA,"Neumora Therapeutics, Inc.","{'debt_st': 'LongTermDebtCurrent', 'debt_lt': 'LongTermDebtNoncurrent', 'assets': 'Assets', 'liabilities': 'Liabilities', 'current_assets': 'AssetsCurrent', 'current_liabilities': 'LiabilitiesCurrent', 'retained_earnings': 'RetainedEarningsAccumulatedDeficit', 'liabilities_and_equity': 'LiabilitiesAndStockholdersEquity', 'equity': 'StockholdersEquity', 'ebit': 'OperatingIncomeLoss', 'revenue': None, 'shares': 'EntityCommonStockSharesOutstanding'}"
1887944,SHIM,Shimmick Corp,"{'debt_st': 'ShortTermBorrowings', 'debt_lt': 'LongTermDebtNoncurrent', 'assets': 'Assets', 'liabilities': 'Liabilities', 'current_assets': 'AssetsCurrent', 'current_liabilities': 'LiabilitiesCurrent', 'retained_earnings': 'RetainedEarningsAccumulatedDeficit', 'liabilities_and_equity': 'LiabilitiesAndStockholdersEquity', 'equity': 'StockholdersEquityIncludingPortionAttributableToNoncontrollingInterest', 'ebit': 'OperatingIncomeLoss', 'revenue': 'RevenueFromContractWithCustomerExcludingAssessedTax', 'shares': 'EntityCommonStockSharesOutstanding'}"
1889668,OTF,Blue Owl Technology Finance Corp. II,"{'debt_st': None, 'debt_lt': 'LongTermDebt', 'assets': 'Assets', 'liabilities': 'Liabilities', 'current_assets': None, 'current_liabilities': None, 'retained_earnings': 'RetainedEarningsAccumulatedDeficit', 'liabilities_and_equity': 'LiabilitiesAndStockholdersEquity', 'equity': 'StockholdersEquity', 'ebit': None, 'revenue': None, 'shares': 'EntityCommonStockSharesOutstanding'}"
1895262,NE,Noble Corp plc,"{'debt_st': 'LongTermDebtCurrent', 'debt_lt': 'LongTermDebtNoncurrent', 'assets': 'Assets', 'liabilities': 'Liabilities', 'current_assets': 'AssetsCurrent', 'current_liabilities': 'LiabilitiesCurrent', 'retained_earnings': 'RetainedEarningsAccumulatedDeficit', 'liabilities_and_equity': 'LiabilitiesAndStockholdersEquity', 'equity': 'StockholdersEquity', 'ebit': 'OperatingIncomeLoss', 'revenue': 'RevenueFromContractWithCustomerExcludingAssessedTax', 'shares': 'EntityCommonStockSharesOutstanding'}"
1897762,INGM,Ingram Micro Holding Corp,"{'debt_st': 'DebtCurrent', 'debt_lt': 'LongTermDebtNoncurrent', 'assets': 'Assets', 'liabilities': 'Liabilities', 'current_assets': 'AssetsCurrent', 'current_liabilities': 'LiabilitiesCurrent', 'retained_earnings': 'RetainedEarningsAccumulatedDeficit', 'liabilities_and_equity': 'LiabilitiesAndStockholdersEquity', 'equity': 'StockholdersEquity', 'ebit': 'OperatingIncomeLoss', 'revenue': 'RevenueFromContractWithCustomerExcludingAssessedTax', 'shares': 'EntityCommonStockSharesOutstanding'}"
1898496,GETY,"Getty Images Holdings, Inc.","{'debt_st': 'LongTermDebtCurrent', 'debt_lt': 'LongTermDebtNoncurrent', 'assets': 'Assets', 'liabilities': 'Liabilities', 'current_assets': 'AssetsCurrent', 'current_liabilities': 'LiabilitiesCurrent', 'retained_earnings': 'RetainedEarningsAccumulatedDeficit', 'liabilities_and_equity': 'LiabilitiesAndStockholdersEquity', 'equity': 'StockholdersEquity', 'ebit': 'OperatingIncomeLoss', 'revenue': 'RevenueFromContractWithCustomerExcludingAssessedTax', 'shares': 'EntityCommonStockSharesOutstanding'}"
1898795,LVWR,"LiveWire Group, Inc.","{'debt_st': 'LongTermDebtCurrent', 'debt_lt': 'LongTermDebtNoncurrent', 'assets': 'Assets', 'liabilities': 'Liabilities', 'current_assets': 'AssetsCurrent', 'current_liabilities': 'LiabilitiesCurrent', 'retained_earnings': 'RetainedEarningsAccumulatedDeficit', 'liabilities_and_equity': 'LiabilitiesAndStockholdersEquity', 'equity': 'StockholdersEquity', 'ebit': 'OperatingIncomeLoss', 'revenue': 'RevenueFromContractWithCustomerExcludingAssessedTax', 'shares': 'EntityCommonStockSharesOutstanding'}"
1899883,FIP,FTAI Infrastructure Inc.,"{'debt_st': 'DebtCurrent', 'debt_lt': 'LongTermDebtNoncurrent', 'assets': 'Assets', 'liabilities': 'Liabilities', 'current_assets': 'AssetsCurrent', 'current_liabilities': 'LiabilitiesCurrent', 'retained_earnings': 'RetainedEarningsAccumulatedDeficit', 'liabilities_and_equity': 'LiabilitiesAndStockholdersEquity', 'equity': 'StockholdersEquity', 'ebit': 'IncomeLossFromContinuingOperationsBeforeIncomeTaxesExtraordinaryItemsNoncontrollingInterest', 'revenue': 'RevenueFromContractWithCustomerExcludingAssessedTax', 'shares': 'EntityCommonStockSharesOutstanding'}"
1902733,NCNO,"nCino, Inc.","{'debt_st': 'LongTermDebtCurrent', 'debt_lt': 'LongTermDebtNoncurrent', 'assets': 'Assets', 'liabilities': 'Liabilities', 'current_assets': 'AssetsCurrent', 'current_liabilities': 'LiabilitiesCurrent', 'retained_earnings': 'RetainedEarningsAccumulatedDeficit', 'liabilities_and_equity': 'LiabilitiesAndStockholdersEquity', 'equity': 'StockholdersEquity', 'ebit': 'OperatingIncomeLoss', 'revenue': 'RevenueFromContractWithCustomerExcludingAssessedTax', 'shares': 'EntityCommonStockSharesOutstanding'}"
1906324,QDEL,QuidelOrtho Corp,"{'debt_st': 'DebtCurrent', 'debt_lt': 'LongTermDebtAndCapitalLeaseObligations', 'assets': 'Assets', 'liabilities': 'Liabilities', 'current_assets': 'AssetsCurrent', 'current_liabilities': 'LiabilitiesCurrent', 'retained_earnings': 'RetainedEarningsAccumulatedDeficit', 'liabilities_and_equity': 'LiabilitiesAndStockholdersEquity', 'equity': 'StockholdersEquity', 'ebit': 'OperatingIncomeLoss', 'revenue': 'Revenues', 'shares': 'EntityCommonStockSharesOutstanding'}"
1907982,QBTS,D-Wave Quantum Inc.,"{'debt_st': 'LongTermDebtCurrent', 'debt_lt': 'LongTermDebtNoncurrent', 'assets': 'Assets', 'liabilities': 'Liabilities', 'current_assets': 'AssetsCurrent', 'current_liabilities': 'LiabilitiesCurrent', 'retained_earnings': 'RetainedEarningsAccumulatedDeficit', 'liabilities_and_equity': 'LiabilitiesAndStockholdersEquity', 'equity': 'StockholdersEquity', 'ebit': 'OperatingIncomeLoss', 'revenue': 'RevenueFromContractWithCustomerExcludingAssessedTax', 'shares': 'EntityCommonStockSharesOutstanding'}"
1910851,RCM,R1 RCM Inc. /DE,"{'debt_st': 'LongTermDebtCurrent', 'debt_lt': 'LongTermDebtNoncurrent', 'assets': 'Assets', 'liabilities': 'Liabilities', 'current_assets': 'AssetsCurrent', 'current_liabilities': 'LiabilitiesCurrent', 'retained_earnings': 'RetainedEarningsAccumulatedDeficit', 'liabilities_and_equity': 'LiabilitiesAndStockholdersEquity', 'equity': 'StockholdersEquity', 'ebit': 'OperatingIncomeLoss', 'revenue': 'RevenueFromContractWithCustomerExcludingAssessedTax', 'shares': 'EntityCommonStockSharesOutstanding'}"
1915657,DINO,HF Sinclair Corp,"{'debt_st': 'LongTermDebtCurrent', 'debt_lt': 'LongTermDebtNoncurrent', 'assets': 'Assets', 'liabilities': 'Liabilities', 'current_assets': 'AssetsCurrent', 'current_liabilities': 'LiabilitiesCurrent', 'retained_earnings': 'RetainedEarningsAccumulatedDeficit', 'liabilities_and_equity': 'LiabilitiesAndStockholdersEquity', 'equity': 'StockholdersEquity', 'ebit': 'OperatingIncomeLoss', 'revenue': 'RevenueFromContractWithCustomerExcludingAssessedTax', 'shares': 'EntityCommonStockSharesOutstanding'}"
1921963,ATMU,Atmus Filtration Technologies Inc.,"{'debt_st': 'LongTermDebtCurrent', 'debt_lt': 'LongTermDebtNoncurrent', 'assets': 'Assets', 'liabilities': 'Liabilities', 'current_assets': 'AssetsCurrent', 'current_liabilities': 'LiabilitiesCurrent', 'retained_earnings': 'RetainedEarningsAccumulatedDeficit', 'liabilities_and_equity': 'LiabilitiesAndStockholdersEquity', 'equity': 'StockholdersEquity', 'ebit': 'OperatingIncomeLoss', 'revenue': 'RevenueFromContractWithCustomerExcludingAssessedTax', 'shares': 'EntityCommonStockSharesOutstanding'}"
1927958,AIRO,"AIRO Group Holdings, Inc.","{'debt_st': 'LongTermDebtCurrent', 'debt_lt': 'LongTermDebtNoncurrent', 'assets': 'Assets', 'liabilities': 'Liabilities', 'current_assets': 'AssetsCurrent', 'current_liabilities': 'LiabilitiesCurrent', 'retained_earnings': 'RetainedEarningsAccumulatedDeficit', 'liabilities_and_equity': 'LiabilitiesAndStockholdersEquity', 'equity': 'StockholdersEquity', 'ebit': 'OperatingIncomeLoss', 'revenue': 'RevenueFromContractWithCustomerExcludingAssessedTax', 'shares': 'EntityCommonStockSharesOutstanding'}"
1928446,GRNT,"Granite Ridge Resources, Inc.","{'debt_st': 'DebtCurrent', 'debt_lt': 'LongTermDebtNoncurrent', 'assets': 'Assets', 'liabilities': 'Liabilities', 'current_assets': 'AssetsCurrent', 'current_liabilities': 'LiabilitiesCurrent', 'retained_earnings': 'RetainedEarningsAccumulatedDeficit', 'liabilities_and_equity': 'LiabilitiesAndStockholdersEquity', 'equity': 'StockholdersEquity', 'ebit': 'OperatingIncomeLoss', 'revenue': 'RevenueFromContractWithCustomerExcludingAssessedTax', 'shares': 'EntityCommonStockSharesOutstanding'}"
1929561,RXO,"RXO, Inc.","{'debt_st': 'DebtCurrent', 'debt_lt': 'LongTermDebtAndCapitalLeaseObligations', 'assets': 'Assets', 'liabilities': None, 'current_assets': 'AssetsCurrent', 'current_liabilities': 'LiabilitiesCurrent', 'retained_earnings': 'RetainedEarningsAccumulatedDeficit', 'liabilities_and_equity': 'LiabilitiesAndStockholdersEquity', 'equity': 'StockholdersEquity', 'ebit': 'OperatingIncomeLoss', 'revenue': 'RevenueFromContractWithCustomerExcludingAssessedTax', 'shares': 'EntityCommonStockSharesOutstanding'}"
1930313,SBC,SBC Medical Group Holdings Inc,"{'debt_st': 'DebtCurrent', 'debt_lt': 'LongTermDebt', 'assets': 'Assets', 'liabilities': 'Liabilities', 'current_assets': 'AssetsCurrent', 'current_liabilities': 'LiabilitiesCurrent', 'retained_earnings': 'RetainedEarningsAccumulatedDeficit', 'liabilities_and_equity': 'LiabilitiesAndStockholdersEquity', 'equity': 'StockholdersEquity', 'ebit': 'OperatingIncomeLoss', 'revenue': 'RevenueFromContractWithCustomerExcludingAssessedTax', 'shares': 'EntityCommonStockSharesOutstanding'}"
1932393,GEHC,GE HealthCare Technologies Inc.,"{'debt_st': 'LongTermDebtCurrent', 'debt_lt': 'LongTermDebtNoncurrent', 'assets': 'Assets', 'liabilities': 'Liabilities', 'current_assets': 'AssetsCurrent', 'current_liabilities': 'LiabilitiesCurrent', 'retained_earnings': 'RetainedEarningsAccumulatedDeficit', 'liabilities_and_equity': 'LiabilitiesAndStockholdersEquity', 'equity': 'StockholdersEquity', 'ebit': 'OperatingIncomeLoss', 'revenue': 'RevenueFromContractWithCustomerExcludingAssessedTax', 'shares': 'EntityCommonStockSharesOutstanding'}"
1933414,MLYS,"Mineralys Therapeutics, Inc.","{'debt_st': None, 'debt_lt': 'LongTermDebt', 'assets': 'Assets', 'liabilities': 'Liabilities', 'current_assets': 'AssetsCurrent', 'current_liabilities': 'LiabilitiesCurrent', 'retained_earnings': 'RetainedEarningsAccumulatedDeficit', 'liabilities_and_equity': 'LiabilitiesAndStockholdersEquity', 'equity': 'StockholdersEquity', 'ebit': 'OperatingIncomeLoss', 'revenue': None, 'shares': 'EntityCommonStockSharesOutstanding'}"
1935979,BHVN,Biohaven Ltd.,"{'debt_st': None, 'debt_lt': 'LongTermNotesPayable', 'assets': 'Assets', 'liabilities': 'Liabilities', 'current_assets': 'AssetsCurrent', 'current_liabilities': 'LiabilitiesCurrent', 'retained_earnings': 'RetainedEarningsAccumulatedDeficit', 'liabilities_and_equity': 'LiabilitiesAndStockholdersEquity', 'equity': 'StockholdersEquity', 'ebit': 'OperatingIncomeLoss', 'revenue': None, 'shares': 'EntityCommonStockSharesOutstanding'}"
1941131,TORO,TORO CORP.,"{'debt_st': None, 'debt_lt': 'LongTermDebt', 'assets': 'Assets', 'liabilities': None, 'current_assets': 'AssetsCurrent', 'current_liabilities': 'LiabilitiesCurrent', 'retained_earnings': 'RetainedEarningsAccumulatedDeficit', 'liabilities_and_equity': 'LiabilitiesAndStockholdersEquity', 'equity': 'StockholdersEquity', 'ebit': 'OperatingIncomeLoss', 'revenue': 'Revenues', 'shares': 'EntityCommonStockSharesOutstanding'}"
1941365,MBC,"MasterBrand, Inc.","{'debt_st': 'LongTermDebtCurrent', 'debt_lt': 'LongTermDebtNoncurrent', 'assets': 'Assets', 'liabilities': 'Liabilities', 'current_assets': 'AssetsCurrent', 'current_liabilities': 'LiabilitiesCurrent', 'retained_earnings': 'RetainedEarningsAccumulatedDeficit', 'liabilities_and_equity': 'LiabilitiesAndStockholdersEquity', 'equity': 'StockholdersEquity', 'ebit': 'OperatingIncomeLoss', 'revenue': 'RevenueFromContractWithCustomerExcludingAssessedTax', 'shares': 'EntityCommonStockSharesOutstanding'}"
1944013,CR,Crane Co,"{'debt_st': 'LongTermDebtCurrent', 'debt_lt': 'LongTermDebtNoncurrent', 'assets': 'Assets', 'liabilities': 'Liabilities', 'current_assets': 'AssetsCurrent', 'current_liabilities': 'LiabilitiesCurrent', 'retained_earnings': 'RetainedEarningsAccumulatedDeficit', 'liabilities_and_equity': 'LiabilitiesAndStockholdersEquity', 'equity': 'StockholdersEquity', 'ebit': 'OperatingIncomeLoss', 'revenue': 'RevenueFromContractWithCustomerExcludingAssessedTax', 'shares': 'EntityCommonStockSharesOutstanding'}"
1944048,KVUE,Kenvue Inc.,"{'debt_st': 'DebtCurrent', 'debt_lt': 'LongTermDebtAndCapitalLeaseObligationsIncludingCurrentMaturities', 'assets': 'Assets', 'liabilities': 'Liabilities', 'current_assets': 'AssetsCurrent', 'current_liabilities': 'LiabilitiesCurrent', 'retained_earnings': 'RetainedEarningsAccumulatedDeficit', 'liabilities_and_equity': 'LiabilitiesAndStockholdersEquity', 'equity': 'StockholdersEquity', 'ebit': 'OperatingIncomeLoss', 'revenue': 'RevenueFromContractWithCustomerExcludingAssessedTax', 'shares': 'EntityCommonStockSharesOutstanding'}"
1951070,MH,"McGraw Hill, Inc.","{'debt_st': 'LongTermDebtCurrent', 'debt_lt': 'LongTermDebtNoncurrent', 'assets': 'Assets', 'liabilities': 'Liabilities', 'current_assets': 'AssetsCurrent', 'current_liabilities': 'LiabilitiesCurrent', 'retained_earnings': 'RetainedEarningsAccumulatedDeficit', 'liabilities_and_equity': 'LiabilitiesAndStockholdersEquity', 'equity': 'StockholdersEquity', 'ebit': 'OperatingIncomeLoss', 'revenue': 'RevenueFromContractWithCustomerExcludingAssessedTax', 'shares': 'EntityCommonStockSharesOutstanding'}"
1955520,KNF,Knife River Corp,"{'debt_st': 'LongTermDebtCurrent', 'debt_lt': 'LongTermDebtNoncurrent', 'assets': 'Assets', 'liabilities': 'Liabilities', 'current_assets': 'AssetsCurrent', 'current_liabilities': 'LiabilitiesCurrent', 'retained_earnings': 'RetainedEarningsAccumulatedDeficit', 'liabilities_and_equity': 'LiabilitiesAndStockholdersEquity', 'equity': 'StockholdersEquity', 'ebit': 'OperatingIncomeLoss', 'revenue': 'RevenueFromContractWithCustomerExcludingAssessedTax', 'shares': 'EntityCommonStockSharesOutstanding'}"
1957132,SN,"SharkNinja, Inc.","{'debt_st': 'LongTermDebtCurrent', 'debt_lt': 'LongTermDebtNoncurrent', 'assets': 'Assets', 'liabilities': 'Liabilities', 'current_assets': 'AssetsCurrent', 'current_liabilities': 'LiabilitiesCurrent', 'retained_earnings': 'RetainedEarningsAccumulatedDeficit', 'liabilities_and_equity': 'LiabilitiesAndStockholdersEquity', 'equity': 'StockholdersEquity', 'ebit': 'OperatingIncomeLoss', 'revenue': 'RevenueFromContractWithCustomerExcludingAssessedTax', 'shares': 'EntityCommonStockSharesOutstanding'}"
1957413,DCX,Digital Currency X Technology Inc.,"{'debt_st': 'LongTermDebtCurrent', 'debt_lt': None, 'assets': 'Assets', 'liabilities': 'Liabilities', 'current_assets': 'AssetsCurrent', 'current_liabilities': 'LiabilitiesCurrent', 'retained_earnings': 'RetainedEarningsAccumulatedDeficit', 'liabilities_and_equity': 'LiabilitiesAndStockholdersEquity', 'equity': 'StockholdersEquity', 'ebit': 'OperatingIncomeLoss', 'revenue': 'RevenueFromContractWithCustomerExcludingAssessedTax', 'shares': 'EntityCommonStockSharesOutstanding'}"
1958086,CLB,Core Laboratories Inc. /DE/,"{'debt_st': None, 'debt_lt': 'LongTermDebtNoncurrent', 'assets': 'Assets', 'liabilities': None, 'current_assets': 'AssetsCurrent', 'current_liabilities': 'LiabilitiesCurrent', 'retained_earnings': 'RetainedEarningsAccumulatedDeficit', 'liabilities_and_equity': 'LiabilitiesAndStockholdersEquity', 'equity': 'StockholdersEquity', 'ebit': 'OperatingIncomeLoss', 'revenue': 'RevenueFromContractWithCustomerExcludingAssessedTax', 'shares': 'EntityCommonStockSharesOutstanding'}"
1959348,KLG,WK Kellogg Co,"{'debt_st': 'LongTermDebtCurrent', 'debt_lt': 'LongTermDebtNoncurrent', 'assets': 'Assets', 'liabilities': None, 'current_assets': 'AssetsCurrent', 'current_liabilities': 'LiabilitiesCurrent', 'retained_earnings': 'RetainedEarningsAccumulatedDeficit', 'liabilities_and_equity': 'LiabilitiesAndStockholdersEquity', 'equity': 'StockholdersEquity', 'ebit': 'OperatingIncomeLoss', 'revenue': 'RevenueFromContractWithCustomerExcludingAssessedTax', 'shares': 'EntityCommonStockSharesOutstanding'}"
1959455,HSHP,Himalaya Shipping Ltd.,"{'debt_st': 'LongTermDebtCurrent', 'debt_lt': 'LongTermDebtNoncurrent', 'assets': 'Assets', 'liabilities': 'Liabilities', 'current_assets': 'AssetsCurrent', 'current_liabilities': 'LiabilitiesCurrent', 'retained_earnings': 'RetainedEarningsAccumulatedDeficit', 'liabilities_and_equity': 'LiabilitiesAndStockholdersEquity', 'equity': 'StockholdersEquity', 'ebit': 'OperatingIncomeLoss', 'revenue': 'Revenues', 'shares': 'EntityCommonStockSharesOutstanding'}"
1962746,LOT,Lotus Technology Inc.,"{'debt_st': 'LongTermDebtCurrent', 'debt_lt': 'LongTermDebtNoncurrent', 'assets': 'Assets', 'liabilities': 'Liabilities', 'current_assets': 'AssetsCurrent', 'current_liabilities': 'LiabilitiesCurrent', 'retained_earnings': 'RetainedEarningsAccumulatedDeficit', 'liabilities_and_equity': 'LiabilitiesAndStockholdersEquity', 'equity': 'StockholdersEquity', 'ebit': 'OperatingIncomeLoss', 'revenue': 'RevenueFromContractWithCustomerExcludingAssessedTax', 'shares': 'EntityCommonStockSharesOutstanding'}"
1964738,SOLV,Solventum Corp,"{'debt_st': 'DebtCurrent', 'debt_lt': 'LongTermDebtNoncurrent', 'assets': 'Assets', 'liabilities': 'Liabilities', 'current_assets': 'AssetsCurrent', 'current_liabilities': 'LiabilitiesCurrent', 'retained_earnings': 'RetainedEarningsAccumulatedDeficit', 'liabilities_and_equity': 'LiabilitiesAndStockholdersEquity', 'equity': 'StockholdersEquity', 'ebit': 'OperatingIncomeLoss', 'revenue': 'Revenues', 'shares': 'EntityCommonStockSharesOutstanding'}"
1965040,FTRE,Fortrea Holdings Inc.,"{'debt_st': 'LongTermDebtCurrent', 'debt_lt': 'LongTermDebtNoncurrent', 'assets': 'Assets', 'liabilities': 'Liabilities', 'current_assets': 'AssetsCurrent', 'current_liabilities': 'LiabilitiesCurrent', 'retained_earnings': 'RetainedEarningsAccumulatedDeficit', 'liabilities_and_equity': 'LiabilitiesAndStockholdersEquity', 'equity': 'StockholdersEquity', 'ebit': 'OperatingIncomeLoss', 'revenue': 'RevenueFromContractWithCustomerExcludingAssessedTax', 'shares': 'EntityCommonStockSharesOutstanding'}"
1967649,VSTS,Vestis Corp,"{'debt_st': 'LongTermDebtCurrent', 'debt_lt': 'LongTermDebtNoncurrent', 'assets': 'Assets', 'liabilities': 'Liabilities', 'current_assets': 'AssetsCurrent', 'current_liabilities': 'LiabilitiesCurrent', 'retained_earnings': 'RetainedEarningsAccumulatedDeficit', 'liabilities_and_equity': 'LiabilitiesAndStockholdersEquity', 'equity': 'StockholdersEquity', 'ebit': 'OperatingIncomeLoss', 'revenue': 'RevenueFromContractWithCustomerExcludingAssessedTax', 'shares': 'EntityCommonStockSharesOutstanding'}"
1967680,VLTO,Veralto Corp,"{'debt_st': 'LongTermDebtCurrent', 'debt_lt': 'LongTermDebtNoncurrent', 'assets': 'Assets', 'liabilities': None, 'current_assets': 'AssetsCurrent', 'current_liabilities': 'LiabilitiesCurrent', 'retained_earnings': 'RetainedEarningsAccumulatedDeficit', 'liabilities_and_equity': 'LiabilitiesAndStockholdersEquity', 'equity': 'StockholdersEquity', 'ebit': 'OperatingIncomeLoss', 'revenue': 'RevenueFromContractWithCustomerExcludingAssessedTax', 'shares': 'EntityCommonStockSharesOutstanding'}"
1968487,WS,"Worthington Steel, Inc.","{'debt_st': 'DebtCurrent', 'debt_lt': 'LongTermDebtNoncurrent', 'assets': 'Assets', 'liabilities': 'Liabilities', 'current_assets': 'AssetsCurrent', 'current_liabilities': 'LiabilitiesCurrent', 'retained_earnings': 'RetainedEarningsAccumulatedDeficit', 'liabilities_and_equity': 'LiabilitiesAndStockholdersEquity', 'equity': 'StockholdersEquity', 'ebit': 'OperatingIncomeLoss', 'revenue': 'RevenueFromContractWithCustomerExcludingAssessedTax', 'shares': 'EntityCommonStockSharesOutstanding'}"
1968915,PHIN,PHINIA INC.,"{'debt_st': 'LongTermDebtCurrent', 'debt_lt': 'LongTermDebtNoncurrent', 'assets': 'Assets', 'liabilities': 'Liabilities', 'current_assets': 'AssetsCurrent', 'current_liabilities': 'LiabilitiesCurrent', 'retained_earnings': 'RetainedEarningsAccumulatedDeficit', 'liabilities_and_equity': 'LiabilitiesAndStockholdersEquity', 'equity': 'StockholdersEquity', 'ebit': 'OperatingIncomeLoss', 'revenue': 'RevenueFromContractWithCustomerExcludingAssessedTax', 'shares': 'EntityCommonStockSharesOutstanding'}"
1969302,PONY,Pony AI Inc.,"{'debt_st': 'ShortTermBorrowings', 'debt_lt': None, 'assets': 'Assets', 'liabilities': 'Liabilities', 'current_assets': 'AssetsCurrent', 'current_liabilities': 'LiabilitiesCurrent', 'retained_earnings': 'RetainedEarningsAccumulatedDeficit', 'liabilities_and_equity': 'LiabilitiesAndStockholdersEquity', 'equity': 'StockholdersEquity', 'ebit': 'OperatingIncomeLoss', 'revenue': 'RevenueFromContractWithCustomerExcludingAssessedTax', 'shares': 'EntityCommonStockSharesOutstanding'}"
1974138,NATL,NCR Atleos Corp,"{'debt_st': 'DebtCurrent', 'debt_lt': 'LongTermDebtNoncurrent', 'assets': 'Assets', 'liabilities': 'Liabilities', 'current_assets': 'AssetsCurrent', 'current_liabilities': 'LiabilitiesCurrent', 'retained_earnings': 'RetainedEarningsAccumulatedDeficit', 'liabilities_and_equity': 'LiabilitiesAndStockholdersEquity', 'equity': 'StockholdersEquity', 'ebit': 'OperatingIncomeLoss', 'revenue': 'RevenueFromContractWithCustomerExcludingAssessedTax', 'shares': 'EntityCommonStockSharesOutstanding'}"
1977303,ALTM,Arcadium Lithium plc,"{'debt_st': 'DebtCurrent', 'debt_lt': 'LongTermDebtNoncurrent', 'assets': 'Assets', 'liabilities': 'Liabilities', 'current_assets': 'AssetsCurrent', 'current_liabilities': 'LiabilitiesCurrent', 'retained_earnings': 'RetainedEarningsAccumulatedDeficit', 'liabilities_and_equity': 'LiabilitiesAndStockholdersEquity', 'equity': 'StockholdersEquity', 'ebit': 'OperatingIncomeLoss', 'revenue': 'RevenueFromContractWithCustomerExcludingAssessedTax', 'shares': 'EntityCommonStockSharesOutstanding'}"
1980088,MNR,MACH NATURAL RESOURCES LP,"{'debt_st': 'LongTermDebtCurrent', 'debt_lt': 'LongTermDebtNoncurrent', 'assets': 'Assets', 'liabilities': None, 'current_assets': 'AssetsCurrent', 'current_liabilities': 'LiabilitiesCurrent', 'retained_earnings': None, 'liabilities_and_equity': 'LiabilitiesAndStockholdersEquity', 'equity': None, 'ebit': 'OperatingIncomeLoss', 'revenue': 'Revenues', 'shares': 'EntityCommonStockSharesOutstanding'}"
1981599,CTRI,"Centuri Holdings, Inc.","{'debt_st': 'LongTermDebtCurrent', 'debt_lt': 'LongTermDebtNoncurrent', 'assets': 'Assets', 'liabilities': 'Liabilities', 'current_assets': 'AssetsCurrent', 'current_liabilities': 'LiabilitiesCurrent', 'retained_earnings': 'RetainedEarningsAccumulatedDeficit', 'liabilities_and_equity': 'LiabilitiesAndStockholdersEquity', 'equity': 'StockholdersEquity', 'ebit': 'OperatingIncomeLoss', 'revenue': 'RevenueFromContractWithCustomerExcludingAssessedTax', 'shares': 'EntityCommonStockSharesOutstanding'}"
1984060,AESI,Atlas Energy Solutions Inc.,"{'debt_st': 'LongTermDebtCurrent', 'debt_lt': 'LongTermDebtNoncurrent', 'assets': 'Assets', 'liabilities': 'Liabilities', 'current_assets': 'AssetsCurrent', 'current_liabilities': 'LiabilitiesCurrent', 'retained_earnings': 'RetainedEarningsAccumulatedDeficit', 'liabilities_and_equity': 'LiabilitiesAndStockholdersEquity', 'equity': 'StockholdersEquity', 'ebit': 'OperatingIncomeLoss', 'revenue': 'RevenueFromContractWithCustomerExcludingAssessedTax', 'shares': 'EntityCommonStockSharesOutstanding'}"
1985273,TOYO,"TOYO Co., Ltd","{'debt_st': 'LongTermDebtCurrent', 'debt_lt': 'LongTermDebtNoncurrent', 'assets': 'Assets', 'liabilities': 'Liabilities', 'current_assets': 'AssetsCurrent', 'current_liabilities': 'LiabilitiesCurrent', 'retained_earnings': 'RetainedEarningsAccumulatedDeficit', 'liabilities_and_equity': 'LiabilitiesAndStockholdersEquity', 'equity': 'StockholdersEquity', 'ebit': 'OperatingIncomeLoss', 'revenue': 'Revenues', 'shares': 'EntityCommonStockSharesOutstanding'}"
1990354,WAY,Waystar Holding Corp.,"{'debt_st': 'LongTermDebtCurrent', 'debt_lt': 'LongTermDebtNoncurrent', 'assets': 'Assets', 'liabilities': 'Liabilities', 'current_assets': 'AssetsCurrent', 'current_liabilities': 'LiabilitiesCurrent', 'retained_earnings': 'RetainedEarningsAccumulatedDeficit', 'liabilities_and_equity': 'LiabilitiesAndStockholdersEquity', 'equity': 'StockholdersEquity', 'ebit': 'OperatingIncomeLoss', 'revenue': 'RevenueFromContractWithCustomerExcludingAssessedTax', 'shares': 'EntityCommonStockSharesOutstanding'}"
1991792,CGON,"CG Oncology, Inc.","{'debt_st': None, 'debt_lt': 'LongTermDebtNoncurrent', 'assets': 'Assets', 'liabilities': 'Liabilities', 'current_assets': 'AssetsCurrent', 'current_liabilities': 'LiabilitiesCurrent', 'retained_earnings': 'RetainedEarningsAccumulatedDeficit', 'liabilities_and_equity': 'LiabilitiesAndStockholdersEquity', 'equity': 'StockholdersEquity', 'ebit': 'OperatingIncomeLoss', 'revenue': 'RevenueFromContractWithCustomerIncludingAssessedTax', 'shares': 'EntityCommonStockSharesOutstanding'}"
1992243,TE,T1 Energy Inc.,"{'debt_st': 'LongTermDebtCurrent', 'debt_lt': 'LongTermDebtNoncurrent', 'assets': 'Assets', 'liabilities': 'Liabilities', 'current_assets': 'AssetsCurrent', 'current_liabilities': 'LiabilitiesCurrent', 'retained_earnings': 'RetainedEarningsAccumulatedDeficit', 'liabilities_and_equity': 'LiabilitiesAndStockholdersEquity', 'equity': 'StockholdersEquity', 'ebit': 'OperatingIncomeLoss', 'revenue': 'RevenueFromContractWithCustomerExcludingAssessedTax', 'shares': 'EntityCommonStockSharesOutstanding'}"
1993004,NWE,"NorthWestern Energy Group, Inc.","{'debt_st': 'LongTermDebtCurrent', 'debt_lt': 'LongTermDebtNoncurrent', 'assets': 'Assets', 'liabilities': 'Liabilities', 'current_assets': 'AssetsCurrent', 'current_liabilities': 'LiabilitiesCurrent', 'retained_earnings': 'RetainedEarningsAccumulatedDeficit', 'liabilities_and_equity': 'LiabilitiesAndStockholdersEquity', 'equity': 'StockholdersEquity', 'ebit': 'OperatingIncomeLoss', 'revenue': 'Revenues', 'shares': 'EntityCommonStockSharesOutstanding'}"
1996810,GEV,GE Vernova Inc.,"{'debt_st': 'ShortTermBorrowings', 'debt_lt': 'LongTermDebtAndCapitalLeaseObligationsIncludingCurrentMaturities', 'assets': 'Assets', 'liabilities': 'Liabilities', 'current_assets': 'AssetsCurrent', 'current_liabilities': 'LiabilitiesCurrent', 'retained_earnings': 'RetainedEarningsAccumulatedDeficit', 'liabilities_and_equity': 'LiabilitiesAndStockholdersEquity', 'equity': 'StockholdersEquity', 'ebit': 'OperatingIncomeLoss', 'revenue': 'RevenueFromContractWithCustomerExcludingAssessedTax', 'shares': 'EntityCommonStockSharesOutstanding'}"
1996862,BG,Bunge Global SA,"{'debt_st': 'DebtCurrent', 'debt_lt': 'LongTermDebtNoncurrent', 'assets': 'Assets', 'liabilities': None, 'current_assets': 'AssetsCurrent', 'current_liabilities': 'LiabilitiesCurrent', 'retained_earnings': 'RetainedEarningsAccumulatedDeficit', 'liabilities_and_equity': 'LiabilitiesAndStockholdersEquity', 'equity': 'StockholdersEquity', 'ebit': 'IncomeLossFromContinuingOperationsBeforeIncomeTaxesExtraordinaryItemsNoncontrollingInterest', 'revenue': 'RevenueFromContractWithCustomerExcludingAssessedTax', 'shares': 'EntityCommonStockSharesOutstanding'}"
1997652,TBN,Tamboran Resources Corp,"{'debt_st': None, 'debt_lt': 'LongTermDebtNoncurrent', 'assets': 'Assets', 'liabilities': 'Liabilities', 'current_assets': 'AssetsCurrent', 'current_liabilities': 'LiabilitiesCurrent', 'retained_earnings': 'RetainedEarningsAccumulatedDeficit', 'liabilities_and_equity': 'LiabilitiesAndStockholdersEquity', 'equity': 'StockholdersEquity', 'ebit': 'OperatingIncomeLoss', 'revenue': 'Revenues', 'shares': 'EntityCommonStockSharesOutstanding'}"
1999001,FUN,Six Flags Entertainment Corporation/NEW,"{'debt_st': 'LongTermDebtCurrent', 'debt_lt': 'LongTermDebtNoncurrent', 'assets': 'Assets', 'liabilities': 'Liabilities', 'current_assets': 'AssetsCurrent', 'current_liabilities': 'LiabilitiesCurrent', 'retained_earnings': 'RetainedEarningsAccumulatedDeficit', 'liabilities_and_equity': 'LiabilitiesAndStockholdersEquity', 'equity': 'StockholdersEquity', 'ebit': 'OperatingIncomeLoss', 'revenue': 'Revenues', 'shares': 'EntityCommonStockSharesOutstanding'}"
2000178,LOAR,Loar Holdings Inc.,"{'debt_st': 'LongTermDebtCurrent', 'debt_lt': 'LongTermDebtNoncurrent', 'assets': 'Assets', 'liabilities': 'Liabilities', 'current_assets': 'AssetsCurrent', 'current_liabilities': 'LiabilitiesCurrent', 'retained_earnings': 'RetainedEarningsAccumulatedDeficit', 'liabilities_and_equity': 'LiabilitiesAndStockholdersEquity', 'equity': 'StockholdersEquity', 'ebit': 'OperatingIncomeLoss', 'revenue': 'RevenueFromContractWithCustomerExcludingAssessedTax', 'shares': 'EntityCommonStockSharesOutstanding'}"
2001184,PACS,"PACS Group, Inc.","{'debt_st': 'LongTermDebtCurrent', 'debt_lt': 'LongTermDebtNoncurrent', 'assets': 'Assets', 'liabilities': 'Liabilities', 'current_assets': 'AssetsCurrent', 'current_liabilities': 'LiabilitiesCurrent', 'retained_earnings': 'RetainedEarningsAccumulatedDeficit', 'liabilities_and_equity': 'LiabilitiesAndStockholdersEquity', 'equity': 'StockholdersEquity', 'ebit': 'OperatingIncomeLoss', 'revenue': 'RevenueFromContractWithCustomerExcludingAssessedTax', 'shares': 'EntityCommonStockSharesOutstanding'}"
2005951,SW,Smurfit Westrock plc,"{'debt_st': 'DebtCurrent', 'debt_lt': 'LongTermDebtAndCapitalLeaseObligations', 'assets': 'Assets', 'liabilities': 'Liabilities', 'current_assets': 'AssetsCurrent', 'current_liabilities': 'LiabilitiesCurrent', 'retained_earnings': 'RetainedEarningsAccumulatedDeficit', 'liabilities_and_equity': 'LiabilitiesAndStockholdersEquity', 'equity': 'StockholdersEquity', 'ebit': 'OperatingIncomeLoss', 'revenue': 'RevenueFromContractWithCustomerExcludingAssessedTax', 'shares': 'EntityCommonStockSharesOutstanding'}"
2009684,SEG,Seaport Entertainment Group Inc.,"{'debt_st': None, 'debt_lt': 'LongTermDebt', 'assets': 'Assets', 'liabilities': 'Liabilities', 'current_assets': None, 'current_liabilities': None, 'retained_earnings': 'RetainedEarningsAccumulatedDeficit', 'liabilities_and_equity': 'LiabilitiesAndStockholdersEquity', 'equity': 'StockholdersEquity', 'ebit': 'OperatingIncomeLoss', 'revenue': 'RevenueFromContractWithCustomerExcludingAssessedTax', 'shares': 'EntityCommonStockSharesOutstanding'}"
2011286,AMTM,"Amentum Holdings, Inc.","{'debt_st': 'LongTermDebtCurrent', 'debt_lt': 'LongTermDebtNoncurrent', 'assets': 'Assets', 'liabilities': 'Liabilities', 'current_assets': 'AssetsCurrent', 'current_liabilities': 'LiabilitiesCurrent', 'retained_earnings': 'RetainedEarningsAccumulatedDeficit', 'liabilities_and_equity': 'LiabilitiesAndStockholdersEquity', 'equity': 'StockholdersEquity', 'ebit': 'OperatingIncomeLoss', 'revenue': 'RevenueFromContractWithCustomerExcludingAssessedTax', 'shares': 'EntityCommonStockSharesOutstanding'}"
2011641,FERG,Ferguson Enterprises Inc. /DE/,"{'debt_st': 'DebtCurrent', 'debt_lt': 'LongTermDebtNoncurrent', 'assets': 'Assets', 'liabilities': 'Liabilities', 'current_assets': 'AssetsCurrent', 'current_liabilities': 'LiabilitiesCurrent', 'retained_earnings': 'RetainedEarningsAccumulatedDeficit', 'liabilities_and_equity': 'LiabilitiesAndStockholdersEquity', 'equity': 'StockholdersEquity', 'ebit': 'OperatingIncomeLoss', 'revenue': 'Revenues', 'shares': 'EntityCommonStockSharesOutstanding'}"
2013745,CLMT,"Calumet, Inc. /DE","{'debt_st': None, 'debt_lt': 'LongTermDebtNoncurrent', 'assets': 'Assets', 'liabilities': 'Liabilities', 'current_assets': 'AssetsCurrent', 'current_liabilities': 'LiabilitiesCurrent', 'retained_earnings': 'RetainedEarningsAccumulatedDeficit', 'liabilities_and_equity': 'LiabilitiesAndStockholdersEquity', 'equity': 'StockholdersEquity', 'ebit': 'OperatingIncomeLoss', 'revenue': 'RevenueFromContractWithCustomerExcludingAssessedTax', 'shares': 'EntityCommonStockSharesOutstanding'}"
2014596,CON,"Concentra Group Holdings Parent, Inc.","{'debt_st': None, 'debt_lt': 'LongTermDebtAndCapitalLeaseObligations', 'assets': 'Assets', 'liabilities': 'Liabilities', 'current_assets': 'AssetsCurrent', 'current_liabilities': 'LiabilitiesCurrent', 'retained_earnings': 'RetainedEarningsAccumulatedDeficit', 'liabilities_and_equity': 'LiabilitiesAndStockholdersEquity', 'equity': 'StockholdersEquity', 'ebit': 'OperatingIncomeLoss', 'revenue': 'RevenueFromContractWithCustomerExcludingAssessedTax', 'shares': 'EntityCommonStockSharesOutstanding'}"
2015845,ECG,"Everus Construction Group, Inc.","{'debt_st': 'LongTermDebtCurrent', 'debt_lt': 'LongTermDebtNoncurrent', 'assets': 'Assets', 'liabilities': 'Liabilities', 'current_assets': 'AssetsCurrent', 'current_liabilities': 'LiabilitiesCurrent', 'retained_earnings': 'RetainedEarningsAccumulatedDeficit', 'liabilities_and_equity': 'LiabilitiesAndStockholdersEquity', 'equity': 'StockholdersEquity', 'ebit': 'OperatingIncomeLoss', 'revenue': 'RevenueFromContractWithCustomerExcludingAssessedTax', 'shares': 'EntityCommonStockSharesOutstanding'}"
2018064,TTGT,"TechTarget, Inc.","{'debt_st': None, 'debt_lt': 'LongTermDebt', 'assets': 'Assets', 'liabilities': 'Liabilities', 'current_assets': 'AssetsCurrent', 'current_liabilities': 'LiabilitiesCurrent', 'retained_earnings': 'RetainedEarningsAccumulatedDeficit', 'liabilities_and_equity': 'LiabilitiesAndStockholdersEquity', 'equity': 'StockholdersEquity', 'ebit': 'OperatingIncomeLoss', 'revenue': 'RevenueFromContractWithCustomerExcludingAssessedTax', 'shares': 'EntityCommonStockSharesOutstanding'}"
2019410,CAI,"Caris Life Sciences, Inc.","{'debt_st': 'LongTermDebtCurrent', 'debt_lt': 'LongTermDebtNoncurrent', 'assets': 'Assets', 'liabilities': 'Liabilities', 'current_assets': 'AssetsCurrent', 'current_liabilities': 'LiabilitiesCurrent', 'retained_earnings': 'RetainedEarningsAccumulatedDeficit', 'liabilities_and_equity': 'LiabilitiesAndStockholdersEquity', 'equity': 'StockholdersEquity', 'ebit': 'OperatingIncomeLoss', 'revenue': 'RevenueFromContractWithCustomerExcludingAssessedTax', 'shares': 'EntityCommonStockSharesOutstanding'}"
2019793,SAFX,"XCF Global, Inc.","{'debt_st': 'DebtCurrent', 'debt_lt': 'LongTermDebt', 'assets': 'Assets', 'liabilities': 'Liabilities', 'current_assets': 'AssetsCurrent', 'current_liabilities': 'LiabilitiesCurrent', 'retained_earnings': 'RetainedEarningsAccumulatedDeficit', 'liabilities_and_equity': 'LiabilitiesAndStockholdersEquity', 'equity': 'StockholdersEquity', 'ebit': 'OperatingIncomeLoss', 'revenue': 'RevenueFromContractWithCustomerExcludingAssessedTax', 'shares': 'EntityCommonStockSharesOutstanding'}"
2023554,SNDK,Sandisk Corp,"{'debt_st': 'LongTermDebtCurrent', 'debt_lt': 'LongTermDebtNoncurrent', 'assets': 'Assets', 'liabilities': 'Liabilities', 'current_assets': 'AssetsCurrent', 'current_liabilities': 'LiabilitiesCurrent', 'retained_earnings': 'RetainedEarningsAccumulatedDeficit', 'liabilities_and_equity': 'LiabilitiesAndStockholdersEquity', 'equity': 'StockholdersEquity', 'ebit': 'OperatingIncomeLoss', 'revenue': 'RevenueFromContractWithCustomerExcludingAssessedTax', 'shares': 'EntityCommonStockSharesOutstanding'}"
2024218,SMC,Summit Midstream Corp,"{'debt_st': 'LongTermDebtCurrent', 'debt_lt': 'LongTermDebtNoncurrent', 'assets': 'Assets', 'liabilities': 'Liabilities', 'current_assets': 'AssetsCurrent', 'current_liabilities': 'LiabilitiesCurrent', 'retained_earnings': 'RetainedEarningsAccumulatedDeficit', 'liabilities_and_equity': 'LiabilitiesAndStockholdersEquity', 'equity': 'StockholdersEquity', 'ebit': 'IncomeLossFromContinuingOperationsBeforeIncomeTaxesExtraordinaryItemsNoncontrollingInterest', 'revenue': 'RevenueFromContractWithCustomerExcludingAssessedTax', 'shares': 'EntityCommonStockSharesOutstanding'}"
2025410,SARO,"StandardAero, Inc.","{'debt_st': 'LongTermDebtCurrent', 'debt_lt': 'LongTermDebtNoncurrent', 'assets': 'Assets', 'liabilities': 'Liabilities', 'current_assets': 'AssetsCurrent', 'current_liabilities': 'LiabilitiesCurrent', 'retained_earnings': 'RetainedEarningsAccumulatedDeficit', 'liabilities_and_equity': 'LiabilitiesAndStockholdersEquity', 'equity': 'StockholdersEquity', 'ebit': 'OperatingIncomeLoss', 'revenue': 'RevenueFromContractWithCustomerExcludingAssessedTax', 'shares': 'EntityCommonStockSharesOutstanding'}"
2032966,TIC,"TIC Solutions, Inc.","{'debt_st': 'LongTermDebtCurrent', 'debt_lt': 'LongTermDebtNoncurrent', 'assets': 'Assets', 'liabilities': 'Liabilities', 'current_assets': 'AssetsCurrent', 'current_liabilities': 'LiabilitiesCurrent', 'retained_earnings': 'RetainedEarningsAccumulatedDeficit', 'liabilities_and_equity': 'LiabilitiesAndStockholdersEquity', 'equity': 'StockholdersEquity', 'ebit': 'OperatingIncomeLoss', 'revenue': 'RevenueFromContractWithCustomerExcludingAssessedTax', 'shares': 'EntityCommonStockSharesOutstanding'}"
2035989,AMRZ,Amrize Ltd,"{'debt_st': 'LongTermDebtCurrent', 'debt_lt': 'LongTermDebtNoncurrent', 'assets': 'Assets', 'liabilities': 'Liabilities', 'current_assets': 'AssetsCurrent', 'current_liabilities': 'LiabilitiesCurrent', 'retained_earnings': 'RetainedEarningsAccumulatedDeficit', 'liabilities_and_equity': 'LiabilitiesAndStockholdersEquity', 'equity': 'StockholdersEquity', 'ebit': 'OperatingIncomeLoss', 'revenue': 'RevenueFromContractWithCustomerExcludingAssessedTax', 'shares': 'EntityCommonStockSharesOutstanding'}"
2040127,KRMN,Karman Holdings Inc.,"{'debt_st': 'LongTermDebtCurrent', 'debt_lt': 'LongTermNotesPayable', 'assets': 'Assets', 'liabilities': 'Liabilities', 'current_assets': 'AssetsCurrent', 'current_liabilities': 'LiabilitiesCurrent', 'retained_earnings': 'RetainedEarningsAccumulatedDeficit', 'liabilities_and_equity': 'LiabilitiesAndStockholdersEquity', 'equity': 'StockholdersEquity', 'ebit': 'OperatingIncomeLoss', 'revenue': 'RevenueFromContractWithCustomerExcludingAssessedTax', 'shares': 'EntityCommonStockSharesOutstanding'}"
2040807,MTSR,"Metsera, Inc.","{'debt_st': 'NotesPayableCurrent', 'debt_lt': None, 'assets': 'Assets', 'liabilities': 'Liabilities', 'current_assets': 'AssetsCurrent', 'current_liabilities': 'LiabilitiesCurrent', 'retained_earnings': 'RetainedEarningsAccumulatedDeficit', 'liabilities_and_equity': 'LiabilitiesAndStockholdersEquity', 'equity': 'StockholdersEquity', 'ebit': 'OperatingIncomeLoss', 'revenue': None, 'shares': 'EntityCommonStockSharesOutstanding'}"
2041385,RAL,Ralliant Corp,"{'debt_st': 'LongTermDebtCurrent', 'debt_lt': 'LongTermDebtNoncurrent', 'assets': 'Assets', 'liabilities': 'Liabilities', 'current_assets': 'AssetsCurrent', 'current_liabilities': 'LiabilitiesCurrent', 'retained_earnings': 'RetainedEarningsAccumulatedDeficit', 'liabilities_and_equity': 'LiabilitiesAndStockholdersEquity', 'equity': 'StockholdersEquity', 'ebit': 'OperatingIncomeLoss', 'revenue': 'RevenueFromContractWithCustomerExcludingAssessedTax', 'shares': 'EntityCommonStockSharesOutstanding'}"
2042694,PRMB,Primo Brands Corp,"{'debt_st': 'LongTermDebtCurrent', 'debt_lt': 'LongTermDebtNoncurrent', 'assets': 'Assets', 'liabilities': 'Liabilities', 'current_assets': 'AssetsCurrent', 'current_liabilities': 'LiabilitiesCurrent', 'retained_earnings': 'RetainedEarningsAccumulatedDeficit', 'liabilities_and_equity': 'LiabilitiesAndStockholdersEquity', 'equity': 'StockholdersEquity', 'ebit': 'OperatingIncomeLoss', 'revenue': 'RevenueFromContractWithCustomerExcludingAssessedTax', 'shares': 'EntityCommonStockSharesOutstanding'}"
2048519,AEBI,Aebi Schmidt Holding AG,"{'debt_st': 'LongTermDebtCurrent', 'debt_lt': 'LongTermDebtNoncurrent', 'assets': 'Assets', 'liabilities': 'Liabilities', 'current_assets': 'AssetsCurrent', 'current_liabilities': 'LiabilitiesCurrent', 'retained_earnings': 'RetainedEarningsAccumulatedDeficit', 'liabilities_and_equity': 'LiabilitiesAndStockholdersEquity', 'equity': 'StockholdersEquity', 'ebit': 'OperatingIncomeLoss', 'revenue': 'RevenueFromContractWithCustomerExcludingAssessedTax', 'shares': 'EntityCommonStockSharesOutstanding'}"
2052959,LION,Lionsgate Studios Corp.,"{'debt_st': 'LongTermDebtCurrent', 'debt_lt': 'LongTermDebtNoncurrent', 'assets': 'Assets', 'liabilities': 'Liabilities', 'current_assets': 'AssetsCurrent', 'current_liabilities': 'LiabilitiesCurrent', 'retained_earnings': 'RetainedEarningsAccumulatedDeficit', 'liabilities_and_equity': 'LiabilitiesAndStockholdersEquity', 'equity': 'StockholdersEquity', 'ebit': 'OperatingIncomeLoss', 'revenue': 'RevenueFromContractWithCustomerExcludingAssessedTax', 'shares': 'EntityCommonStockSharesOutstanding'}"
2054696,NIQ,NIQ Global Intelligence plc,"{'debt_st': 'DebtCurrent', 'debt_lt': 'LongTermDebtNoncurrent', 'assets': 'Assets', 'liabilities': 'Liabilities', 'current_assets': 'AssetsCurrent', 'current_liabilities': 'LiabilitiesCurrent', 'retained_earnings': 'RetainedEarningsAccumulatedDeficit', 'liabilities_and_equity': 'LiabilitiesAndStockholdersEquity', 'equity': 'StockholdersEquity', 'ebit': 'OperatingIncomeLoss', 'revenue': 'RevenueFromContractWithCustomerExcludingAssessedTax', 'shares': 'EntityCommonStockSharesOutstanding'}"
2083785,SUNB,"Sunbelt Rentals Holdings, Inc.","{'debt_st': 'LongTermDebtCurrent', 'debt_lt': 'LongTermDebtNoncurrent', 'assets': 'Assets', 'liabilities': 'Liabilities', 'current_assets': 'AssetsCurrent', 'current_liabilities': 'LiabilitiesCurrent', 'retained_earnings': 'RetainedEarningsAccumulatedDeficit', 'liabilities_and_equity': 'LiabilitiesAndStockholdersEquity', 'equity': 'StockholdersEquity', 'ebit': 'OperatingIncomeLoss', 'revenue': 'RevenueFromContractWithCustomerExcludingAssessedTax', 'shares': 'EntityCommonStockSharesOutstanding'}"
