cik,assets,frames_name,ticker,sec_name,name
19617,4552482000000.0,JPMORGAN CHASE & CO,JPM,JPMORGAN CHASE & CO,JPMORGAN CHASE & CO
310522,4338227000000.0,FEDERAL NATIONAL MORTGAGE ASSOCIATION FANNIE MAE,FNMA,FEDERAL NATIONAL MORTGAGE ASSOCIATION FANNIE MAE,FEDERAL NATIONAL MORTGAGE ASSOCIATION FANNIE MAE
70858,3440798000000.0,Bank of America Corporation,BAC,BANK OF AMERICA CORP /DE/,BANK OF AMERICA CORP /DE/
1026214,3436280000000.0,Federal Home Loan Mortgage Corporation,FMCC,FEDERAL HOME LOAN MORTGAGE CORP,FEDERAL HOME LOAN MORTGAGE CORP
831001,2622772000000.0,Citigroup Inc.,C,CITIGROUP INC,CITIGROUP INC
72971,1981269000000.0,WELLS FARGO & COMPANY/MN,WFC,WELLS FARGO & COMPANY/MN,WELLS FARGO & COMPANY/MN
886982,1785009000000.0,"The Goldman Sachs Group, Inc.",GS,GOLDMAN SACHS GROUP INC,GOLDMAN SACHS GROUP INC
895421,1353870000000.0,MORGAN STANLEY,MS,MORGAN STANLEY,MORGAN STANLEY
1067983,1163968000000.0,BERKSHIRE HATHAWAY INC,BRK-B,BERKSHIRE HATHAWAY INC,BERKSHIRE HATHAWAY INC
1099219,898764000000.0,METLIFE INC,MET,METLIFE INC,METLIFE INC
1137774,896552000000.0,PRUDENTIAL FINANCIAL INC,PRU,PRUDENTIAL FINANCIAL INC,PRUDENTIAL FINANCIAL INC
36104,686370000000.0,US BANCORP \DE\,USB,US BANCORP DE,US BANCORP DE
1018724,682170000000.0,"AMAZON.COM, INC.",AMZN,AMAZON COM INC,AMAZON COM INC
927628,658968000000.0,CAPITAL ONE FINANCIAL CORP,COF,CAPITAL ONE FINANCIAL CORP,CAPITAL ONE FINANCIAL CORP
789019,619003000000.0,MICROSOFT CORPORATION,MSFT,MICROSOFT CORP,MICROSOFT CORP
713676,559107000000.0,"PNC FINANCIAL SERVICES GROUP, INC.",PNC,"PNC FINANCIAL SERVICES GROUP, INC.","PNC FINANCIAL SERVICES GROUP, INC."
92230,555255000000.0,Truist Financial Corporation,TFC,TRUIST FINANCIAL CORP,TRUIST FINANCIAL CORP
316709,551772000000.0,SCHWAB CHARLES CORP,SCHW,SCHWAB CHARLES CORP,SCHWAB CHARLES CORP
732717,551669000000.0,AT&T INC.,T,AT&T INC.,AT&T INC.
5272,525064000000.0,"AMERICAN INTERNATIONAL GROUP, INC.",AIG,"AMERICAN INTERNATIONAL GROUP, INC.","AMERICAN INTERNATIONAL GROUP, INC."
1652044,502053000000.0,ALPHABET INC.,GOOGL,Alphabet Inc.,Alphabet Inc.
1390777,485781000000.0,Bank of New York Mellon Corp,BNY,Bank of New York Mellon Corp,Bank of New York Mellon Corp
34088,447597000000.0,Exxon Mobil Corporation,,,Exxon Mobil Corporation
937834,432561000000.0,Metropolitan Life Insurance Co,,,Metropolitan Life Insurance Co
1858681,419550000000.0,"APOLLO GLOBAL MANAGEMENT, INC.",APO,"Apollo Global Management, Inc.","Apollo Global Management, Inc."
726865,413886000000.0,THE LINCOLN NATIONAL LIFE INSURANCE COMPANY,,,THE LINCOLN NATIONAL LIFE INSURANCE COMPANY
1527469,405309000000.0,ATHENE HOLDING LTD,ATH-PA,Athene Holding Ltd.,Athene Holding Ltd.
1889539,399163000000.0,"Corebridge Financial, Inc.",CRBG,"Corebridge Financial, Inc.","Corebridge Financial, Inc."
59558,399065000000.0,Lincoln National Corporation,LNC,LINCOLN NATIONAL CORP,LINCOLN NATIONAL CORP
732712,383285000000.0,Verizon Communications Inc.,VZ,VERIZON COMMUNICATIONS INC,VERIZON COMMUNICATIONS INC
1404912,380867573000.0,KKR & Co. Inc.,KKR,KKR & Co. Inc.,KKR & Co. Inc.
93751,376717000000.0,STATE STREET CORP,STT,STATE STREET CORP,STATE STREET CORP
40545,359122000000.0,General Electric Company,GE,GENERAL ELECTRIC CO,GENERAL ELECTRIC CO
320193,346747000000.0,Apple Inc.,AAPL,Apple Inc.,Apple Inc.
1822993,343722000000.0,Jackson Financial Inc.,JXN,Jackson Financial Inc.,Jackson Financial Inc.
1126328,323103800000.0,"PRINCIPAL FINANCIAL GROUP, INC.",PFG,PRINCIPAL FINANCIAL GROUP INC,PRINCIPAL FINANCIAL GROUP INC
731766,308573000000.0,UnitedHealth Group Incorporated,UNH,UNITEDHEALTH GROUP INC,UNITEDHEALTH GROUP INC
1333986,303088000000.0,"Equitable Holdings, Inc.",EQH,"Equitable Holdings, Inc.","Equitable Holdings, Inc."
4962,295556000000.0,AMERICAN EXPRESS CO,AXP,AMERICAN EXPRESS CO,AMERICAN EXPRESS CO
1326801,294744000000.0,"Meta Platforms, Inc.",META,"Meta Platforms, Inc.","Meta Platforms, Inc."
37996,292725000000.0,Ford Motor Co,F,FORD MOTOR CO,FORD MOTOR CO
1467858,289384000000.0,GENERAL MOTORS COMPANY,GM,General Motors Co,General Motors Co
1166691,273850000000.0,Comcast Corporation,CMCSA,COMCAST CORP,COMCAST CORP
104169,270837000000.0,Walmart Inc.,WMT,Walmart Inc.,Walmart Inc.
896159,261563000000.0,CHUBB LIMITED,CB,Chubb Ltd,Chubb Ltd
93410,260078000000.0,Chevron Corp,CVX,CHEVRON CORP,CHEVRON CORP
64803,258343000000.0,CVS HEALTH CORPORATION,CVS,CVS HEALTH Corp,CVS HEALTH Corp
777917,247209104000.0,PRUCO LIFE INSURANCE CO,,,PRUCO LIFE INSURANCE CO
1685040,242645000000.0,"Brighthouse Financial, Inc.",BHF,"Brighthouse Financial, Inc.","Brighthouse Financial, Inc."
733076,232877000000.0,Brighthouse Life Insurance Company,,,Brighthouse Life Insurance Company
798941,229653000000.0,FIRST CITIZENS BANCSHARES INC /DE/,FCNCA,FIRST CITIZENS BANCSHARES INC /DE/,FIRST CITIZENS BANCSHARES INC /DE/
727920,227952000000.0,EQUITABLE FINANCIAL LIFE INSURANCE COMPANY,,,EQUITABLE FINANCIAL LIFE INSURANCE COMPANY
759944,226733000000.0,CITIZENS FINANCIAL GROUP INC/RI,CFG,CITIZENS FINANCIAL GROUP INC/RI,CITIZENS FINANCIAL GROUP INC/RI
874766,224576000000.0,"The Hartford Insurance Group, Inc.",HIG,"HARTFORD INSURANCE GROUP, INC.","HARTFORD INSURANCE GROUP, INC."
1364742,220177000000.0,"BLACKROCK FINANCE, INC.",,,"BLACKROCK FINANCE, INC."
1535929,214585000000.0,"Voya Financial, Inc.",VOYA,"Voya Financial, Inc.","Voya Financial, Inc."
1283699,212643000000.0,"T-MOBILE US, INC.",TMUS,"T-Mobile US, Inc.","T-Mobile US, Inc."
719739,211793000000.0,SVB Financial Group,,,SVB Financial Group
36270,211584000000.0,M&T BANK CORPORATION,MTB,M&T BANK CORP,M&T BANK CORP
35527,209991000000.0,Fifth Third Bancorp,FITB,FIFTH THIRD BANCORP,FIFTH THIRD BANCORP
49196,207742000000.0,Huntington Bancshares Incorporated,HBAN,HUNTINGTON BANCSHARES INC /MD/,HUNTINGTON BANCSHARES INC /MD/
78003,206095000000.0,PFIZER INC,PFE,PFIZER INC,PFIZER INC
750556,204875000000.0,"SunTrust Banks, Inc",,,"SunTrust Banks, Inc"
1744489,202124000000.0,Walt Disney Co,DIS,Walt Disney Co,Walt Disney Co
83246,201301000000.0,HSBC USA Inc.,,,HSBC USA Inc.
753308,198830000000.0,"NEXTERA ENERGY, INC.",NEE,NEXTERA ENERGY INC,NEXTERA ENERGY INC
1571949,194338000000.0,"INTERCONTINENTAL EXCHANGE, INC.",ICE,"Intercontinental Exchange, Inc.","Intercontinental Exchange, Inc."
200406,193389000000.0,Johnson & Johnson,JNJ,JOHNSON & JOHNSON,JOHNSON & JOHNSON
50863,192520000000.0,INTEL CORP,INTC,INTEL CORP,INTEL CORP
40729,191826000000.0,Ally Financial Inc.,ALLY,Ally Financial Inc.,Ally Financial Inc.
1325814,190022000000.0,Federal Home Loan Bank of Des Moines,,,Federal Home Loan Bank of Des Moines
91576,189813000000.0,KeyCorp,KEY,KEYCORP /NEW/,KEYCORP /NEW/
1326160,189713000000.0,DUKE ENERGY CORPORATION,DUK,Duke Energy CORP,Duke Energy CORP
820027,184903000000.0,AMERIPRISE FINANCIAL INC,AMP,AMERIPRISE FINANCIAL INC,AMERIPRISE FINANCIAL INC
1381197,181475000000.0,"INTERACTIVE BROKERS GROUP, INC.",IBKR,"Interactive Brokers Group, Inc.","Interactive Brokers Group, Inc."
902739,180500000000.0,"NBCUniversal Media, LLC",,,"NBCUniversal Media, LLC"
1156375,179907000000.0,CME GROUP INC.,CME,CME GROUP INC.,CME GROUP INC.
811830,172118585000.0,"Santander Holdings USA, Inc.",SNUS-PI,"Santander Holdings USA, Inc.","Santander Holdings USA, Inc."
73124,171883600000.0,NORTHERN TRUST CORPORATION,NTRS,NORTHERN TRUST CORP,NORTHERN TRUST CORP
1011659,170810000000.0,MUFG Americas Holdings Corporation,,,MUFG Americas Holdings Corporation
45947,170346000000.0,TALCOTT RESOLUTION LIFE INSURANCE CO,,,TALCOTT RESOLUTION LIFE INSURANCE CO
1341439,168361000000.0,Oracle Corporation,ORCL,ORACLE CORP,ORACLE CORP
1329842,167778730000.0,Federal Home Loan Bank of New York,,,Federal Home Loan Bank of New York
101829,167139000000.0,RTX CORPORATION,RTX,RTX Corp,RTX Corp
1730168,165621000000.0,Broadcom Inc.,AVGO,Broadcom Inc.,Broadcom Inc.
38009,161403000000.0,Ford Motor Credit Co LLC,,,Ford Motor Credit Co LLC
1281761,159206000000.0,REGIONS FINANCIAL CORPORATION,RF,REGIONS FINANCIAL CORP,REGIONS FINANCIAL CORP
1739940,155774000000.0,The Cigna Group,CI,Cigna Group,Cigna Group
12927,155120000000.0,BOEING CO,BA,BOEING CO,BOEING CO
4977,152768000000.0,Aflac Incorporated,AFL,AFLAC INC,AFLAC INC
834071,152215000000.0,TOYOTA MOTOR CREDIT CORPORATION,,,TOYOTA MOTOR CREDIT CORPORATION
51143,152186000000.0,INTERNATIONAL BUSINESS MACHINES CORPORATION,IBM,INTERNATIONAL BUSINESS MACHINES CORP,INTERNATIONAL BUSINESS MACHINES CORP
1331465,151622000000.0,FEDERAL HOME LOAN BANK OF ATLANTA,,,FEDERAL HOME LOAN BANK OF ATLANTA
1091667,151589000000.0,"Charter Communications, Inc.",CHTR,"CHARTER COMMUNICATIONS, INC. /MO/","CHARTER COMMUNICATIONS, INC. /MO/"
1271833,149816000000.0,"CCO Holdings, LLC",,,"CCO Holdings, LLC"
1837429,148893000000.0,BROOKFIELD REINSURANCE LTD.,BNT,Brookfield Wealth Solutions Ltd.,Brookfield Wealth Solutions Ltd.
92122,148853000000.0,The Southern Company,SO,SOUTHERN CO,SOUTHERN CO
2012383,146470000000.0,"BlackRock, Inc.",BLK,"BlackRock, Inc.","BlackRock, Inc."
1331451,145316000000.0,FEDERAL HOME LOAN BANK OF CHICAGO,,,FEDERAL HOME LOAN BANK OF CHICAGO
1081316,144604000000.0,BERKSHIRE HATHAWAY ENERGY COMPANY,,,BERKSHIRE HATHAWAY ENERGY COMPANY
804269,144576000000.0,"General Motors Financial Company, Inc.",,,"General Motors Financial Company, Inc."
1662972,142687424000.0,"Blackstone Real Estate Income Trust, Inc.",BSTT,"Blackstone Real Estate Income Trust, Inc.","Blackstone Real Estate Income Trust, Inc."
1326771,142383360000.0,FEDERAL HOME LOAN BANK OF CINCINNATI,,,FEDERAL HOME LOAN BANK OF CINCINNATI
837010,140763000000.0,VOYA RETIREMENT INSURANCE & ANNUITY CO,,,VOYA RETIREMENT INSURANCE & ANNUITY CO
1045810,140740000000.0,NVIDIA CORP,NVDA,NVIDIA CORP,NVIDIA CORP
86312,138873000000.0,"Travelers Companies, Inc.",TRV,"TRAVELERS COMPANIES, INC.","TRAVELERS COMPANIES, INC."
1551152,138805000000.0,ABBVIE INC.,ABBV,AbbVie Inc.,AbbVie Inc.
1004980,136384000000.0,PG&E CORPORATION,PCG,PG&E Corp,PG&E Corp
727892,135671000000.0,RIVERSOURCE LIFE INSURANCE COMPANY,,,RIVERSOURCE LIFE INSURANCE COMPANY
1437107,134001000000.0,"Warner Bros. Discovery, Inc.",WBD,"Warner Bros. Discovery, Inc.","Warner Bros. Discovery, Inc."
898174,133479000000.0,REINSURANCE GROUP OF AMERICA INC,RGA,REINSURANCE GROUP OF AMERICA INC,REINSURANCE GROUP OF AMERICA INC
1393612,131851000000.0,DISCOVER FINANCIAL SERVICES,,,DISCOVER FINANCIAL SERVICES
1043219,130295081000.0,ANNALY CAPITAL MANAGEMENT INC,NLY,ANNALY CAPITAL MANAGEMENT INC,ANNALY CAPITAL MANAGEMENT INC
14272,129944000000.0,BRISTOL-MYERS SQUIBB COMPANY,BMY,BRISTOL MYERS SQUIBB CO,BRISTOL MYERS SQUIBB CO
1578845,128986300000.0,ALLERGAN PLC,,,ALLERGAN PLC
1318605,128567000000.0,"Tesla, Inc.",TSLA,"Tesla, Inc.","Tesla, Inc."
1039828,126345000000.0,AMERICAN NATIONAL GROUP INC.,ANG-PD,American National Group Inc.,American National Group Inc.
858877,126248000000.0,"CISCO SYSTEMS, INC.",CSCO,"CISCO SYSTEMS, INC.","CISCO SYSTEMS, INC."
80424,125231000000.0,PROCTER & GAMBLE CO,PG,PROCTER & GAMBLE Co,PROCTER & GAMBLE Co
1276187,125022000000.0,ENERGY TRANSFER LP,ET,Energy Transfer LP,Energy Transfer LP
1109357,124977000000.0,EXELON CORPORATION,EXC,EXELON CORP,EXELON CORP
1163165,122599000000.0,ConocoPhillips,COP,CONOCOPHILLIPS,CONOCOPHILLIPS
1156039,121938000000.0,"Elevance Health, Inc.",ELV,"Elevance Health, Inc.","Elevance Health, Inc."
1593538,121136000000.0,Navient Corporation,NAVI,NAVIENT CORP,NAVIENT CORP
1316944,121056000000.0,FEDERAL HOME LOAN BANK OF SAN FRANCISCO,,,FEDERAL HOME LOAN BANK OF SAN FRANCISCO
1601712,120505000000.0,SYNCHRONY FINANCIAL,SYF,Synchrony Financial,Synchrony Financial
1637459,120480000000.0,Kraft Heinz Co,KHC,Kraft Heinz Co,Kraft Heinz Co
310826,120477669000.0,PROTECTIVE LIFE INSURANCE CO,,,PROTECTIVE LIFE INSURANCE CO
899051,119950000000.0,ALLSTATE CORP,ALL,ALLSTATE CORP,ALLSTATE CORP
1571996,119672000000.0,Dell Technologies Inc.,DELL,Dell Technologies Inc.,Dell Technologies Inc.
310158,117523000000.0,"Merck & Co., Inc.",MRK,"Merck & Co., Inc.","Merck & Co., Inc."
1331757,116060417000.0,Federal Home Loan Bank of Dallas,,,Federal Home Loan Bank of Dallas
80661,115480000000.0,PROGRESSIVE CORP/OH/,PGR,PROGRESSIVE CORP/OH/,PROGRESSIVE CORP/OH/
1423689,113082000000.0,AGNC INVESTMENT CORP.,AGNC,AGNC Investment Corp.,AGNC Investment Corp.
315189,107817000000.0,DEERE & CO,DE,DEERE & CO,DEERE & CO
4904,107778500000.0,"AMERICAN ELECTRIC POWER COMPANY, INC.",AEP,AMERICAN ELECTRIC POWER CO INC,AMERICAN ELECTRIC POWER CO INC
715957,107441000000.0,"DOMINION ENERGY, INC",D,"DOMINION ENERGY, INC","DOMINION ENERGY, INC"
797468,107190000000.0,OCCIDENTAL PETROLEUM CORP /DE/,OXY,OCCIDENTAL PETROLEUM CORP /DE/,OCCIDENTAL PETROLEUM CORP /DE/
77476,105345000000.0,"PepsiCo, Inc.",PEP,PEPSICO INC,PEPSICO INC
1276520,104658000000.0,GENWORTH FINANCIAL INC,GNW,GENWORTH FINANCIAL INC,GENWORTH FINANCIAL INC
21344,104333000000.0,COCA COLA CO,KO,COCA COLA CO,COCA COLA CO
1331875,102331000000.0,"FIDELITY NATIONAL FINANCIAL, INC.",FNF,"Fidelity National Financial, Inc.","Fidelity National Financial, Inc."
1161154,102294000000.0,"Energy Transfer Operating, L.P.",,,"Energy Transfer Operating, L.P."
1330399,101260076000.0,Federal Home Loan Bank of Pittsburgh,,,Federal Home Loan Bank of Pittsburgh
97745,101230000000.0,THERMO FISHER SCIENTIFIC INC.,TMO,THERMO FISHER SCIENTIFIC INC.,THERMO FISHER SCIENTIFIC INC.
59478,100922600000.0,ELI LILLY & Co,LLY,ELI LILLY & Co,ELI LILLY & Co
1222333,100919788000.0,SPDR® GOLD TRUST,GLD,SPDR GOLD TRUST,SPDR GOLD TRUST
354950,100049000000.0,"HOME DEPOT, INC.",HD,"HOME DEPOT, INC.","HOME DEPOT, INC."
1403161,100024000000.0,VISA INC.,V,VISA INC.,VISA INC.
1032208,99907000000.0,SEMPRA,SRE,SEMPRA,SEMPRA
1108524,98849000000.0,"Salesforce, Inc.",CRM,"Salesforce, Inc.","Salesforce, Inc."
1510295,98556000000.0,Marathon Petroleum Corporation,MPC,Marathon Petroleum Corp,Marathon Petroleum Corp
1045609,97717050000.0,"PROLOGIS, INC.",PLD,"Prologis, Inc.","Prologis, Inc."
1613103,97578000000.0,Medtronic plc,MDT,Medtronic plc,Medtronic plc
934612,96688000000.0,"BURLINGTON NORTHERN SANTA FE, LLC",,,"BURLINGTON NORTHERN SANTA FE, LLC"
1409775,93603347000.0,"BBVA USA Bancshares, Inc.",,,"BBVA USA Bancshares, Inc."
818686,93057000000.0,TEVA PHARMACEUTICAL INDUSTRIES LIMITED,TEVA,TEVA PHARMACEUTICAL INDUSTRIES LTD,TEVA PHARMACEUTICAL INDUSTRIES LTD
1618921,92875000000.0,"WALGREENS BOOTS ALLIANCE, INC.",,,"WALGREENS BOOTS ALLIANCE, INC."
910073,92237000000.0,"FLAGSTAR FINANCIAL, INC.",FLG,"FLAGSTAR BANK, NATIONAL ASSOCIATION","FLAGSTAR BANK, NATIONAL ASSOCIATION"
1934850,91816000000.0,"F&G Annuities & Life, Inc.",FG,"F&G Annuities & Life, Inc.","F&G Annuities & Life, Inc."
1001039,91576000000.0,WALT DISNEY CO/,,,WALT DISNEY CO/
864270,91093000000.0,AMERICAN HONDA FINANCE CORP,,,AMERICAN HONDA FINANCE CORP
1331754,91020117000.0,FEDERAL HOME LOAN BANK OF INDIANAPOLIS,,,FEDERAL HOME LOAN BANK OF INDIANAPOLIS
18230,90325000000.0,CATERPILLAR INC,CAT,CATERPILLAR INC,CATERPILLAR INC
37634,89993000000.0,FLORIDA POWER & LIGHT CO,,,FLORIDA POWER & LIGHT CO
1679788,89724873000.0,"Coinbase Global, Inc.",COIN,"Coinbase Global, Inc.","Coinbase Global, Inc."
109380,89545000000.0,"ZIONS BANCORPORATION, NATIONAL ASSOCIATION",ZION,"ZIONS BANCORPORATION, NATIONAL ASSOCIATION /UT/","ZIONS BANCORPORATION, NATIONAL ASSOCIATION /UT/"
827052,88813000000.0,EDISON INTERNATIONAL,EIX,EDISON INTERNATIONAL,EDISON INTERNATIONAL
318154,87897000000.0,Amgen Inc.,AMGN,AMGEN INC,AMGEN INC
1048911,87627000000.0,FedEx Corporation,FDX,FEDEX CORP,FEDEX CORP
101830,86902000000.0,SPRINT CORP,,,SPRINT CORP
1212545,86725000000.0,WESTERN ALLIANCE BANCORPORATION,WAL,WESTERN ALLIANCE BANCORPORATION,WESTERN ALLIANCE BANCORPORATION
1707925,86612000000.0,LINDE PLC,LIN,LINDE PLC,LINDE PLC
1071739,86395000000.0,CENTENE CORPORATION,CNC,CENTENE CORP,CENTENE CORP
1549802,86303000000.0,"JD.com, Inc.",JD,"JD.com, Inc.","JD.com, Inc."
28412,85406000000.0,COMERICA INCORPORATED,,,COMERICA INCORPORATED
720005,84815000000.0,"RAYMOND JAMES FINANCIAL, INC.",RJF,RAYMOND JAMES FINANCIAL INC,RAYMOND JAMES FINANCIAL INC
60086,84668000000.0,LOEWS CORPORATION,L,LOEWS CORP,LOEWS CORP
313616,84350000000.0,DANAHER CORPORATION,DHR,DANAHER CORP /DE/,DANAHER CORP /DE/
1800,83999000000.0,ABBOTT LABORATORIES,ABT,ABBOTT LABORATORIES,ABBOTT LABORATORIES
798354,83869000000.0,FISERV INC,FISV,FISERV INC,FISERV INC
1136893,83806000000.0,"Fidelity National Information Services, Inc.",FIS,"Fidelity National Information Services, Inc.","Fidelity National Information Services, Inc."
36966,82084000000.0,FIRST HORIZON CORP,FHN,FIRST HORIZON CORP,FIRST HORIZON CORP
801337,81914270000.0,WEBSTER FINANCIAL CORPORATION,,,WEBSTER FINANCIAL CORPORATION
15511,81775000000.0,BNSF RAILWAY CO,,,BNSF RAILWAY CO
927653,81311000000.0,McKESSON CORPORATION,MCK,MCKESSON CORP,MCKESSON CORP
1506307,80305000000.0,"KINDER MORGAN, INC.",KMI,"KINDER MORGAN, INC.","KINDER MORGAN, INC."
354190,80123000000.0,ARTHUR J. GALLAGHER & CO.,AJG,Arthur J. Gallagher & Co.,Arthur J. Gallagher & Co.
1325878,80012268000.0,Federal Home Loan Bank of Topeka,,,Federal Home Loan Bank of Topeka
1633917,79777000000.0,"PayPal Holdings, Inc.",PYPL,"PayPal Holdings, Inc.","PayPal Holdings, Inc."
1666700,79511000000.0,"DuPont de Nemours, Inc.",DD,"DuPont de Nemours, Inc.","DuPont de Nemours, Inc."
29915,79511000000.0,DOW CHEMICAL CO /DE/,,,DOW CHEMICAL CO /DE/
1465128,79043129000.0,"Starwood Property Trust, Inc.",STWD,"STARWOOD PROPERTY TRUST, INC.","STARWOOD PROPERTY TRUST, INC."
947484,78788000000.0,Arch Capital Group Ltd.,ACGL,ARCH CAPITAL GROUP LTD.,ARCH CAPITAL GROUP LTD.
1331463,78693574000.0,FEDERAL HOME LOAN BANK OF BOSTON,,,FEDERAL HOME LOAN BANK OF BOSTON
773840,78419000000.0,HONEYWELL INTERNATIONAL INC,HON,HONEYWELL INTERNATIONAL INC,HONEYWELL INTERNATIONAL INC
723125,78397000000.0,"Micron Technology, Inc.",MU,MICRON TECHNOLOGY INC,MICRON TECHNOLOGY INC
27904,78395000000.0,"DELTA AIR LINES, INC.",DAL,"DELTA AIR LINES, INC.","DELTA AIR LINES, INC."
1069157,78158067000.0,"EAST WEST BANCORP, INC.",EWBC,EAST WEST BANCORP INC,EAST WEST BANCORP INC
87347,77956000000.0,SCHLUMBERGER LIMITED/NV,SLB,SLB LIMITED/NV,SLB LIMITED/NV
1061219,77442000000.0,ENTERPRISE PRODUCTS PARTNERS L.P.,EPD,ENTERPRISE PRODUCTS PARTNERS L.P.,ENTERPRISE PRODUCTS PARTNERS L.P.
1645590,77340000000.0,HEWLETT PACKARD ENTERPRISE COMPANY,HPE,Hewlett Packard Enterprise Co,Hewlett Packard Enterprise Co
100517,77163000000.0,"United Airlines Holdings, Inc.",UAL,"United Airlines Holdings, Inc.","United Airlines Holdings, Inc."
1803498,76712228000.0,Blackstone Private Credit Fund,,,Blackstone Private Credit Fund
1096061,76634000000.0,NATIONAL BANK OF GREECE SA,,,NATIONAL BANK OF GREECE SA
1534701,76442000000.0,Phillips 66,PSX,Phillips 66,Phillips 66
763901,76065090000.0,"POPULAR, INC.",BPOP,"POPULAR, INC.","POPULAR, INC."
72903,75337000000.0,XCEL ENERGY INC,XEL,XCEL ENERGY INC,XCEL ENERGY INC
355429,75003379000.0,PROTECTIVE LIFE CORP,,,PROTECTIVE LIFE CORP
2488,74820000000.0,"ADVANCED MICRO DEVICES, INC",AMD,ADVANCED MICRO DEVICES INC,ADVANCED MICRO DEVICES INC
1140859,73956905000.0,"Cencora, Inc.",COR,"Cencora, Inc.","Cencora, Inc."
1378789,73633947000.0,AerCap Holdings N.V.,AER,AerCap Holdings N.V.,AerCap Holdings N.V.
1539838,71941000000.0,"DIAMONDBACK ENERGY, INC.",FANG,"Diamondback Energy, Inc.","Diamondback Energy, Inc."
101382,71760153000.0,UMB FINANCIAL CORP,UMBF,UMB FINANCIAL CORP,UMB FINANCIAL CORP
1047862,71501000000.0,"Consolidated Edison, Inc",ED,CONSOLIDATED EDISON INC,CONSOLIDATED EDISON INC
23632,71501000000.0,"Consolidated Edison, Inc.",,,"Consolidated Edison, Inc."
726728,71424073000.0,REALTY INCOME CORPORATION,O,REALTY INCOME CORP,REALTY INCOME CORP
1103982,71161000000.0,"MONDELEZ INTERNATIONAL, INC.",MDLZ,"Mondelez International, Inc.","Mondelez International, Inc."
1090727,71124000000.0,"United Parcel Service, Inc.",UPS,UNITED PARCEL SERVICE INC,UNITED PARCEL SERVICE INC
707179,70979805000.0,Old National Bancorp /IN/,ONB,OLD NATIONAL BANCORP /IN/,OLD NATIONAL BANCORP /IN/
836658,70801000000.0,VOYA INSURANCE & ANNUITY CO.,,,VOYA INSURANCE & ANNUITY CO.
1012569,70191000000.0,"Energy Transfer, LP",,,"Energy Transfer, LP"
1042046,70130000000.0,"AMERICAN FINANCIAL GROUP, INC.",AFG,AMERICAN FINANCIAL GROUP INC,AMERICAN FINANCIAL GROUP INC
1122304,69146000000.0,AETNA INC /PA/,,,AETNA INC /PA/
1015328,68983318000.0,Wintrust Financial Corp,WTFC,WINTRUST FINANCIAL CORP,WINTRUST FINANCIAL CORP
21175,68936000000.0,CNA FINANCIAL CORPORATION,CNA,CNA FINANCIAL CORP,CNA FINANCIAL CORP
1570585,68684100000.0,Liberty Global Ltd.,LBTYA,Liberty Global Ltd.,Liberty Global Ltd.
100885,68576000000.0,UNION PACIFIC CORPORATION,UNP,UNION PACIFIC CORP,UNION PACIFIC CORP
1413329,68506000000.0,Philip Morris International Inc.,PM,Philip Morris International Inc.,Philip Morris International Inc.
65984,68383140000.0,ENTERGY CORPORATION,ETR,ENTERGY CORP /DE/,ENTERGY CORP /DE/
96223,67285344000.0,Jefferies Financial Group Inc.,JEF,Jefferies Financial Group Inc.,Jefferies Financial Group Inc.
1053507,67194500000.0,AMERICAN TOWER CORP /MA/,AMT,AMERICAN TOWER CORP /MA/,AMERICAN TOWER CORP /MA/
936402,67035400000.0,SHIRE PLC,,,SHIRE PLC
5513,67013400000.0,UNUM GROUP,UNM,Unum Group,Unum Group
1096343,66791177000.0,MARKEL GROUP INC.,MKL,MARKEL GROUP INC.,MARKEL GROUP INC.
909832,66027000000.0,COSTCO WHOLESALE CORP /NEW,COST,COSTCO WHOLESALE CORP /NEW,COSTCO WHOLESALE CORP /NEW
1105705,65966000000.0,TIME WARNER INC.,,,TIME WARNER INC.
764038,65893322000.0,SOUTHSTATE CORP,SSB,SouthState Bank Corp,SouthState Bank Corp
1050446,64773415000.0,MICROSTRATEGY Inc,MSTR,Strategy Inc,Strategy Inc
18926,64742000000.0,"LUMEN TECHNOLOGIES, INC.",LUMN,"Lumen Technologies, Inc.","Lumen Technologies, Inc."
6201,64716000000.0,AMERICAN AIRLINES GROUP INC.,AAL,American Airlines Group Inc.,American Airlines Group Inc.
1039684,64524000000.0,"ONEOK, Inc.",OKE,ONEOK INC /NEW/,ONEOK INC /NEW/
1171825,64170200000.0,CIT GROUP INC,,,CIT GROUP INC
1876042,64153508000.0,"CIRCLE INTERNET GROUP, INC.",CRCL,"Circle Internet Group, Inc.","Circle Internet Group, Inc."
1467373,63362028000.0,Accenture plc,ACN,Accenture plc,Accenture plc
882095,63171000000.0,"GILEAD SCIENCES, INC.",GILD,"GILEAD SCIENCES, INC.","GILEAD SCIENCES, INC."
714310,62705358000.0,Valley National Bancorp,VLY,VALLEY NATIONAL BANCORP,VALLEY NATIONAL BANCORP
64040,61784000000.0,S&P Global Inc.,SPGI,S&P Global Inc.,S&P Global Inc.
27673,61578100000.0,DEERE JOHN CAPITAL CORP,,,DEERE JOHN CAPITAL CORP
1015780,61416000000.0,E TRADE FINANCIAL CORP,,,E TRADE FINANCIAL CORP
18349,61056785000.0,Synovus Financial Corp.,,,Synovus Financial Corp.
1035002,60982000000.0,VALERO ENERGY CORP/TX,VLO,VALERO ENERGY CORP/TX,VALERO ENERGY CORP/TX
72741,60956100000.0,EVERSOURCE ENERGY,ES,EVERSOURCE ENERGY,EVERSOURCE ENERGY
1751788,60603000000.0,Dow Inc.,DOW,DOW INC.,DOW INC.
1095073,60519000000.0,"Everest Group, Ltd.",EG,"EVEREST GROUP, LTD.","EVEREST GROUP, LTD."
744455,60308798000.0,GREAT WEST LIFE & ANNUITY INSURANCE CO,,,GREAT WEST LIFE & ANNUITY INSURANCE CO
1376986,59885000000.0,TENNESSEE VALLEY AUTHORITY,TVE,Tennessee Valley Authority,Tennessee Valley Authority
1415404,59882397000.0,EchoStar Corporation,ECHO,EchoStar CORP,EchoStar CORP
881453,59822165000.0,Fortitude Life Insurance & Annuity Co,,,Fortitude Life Insurance & Annuity Co
7084,59774000000.0,ARCHER-DANIELS-MIDLAND CO,ADM,Archer-Daniels-Midland Co,Archer-Daniels-Midland Co
63908,59555000000.0,MCDONALDS CORP,MCD,MCDONALDS CORP,MCDONALDS CORP
860730,59536000000.0,"HCA Healthcare, Inc.",HCA,"HCA Healthcare, Inc.","HCA Healthcare, Inc."
701221,59360000000.0,CIGNA CORP,,,CIGNA CORP
936468,58870000000.0,LOCKHEED MARTIN CORPORATION,LMT,LOCKHEED MARTIN CORP,LOCKHEED MARTIN CORP
1378946,58589800000.0,"People's United Financial, Inc.",,,"People's United Financial, Inc."
62709,58555000000.0,"Marsh & McLennan Companies, Inc.",MRSH,"MARSH & MCLENNAN COMPANIES, INC.","MARSH & MCLENNAN COMPANIES, INC."
875159,58434102000.0,XL GROUP LTD,,,XL GROUP LTD
813828,58393000000.0,Paramount Global,,,Paramount Global
27419,57851000000.0,TARGET CORP,TGT,TARGET CORP,TARGET CORP
40533,57249000000.0,GENERAL DYNAMICS CORPORATION,GD,GENERAL DYNAMICS CORP,GENERAL DYNAMICS CORP
1329099,56686000000.0,"Baidu, Inc.",BIDU,"Baidu, Inc.","Baidu, Inc."
831259,56492000000.0,Freeport-McMoRan Inc.,FCX,FREEPORT-MCMORAN INC,FREEPORT-MCMORAN INC
107263,56141000000.0,"Williams Companies, Inc.",WMB,"WILLIAMS COMPANIES, INC.","WILLIAMS COMPANIES, INC."
788784,56024000000.0,PUBLIC SERVICE ENTERPRISE GROUP INC,PEG,PUBLIC SERVICE ENTERPRISE GROUP INC,PUBLIC SERVICE ENTERPRISE GROUP INC
1543151,55982000000.0,"UBER TECHNOLOGIES, INC.",UBER,"Uber Technologies, Inc","Uber Technologies, Inc"
766704,55833495000.0,WELLTOWER INC.,WELL,WELLTOWER INC.,WELLTOWER INC.
1164727,55165000000.0,NEWMONT CORPORATION,NEM,NEWMONT Corp /DE/,NEWMONT Corp /DE/
10795,54902000000.0,"BECTON, DICKINSON AND COMPANY",BDX,BECTON DICKINSON & CO,BECTON DICKINSON & CO
804328,54862000000.0,QUALCOMM INC/DE,QCOM,QUALCOMM INC/DE,QUALCOMM INC/DE
1115055,54801451000.0,"PINNACLE FINANCIAL PARTNERS, INC.",,,"PINNACLE FINANCIAL PARTNERS, INC."
913144,54727523000.0,RENAISSANCERE HOLDINGS LTD,RNR,RENAISSANCERE HOLDINGS LTD,RENAISSANCERE HOLDINGS LTD
8670,54453000000.0,"Automatic     Data Processing, Inc.",ADP,AUTOMATIC DATA PROCESSING INC,AUTOMATIC DATA PROCESSING INC
1418135,54368000000.0,Keurig Dr Pepper Inc.,KDP,Keurig Dr Pepper Inc.,Keurig Dr Pepper Inc.
1031296,54230000000.0,FIRSTENERGY CORP,FE,FIRSTENERGY CORP,FIRSTENERGY CORP
315293,54010000000.0,Aon plc,AON,Aon plc,Aon plc
849395,53984000000.0,CRH public limited company,CRH,CRH PUBLIC LTD CO,CRH PUBLIC LTD CO
1701605,53369000000.0,Baker Hughes Co,BKR,Baker Hughes Co,Baker Hughes Co
56873,53248000000.0,The Kroger Co.,KR,KROGER CO,KROGER CO
808362,53213000000.0,Baker Hughes Holdings LLC,,,Baker Hughes Holdings LLC
721371,53122000000.0,"Cardinal Health, Inc.",CAH,CARDINAL HEALTH INC,CARDINAL HEALTH INC
1065280,53099664000.0,"Netflix, Inc.",NFLX,NETFLIX INC,NETFLIX INC
1996810,53078000000.0,GE Vernova Inc.,GEV,GE Vernova Inc.,GE Vernova Inc.
1868275,53038000000.0,CONSTELLATION ENERGY CORPORATION,CEG,Constellation Energy Corp,Constellation Energy Corp
39263,52892376000.0,"Cullen/Frost Bankers, Inc.",CFR,"CULLEN/FROST BANKERS, INC.","CULLEN/FROST BANKERS, INC."
1001082,52606562000.0,DISH Network Corporation,,,DISH Network Corporation
887343,51901442000.0,"COLUMBIA BANKING SYSTEM, INC.",COLB,"COLUMBIA BANKING SYSTEM, INC.","COLUMBIA BANKING SYSTEM, INC."
1532063,51744900000.0,Express Scripts Holding Co.,,,Express Scripts Holding Co.
815097,51703000000.0,Carnival Corporation,CCL,Carnival Corp Ltd.,Carnival Corp Ltd.
1141391,51431000000.0,Mastercard Inc,MA,Mastercard Inc,Mastercard Inc
1275283,51095000000.0,REYNOLDS AMERICAN INC,,,REYNOLDS AMERICAN INC
875357,50998077000.0,BOK FINANCIAL CORP,BOKF,BOK FINANCIAL CORP,BOK FINANCIAL CORP
49071,50357000000.0,Humana Inc.,HUM,HUMANA INC,HUMANA INC
936340,50248000000.0,DTE Energy Co,DTE,DTE ENERGY CO,DTE ENERGY CO
6281,50234520000.0,"Analog Devices, Inc.",ADI,ANALOG DEVICES INC,ANALOG DEVICES INC
1792044,50022200000.0,VIATRIS INC.,VTRS,Viatris Inc,Viatris Inc
37808,49725000000.0,FNB CORP/PA/,FNB,FNB CORP/PA/,FNB CORP/PA/
1649338,49617000000.0,Broadcom Ltd,,,Broadcom Ltd
1133421,49451000000.0,NORTHROP GRUMMAN CORP /DE/,NOC,NORTHROP GRUMMAN CORP /DE/,NORTHROP GRUMMAN CORP /DE/
764180,49271000000.0,"ALTRIA GROUP, INC.",MO,"ALTRIA GROUP, INC.","ALTRIA GROUP, INC."
1308161,49207000000.0,"TWENTY-FIRST CENTURY FOX, INC.",,,"TWENTY-FIRST CENTURY FOX, INC."
1580608,48933529000.0,SANTANDER CONSUMER USA HOLDINGS INC.,,,SANTANDER CONSUMER USA HOLDINGS INC.
833444,48788000000.0,JOHNSON CONTROLS INTERNATIONAL PLC,JCI,Johnson Controls International plc,Johnson Controls International plc
1297996,48714995000.0,"DIGITAL REALTY TRUST, INC.",DLR,"DIGITAL REALTY TRUST, INC.","DIGITAL REALTY TRUST, INC."
874761,48542000000.0,AES CORP,AES,AES CORP,AES CORP
783325,48524300000.0,"WEC ENERGY GROUP, INC.",WEC,"WEC ENERGY GROUP, INC.","WEC ENERGY GROUP, INC."
1123360,48518510000.0,GLOBAL PAYMENTS INC,GPN,GLOBAL PAYMENTS INC,GLOBAL PAYMENTS INC
883241,48230256000.0,"SYNOPSYS, INC",SNPS,SYNOPSYS INC,SYNOPSYS INC
1011006,48083079000.0,YAHOO INC,,,YAHOO INC
1567094,47352000000.0,CNH INDUSTRIAL N.V.,CNH,CNH Industrial N.V.,CNH Industrial N.V.
19612,46651553000.0,TCF FINANCIAL CORPORATION,,,TCF FINANCIAL CORPORATION
1002910,46625000000.0,AMEREN CORPORATION,AEE,AMEREN CORP,AMEREN CORP
60667,46614000000.0,LOWES COMPANIES INC,LOW,LOWES COMPANIES INC,LOWES COMPANIES INC
2007855,46511000000.0,"VENTURE GLOBAL, INC.",VG,"Venture Global, Inc.","Venture Global, Inc."
66740,46455000000.0,3M COMPANY,MMM,3M CO,3M CO
310764,46331000000.0,STRYKER CORP,SYK,STRYKER CORP,STRYKER CORP
821189,46284000000.0,"EOG RESOURCES, INC.",EOG,EOG RESOURCES INC,EOG RESOURCES INC
1483096,46265000000.0,WILLIAMS PARTNERS L.P.,,,WILLIAMS PARTNERS L.P.
1091587,46108000000.0,ABB Ltd,ABLZF,ABB LTD,ABB LTD
1705696,46054023000.0,VICI Properties Inc.,VICI,VICI PROPERTIES INC.,VICI PROPERTIES INC.
2005951,45746000000.0,Smurfit Westrock plc,SW,Smurfit Westrock plc,Smurfit Westrock plc
823768,45722000000.0,WASTE MANAGEMENT INC,WM,WASTE MANAGEMENT INC,WASTE MANAGEMENT INC
789570,45692206000.0,MGM Resorts International,MGM,MGM Resorts International,MGM Resorts International
922224,45680000000.0,PPL Corporation,PPL,PPL Corp,PPL Corp
773910,45564000000.0,ANADARKO PETROLEUM CORP,,,ANADARKO PETROLEUM CORP
1393818,45373094000.0,Blackstone Inc.,BX,Blackstone Inc.,Blackstone Inc.
1556593,44863454000.0,Rithm Capital Corp.,RITM,Rithm Capital Corp.,Rithm Capital Corp.
3570,44578000000.0,"CHENIERE ENERGY, INC.",LNG,"Cheniere Energy, Inc.","Cheniere Energy, Inc."
1267238,44291200000.0,"Assurant, Inc.",AIZ,"ASSURANT, INC.","ASSURANT, INC."
1560385,44189000000.0,LIBERTY MEDIA CORPORATION,FWONA,Liberty Media Corp,Liberty Media Corp
702165,44155000000.0,NORFOLK SOUTHERN CORPORATION,NSC,NORFOLK SOUTHERN CORP,NORFOLK SOUTHERN CORP
1130310,44099000000.0,CENTERPOINT ENERGY INC,CNP,CENTERPOINT ENERGY INC,CENTERPOINT ENERGY INC
75362,44094800000.0,PACCAR Inc,PCAR,PACCAR INC,PACCAR INC
7789,43993729000.0,Associated Banc-Corp,ASB,ASSOCIATED BANC-CORP,ASSOCIATED BANC-CORP
1193311,43578000000.0,ONCOR ELECTRIC DELIVERY CO LLC,,,ONCOR ELECTRIC DELIVERY CO LLC
885590,43529000000.0,Bausch Health Companies Inc.,BHC,Bausch Health Companies Inc.,Bausch Health Companies Inc.
1084580,43516115000.0,JEFFERIES GROUP LLC,,,JEFFERIES GROUP LLC
1173431,43481000000.0,TD AMERITRADE HOLDING CORP,,,TD AMERITRADE HOLDING CORP
352736,43239000000.0,ALLSTATE LIFE INSURANCE CO,,,ALLSTATE LIFE INSURANCE CO
277948,42929000000.0,CSX CORPORATION,CSX,CSX CORP,CSX CORP
11544,42658057000.0,W. R. BERKLEY CORP,WRB,BERKLEY W R CORP,BERKLEY W R CORP
1755672,42618000000.0,"Corteva, Inc.",CTVA,"Corteva, Inc.","Corteva, Inc."
32604,42517000000.0,EMERSON ELECTRIC CO,EMR,EMERSON ELECTRIC CO,EMERSON ELECTRIC CO
51434,42376000000.0,INTERNATIONAL PAPER CO /NEW/,IP,INTERNATIONAL PAPER CO /NEW/,INTERNATIONAL PAPER CO /NEW/
2969,41659100000.0,"AIR PRODUCTS AND CHEMICALS, INC.",APD,"Air Products & Chemicals, Inc.","Air Products & Chemicals, Inc."
885725,41559000000.0,BOSTON SCIENTIFIC CORPORATION,BSX,BOSTON SCIENTIFIC CORP,BOSTON SCIENTIFIC CORP
202058,41240000000.0,"L3HARRIS TECHNOLOGIES, INC.",LHX,"L3HARRIS TECHNOLOGIES, INC. /DE/","L3HARRIS TECHNOLOGIES, INC. /DE/"
1102112,41228936000.0,PacWest Bancorp,,,PacWest Bancorp
1169770,41228936000.0,"BANC OF CALIFORNIA, INC.",BANC,"BANC OF CALIFORNIA, INC.","BANC OF CALIFORNIA, INC."
1634997,41123000000.0,"Avangrid, Inc.",,,"Avangrid, Inc."
1818874,41112171000.0,"SoFi Technologies, Inc.",SOFI,"SoFi Technologies, Inc.","SoFi Technologies, Inc."
1551182,40507000000.0,EATON CORPORATION plc,ETN,Eaton Corp plc,Eaton Corp plc
1552000,40430000000.0,MPLX LP,MPLX,MPLX LP,MPLX LP
883980,40292000000.0,FIRST DATA CORP,,,FIRST DATA CORP
30554,39964000000.0,DUPONT E I DE NEMOURS & CO,CTA-PB,"EIDP, Inc.","EIDP, Inc."
720672,39859653000.0,STIFEL FINANCIAL CORP,SF,STIFEL FINANCIAL CORP,STIFEL FINANCIAL CORP
47217,39854000000.0,HP INC.,HPQ,HP INC,HP INC
33213,39666748000.0,EQT CORPORATION,EQT,EQT Corp,EQT Corp
320187,39647000000.0,"NIKE, Inc.",NKE,"NIKE, Inc.","NIKE, Inc."
914208,39420300000.0,Invesco Ltd.,IVZ,Invesco Ltd.,Invesco Ltd.
81061,39370000000.0,"PUBLIX SUPER MARKETS, INC.",,,"PUBLIX SUPER MARKETS, INC."
1051470,38921000000.0,Crown Castle Inc.,CCI,CROWN CASTLE INC.,CROWN CASTLE INC.
1101239,38849000000.0,"EQUINIX, INC.",EQIX,EQUINIX INC,EQUINIX INC
20286,38842000000.0,CINCINNATI FINANCIAL CORP,CINF,CINCINNATI FINANCIAL CORP,CINCINNATI FINANCIAL CORP
884887,38542000000.0,ROYAL CARIBBEAN CRUISES LTD.,RCL,ROYAL CARIBBEAN CRUISES LTD,ROYAL CARIBBEAN CRUISES LTD
1783180,38493000000.0,CARRIER GLOBAL CORPORATION,CARR,CARRIER GLOBAL Corp,CARRIER GLOBAL Corp
1068851,38417352000.0,"PROSPERITY BANCSHARES, INC.",PB,PROSPERITY BANCSHARES INC,PROSPERITY BANCSHARES INC
70502,38325049000.0,NATIONAL RURAL UTILITIES COOPERATIVE FINANCE CORPORATION,NRUC,NATIONAL RURAL UTILITIES COOPERATIVE FINANCE CORP /DC/,NATIONAL RURAL UTILITIES COOPERATIVE FINANCE CORP /DC/
872589,38219200000.0,"REGENERON PHARMACEUTICALS, INC.",REGN,"REGENERON PHARMACEUTICALS, INC.","REGENERON PHARMACEUTICALS, INC."
914748,38199000000.0,"EVEREST REINSURANCE HOLDINGS, INC.",,,"EVEREST REINSURANCE HOLDINGS, INC."
1692819,38146000000.0,Vistra Corp.,VST,Vistra Corp.,Vistra Corp.
920760,37984295000.0,LENNAR CORP /NEW/,LEN,LENNAR CORP /NEW/,LENNAR CORP /NEW/
811156,37699000000.0,CMS ENERGY CORPORATION,CMS,CMS ENERGY CORP,CMS ENERGY CORP
1035443,37623629000.0,"ALEXANDRIA REAL ESTATE EQUITIES, INC.",ARE,"ALEXANDRIA REAL ESTATE EQUITIES, INC.","ALEXANDRIA REAL ESTATE EQUITIES, INC."
4969,37357000000.0,AMERICAN EXPRESS CREDIT CORP,,,AMERICAN EXPRESS CREDIT CORP
1224608,37329100000.0,"CNO Financial Group, Inc.",CNO,"CNO Financial Group, Inc.","CNO Financial Group, Inc."
883948,37289371000.0,ATLANTIC UNION BANKSHARES CORPORATION,AUB,Atlantic Union Bankshares Corp,Atlantic Union Bankshares Corp
1748790,37066000000.0,AMCOR PLC,AMCR,Amcor plc,Amcor plc
1504008,37026712000.0,"BankUnited, Inc.",BKU,"BankUnited, Inc.","BankUnited, Inc."
896878,36958000000.0,INTUIT INC.,INTU,INTUIT INC.,INTUIT INC.
1512673,36858391000.0,"BLOCK, INC.",XYZ,"Block, Inc.","Block, Inc."
1373835,36842000000.0,SPECTRA ENERGY CORP.,,,SPECTRA ENERGY CORP.
1668428,36714000000.0,FGL HOLDINGS,,,FGL HOLDINGS
100493,36678000000.0,"TYSON FOODS, INC.",TSN,"TYSON FOODS, INC.","TYSON FOODS, INC."
1702780,36498578000.0,"Altice USA, Inc.",OPTU,"Optimum Communications, Inc.","Optimum Communications, Inc."
882184,36395900000.0,HORTON D R INC /DE/,DHI,HORTON D R INC /DE/,HORTON D R INC /DE/
1489393,36365000000.0,LYONDELLBASELL INDUSTRIES N.V.,LYB,LyondellBasell Industries N.V.,LyondellBasell Industries N.V.
764764,36083000000.0,CATERPILLAR FINANCIAL SERVICES CORPORATION,,,CATERPILLAR FINANCIAL SERVICES CORPORATION
1465740,35921622000.0,TWO HARBORS INVESTMENT CORP.,TWO-PC,TWO HARBORS INVESTMENT CORP.,TWO HARBORS INVESTMENT CORP.
1038357,35740000000.0,PIONEER NATURAL RESOURCES CO,,,PIONEER NATURAL RESOURCES CO
109177,35662700000.0,"Spectrum Brands Holdings, Inc.",SPB,"Spectrum Brands Holdings, Inc.","Spectrum Brands Holdings, Inc."
51253,35522000000.0,INTERNATIONAL FLAVORS & FRAGRANCES INC,IFF,INTERNATIONAL FLAVORS & FRAGRANCES INC,INTERNATIONAL FLAVORS & FRAGRANCES INC
1932393,35500000000.0,GE HEALTHCARE TECHNOLOGIES INC.,GEHC,GE HealthCare Technologies Inc.,GE HealthCare Technologies Inc.
1140536,35426000000.0,WILLIS TOWERS WATSON PLC,WTW,WILLIS TOWERS WATSON PLC,WILLIS TOWERS WATSON PLC
92380,35369000000.0,SOUTHWEST AIRLINES CO.,LUV,SOUTHWEST AIRLINES CO,SOUTHWEST AIRLINES CO
1783879,35324000000.0,"Robinhood Markets, Inc.",HOOD,"Robinhood Markets, Inc.","Robinhood Markets, Inc."
1225307,35279000000.0,IBM CREDIT LLC,,,IBM CREDIT LLC
750577,35212652000.0,HANCOCK WHITNEY CORPORATION,HWC,HANCOCK WHITNEY CORP,HANCOCK WHITNEY CORP
97476,34933000000.0,TEXAS INSTRUMENTS INCORPORATED,TXN,TEXAS INSTRUMENTS INC,TEXAS INSTRUMENTS INC
1623613,34726200000.0,MYLAN II B.V.,,,MYLAN II B.V.
1047122,34566000000.0,RAYTHEON CO/,,,RAYTHEON CO/
1737806,34379162000.0,PDD Holdings Inc.,PDD,PDD Holdings Inc.,PDD Holdings Inc.
913760,34265600000.0,StoneX Group Inc.,SNEX,StoneX Group Inc.,StoneX Group Inc.
26172,34259000000.0,CUMMINS INC.,CMI,CUMMINS INC,CUMMINS INC
73309,34217000000.0,NUCOR CORP,NUE,NUCOR CORP,NUCOR CORP
6951,34211000000.0,APPLIED MATERIALS INC /DE,AMAT,APPLIED MATERIALS INC /DE,APPLIED MATERIALS INC /DE
1214816,34151036000.0,AXIS CAPITAL HOLDINGS LIMITED,AXS,AXIS CAPITAL HOLDINGS LTD,AXIS CAPITAL HOLDINGS LTD
1111711,34028900000.0,NiSource Inc.,NI,NISOURCE INC.,NISOURCE INC.
1669600,33982000000.0,"LIBERTY EXPEDIA HOLDINGS, INC.",,,"LIBERTY EXPEDIA HOLDINGS, INC."
1410636,33913000000.0,"American Water Works Company, Inc.",AWK,"American Water Works Company, Inc.","American Water Works Company, Inc."
814453,33837500000.0,NEWELL BRANDS INC.,NWL,NEWELL BRANDS INC.,NEWELL BRANDS INC.
829224,33649200000.0,Starbucks Corporation,SBUX,STARBUCKS CORP,STARBUCKS CORP
1590895,33527000000.0,"CAESARS ENTERTAINMENT, INC.",CZR,"Caesars Entertainment, Inc.","Caesars Entertainment, Inc."
1060391,33397000000.0,"Republic Services, Inc.",RSG,"REPUBLIC SERVICES, INC.","REPUBLIC SERVICES, INC."
813762,33371000000.0,ICAHN ENTERPRISES L.P.,IEP,ICAHN ENTERPRISES L.P.,ICAHN ENTERPRISES L.P.
1812554,33334523000.0,BLUE OWL CREDIT INCOME CORP.,,,BLUE OWL CREDIT INCOME CORP.
1063761,33295602000.0,"SIMON PROPERTY GROUP, INC.",SPG,SIMON PROPERTY GROUP INC.,SIMON PROPERTY GROUP INC.
1487712,33295410000.0,AIR LEASE CORP,,,AIR LEASE CORP
882835,33220400000.0,"ROPER TECHNOLOGIES, INC.",ROP,ROPER TECHNOLOGIES INC,ROPER TECHNOLOGIES INC
40704,33071100000.0,GENERAL MILLS INC,GIS,GENERAL MILLS INC,GENERAL MILLS INC
946155,33033600000.0,TIAA REAL ESTATE ACCOUNT,,,TIAA REAL ESTATE ACCOUNT
845877,32995909000.0,FEDERAL AGRICULTURAL MORTGAGE CORPORATION,AGM,FEDERAL AGRICULTURAL MORTGAGE CORP,FEDERAL AGRICULTURAL MORTGAGE CORP
1099590,32948000000.0,"MercadoLibre, Inc.",MELI,MERCADOLIBRE INC,MERCADOLIBRE INC
1711269,32911300000.0,"Evergy, Inc.",EVRG,"Evergy, Inc.","Evergy, Inc."
109198,32885000000.0,"THE TJX COMPANIES, INC.",TJX,TJX COMPANIES INC /DE/,TJX COMPANIES INC /DE/
729986,32783363000.0,UNITED BANKSHARES INC/WV,UBSI,UNITED BANKSHARES INC/WV,UNITED BANKSHARES INC/WV
1032033,32686479000.0,SLM CORP,SLM,SLM Corp,SLM Corp
38777,32552200000.0,"FRANKLIN RESOURCES, INC.",BEN,FRANKLIN TEMPLETON INC,FRANKLIN TEMPLETON INC
1077428,32548069000.0,TEXAS CAPITAL BANCSHARES INC/TX,TCBI,TEXAS CAPITAL BANCSHARES INC/TX,TEXAS CAPITAL BANCSHARES INC/TX
1616093,32398411000.0,Wells Fargo Real Estate Investment Corp.,,,Wells Fargo Real Estate Investment Corp.
723612,32371000000.0,"AVIS BUDGET GROUP, INC.",CAR,"AVIS BUDGET GROUP, INC.","AVIS BUDGET GROUP, INC."
860413,32287800000.0,"FIRST INTERSTATE BANCSYSTEM, INC.",FIBK,FIRST INTERSTATE BANCSYSTEM INC,FIRST INTERSTATE BANCSYSTEM INC
22356,32284247000.0,"COMMERCE BANCSHARES, INC.",CBSH,COMMERCE BANCSHARES INC /MO/,COMMERCE BANCSHARES INC /MO/
700564,32040448000.0,FULTON FINANCIAL CORP,FULT,FULTON FINANCIAL CORP,FULTON FINANCIAL CORP
1077771,31848639000.0,UMPQUA HOLDINGS CORP,,,UMPQUA HOLDINGS CORP
933141,31713450000.0,IBERIABANK CORP,,,IBERIABANK CORP
29534,31653111000.0,DOLLAR GENERAL CORPORATION,DG,DOLLAR GENERAL CORP,DOLLAR GENERAL CORP
1090012,31390000000.0,DEVON ENERGY CORP/DE,DVN,DEVON ENERGY CORP/DE,DEVON ENERGY CORP/DE
1124610,31237000000.0,VMWARE LLC,,,VMWARE LLC
1996862,31154000000.0,BUNGE GLOBAL SA,BG,Bunge Global SA,Bunge Global SA
101778,31094000000.0,Marathon Oil Corporation,,,Marathon Oil Corporation
1732845,30936800000.0,WestRock Company,,,WestRock Company
1075531,30684000000.0,Booking Holdings Inc.,BKNG,Booking Holdings Inc.,Booking Holdings Inc.
1013871,30682000000.0,"NRG Energy, Inc",NRG,"NRG ENERGY, INC.","NRG ENERGY, INC."
1070154,30586497000.0,Sterling Bancorp,,,Sterling Bancorp
76334,30520887000.0,Parker-Hannifin Corp,PH,Parker-Hannifin Corp,Parker-Hannifin Corp
1177394,30509182000.0,TD SYNNEX CORPORATION,SNX,TD SYNNEX CORP,TD SYNNEX CORP
1120193,30383000000.0,"Nasdaq, Inc.",NDAQ,"NASDAQ, INC.","NASDAQ, INC."
1805284,30360222000.0,"Rocket     Companies, Inc.",RKT,"Rocket Companies, Inc.","Rocket Companies, Inc."
1646972,30214700000.0,"Albertsons Companies, Inc.",ACI,"Albertsons Companies, Inc.","Albertsons Companies, Inc."
1828937,30147449000.0,FINANCE OF AMERICA COMPANIES INC.,FOA,Finance of America Companies Inc.,Finance of America Companies Inc.
1581990,29969000000.0,PLAINS GP HOLDINGS LP,PAGP,PLAINS GP HOLDINGS LP,PLAINS GP HOLDINGS LP
815917,29892000000.0,JONES FINANCIAL COMPANIES LLLP,,,JONES FINANCIAL COMPANIES LLLP
1635327,29874000000.0,Flutter Entertainment plc,FLUT,Flutter Entertainment plc,Flutter Entertainment plc
320335,29809348000.0,GLOBE LIFE INC.,GL,GLOBE LIFE INC.,GLOBE LIFE INC.
1688568,29599000000.0,DXC TECHNOLOGY COMPANY,DXC,DXC Technology Co,DXC Technology Co
24741,29499000000.0,CORNING INC /NY,GLW,CORNING INC /NY,CORNING INC /NY
1289490,29368011000.0,EXTRA SPACE STORAGE INC.,EXR,Extra Space Storage Inc.,Extra Space Storage Inc.
24545,29341500000.0,MOLSON COORS BEVERAGE COMPANY,TAP,MOLSON COORS BEVERAGE CO,MOLSON COORS BEVERAGE CO
74260,29255700000.0,OLD REPUBLIC INTERNATIONAL CORPORATION,ORI,OLD REPUBLIC INTERNATIONAL CORP,OLD REPUBLIC INTERNATIONAL CORP
764622,29235181000.0,PINNACLE WEST CAPITAL CORPORATION,PNW,PINNACLE WEST CAPITAL CORP,PINNACLE WEST CAPITAL CORP
1067701,29206000000.0,"UNITED RENTALS, INC.",URI,"UNITED RENTALS, INC.","UNITED RENTALS, INC."
794323,29098000000.0,"LEVEL 3 PARENT, LLC",,,"LEVEL 3 PARENT, LLC"
1123852,29087000000.0,NORTHERN STATES POWER CO,,,NORTHERN STATES POWER CO
1287750,29071000000.0,ARES CAPITAL CORPORATION,ARCC,ARES CAPITAL CORP,ARES CAPITAL CORP
20520,29013000000.0,"FRONTIER COMMUNICATIONS PARENT, INC.",,,"FRONTIER COMMUNICATIONS PARENT, INC."
868671,29004983000.0,"GLACIER BANCORP, INC.",GBCI,"GLACIER BANCORP, INC.","GLACIER BANCORP, INC."
106040,28975000000.0,WESTERN DIGITAL CORP,WDC,WESTERN DIGITAL CORP,WESTERN DIGITAL CORP
29989,28788600000.0,OMNICOM GROUP INC.,OMC,OMNICOM GROUP INC.,OMNICOM GROUP INC.
1269238,28752000000.0,Trip.com Group Limited,TCOM,Trip.com Group Ltd,Trip.com Group Ltd
70318,28699000000.0,TENET HEALTHCARE CORP,THC,TENET HEALTHCARE CORP,TENET HEALTHCARE CORP
1070423,28677000000.0,PLAINS ALL AMERICAN PIPELINE LP,PAA,PLAINS ALL AMERICAN PIPELINE LP,PLAINS ALL AMERICAN PIPELINE LP
1478242,28632000000.0,IQVIA HOLDINGS INC.,IQV,IQVIA HOLDINGS INC.,IQVIA HOLDINGS INC.
4447,28621000000.0,HESS CORP,,,HESS CORP
81018,28598000000.0,PUBLIC SERVICE CO OF COLORADO,,,PUBLIC SERVICE CO OF COLORADO
1801075,28597566000.0,American National Group Inc,,,American National Group Inc
904163,28597566000.0,AMERICAN NATIONAL INSURANCE CO,,,AMERICAN NATIONAL INSURANCE CO
875045,28330200000.0,BIOGEN INC.,BIIB,BIOGEN INC.,BIOGEN INC.
10456,28287000000.0,Baxter International Inc.,BAX,BAXTER INTERNATIONAL INC,BAXTER INTERNATIONAL INC
796343,28107000000.0,ADOBE INC.,ADBE,ADOBE INC.,ADOBE INC.
816284,28086000000.0,CELGENE CORP /DE/,,,CELGENE CORP /DE/
857855,28085521000.0,"UNITED COMMUNITY BANKS, INC.",UCB,UNITED COMMUNITY BANKS INC,UNITED COMMUNITY BANKS INC
1502749,27838086000.0,EverBank Financial Corp,,,EverBank Financial Corp
749098,27789000000.0,MAGNA INTERNATIONAL INC,MGA,MAGNA INTERNATIONAL INC,MAGNA INTERNATIONAL INC
895126,27768000000.0,EXPAND ENERGY CORPORATION,EXE,EXPAND ENERGY Corp,EXPAND ENERGY Corp
731802,27712527000.0,ATMOS ENERGY CORP,ATO,ATMOS ENERGY CORP,ATMOS ENERGY CORP
1138118,27693000000.0,"CBRE GROUP, INC.",CBRE,"CBRE GROUP, INC.","CBRE GROUP, INC."
203596,27571576000.0,WESBANCO INC,WSBC,WESBANCO INC,WESBANCO INC
90498,27461061000.0,SIMMONS FIRST NATIONAL CORPORATION,SFNC,SIMMONS FIRST NATIONAL CORP,SIMMONS FIRST NATIONAL CORP
911421,27387200000.0,PartnerRe Ltd.,PREJF,PARTNERRE LTD,PARTNERRE LTD
1170010,27386405000.0,"CARMAX, INC.",KMX,CARMAX INC,CARMAX INC
718877,27383000000.0,"ACTIVISION BLIZZARD, INC.",,,"ACTIVISION BLIZZARD, INC."
1048286,27342000000.0,MARRIOTT INTERNATIONAL INC /MD/,MAR,MARRIOTT INTERNATIONAL INC /MD/,MARRIOTT INTERNATIONAL INC /MD/
908937,27326000000.0,SIRIUS XM HOLDINGS INC.,SIRI,SIRIUS XM HOLDINGS INC.,SIRIUS XM HOLDINGS INC.
1944048,27316000000.0,Kenvue Inc.,KVUE,Kenvue Inc.,Kenvue Inc.
1176948,27264941000.0,ARES MANAGEMENT CORPORATION,ARES,Ares Management Corp,Ares Management Corp
1258602,27193095000.0,"NELNET, INC",NNI,NELNET INC,NELNET INC
1409493,27118671000.0,CHIMERA INVESTMENT CORP,CIM,CHIMERA INVESTMENT CORP,CHIMERA INVESTMENT CORP
16918,27093700000.0,"CONSTELLATION BRANDS, INC.",STZ,"CONSTELLATION BRANDS, INC.","CONSTELLATION BRANDS, INC."
45012,27000000000.0,HALLIBURTON COMPANY,HAL,HALLIBURTON CO,HALLIBURTON CO
1559720,26992000000.0,"Airbnb, Inc.",ABNB,"Airbnb, Inc.","Airbnb, Inc."
1324424,26976000000.0,"Expedia Group, Inc.",EXPE,"Expedia Group, Inc.","Expedia Group, Inc."
1585064,26952000000.0,Fidelity & Guaranty Life,,,Fidelity & Guaranty Life
1333141,26933942000.0,FRESENIUS MEDICAL CARE AG,FMS,Fresenius Medical Care AG,Fresenius Medical Care AG
775368,26931604000.0,ALLEGHANY CORP /DE,,,ALLEGHANY CORP /DE
1451505,26889000000.0,TRANSOCEAN LTD.,RIG,Transocean Ltd.,Transocean Ltd.
96021,26774000000.0,SYSCO CORP,SYY,SYSCO CORP,SYSCO CORP
1711929,26764853000.0,"STARWOOD REAL ESTATE INCOME TRUST, INC.",SWDS,"Starwood Real Estate Income Trust, Inc.","Starwood Real Estate Income Trust, Inc."
936528,26731915000.0,"WAFD, INC.",WAFD,WAFD INC,WAFD INC
1594012,26698766000.0,"INVESTORS BANCORP, INC.",,,"INVESTORS BANCORP, INC."
1136869,26684400000.0,"ZIMMER BIOMET HOLDINGS, INC.",ZBH,"ZIMMER BIOMET HOLDINGS, INC.","ZIMMER BIOMET HOLDINGS, INC."
351569,26680153000.0,AMERIS BANCORP,ABCB,Ameris Bancorp,Ameris Bancorp
25598,26628000000.0,ONEMAIN FINANCE CORPORATION,,,ONEMAIN FINANCE CORPORATION
1584207,26628000000.0,"ONEMAIN HOLDINGS, INC.",OMF,"OneMain Holdings, Inc.","OneMain Holdings, Inc."
715072,26624975000.0,RENASANT CORP,RNST,RENASANT CORP,RENASANT CORP
1038509,26605159000.0,PRUCO LIFE INSURANCE OF NEW JERSEY,,,PRUCO LIFE INSURANCE OF NEW JERSEY
1101215,26494800000.0,"BREAD FINANCIAL HOLDINGS, INC.",BFH,"BREAD FINANCIAL HOLDINGS, INC.","BREAD FINANCIAL HOLDINGS, INC."
740260,26474929000.0,"Ventas, Inc.",VTR,"Ventas, Inc.","Ventas, Inc."
1306830,26272000000.0,CELANESE CORPORATION,CE,Celanese Corp,Celanese Corp
1769628,26241363000.0,"CoreWeave, Inc.",CRWV,"CoreWeave, Inc.","CoreWeave, Inc."
1585689,26211000000.0,Hilton Worldwide Holdings Inc.,HLT,Hilton Worldwide Holdings Inc.,Hilton Worldwide Holdings Inc.
1682852,25858000000.0,"Moderna, Inc.",MRNA,"Moderna, Inc.","Moderna, Inc."
1618755,25688000000.0,RESTAURANT BRANDS INTERNATIONAL LIMITED PARTNERSHIP,QSP,Restaurant Brands International Limited Partnership,Restaurant Brands International Limited Partnership
1618756,25688000000.0,RESTAURANT BRANDS INTERNATIONAL INC.,QSR,Restaurant Brands International Inc.,Restaurant Brands International Inc.
820313,25668400000.0,AMPHENOL CORPORATION,APH,AMPHENOL CORP /DE/,AMPHENOL CORP /DE/
79282,25636000000.0,"BROWN & BROWN, INC.",BRO,"BROWN & BROWN, INC.","BROWN & BROWN, INC."
1037540,25621190000.0,"BXP, INC.",BXP,"BXP, Inc.","BXP, Inc."
1810546,25456168000.0,"Eastern Bankshares, Inc.",EBC,"Eastern Bankshares, Inc.","Eastern Bankshares, Inc."
89800,25363600000.0,SHERWIN WILLIAMS CO,SHW,SHERWIN WILLIAMS CO,SHERWIN WILLIAMS CO
1061630,25353985000.0,"Blackstone Mortgage Trust, Inc.",BXMT,"BLACKSTONE MORTGAGE TRUST, INC.","BLACKSTONE MORTGAGE TRUST, INC."
858339,25345000000.0,"CAESARS HOLDINGS, INC.",,,"CAESARS HOLDINGS, INC."
1413447,25250000000.0,NXP Semiconductors N.V.,NXPI,NXP Semiconductors N.V.,NXP Semiconductors N.V.
1527166,25067800000.0,Carlyle Group Inc.,CG,Carlyle Group Inc.,Carlyle Group Inc.
1110646,25047989000.0,"NETEASE, INC.",NTES,"NetEase, Inc.","NetEase, Inc."
93556,24963300000.0,"STANLEY BLACK & DECKER, INC.",SWK,"STANLEY BLACK & DECKER, INC.","STANLEY BLACK & DECKER, INC."
1385157,24866000000.0,TE CONNECTIVITY PLC,TEL,TE Connectivity plc,TE Connectivity plc
1299709,24783078000.0,"Axos Financial, Inc.",AX,"Axos Financial, Inc.","Axos Financial, Inc."
1358071,24732000000.0,CONCHO RESOURCES INC,,,CONCHO RESOURCES INC
1657853,24627000000.0,"HERTZ GLOBAL HOLDINGS, INC",HTZ,"HERTZ GLOBAL HOLDINGS, INC","HERTZ GLOBAL HOLDINGS, INC"
1144519,24580000000.0,BUNGELTD,,,BUNGELTD
36377,24577223000.0,"FIRST HAWAIIAN, INC.",FHB,"FIRST HAWAIIAN, INC.","FIRST HAWAIIAN, INC."
1178970,24547286000.0,"PROVIDENT FINANCIAL SERVICES, INC.",PFS,PROVIDENT FINANCIAL SERVICES INC,PROVIDENT FINANCIAL SERVICES INC
1285785,24304800000.0,Mosaic Co,MOS,MOSAIC CO,MOSAIC CO
7536,24252578000.0,"ARROW ELECTRONICS, INC.",ARW,"ARROW ELECTRONICS, INC.","ARROW ELECTRONICS, INC."
1745916,24221904000.0,"PennyMac Financial Services, Inc.",PFSI,"PennyMac Financial Services, Inc.","PennyMac Financial Services, Inc."
1023128,24161000000.0,LITHIA MOTORS INC,LAD,LITHIA MOTORS INC,LITHIA MOTORS INC
875320,24036700000.0,VERTEX PHARMACEUTICALS INC / MA,VRTX,VERTEX PHARMACEUTICALS INC / MA,VERTEX PHARMACEUTICALS INC / MA
858470,23982000000.0,COTERRA ENERGY INC.,,,COTERRA ENERGY INC.
1521332,23942000000.0,APTIV PLC,APTV,Aptiv PLC,Aptiv PLC
1065088,23847000000.0,eBay Inc.,EBAY,EBAY INC,EBAY INC
2035989,23782000000.0,Amrize Ltd,AMRZ,Amrize Ltd,Amrize Ltd
352541,23750000000.0,ALLIANT ENERGY CORP,LNT,ALLIANT ENERGY CORP,ALLIANT ENERGY CORP
52485,23750000000.0,ALLIANT ENERGY CORP,,,ALLIANT ENERGY CORP
31462,23736000000.0,ECOLAB INC.,ECL,ECOLAB INC.,ECOLAB INC.
861842,23723847000.0,Cathay General Bancorp,CATY,CATHAY GENERAL BANCORP,CATHAY GENERAL BANCORP
46195,23709752000.0,BANK OF HAWAII CORP,BOH,BANK OF HAWAII CORP,BANK OF HAWAII CORP
1327567,23576000000.0,"PALO ALTO NETWORKS, INC",PANW,Palo Alto Networks Inc,Palo Alto Networks Inc
1681459,23518800000.0,TechnipFMC plc,FTI,TechnipFMC plc,TechnipFMC plc
1389170,23512800000.0,TARGA RESOURCES CORP.,TRGP,Targa Resources Corp.,Targa Resources Corp.
1273685,23483369000.0,"NEW YORK MORTGAGE TRUST, INC.",ADAM,"ADAMAS TRUST, INC.","ADAMAS TRUST, INC."
1339947,23312000000.0,VIACOM INC.,,,VIACOM INC.
732834,23290546000.0,"CONTINENTAL RESOURCES, INC.",,,"CONTINENTAL RESOURCES, INC."
1033012,23266000000.0,FLAGSTAR BANCORP INC,,,FLAGSTAR BANCORP INC
1300514,23199000000.0,LAS VEGAS SANDS CORP.,LVS,LAS VEGAS SANDS CORP,LAS VEGAS SANDS CORP
1754301,23195000000.0,Fox Corp,FOXA,Fox Corp,Fox Corp
1335258,23150333000.0,"LIVE NATION ENTERTAINMENT, INC.",LYV,"Live Nation Entertainment, Inc.","Live Nation Entertainment, Inc."
1603145,23052000000.0,"XPLR INFRASTRUCTURE, LP",XIFR,"XPLR Infrastructure, LP","XPLR Infrastructure, LP"
935703,23022100000.0,"DOLLAR TREE, INC.",DLTR,"DOLLAR TREE, INC.","DOLLAR TREE, INC."
1331520,22907022000.0,"HOME BANCSHARES, INC.",HOMB,HOME BANCSHARES INC,HOME BANCSHARES INC
1636023,22871100000.0,WESTROCK CO,,,WESTROCK CO
1496048,22732746000.0,Brookfield Property REIT Inc.,,,Brookfield Property REIT Inc.
1260221,22700000000.0,TransDigm Group Incorporated,TDG,TransDigm Group INC,TransDigm Group INC
1365555,22614668000.0,"AMTRUST FINANCIAL SERVICES, INC.",,,"AMTRUST FINANCIAL SERVICES, INC."
1488813,22550800000.0,"Customers Bancorp, Inc.",CUBI,"Customers Bancorp, Inc.","Customers Bancorp, Inc."
1835632,22522100000.0,"MARVELL TECHNOLOGY, INC",MRVL,"Marvell Technology, Inc.","Marvell Technology, Inc."
6769,22519000000.0,APACHE CORPORATION,,,APACHE CORPORATION
23217,22492600000.0,"CONAGRA BRANDS, INC.",CAG,CONAGRA BRANDS INC.,CONAGRA BRANDS INC.
42582,22431000000.0,GOODYEAR TIRE & RUBBER CO /OH/,GT,GOODYEAR TIRE & RUBBER CO /OH/,GOODYEAR TIRE & RUBBER CO /OH/
1437071,22346545000.0,Invesco Mortgage Capital Inc.,IVR,Invesco Mortgage Capital Inc.,Invesco Mortgage Capital Inc.
2083785,22268000000.0,"Sunbelt Rentals Holdings, Inc.",SUNB,"Sunbelt Rentals Holdings, Inc.","Sunbelt Rentals Holdings, Inc."
1363829,22154000000.0,Enstar Group Limited,,,Enstar Group Limited
79879,22099000000.0,PPG INDUSTRIES INC,PPG,PPG INDUSTRIES INC,PPG INDUSTRIES INC
1373715,22051000000.0,"SERVICENOW, INC.",NOW,"ServiceNow, Inc.","ServiceNow, Inc."
1108109,21944000000.0,"COMMUNITY HEALTH SYSTEMS, INC.",CYH,COMMUNITY HEALTH SYSTEMS INC,COMMUNITY HEALTH SYSTEMS INC
1024305,21891000000.0,COTY INC.,COTY,COTY INC.,COTY INC.
915912,21837945000.0,"AVALONBAY COMMUNITIES, INC.",,,"AVALONBAY COMMUNITIES, INC."
1837532,21820747000.0,APOLLO DEBT SOLUTIONS BDC,,,APOLLO DEBT SOLUTIONS BDC
1028918,21688017000.0,PACIFIC PREMIER BANCORP INC,,,PACIFIC PREMIER BANCORP INC
1351413,21666000000.0,SEADRILL LTD,,,SEADRILL LTD
1394074,21606000000.0,"SPECTRA ENERGY PARTNERS, LP",,,"SPECTRA ENERGY PARTNERS, LP"
1513761,21595817000.0,NORWEGIAN CRUISE LINE HOLDINGS LTD.,NCLH,Norwegian Cruise Line Holdings Ltd.,Norwegian Cruise Line Holdings Ltd.
1852317,21588740000.0,Fidelity® Wise Origin® Bitcoin Fund,FBTC,Fidelity Wise Origin Bitcoin Fund,Fidelity Wise Origin Bitcoin Fund
1318742,21536794000.0,NCL CORPORATION LTD.,,,NCL CORPORATION LTD.
1792580,21487000000.0,Ovintiv Inc.,OVV,Ovintiv Inc.,Ovintiv Inc.
814184,21441326000.0,TCF FINANCIAL CORP,,,TCF FINANCIAL CORP
1838126,21396626000.0,HPS Corporate Lending Fund,,,HPS Corporate Lending Fund
707549,21345260000.0,LAM RESEARCH CORPORATION,LRCX,LAM RESEARCH CORP,LAM RESEARCH CORP
930236,21333020000.0,"REDWOOD TRUST, INC.",RWT,REDWOOD TRUST INC,REDWOOD TRUST INC
1469367,21230135000.0,Sunrun Inc.,RUN,Sunrun Inc.,Sunrun Inc.
906107,21172769000.0,EQUITY RESIDENTIAL,VMRK,VIVMARK RESIDENTIAL,VIVMARK RESIDENTIAL
794367,21172000000.0,"Macy's, Inc.",M,"Macy's, Inc.","Macy's, Inc."
68622,21149000000.0,QWEST CORPORATION,CTGG,QWEST CORP,QWEST CORP
1021860,21140000000.0,NOV INC.,NOV,NOV Inc.,NOV Inc.
823277,21073264000.0,CHS Inc.,CHSCP,CHS INC,CHS INC
72207,21011000000.0,NOBLE ENERGY INC,,,NOBLE ENERGY INC
1466258,20990500000.0,TRANE TECHNOLOGIES PLC,TT,Trane Technologies plc,Trane Technologies plc
1110783,20959000000.0,MONSANTO CO /NEW/,,,MONSANTO CO /NEW/
1693317,20942000000.0,"Cheniere Corpus Christi Holdings, LLC",,,"Cheniere Corpus Christi Holdings, LLC"
866374,20892000000.0,FLEX LTD.,FLEX,FLEX LTD.,FLEX LTD.
4457,20848368000.0,AMERCO,UHAL,U-Haul Holding Co /NV/,U-Haul Holding Co /NV/
899689,20814847000.0,VORNADO REALTY TRUST,VNO,VORNADO REALTY TRUST,VORNADO REALTY TRUST
1262823,20806000000.0,Westlake Corporation,WLK,WESTLAKE CORP,WESTLAKE CORP
828944,20763292000.0,WSFS FINANCIAL CORPORATION,WSFS,WSFS FINANCIAL CORP,WSFS FINANCIAL CORP
1001250,20731000000.0,The Estee Lauder Companies Inc.,EL,ESTEE LAUDER COMPANIES INC,ESTEE LAUDER COMPANIES INC
1318220,20678610000.0,"Waste Connections, Inc.",WCN,"Waste Connections, Inc.","Waste Connections, Inc."
1393311,20541453000.0,PUBLIC STORAGE,PSA,Public Storage,Public Storage
898293,20506000000.0,Jabil Inc.,JBL,JABIL INC,JABIL INC
764065,20471000000.0,CLEVELAND-CLIFFS INC.,CLF,CLEVELAND-CLIFFS INC.,CLEVELAND-CLIFFS INC.
1647339,20443741000.0,ACCENTURE HOLDINGS PLC,,,ACCENTURE HOLDINGS PLC
1175454,20435226000.0,"Corpay, Inc.",CPAY,"CORPAY, INC.","CORPAY, INC."
40987,20431067000.0,GENUINE PARTS CO,GPC,GENUINE PARTS CO,GENUINE PARTS CO
50104,20398000000.0,ANDEAVOR,,,ANDEAVOR
943452,20391000000.0,WESTINGHOUSE AIR BRAKE TECHNOLOGIES CORP,WAB,WESTINGHOUSE AIR BRAKE TECHNOLOGIES CORP,WESTINGHOUSE AIR BRAKE TECHNOLOGIES CORP
1355096,20355000000.0,"QVC GROUP, INC.",,,"QVC GROUP, INC."
920112,20244228000.0,HEARTLAND FINANCIAL USA INC,,,HEARTLAND FINANCIAL USA INC
1020569,20176789000.0,IRON MOUNTAIN INCORPORATED,IRM,IRON MOUNTAIN INC,IRON MOUNTAIN INC
1058290,20164000000.0,Cognizant Technology Solutions Corporation,CTSH,COGNIZANT TECHNOLOGY SOLUTIONS CORP,COGNIZANT TECHNOLOGY SOLUTIONS CORP
1035267,20163200000.0,"Intuitive Surgical, Inc.",ISRG,INTUITIVE SURGICAL INC,INTUITIVE SURGICAL INC
920148,20155100000.0,LABCORP HOLDINGS INC.,LH,LABCORP HOLDINGS INC.,LABCORP HOLDINGS INC.
889936,20053773000.0,"PRIVATEBANCORP, INC.",,,"PRIVATEBANCORP, INC."
776901,20048934000.0,INDEPENDENT BANK CORP.,INDB,INDEPENDENT BANK CORP,INDEPENDENT BANK CORP
4281,20038000000.0,Howmet Aerospace Inc.,HWM,Howmet Aerospace Inc.,Howmet Aerospace Inc.
932787,19982000000.0,STMicroelectronics N.V.,STM,STMicroelectronics N.V.,STMicroelectronics N.V.
1588489,19945117000.0,Grayscale Bitcoin Trust ETF,GBTC,Grayscale Bitcoin Trust ETF,Grayscale Bitcoin Trust ETF
9389,19909000000.0,Ball Corporation,BALL,BALL Corp,BALL Corp
1050915,19891264000.0,"Quanta Services, Inc.",PWR,"QUANTA SERVICES, INC.","QUANTA SERVICES, INC."
766421,19885000000.0,"ALASKA AIR GROUP, INC.",ALK,"ALASKA AIR GROUP, INC.","ALASKA AIR GROUP, INC."
1679688,19832184000.0,"DigitalBridge Group, Inc.",DBRG,"DigitalBridge Group, Inc.","DigitalBridge Group, Inc."
765880,19810267000.0,"Healthpeak Properties, Inc.",DOC,"HEALTHPEAK PROPERTIES, INC.","HEALTHPEAK PROPERTIES, INC."
879101,19796555000.0,KIMCO REALTY CORPORATION,KIM,KIMCO REALTY CORP,KIMCO REALTY CORP
1287865,19658000000.0,"Medical Properties Trust, Inc",MPT,MEDICAL PROPERTIES TRUST INC,MEDICAL PROPERTIES TRUST INC
1383650,19633000000.0,"CHENIERE ENERGY PARTNERS, L.P.",CQP,"Cheniere Energy Partners, L.P.","Cheniere Energy Partners, L.P."
1520566,19593000000.0,Nationstar Mortgage Holdings Inc.,,,Nationstar Mortgage Holdings Inc.
1001838,19554700000.0,SOUTHERN COPPER CORP/,SCCO,SOUTHERN COPPER CORP/,SOUTHERN COPPER CORP/
1163302,19458000000.0,United States Steel Corp,,,United States Steel Corp
1897762,19453234000.0,INGRAM MICRO HOLDING CORP,INGM,Ingram Micro Holding Corp,Ingram Micro Holding Corp
1868159,19444000000.0,"Lineage, Inc.",LINE,"Lineage, Inc.","Lineage, Inc."
884905,19332000000.0,PRAXAIR INC,,,PRAXAIR INC
1139812,19302317000.0,MB FINANCIAL INC /MD,,,MB FINANCIAL INC /MD
1592386,19284489000.0,"VIRTU FINANCIAL, INC.",VIRT,"Virtu Financial, Inc.","Virtu Financial, Inc."
106535,19243000000.0,WEYERHAEUSER COMPANY,WY,WEYERHAEUSER CO,WEYERHAEUSER CO
81100,19236321000.0,"PUGET SOUND ENERGY, INC.",,,"PUGET SOUND ENERGY, INC."
1085392,19236321000.0,PUGET ENERGY INC /WA,,,PUGET ENERGY INC /WA
1128361,19164491000.0,"HOPE BANCORP, INC.",HOPE,HOPE BANCORP INC,HOPE BANCORP INC
106640,19153000000.0,WHIRLPOOL CORP /DE/,WHR,WHIRLPOOL CORP /DE/,WHIRLPOOL CORP /DE/
1629019,19141204000.0,Merchants Bancorp,MBIN,Merchants Bancorp,Merchants Bancorp
1764757,19024136000.0,DiDi Global Inc.,DIDIY,DiDi Global Inc.,DiDi Global Inc.
1402436,18984200000.0,"SS&C TECHNOLOGIES HOLDINGS, INC.",SSNC,SS&C Technologies Holdings Inc,SS&C Technologies Holdings Inc
314489,18918740000.0,FIRST BUSEY CORPORATION,BUSE,FIRST BUSEY CORP /NV/,FIRST BUSEY CORP /NV/
1057706,18897529000.0,FIRST BANCORP.,FBP,FIRST BANCORP /PR/,FIRST BANCORP /PR/
1038205,18890142000.0,BANK OF THE OZARKS INC,,,BANK OF THE OZARKS INC
51644,18811700000.0,"INTERPUBLIC GROUP OF COMPANIES, INC.",,,"INTERPUBLIC GROUP OF COMPANIES, INC."
927066,18755776000.0,DAVITA INC.,DVA,DAVITA INC.,DAVITA INC.
1379661,18744500000.0,TARGA RESOURCES PARTNERS LP,,,TARGA RESOURCES PARTNERS LP
754737,18707000000.0,SCANA CORP,,,SCANA CORP
1687229,18662005000.0,Invitation Homes Inc.,INVH,Invitation Homes Inc.,Invitation Homes Inc.
708955,18634255000.0,FIRST FINANCIAL BANCORP.,FFBC,FIRST FINANCIAL BANCORP /OH/,FIRST FINANCIAL BANCORP /OH/
36146,18615659000.0,TRUSTMARK CORP,TRMK,TRUSTMARK CORP,TRUSTMARK CORP
712534,18592777000.0,FIRST MERCHANTS CORP,FRME,FIRST MERCHANTS CORP,FIRST MERCHANTS CORP
78128,18554285000.0,"Essential Utilities, Inc.",WTRG,"Essential Utilities, Inc.","Essential Utilities, Inc."
849399,18547000000.0,Gen Digital Inc.,GEN,Gen Digital Inc.,Gen Digital Inc.
933136,18499000000.0,Mr. Cooper Group Inc.,,,Mr. Cooper Group Inc.
55067,18496000000.0,Kellanova,,,Kellanova
1802768,18323000000.0,Royalty Pharma plc,RPRX,Royalty Pharma plc,Royalty Pharma plc
1564618,18258414000.0,"Independent Bank Group, Inc.",,,"Independent Bank Group, Inc."
1659166,18244200000.0,Fortive Corp,FTV,Fortive Corp,Fortive Corp
1915657,18125483000.0,HF SINCLAIR CORPORATION,DINO,HF Sinclair Corp,HF Sinclair Corp
880285,18110000000.0,ENBRIDGE ENERGY PARTNERS LP,,,ENBRIDGE ENERGY PARTNERS LP
1841666,18107000000.0,APA CORPORATION,APA,APA Corp,APA Corp
1025378,18102035000.0,W. P. Carey Inc.,WPC,W. P. Carey Inc.,W. P. Carey Inc.
916076,18070000000.0,"MARTIN MARIETTA MATERIALS, INC.",MLM,MARTIN MARIETTA MATERIALS INC,MARTIN MARIETTA MATERIALS INC
1699150,18059100000.0,Ingersoll Rand Inc.,IR,Ingersoll Rand Inc.,Ingersoll Rand Inc.
108772,18051000000.0,XEROX CORP,,,XEROX CORP
89089,17980205000.0,Service Corporation International,SCI,SERVICE CORP INTERNATIONAL,SERVICE CORP INTERNATIONAL
55785,17970000000.0,KIMBERLY-CLARK CORPORATION,KMB,KIMBERLY CLARK CORP,KIMBERLY CLARK CORP
1327811,17961000000.0,"WORKDAY, INC.",WDAY,"Workday, Inc.","Workday, Inc."
1618673,17881200000.0,Performance Food Group Company,PFGC,Performance Food Group Co,Performance Food Group Co
1874178,17876000000.0,"Rivian Automotive, Inc. / DE",RIVN,"Rivian Automotive, Inc. / DE","Rivian Automotive, Inc. / DE"
1813756,17863000000.0,WEWORK INC.,,,WEWORK INC.
702325,17850397000.0,FIRST MIDWEST BANCORP INC,,,FIRST MIDWEST BANCORP INC
1834584,17831000000.0,"COUPANG, INC.",CPNG,"Coupang, Inc.","Coupang, Inc."
1703056,17821236000.0,ADT Inc,ADT,ADT Inc.,ADT Inc.
1614184,17800229000.0,Cadence Bancorporation,,,Cadence Bancorporation
107815,17747700000.0,WISCONSIN ELECTRIC POWER COMPANY,WELPP,WISCONSIN ELECTRIC POWER CO,WISCONSIN ELECTRIC POWER CO
91419,17741900000.0,J M SMUCKER Co,SJM,J M SMUCKER Co,J M SMUCKER Co
2011641,17729000000.0,Ferguson Enterprises Inc.,FERG,Ferguson Enterprises Inc. /DE/,Ferguson Enterprises Inc. /DE/
1174169,17627613000.0,ALGONQUIN POWER & UTILITIES CORP.,AQN,ALGONQUIN POWER & UTILITIES CORP.,ALGONQUIN POWER & UTILITIES CORP.
827054,17588600000.0,MICROCHIP TECHNOLOGY INC,MCHP,MICROCHIP TECHNOLOGY INC,MICROCHIP TECHNOLOGY INC
822416,17587811000.0,"PULTEGROUP, INC.",PHM,PULTEGROUP INC/MI/,PULTEGROUP INC/MI/
899866,17544600000.0,"ALEXION PHARMACEUTICALS, INC.",,,"ALEXION PHARMACEUTICALS, INC."
921738,17502100000.0,"PENN Entertainment, Inc.",PENN,"PENN Entertainment, Inc.","PENN Entertainment, Inc."
1658566,17494406000.0,PERMIAN RESOURCES CORPORATION,PR,Permian Resources Corp,Permian Resources Corp
916457,17493000000.0,CALPINE CORP,,,CALPINE CORP
1397911,17473676000.0,LPL Financial Holdings Inc.,LPLA,LPL Financial Holdings Inc.,LPL Financial Holdings Inc.
21665,17470000000.0,COLGATE-PALMOLIVE COMPANY,CL,COLGATE PALMOLIVE CO,COLGATE PALMOLIVE CO
1655888,17398476000.0,BLUE OWL CAPITAL CORPORATION,OBDC,Blue Owl Capital Corp,Blue Owl Capital Corp
1019849,17393400000.0,"Penske Automotive Group, Inc.",PAG,"PENSKE AUTOMOTIVE GROUP, INC.","PENSKE AUTOMOTIVE GROUP, INC."
1430723,17378628000.0,"ServisFirst Bancshares, Inc.",SFBS,"ServisFirst Bancshares, Inc.","ServisFirst Bancshares, Inc."
1381668,17375666000.0,TFS FINANCIAL CORPORATION,TFSL,TFS Financial CORP,TFS Financial CORP
912752,17370000000.0,"SINCLAIR BROADCAST GROUP, LLC",,,"SINCLAIR BROADCAST GROUP, LLC"
1037976,17340500000.0,Jones Lang LaSalle Incorporated,JLL,JONES LANG LASALLE INC,JONES LANG LASALLE INC
91882,17328000000.0,"Dominion Energy South Carolina, Inc.",,,"Dominion Energy South Carolina, Inc."
1304280,17306000000.0,NOVELIS INC.,,,NOVELIS INC.
915913,17291927000.0,ALBEMARLE CORPORATION,ALB,ALBEMARLE CORP,ALBEMARLE CORP
1524472,17191000000.0,Xylem Inc.,XYL,Xylem Inc.,Xylem Inc.
1060955,17185278000.0,ICON PLC,ICLR,ICON PLC,ICON PLC
1102266,17142025000.0,CENTERSTATE BANK CORPORATION,,,CENTERSTATE BANK CORPORATION
884614,17128000000.0,UGI CORP /PA/,UGI,UGI CORP /PA/,UGI CORP /PA/
1236275,17114200000.0,"QXO, INC.",QXO,"QXO, Inc.","QXO, Inc."
912593,17084200000.0,"SUN COMMUNITIES, INC",SUI,SUN COMMUNITIES INC,SUN COMMUNITIES INC
217346,17076000000.0,TEXTRON INC.,TXT,TEXTRON INC,TEXTRON INC
1411342,17071895000.0,ELLINGTON FINANCIAL INC,EFC,Ellington Financial Inc.,Ellington Financial Inc.
1253986,17038985000.0,"Arbor Realty Trust, Inc.",ABR,ARBOR REALTY TRUST INC,ARBOR REALTY TRUST INC
1378992,17024000000.0,"Berry Global Group, Inc.",,,"Berry Global Group, Inc."
1703399,17002796000.0,Sea Limited,SE,Sea Ltd,Sea Ltd
908255,16994000000.0,BorgWarner Inc.,BWA,BORGWARNER INC,BORGWARNER INC
1396009,16974700000.0,VULCAN MATERIALS COMPANY,VMC,Vulcan Materials CO,Vulcan Materials CO
1792789,16950000000.0,"DOORDASH, INC.",DASH,"DoorDash, Inc.","DoorDash, Inc."
314808,16931200000.0,Valaris Limited,VAL,Valaris Ltd,Valaris Ltd
1158463,16903000000.0,JETBLUE AIRWAYS CORP,JBLU,JETBLUE AIRWAYS CORP,JETBLUE AIRWAYS CORP
1564708,16891000000.0,NEWS CORPORATION,NWSA,NEWS CORP,NEWS CORP
946581,16881400000.0,"TAKE-TWO INTERACTIVE SOFTWARE, INC.",TTWO,TAKE TWO INTERACTIVE SOFTWARE INC,TAKE TWO INTERACTIVE SOFTWARE INC
1273813,16843000000.0,ASSURED GUARANTY LTD.,AGO,ASSURED GUARANTY LTD,ASSURED GUARANTY LTD
1918712,16826197000.0,ARES STRATEGIC INCOME FUND,,,ARES STRATEGIC INCOME FUND
1464423,16801119000.0,PennyMac Mortgage Investment Trust,PMT,PennyMac Mortgage Investment Trust,PennyMac Mortgage Investment Trust
1675149,16741000000.0,Alcoa Corp,AA,Alcoa Corp,Alcoa Corp
1678531,16708900000.0,ENVISION HEALTHCARE CORP,,,ENVISION HEALTHCARE CORP
723188,16665018000.0,"COMMUNITY BANK SYSTEM, INC.",CBU,"COMMUNITY FINANCIAL SYSTEM, INC.","COMMUNITY FINANCIAL SYSTEM, INC."
1611983,16593000000.0,LIBERTY BROADBAND CORPORATION,,,LIBERTY BROADBAND CORPORATION
788816,16576368000.0,Oglethorpe Power Corporation,,,Oglethorpe Power Corporation
723531,16564100000.0,"PAYCHEX, INC.",PAYX,PAYCHEX INC,PAYCHEX INC
1596532,16534200000.0,"ARISTA NETWORKS, INC.",ANET,"Arista Networks, Inc.","Arista Networks, Inc."
873860,16531300000.0,ONITY GROUP INC.,ONIT,ONITY GROUP INC.,ONITY GROUP INC.
354647,16476540000.0,CVB FINANCIAL CORP.,CVBF,CVB FINANCIAL CORP,CVB FINANCIAL CORP
85961,16470000000.0,"RYDER SYSTEM, INC.",R,RYDER SYSTEM INC,RYDER SYSTEM INC
315709,16462314000.0,INTERNATIONAL BANCSHARES CORPORATION,IBOC,INTERNATIONAL BANCSHARES CORP,INTERNATIONAL BANCSHARES CORP
1040719,16458970000.0,DITECH HOLDING CORP,,,DITECH HOLDING CORP
1552493,16454870000.0,CNH Industrial Capital LLC,,,CNH Industrial Capital LLC
946673,16437169000.0,BANNER CORPORATION,BANR,BANNER CORP,BANNER CORP
68505,16412000000.0,"Motorola Solutions, Inc.",MSI,"Motorola Solutions, Inc.","Motorola Solutions, Inc."
354707,16284244000.0,"Hawaiian Electric Industries, Inc.",HE,HAWAIIAN ELECTRIC INDUSTRIES INC,HAWAIIAN ELECTRIC INDUSTRIES INC
1472787,16273900000.0,FIRST AMERICAN FINANCIAL CORPORATION,FAF,First American Financial Corp,First American Financial Corp
1265131,16259282000.0,Hilltop Holdings Inc.,HTH,Hilltop Holdings Inc.,Hilltop Holdings Inc.
1428205,16240716000.0,"ARMOUR Residential REIT, Inc.",ARR,"Armour Residential REIT, Inc.","Armour Residential REIT, Inc."
1179929,16209000000.0,"MOLINA HEALTHCARE, INC.",MOH,"MOLINA HEALTHCARE, INC.","MOLINA HEALTHCARE, INC."
929008,16202500000.0,WESCO INTERNATIONAL INC,WCC,WESCO INTERNATIONAL INC,WESCO INTERNATIONAL INC
1527508,16175000000.0,PACTIV EVERGREEN INC.,,,PACTIV EVERGREEN INC.
1937926,16143000000.0,BROOKFIELD ASSET MANAGEMENT LTD.,BAM,Brookfield Asset Management Ltd.,Brookfield Asset Management Ltd.
1422183,16124000000.0,FS KKR Capital Corp.,FSK,FS KKR Capital Corp,FS KKR Capital Corp
1598014,16087200000.0,IHS MARKIT LTD.,,,IHS MARKIT LTD.
1025835,16076299000.0,ENTERPRISE FINANCIAL SERVICES CORP,EFSC,ENTERPRISE FINANCIAL SERVICES CORP,ENTERPRISE FINANCIAL SERVICES CORP
319201,16067926000.0,KLA CORPORATION,KLAC,KLA CORP,KLA CORP
49826,16048000000.0,ILLINOIS TOOL WORKS INC.,ITW,ILLINOIS TOOL WORKS INC,ILLINOIS TOOL WORKS INC
1567683,16033000000.0,"Clearway Energy, Inc.",CWEN,"Clearway Energy, Inc.","Clearway Energy, Inc."
1637757,16026000000.0,Clearway Energy LLC,,,Clearway Energy LLC
790359,16014781000.0,NBT BANCORP INC.,NBTB,NBT BANCORP INC,NBT BANCORP INC
915389,16008000000.0,EASTMAN CHEMICAL CO,EMN,EASTMAN CHEMICAL CO,EASTMAN CHEMICAL CO
1022079,15969000000.0,Quest Diagnostics Incorporated,DGX,QUEST DIAGNOSTICS INC,QUEST DIAGNOSTICS INC
730708,15944955000.0,SEACOAST BANKING CORPORATION OF FLORIDA,SBCF,SEACOAST BANKING CORP OF FLORIDA,SEACOAST BANKING CORP OF FLORIDA
1065696,15944000000.0,LKQ CORPORATION,LKQ,LKQ CORP,LKQ CORP
1468174,15907000000.0,Hyatt Hotels Corp,H,Hyatt Hotels Corp,Hyatt Hotels Corp
1040971,15857787000.0,SL GREEN REALTY CORP.,SLG,SL GREEN REALTY CORP,SL GREEN REALTY CORP
1809587,15853875000.0,KE Holdings Inc.,BEKE,KE Holdings Inc.,KE Holdings Inc.
898173,15820619000.0,O Reilly Automotive Inc,ORLY,O REILLY AUTOMOTIVE INC,O REILLY AUTOMOTIVE INC
764478,15803000000.0,"BEST BUY CO., INC.",BBY,BEST BUY CO INC,BEST BUY CO INC
1481513,15754538000.0,"JinkoSolar Holding Co., Ltd.",JKS,"JinkoSolar Holding Co., Ltd.","JinkoSolar Holding Co., Ltd."
944695,15732100000.0,"HANOVER INSURANCE GROUP, INC.",THG,"HANOVER INSURANCE GROUP, INC.","HANOVER INSURANCE GROUP, INC."
1492633,15730000000.0,Nielsen Holdings plc,,,Nielsen Holdings plc
1618181,15681558000.0,WORLD GOLD TRUST,GLDM,World Gold Trust,World Gold Trust
1499200,15672000000.0,"Sabine Pass Liquefaction, LLC",,,"Sabine Pass Liquefaction, LLC"
99250,15659589000.0,"TRANSCONTINENTAL GAS PIPE LINE COMPANY, LLC",,,"TRANSCONTINENTAL GAS PIPE LINE COMPANY, LLC"
1507385,15587574000.0,"VEREIT, INC.",,,"VEREIT, INC."
1022671,15548638000.0,"STEEL DYNAMICS, INC.",STLD,STEEL DYNAMICS INC,STEEL DYNAMICS INC
866787,15545142000.0,AUTOZONE INC,AZO,AUTOZONE INC,AUTOZONE INC
1739104,15491000000.0,Elanco Animal Health Incorporated,ELAN,Elanco Animal Health Inc,Elanco Animal Health Inc
1059556,15487000000.0,MOODY’S CORPORATION,MCO,MOODYS CORP /DE/,MOODYS CORP /DE/
909281,15469347000.0,ONEOK Partners LP,,,ONEOK Partners LP
1910139,15441000000.0,Mobileye Global Inc.,MBLY,Mobileye Global Inc.,Mobileye Global Inc.
1509589,15403000000.0,"Civitas Resources, Inc.",,,"Civitas Resources, Inc."
1973266,15341705000.0,"TKO Group Holdings, Inc.",TKO,"TKO Group Holdings, Inc.","TKO Group Holdings, Inc."
842162,15322100000.0,LEAR CORPORATION,LEA,LEAR CORP,LEAR CORP
1584509,15290542000.0,Aramark,ARMK,Aramark,Aramark
1037868,15266546000.0,"AMETEK, Inc.",AME,AMETEK INC/,AMETEK INC/
1402057,15265700000.0,CDW CORP,CDW,CDW Corp,CDW Corp
868857,15229359000.0,AECOM,ACM,AECOM,AECOM
1832433,15216000000.0,Ferguson plc,,,Ferguson plc
1567892,15206300000.0,Mallinckrodt plc,,,Mallinckrodt plc
1538990,15204159000.0,STORE CAPITAL LLC,,,STORE CAPITAL LLC
1433270,15197569000.0,ANTERO RESOURCES CORPORATION,AR,ANTERO RESOURCES Corp,ANTERO RESOURCES Corp
1267395,15157300000.0,ASPEN INSURANCE HOLDINGS LIMITED,AHL-PD,ASPEN INSURANCE HOLDINGS LTD,ASPEN INSURANCE HOLDINGS LTD
1094285,15135200000.0,TELEDYNE TECHNOLOGIES INC,TDY,TELEDYNE TECHNOLOGIES INC,TELEDYNE TECHNOLOGIES INC
1324404,15131000000.0,"CF INDUSTRIES HOLDINGS, INC.",CF,"CF Industries Holdings, Inc.","CF Industries Holdings, Inc."
1964738,15074000000.0,SOLVENTUM CORPORATION,SOLV,Solventum Corp,Solventum Corp
1619762,15060162000.0,INTERNATIONAL GAME TECHNOLOGY PLC,BRSL,Brightstar Lottery PLC,Brightstar Lottery PLC
1770450,15047000000.0,XEROX HOLDINGS CORPORATION,XRX,Xerox Holdings Corp,Xerox Holdings Corp
352915,14985577000.0,"UNIVERSAL HEALTH SERVICES, INC.",UHS,UNIVERSAL HEALTH SERVICES INC,UNIVERSAL HEALTH SERVICES INC
1712184,14937500000.0,Liberty Latin America Ltd.,LILA,Liberty Latin America Ltd.,Liberty Latin America Ltd.
1254699,14927000000.0,"QVC, Inc.",QVCG,"QVC Group, Inc.","QVC Group, Inc."
1555280,14925000000.0,Zoetis Inc.,ZTS,Zoetis Inc.,Zoetis Inc.
52988,14918173000.0,Jacobs Engineering Group Inc.,J,JACOBS SOLUTIONS INC.,JACOBS SOLUTIONS INC.
820318,14910936000.0,Coherent Corp.,COHR,COHERENT CORP.,COHERENT CORP.
1897982,14900653000.0,"ASPEN TECHNOLOGY, INC.",,,"ASPEN TECHNOLOGY, INC."
16732,14896000000.0,CAMPBELL SOUP CO,CPB,CAMPBELL'S Co,CAMPBELL'S Co
797721,14895806000.0,VIASAT INC,VSAT,VIASAT INC,VIASAT INC
1475922,14829833000.0,"Primerica, Inc",PRI,"Primerica, Inc.","Primerica, Inc."
850141,14728300000.0,HORACE MANN EDUCATORS CORPORATION,HMN,HORACE MANN EDUCATORS CORP /DE/,HORACE MANN EDUCATORS CORP /DE/
701853,14724388000.0,BANCORPSOUTH INC,,,BANCORPSOUTH INC
1309108,14673500000.0,WEX Inc.,WEX,WEX Inc.,WEX Inc.
1157806,14653000000.0,ENCANA CORP,,,ENCANA CORP
1594805,14561000000.0,Shopify Inc.,SHOP,SHOPIFY INC.,SHOPIFY INC.
910322,14558652000.0,ASTORIA FINANCIAL CORP,,,ASTORIA FINANCIAL CORP
885639,14555000000.0,KOHL’S CORP,KSS,KOHLS Corp,KOHLS Corp
1051512,14550000000.0,"TELEPHONE AND DATA SYSTEMS, INC.",TDS,TELEPHONE & DATA SYSTEMS INC /DE/,TELEPHONE & DATA SYSTEMS INC /DE/
745732,14495519000.0,"ROSS STORES, INC.",ROST,"ROSS STORES, INC.","ROSS STORES, INC."
1471265,14485107000.0,"NORTHWEST BANCSHARES, INC.",NWBI,"Northwest Bancshares, Inc.","Northwest Bancshares, Inc."
1370946,14483000000.0,Owens Corning,OC,Owens Corning,Owens Corning
1219601,14478000000.0,"CROWN HOLDINGS, INC.",CCK,"CROWN HOLDINGS, INC.","CROWN HOLDINGS, INC."
230557,14468433000.0,"SELECTIVE INSURANCE GROUP, INC.",SIGI,SELECTIVE INSURANCE GROUP INC,SELECTIVE INSURANCE GROUP INC
1517228,14431600000.0,"COMMSCOPE HOLDING COMPANY, INC.",VISN,"Vistance Networks, Inc.","Vistance Networks, Inc."
1552275,14428000000.0,SUNOCO LP,SUN,Sunoco LP,Sunoco LP
794170,14396821000.0,"Toll Brothers, Inc.",TOL,"Toll Brothers, Inc.","Toll Brothers, Inc."
36029,14376841000.0,"FIRST FINANCIAL BANKSHARES, INC.",FFIN,FIRST FINANCIAL BANKSHARES INC,FIRST FINANCIAL BANKSHARES INC
1113169,14342200000.0,PRICE T ROWE GROUP INC,TROW,PRICE T ROWE GROUP INC,PRICE T ROWE GROUP INC
1317630,14338000000.0,ITC HOLDINGS CORP.,,,ITC HOLDINGS CORP.
103379,14313297000.0,V. F. Corporation,VFC,V F CORP,V F CORP
1653242,14306062000.0,The Bank of N.T. Butterfield & Son Limited,NTB,Bank of N.T. Butterfield & Son Ltd,Bank of N.T. Butterfield & Son Ltd
1593034,14275109000.0,Endo International plc,,,Endo International plc
846617,14207935000.0,"Dime Community Bancshares, Inc.",DCOM,"Dime Commercial Bancshares, Inc. /NY/","Dime Commercial Bancshares, Inc. /NY/"
731288,14176400000.0,PACCAR FINANCIAL CORP,,,PACCAR FINANCIAL CORP
31791,14129855000.0,"PERKINELMER, INC",RVTY,"REVVITY, INC.","REVVITY, INC."
1166003,14128000000.0,"XPO, INC.",XPO,"XPO, Inc.","XPO, Inc."
1338065,14127000000.0,"DCP MIDSTREAM, LP",,,"DCP MIDSTREAM, LP"
1179755,14122861000.0,Endurance Specialty Holdings Ltd.,,,Endurance Specialty Holdings Ltd.
851968,14120400000.0,"MOHAWK INDUSTRIES, INC.",MHK,MOHAWK INDUSTRIES INC,MOHAWK INDUSTRIES INC
1021635,14089100000.0,OGE ENERGY CORP.,OGE,OGE ENERGY CORP.,OGE ENERGY CORP.
74145,14089100000.0,OKLAHOMA GAS & ELECTRIC CO,,,OKLAHOMA GAS & ELECTRIC CO
760498,14045780000.0,BANCFIRST CORPORATION,BANF,BANCFIRST CORP /OK/,BANCFIRST CORP /OK/
1084201,14030542000.0,SINOVAC BIOTECH LTD,SVA,SINOVAC BIOTECH LTD,SINOVAC BIOTECH LTD
1375365,14018429000.0,"SUPER MICRO COMPUTER, INC.",SMCI,"Super Micro Computer, Inc.","Super Micro Computer, Inc."
1364479,14018000000.0,HERC HOLDINGS INC,HRI,HERC HOLDINGS INC,HERC HOLDINGS INC
1142417,13989737000.0,"NEXSTAR MEDIA GROUP, INC.",NXST,"NEXSTAR MEDIA GROUP, INC.","NEXSTAR MEDIA GROUP, INC."
1736541,13965860000.0,NIO Inc.,NIO,NIO Inc.,NIO Inc.
1764046,13944900000.0,CLARIVATE  PLC,CLVT,CLARIVATE PLC,CLARIVATE PLC
712771,13915738000.0,"CONNECTONE BANCORP,  INC.",CNOB,"ConnectOne Bancorp, Inc.","ConnectOne Bancorp, Inc."
82811,13902700000.0,Regal Rexnord Corp,RRX,REGAL REXNORD CORP,REGAL REXNORD CORP
1783398,13886889000.0,UWM HOLDINGS CORPORATION,UWMC,UWM Holdings Corp,UWM Holdings Corp
354964,13882000000.0,HSBC Finance Corp,,,HSBC Finance Corp
1174922,13871281000.0,"WYNN RESORTS, LIMITED",WYNN,WYNN RESORTS LTD,WYNN RESORTS LTD
1585364,13870100000.0,Perrigo Company plc,PRGO,PERRIGO Co plc,PERRIGO Co plc
1360604,13849631000.0,Healthcare Realty Trust Incorporated,HR,Healthcare Realty Trust Inc,Healthcare Realty Trust Inc
824410,13833119000.0,"SANDY SPRING BANCORP, INC.",,,"SANDY SPRING BANCORP, INC."
1860742,13832000000.0,Bausch & Lomb Corp,BLCO,Bausch & Lomb Corp,Bausch & Lomb Corp
1462120,13831208000.0,"LIVE OAK BANCSHARES, INC.",LOB,"Live Oak Bancshares, Inc.","Live Oak Bancshares, Inc."
96271,13803000000.0,TAMPA ELECTRIC COMPANY,,,TAMPA ELECTRIC COMPANY
1411494,13793947000.0,"Apollo Asset Management, Inc.",,,"Apollo Asset Management, Inc."
1665918,13790000000.0,US FOODS HOLDING CORP.,USFD,US Foods Holding Corp.,US Foods Holding Corp.
1002638,13774064000.0,Open Text Corp,OTEX,OPEN TEXT CORP,OPEN TEXT CORP
1736035,13710955000.0,Blackstone Secured Lending Fund,BXSL,Blackstone Secured Lending Fund,Blackstone Secured Lending Fund
39911,13679000000.0,"GAP, INC",GAP,GAP INC,GAP INC
1411579,13675800000.0,"AMC ENTERTAINMENT HOLDINGS, INC.",AMC,"AMC ENTERTAINMENT HOLDINGS, INC.","AMC ENTERTAINMENT HOLDINGS, INC."
47111,13645737000.0,HERSHEY CO,HSY,HERSHEY CO,HERSHEY CO
78239,13631000000.0,PVH CORP. /DE/,PVH,PVH CORP. /DE/,PVH CORP. /DE/
1562401,13592318000.0,AMERICAN HOMES 4 RENT,AMH,American Homes 4 Rent,American Homes 4 Rent
766701,13576876000.0,CAPSTEAD MORTGAGE CORP,,,CAPSTEAD MORTGAGE CORP
350698,13571000000.0,"AUTONATION, INC.",AN,"AUTONATION, INC.","AUTONATION, INC."
1143068,13570000000.0,GREAT PLAINS ENERGY INC,,,GREAT PLAINS ENERGY INC
1055160,13568170000.0,"MFA FINANCIAL, INC.",MFA,"MFA FINANCIAL, INC.","MFA FINANCIAL, INC."
1534504,13549100000.0,PBF ENERGY INC.,PBF,PBF Energy Inc.,PBF Energy Inc.
1336920,13549000000.0,"LEIDOS HOLDINGS, INC.",LDOS,"Leidos Holdings, Inc.","Leidos Holdings, Inc."
12208,13501666000.0,"BIO-RAD LABORATORIES, INC.",BIO,"BIO-RAD LABORATORIES, INC.","BIO-RAD LABORATORIES, INC."
1821825,13500000000.0,Organon & Co.,OGN,Organon & Co.,Organon & Co.
48465,13496726000.0,HORMEL FOODS CORPORATION,HRL,HORMEL FOODS CORP /DE/,HORMEL FOODS CORP /DE/
1099800,13488700000.0,EDWARDS LIFESCIENCES CORPORATION,EW,Edwards Lifesciences Corp,Edwards Lifesciences Corp
712515,13470000000.0,ELECTRONIC ARTS INC.,,,ELECTRONIC ARTS INC.
1722482,13464300000.0,"Avantor, Inc.",AVTR,"Avantor, Inc.","Avantor, Inc."
1530950,13369600000.0,"Post Holdings, Inc.",POST,"Post Holdings, Inc.","Post Holdings, Inc."
1649749,13354238000.0,FB FINANCIAL CORPORATION,FBK,FB Financial Corp,FB Financial Corp
1004702,13327847000.0,OceanFirst Financial Corp.,OCFC,OCEANFIRST FINANCIAL CORP,OCEANFIRST FINANCIAL CORP
874501,13320000000.0,"Ambac Financial Group, Inc.",OSG,OCTAVE SPECIALTY GROUP INC,OCTAVE SPECIALTY GROUP INC
860748,13313600000.0,Kemper Corporation,KMPR,KEMPER Corp,KEMPER Corp
790703,13268609000.0,TECH DATA CORP,,,TECH DATA CORP
8858,13255995000.0,"AVNET, INC.",AVT,AVNET INC,AVNET INC
1396446,13245268000.0,"CYS Investments, Inc.",,,"CYS Investments, Inc."
1024725,13226000000.0,TENNECO INC,,,TENNECO INC
1108134,13215970000.0,"BERKSHIRE HILLS BANCORP, INC.",BBT,Beacon Financial Corp,Beacon Financial Corp
40211,13200200000.0,GATX Corporation,GATX,GATX CORP,GATX CORP
1692115,13196614000.0,"Southwest Gas Holdings, Inc.",SWX,"Southwest Gas Holdings, Inc.","Southwest Gas Holdings, Inc."
63754,13190400000.0,"McCORMICK & COMPANY, INCORPORATED",MKC,MCCORMICK & CO INC,MCCORMICK & CO INC
920522,13181490000.0,"ESSEX PROPERTY TRUST, INC.",ESS,"ESSEX PROPERTY TRUST, INC.","ESSEX PROPERTY TRUST, INC."
1163348,13179000000.0,"Allied World Assurance Co Holdings, AG",,,"Allied World Assurance Co Holdings, AG"
2038118,13170000000.0,"FIRSTENERGY TRANSMISSION, LLC",,,"FIRSTENERGY TRANSMISSION, LLC"
29905,13161284000.0,DOVER Corp,DOV,DOVER Corp,DOVER Corp
1566011,13150200000.0,PBF HOLDING COMPANY LLC,,,PBF HOLDING COMPANY LLC
1097864,13126200000.0,ON SEMICONDUCTOR CORP,ON,ON SEMICONDUCTOR CORP,ON SEMICONDUCTOR CORP
1571283,13079612000.0,"Rexford Industrial Realty, Inc.",REXR,"Rexford Industrial Realty, Inc.","Rexford Industrial Realty, Inc."
1379895,13053000000.0,DYNEGY INC.,,,DYNEGY INC.
1747777,13042932000.0,BLUE OWL TECHNOLOGY FINANCE CORP.,OTF,Blue Owl Technology Finance Corp.,Blue Owl Technology Finance Corp.
1413837,13014179000.0,FIRST FOUNDATION INC.,,,FIRST FOUNDATION INC.
1636639,12992800000.0,FIDELIS INSURANCE HOLDINGS LIMITED,PLGO,Pelagos Insurance Capital Ltd,Pelagos Insurance Capital Ltd
2023554,12985000000.0,Sandisk Corporation,SNDK,Sandisk Corp,Sandisk Corp
1070750,12960000000.0,"HOST HOTELS & RESORTS, INC.",HST,"HOST HOTELS & RESORTS, INC.","HOST HOTELS & RESORTS, INC."
1525773,12942009000.0,INTELSAT S.A.,,,INTELSAT S.A.
7332,12926000000.0,SOUTHWESTERN ENERGY CO,,,SOUTHWESTERN ENERGY CO
739708,12862247000.0,"IHEARTCOMMUNICATIONS, INC.",,,"IHEARTCOMMUNICATIONS, INC."
1457737,12862247000.0,"iHeartMedia Capital I, LLC",,,"iHeartMedia Capital I, LLC"
1274494,12858044000.0,"FIRST SOLAR, INC.",FSLR,"FIRST SOLAR, INC.","FIRST SOLAR, INC."
1400891,12851789000.0,"IHEARTMEDIA, INC.",IHRT,"iHeartMedia, Inc.","iHeartMedia, Inc."
1613665,12851665000.0,"GREAT WESTERN BANCORP, INC.",,,"GREAT WESTERN BANCORP, INC."
911971,12814752000.0,TEEKAY CORPORATION LTD.,TK,TEEKAY CORP LTD,TEEKAY CORP LTD
1635984,12782945000.0,"NATIONAL WESTERN LIFE GROUP, INC.",,,"NATIONAL WESTERN LIFE GROUP, INC."
910606,12730474000.0,REGENCY CENTERS CORPORATION,REG,REGENCY CENTERS CORP,REGENCY CENTERS CORP
1418091,12703389000.0,"Twitter, Inc.",,,"Twitter, Inc."
784977,12681000000.0,PORTLAND GENERAL ELECTRIC COMPANY,POR,PORTLAND GENERAL ELECTRIC CO /OR/,PORTLAND GENERAL ELECTRIC CO /OR/
1603923,12664000000.0,Weatherford International plc,WFRD,Weatherford International plc,Weatherford International plc
811589,12608265000.0,First Bancorp,FBNC,FIRST BANCORP /NC/,FIRST BANCORP /NC/
940944,12587000000.0,DARDEN RESTAURANTS INC,DRI,DARDEN RESTAURANTS INC,DARDEN RESTAURANTS INC
1447669,12564304000.0,TWILIO INC.,TWLO,TWILIO INC,TWILIO INC
1791706,12546825000.0,Li Auto Inc.,LI,Li Auto Inc.,Li Auto Inc.
1486159,12546596000.0,CHORD ENERGY CORPORATION,CHRD,Chord Energy Corp,Chord Energy Corp
1501570,12527868000.0,"Veritex Holdings, Inc.",,,"Veritex Holdings, Inc."
1492691,12523435000.0,Knight-Swift Transportation Holdings Inc.,KNX,Knight-Swift Transportation Holdings Inc.,Knight-Swift Transportation Holdings Inc.
1766363,12503842000.0,"Endeavor Group Holdings, Inc.",,,"Endeavor Group Holdings, Inc."
1575965,12492068000.0,"Gaming and Leisure Properties, Inc.",GLPI,"Gaming & Leisure Properties, Inc.","Gaming & Leisure Properties, Inc."
1803599,12396060000.0,CONCENTRIX CORPORATION,CNXC,Concentrix Corp,Concentrix Corp
711404,12376700000.0,"The Cooper Companies, Inc.",COO,"COOPER COMPANIES, INC.","COOPER COMPANIES, INC."
1576018,12355700000.0,SiriusPoint Ltd,SPNT,SiriusPoint Ltd,SiriusPoint Ltd
1423902,12346453000.0,"WESTERN MIDSTREAM PARTNERS, LP",WES,"Western Midstream Partners, LP","Western Midstream Partners, LP"
880266,12309800000.0,AGCO CORP /DE,AGCO,AGCO CORP /DE,AGCO CORP /DE
37785,12297100000.0,FMC CORPORATION,FMC,FMC CORP,FMC CORP
1823945,12278974000.0,BLUE OWL CAPITAL INC.,OWL,BLUE OWL CAPITAL INC.,BLUE OWL CAPITAL INC.
1591763,12266000000.0,"ENABLE MIDSTREAM PARTNERS, LP",,,"ENABLE MIDSTREAM PARTNERS, LP"
1110803,12252000000.0,"Illumina, Inc.",ILMN,"ILLUMINA, INC.","ILLUMINA, INC."
712537,12237147000.0,FIRST COMMONWEALTH FINANCIAL CORP /PA/,FCF,FIRST COMMONWEALTH FINANCIAL CORP /PA/,FIRST COMMONWEALTH FINANCIAL CORP /PA/
1030469,12231510000.0,OFG Bancorp,OFG,OFG BANCORP,OFG BANCORP
1090872,12226000000.0,"AGILENT TECHNOLOGIES, INC.",A,"AGILENT TECHNOLOGIES, INC.","AGILENT TECHNOLOGIES, INC."
48039,12164841000.0,HOLLYFRONTIER CORP,,,HOLLYFRONTIER CORP
1046102,12157100000.0,"RB Global, Inc.",RBA,RB GLOBAL INC.,RB GLOBAL INC.
1754581,12113418000.0,Futu Holdings Ltd,FUTU,Futu Holdings Ltd,Futu Holdings Ltd
1660734,12109258000.0,TRITON INTERNATIONAL LIMITED,TRTN-PA,Triton International Ltd,Triton International Ltd
1501585,12098000000.0,"HUNTINGTON INGALLS INDUSTRIES, INC.",HII,"HUNTINGTON INGALLS INDUSTRIES, INC.","HUNTINGTON INGALLS INDUSTRIES, INC."
793952,12050445000.0,"Harley-Davidson, Inc.",HOG,"HARLEY-DAVIDSON, INC.","HARLEY-DAVIDSON, INC."
1747009,12041709000.0,EQUITRANS MIDSTREAM CORPORATION,,,EQUITRANS MIDSTREAM CORPORATION
1749723,12019771000.0,New Fortress Energy Inc.,NFE,New Fortress Energy Inc.,New Fortress Energy Inc.
1158449,11986447000.0,"ADVANCE AUTO PARTS, INC.",AAP,ADVANCE AUTO PARTS INC,ADVANCE AUTO PARTS INC
91767,11970424000.0,SONOCO PRODUCTS COMPANY,SON,SONOCO PRODUCTS CO,SONOCO PRODUCTS CO
1880661,11966315000.0,TPG Inc.,TPG,TPG Inc.,TPG Inc.
808461,11933445000.0,"GRIZZLY MERGER SUB 1, LLC",,,"GRIZZLY MERGER SUB 1, LLC"
92521,11931000000.0,SOUTHWESTERN PUBLIC SERVICE CO,,,SOUTHWESTERN PUBLIC SERVICE CO
1852244,11926000000.0,"GXO Logistics, Inc.",GXO,"GXO Logistics, Inc.","GXO Logistics, Inc."
33185,11917900000.0,EQUIFAX INC,EFX,EQUIFAX INC,EQUIFAX INC
1656936,11910272000.0,MGM Growth Properties LLC,,,MGM Growth Properties LLC
1039101,11865000000.0,"L3 TECHNOLOGIES, INC.",,,"L3 TECHNOLOGIES, INC."
1867072,11851000000.0,"Kyndryl Holdings, Inc",KD,"Kyndryl Holdings, Inc.","Kyndryl Holdings, Inc."
912595,11835597000.0,"MID-AMERICA APARTMENT COMMUNITIES, INC.",MAA,MID AMERICA APARTMENT COMMUNITIES INC.,MID AMERICA APARTMENT COMMUNITIES INC.
1673358,11826000000.0,"Yum China Holdings, Inc.",YUMC,"Yum China Holdings, Inc.","Yum China Holdings, Inc."
776867,11822900000.0,"WHITE MOUNTAINS INSURANCE GROUP, LTD.",WTM,WHITE MOUNTAINS INSURANCE GROUP LTD,WHITE MOUNTAINS INSURANCE GROUP LTD
1540947,11815019000.0,"EQM MIDSTREAM PARTNERS, LP",,,"EQM MIDSTREAM PARTNERS, LP"
2011286,11808000000.0,"Amentum Holdings, Inc.",AMTM,"Amentum Holdings, Inc.","Amentum Holdings, Inc."
1408075,11795000000.0,Graphic Packaging Holding Co,GPK,GRAPHIC PACKAGING HOLDING CO,GRAPHIC PACKAGING HOLDING CO
1124198,11788000000.0,FLUOR CORPORATION,FLR,FLUOR CORP,FLUOR CORP
1064728,11777700000.0,PEABODY ENERGY CORPORATION,BTU,PEABODY ENERGY CORP,PEABODY ENERGY CORP
1282266,11770000000.0,"WINDSTREAM HOLDINGS, INC.",,,"WINDSTREAM HOLDINGS, INC."
1585644,11770000000.0,"Windstream Services, LLC",,,"Windstream Services, LLC"
1674168,11738000000.0,Hilton Grand Vacations Inc.,HGV,Hilton Grand Vacations Inc.,Hilton Grand Vacations Inc.
717423,11718500000.0,MURPHY OIL CORPORATION,MUR,MURPHY OIL CORP,MURPHY OIL CORP
1108426,11675264000.0,"TXNM Energy, Inc.",TXNM,TXNM ENERGY INC,TXNM ENERGY INC
22767,11675264000.0,"TXNM Energy, Inc.",,,"TXNM Energy, Inc."
1552033,11666300000.0,TransUnion,TRU,TransUnion,TransUnion
84129,11658926000.0,Rite Aid Corporation,,,Rite Aid Corporation
1527590,11620977000.0,READY CAPITAL CORPORATION,RC,Ready Capital Corp,Ready Capital Corp
1049782,11568745000.0,"BROOKLINE BANCORP, INC",,,"BROOKLINE BANCORP, INC"
818479,11555800000.0,DENTSPLY SIRONA Inc.,XRAY,DENTSPLY SIRONA Inc.,DENTSPLY SIRONA Inc.
77360,11534800000.0,Pentair plc,PNR,PENTAIR plc,PENTAIR plc
70866,11507000000.0,NCR VOYIX CORPORATION,VYX,NCR Voyix Corp,NCR Voyix Corp
1049502,11495000000.0,"MKS INSTRUMENTS, INC.",MKSI,MKS INC,MKS INC
54507,11487074000.0,WESTAR ENERGY INC /KS,,,WESTAR ENERGY INC /KS
1316835,11464555000.0,"BUILDERS FIRSTSOURCE, INC.",BLDR,"Builders FirstSource, Inc.","Builders FirstSource, Inc."
1458891,11440117000.0,Noble Corp,,,Noble Corp
1169055,11440117000.0,Noble Corporation,,,Noble Corporation
1126956,11396300000.0,Spire Inc.,SR,SPIRE INC,SPIRE INC
3146,11396300000.0,Spire Inc.,,,Spire Inc.
1677250,11384851000.0,ZTO Express (Cayman) Inc.,ZTO,ZTO Express (Cayman) Inc.,ZTO Express (Cayman) Inc.
1206264,11376200000.0,SOMNIGROUP INTERNATIONAL INC.,SGI,SOMNIGROUP INTERNATIONAL INC.,SOMNIGROUP INTERNATIONAL INC.
75679,11356020000.0,"GCI, LLC",,,"GCI, LLC"
1348259,11349755000.0,VALIDUS HOLDINGS LTD,,,VALIDUS HOLDINGS LTD
826675,11311265000.0,"DYNEX CAPITAL, INC.",DX,DYNEX CAPITAL INC,DYNEX CAPITAL INC
1794846,11302400000.0,ATLAS CORP.,,,ATLAS CORP.
1617406,11290000000.0,Park Hotels & Resorts Inc.,PK,Park Hotels & Resorts Inc.,Park Hotels & Resorts Inc.
315852,11282245000.0,RANGE RESOURCES CORP,RRC,RANGE RESOURCES CORP,RANGE RESOURCES CORP
1520006,11279910000.0,Matador Resources Company,MTDR,Matador Resources Co,Matador Resources Co
1670541,11257000000.0,ADIENT PLC,ADNT,Adient plc,Adient plc
1042642,11243381000.0,DISH DBS Corporation,,,DISH DBS Corporation
1809104,11235000000.0,"Alight, Inc. / Delaware",ALIT,"Alight, Inc. / Delaware","Alight, Inc. / Delaware"
1024478,11193000000.0,"Rockwell Automation, Inc.",ROK,"ROCKWELL AUTOMATION, INC","ROCKWELL AUTOMATION, INC"
91388,11186000000.0,"SMITHFIELD FOODS, INC.",SFD,SMITHFIELD FOODS INC,SMITHFIELD FOODS INC
1820953,11154929000.0,"Affirm Holdings, Inc.",AFRM,"Affirm Holdings, Inc.","Affirm Holdings, Inc."
43196,11152000000.0,GRAY TELEVISION INC,GTN,"GRAY MEDIA, INC","GRAY MEDIA, INC"
1050441,11150854000.0,"Eagle Bancorp, Inc.",EGBN,EAGLE BANCORP INC,EAGLE BANCORP INC
1596783,11148000000.0,"CATALENT, INC.",,,"CATALENT, INC."
1109448,11138931000.0,ALLIANCEBERNSTEIN L.P.,,,ALLIANCEBERNSTEIN L.P.
814585,11137000000.0,MBIA INC.,MBI,MBIA INC,MBIA INC
1058057,11133235000.0,MARVELL TECHNOLOGY GROUP LTD,,,MARVELL TECHNOLOGY GROUP LTD
821130,11119000000.0,UNITED STATES CELLULAR CORPORATION,AD,"ARRAY DIGITAL INFRASTRUCTURE, INC.","ARRAY DIGITAL INFRASTRUCTURE, INC."
2042694,11049200000.0,Primo Brands Corp,PRMB,Primo Brands Corp,Primo Brands Corp
1585521,11044063000.0,"Zoom Communications, Inc.",ZM,"Zoom Communications, Inc.","Zoom Communications, Inc."
74208,11038470000.0,"UDR, Inc.",UDR,"UDR, Inc.","UDR, Inc."
356028,11022000000.0,"CA, INC.",,,"CA, INC."
1232524,10944141000.0,Jazz Pharmaceuticals plc,JAZZ,Jazz Pharmaceuticals plc,Jazz Pharmaceuticals plc
1000228,10906000000.0,HENRY SCHEIN INC,HSIC,HENRY SCHEIN INC,HENRY SCHEIN INC
1473844,10900437000.0,"Stellar Bancorp, Inc.",,,"Stellar Bancorp, Inc."
1025996,10867832000.0,KILROY REALTY CORPORATION,KRC,KILROY REALTY CORP,KILROY REALTY CORP
769397,10856000000.0,"AUTODESK, INC.",ADSK,"Autodesk, Inc.","Autodesk, Inc."
1690536,10820498000.0,"FS Credit Real Estate Income Trust, Inc.",,,"FS Credit Real Estate Income Trust, Inc."
1757898,10799924000.0,STERIS plc,STE,STERIS plc,STERIS plc
846901,10783840000.0,LAKELAND BANCORP INC,,,LAKELAND BANCORP INC
1409970,10775333000.0,LendingClub Corporation,HAPN,"Happen, Inc.","Happen, Inc."
1034054,10766387000.0,SBA COMMUNICATIONS CORPORATION,SBAC,SBA COMMUNICATIONS CORP,SBA COMMUNICATIONS CORP
1723596,10739028000.0,"COLUMBIA FINANCIAL, INC.",,,"COLUMBIA FINANCIAL, INC."
1089063,10690771000.0,"DICK'S SPORTING GOODS, INC.",DKS,"DICK'S SPORTING GOODS, INC.","DICK'S SPORTING GOODS, INC."
54480,10677400000.0,KANSAS CITY SOUTHERN,,,KANSAS CITY SOUTHERN
1601046,10651000000.0,"KEYSIGHT TECHNOLOGIES, INC.",KEYS,"Keysight Technologies, Inc.","Keysight Technologies, Inc."
1262039,10641400000.0,"FORTINET, INC.",FTNT,"Fortinet, Inc.","Fortinet, Inc."
1849253,10625772000.0,"RYAN SPECIALTY HOLDINGS, INC.",RYAN,"RYAN SPECIALTY HOLDINGS, INC.","RYAN SPECIALTY HOLDINGS, INC."
916365,10558795000.0,TRACTOR SUPPLY CO /DE/,TSCO,TRACTOR SUPPLY CO /DE/,TRACTOR SUPPLY CO /DE/
888491,10546476000.0,"OMEGA HEALTHCARE INVESTORS, INC.",OHI,OMEGA HEALTHCARE INVESTORS INC,OMEGA HEALTHCARE INVESTORS INC
1629995,10537700000.0,"COLUMBIA PIPELINE GROUP, INC./DE",,,"COLUMBIA PIPELINE GROUP, INC./DE"
1086222,10536135000.0,"AKAMAI TECHNOLOGIES, INC.",AKAM,AKAMAI TECHNOLOGIES INC,AKAMAI TECHNOLOGIES INC
1091748,10508800000.0,"ARGO GROUP INTERNATIONAL HOLDINGS, INC.",,,"ARGO GROUP INTERNATIONAL HOLDINGS, INC."
1057352,10507100000.0,"COSTAR GROUP, INC.",CSGP,"COSTAR GROUP, INC.","COSTAR GROUP, INC."
1781335,10495000000.0,OTIS WORLDWIDE CORPORATION,OTIS,Otis Worldwide Corp,Otis Worldwide Corp
861884,10490000000.0,RELIANCE STEEL & ALUMINUM CO,RS,"RELIANCE, INC.","RELIANCE, INC."
1012771,10480206000.0,"FBL FINANCIAL GROUP, INC.",,,"FBL FINANCIAL GROUP, INC."
53456,10427000000.0,JERSEY CENTRAL POWER & LIGHT COMPANY,,,JERSEY CENTRAL POWER & LIGHT COMPANY
1667154,10425800000.0,CPG OpCo LP/DE,,,CPG OpCo LP/DE
1674101,10406200000.0,VERTIV HOLDINGS CO,VRT,Vertiv Holdings Co,Vertiv Holdings Co
1800227,10393635000.0,IAC/INTERACTIVECORP,PPLI,People Inc,People Inc
1326380,10341100000.0,GameStop Corp.,GME,GameStop Corp.,GameStop Corp.
1734342,10334678000.0,Amerant Bancorp Inc.,AMTB,Amerant Bancorp Inc.,Amerant Bancorp Inc.
57183,10327700000.0,Spire Missouri Inc.,,,Spire Missouri Inc.
1121788,10324076000.0,GARMIN LTD,GRMN,GARMIN LTD,GARMIN LTD
1981792,10297679000.0,HOWARD HUGHES HOLDINGS INC.,HHH,Howard Hughes Holdings Inc.,Howard Hughes Holdings Inc.
1592000,10275900000.0,"EnLink Midstream, LLC",,,"EnLink Midstream, LLC"
916540,10274968000.0,DARLING INGREDIENTS INC.,DAR,DARLING INGREDIENTS INC.,DARLING INGREDIENTS INC.
1031203,10229900000.0,"Group 1 Automotive, Inc",GPI,GROUP 1 AUTOMOTIVE INC,GROUP 1 AUTOMOTIVE INC
48732,10211000000.0,CENTERPOINT ENERGY HOUSTON ELECTRIC LLC,,,CENTERPOINT ENERGY HOUSTON ELECTRIC LLC
1920145,10157169000.0,Goldman Sachs Private Credit Corp.,,,Goldman Sachs Private Credit Corp.
1101302,10138857000.0,"Entegris, Inc.",ENTG,ENTEGRIS INC,ENTEGRIS INC
1144980,10131600000.0,"ASBURY AUTOMOTIVE GROUP, INC",ABG,ASBURY AUTOMOTIVE GROUP INC,ASBURY AUTOMOTIVE GROUP INC
701985,10125000000.0,"Bath & Body Works, Inc.",BBWI,"Bath & Body Works, Inc.","Bath & Body Works, Inc."
802481,10118666000.0,PILGRIMS PRIDE CORP,PPC,PILGRIMS PRIDE CORP,PILGRIMS PRIDE CORP
1130464,10091600000.0,BLACK HILLS CORPORATION,BKH,BLACK HILLS CORP /SD/,BLACK HILLS CORP /SD/
900075,10090902000.0,"COPART, INC.",CPRT,COPART INC,COPART INC
1842022,10080000000.0,"DT Midstream, Inc.",DTM,"DT Midstream, Inc.","DT Midstream, Inc."
1786352,10063982000.0,"BILL HOLDINGS, INC.",BILL,"BILL Holdings, Inc.","BILL Holdings, Inc."
1599947,10058636000.0,"TerraForm Power NY Holdings, Inc.",,,"TerraForm Power NY Holdings, Inc."
1590714,10054100000.0,Element Solutions Inc,ESI,Element Solutions Inc,Element Solutions Inc
775158,10016100000.0,Oshkosh Corporation,OSK,OSHKOSH CORP,OSHKOSH CORP
1475841,9998729000.0,NATIONAL BANK HOLDINGS CORP,NBHC,National Bank Holdings Corp,National Bank Holdings Corp
1336047,9980800000.0,"BOARDWALK PIPELINE PARTNERS, LP",,,"BOARDWALK PIPELINE PARTNERS, LP"
1608249,9961200000.0,"ZAYO GROUP HOLDINGS, INC.",,,"ZAYO GROUP HOLDINGS, INC."
1502756,9960500000.0,ZAYO GROUP LLC,,,ZAYO GROUP LLC
912242,9958148000.0,MACERICH CO,MAC,MACERICH CO,MACERICH CO
1167609,9957000000.0,BRIGHTHOUSE LIFE INSURANCE Co OF NY,,,BRIGHTHOUSE LIFE INSURANCE Co OF NY
805676,9949578000.0,PARK NATIONAL CORPORATION,PRK,PARK NATIONAL CORP /OH/,PARK NATIONAL CORP /OH/
1057877,9935881000.0,"IDACORP, Inc.",IDA,IDACORP INC,IDACORP INC
356171,9930986000.0,TriCo Bancshares,TCBK,TRICO BANCSHARES /,TRICO BANCSHARES /
1479750,9930657000.0,Capital Bank Financial Corp.,,,Capital Bank Financial Corp.
1490906,9929760000.0,"Capitol Federal Financial, Inc.",CFFN,"Capitol Federal Financial, Inc.","Capitol Federal Financial, Inc."
1524358,9887000000.0,Marriott Vacations Worldwide Corporation,VAC,MARRIOTT VACATIONS WORLDWIDE Corp,MARRIOTT VACATIONS WORLDWIDE Corp
1255474,9876142000.0,WHITING HOLDINGS LLC,,,WHITING HOLDINGS LLC
1866175,9856686000.0,Crescent Energy Company,CRGY,Crescent Energy Co,Crescent Energy Co
1594466,9856214000.0,Pioneer PE Holding LLC,,,Pioneer PE Holding LLC
723254,9825241000.0,Cintas Corporation,CTAS,CINTAS CORP,CINTAS CORP
1361658,9819000000.0,Travel & Leisure Co.,TNL,Travel & Leisure Co.,Travel & Leisure Co.
1467760,9816957000.0,"Apollo Commercial Real Estate Finance, Inc.",ARI,"Apollo Commercial Real Estate Finance, Inc.","Apollo Commercial Real Estate Finance, Inc."
719220,9810069000.0,"S&T BANCORP, INC.",STBA,S&T BANCORP INC,S&T BANCORP INC
1602065,9788000000.0,"Viper Energy, Inc.",,,"Viper Energy, Inc."
1319161,9777000000.0,Warner Music Group Corp.,WMG,Warner Music Group Corp.,Warner Music Group Corp.
1578735,9756534000.0,NATIONAL GENERAL HOLDINGS CORP.,,,NATIONAL GENERAL HOLDINGS CORP.
1364250,9747446000.0,"Douglas Emmett, Inc.",DEI,Douglas Emmett Inc,Douglas Emmett Inc
72333,9737000000.0,"NORDSTROM, INC.",,,"NORDSTROM, INC."
1702750,9720218000.0,"Byline Bancorp, Inc.",BY,"BYLINE BANCORP, INC.","BYLINE BANCORP, INC."
892553,9719000000.0,"CHART INDUSTRIES, INC",,,"CHART INDUSTRIES, INC"
1002047,9710000000.0,"NetApp, Inc.",NTAP,"NetApp, Inc.","NetApp, Inc."
924805,9689753000.0,FREEDOM HOLDING CORP.,FRHC,Freedom Holding Corp.,Freedom Holding Corp.
1516912,9686067000.0,"ORIGIN BANCORP, INC.",OBK,"Origin Bancorp, Inc.","Origin Bancorp, Inc."
67716,9660781000.0,"MDU RESOURCES GROUP, INC.",MDU,MDU RESOURCES GROUP INC,MDU RESOURCES GROUP INC
1043604,9656500000.0,"JUNIPER NETWORKS, INC.",,,"JUNIPER NETWORKS, INC."
812074,9610000000.0,"O-I GLASS, INC.",OI,"O-I Glass, Inc. /DE/","O-I Glass, Inc. /DE/"
1498828,9603463000.0,THE HOWARD HUGHES CORPORATION,,,THE HOWARD HUGHES CORPORATION
890926,9580657000.0,RADIAN GROUP INC,RDN,RADIAN GROUP INC,RADIAN GROUP INC
1660134,9550000000.0,"Okta, Inc.",OKTA,"Okta, Inc.","Okta, Inc."
318300,9540608000.0,PEOPLES BANCORP INC.,PEBO,PEOPLES BANCORP INC,PEOPLES BANCORP INC
813672,9508698000.0,"CADENCE DESIGN SYSTEMS, INC.",CDNS,CADENCE DESIGN SYSTEMS INC,CADENCE DESIGN SYSTEMS INC
1529192,9493057000.0,Vipshop Holdings Limited,VIPS,Vipshop Holdings Ltd,Vipshop Holdings Ltd
1381640,9488422000.0,MELCO RESORTS & ENTERTAINMENT LIMITED,MLCO,Melco Resorts & Entertainment LTD,Melco Resorts & Entertainment LTD
1799208,9471900000.0,"Dun & Bradstreet Holdings, Inc.",,,"Dun & Bradstreet Holdings, Inc."
1999001,9452915000.0,Six Flags Entertainment Corporation/NEW,FUN,Six Flags Entertainment Corporation/NEW,Six Flags Entertainment Corporation/NEW
1562476,9450644000.0,Taylor Morrison Home Corp,,,Taylor Morrison Home Corp
805022,9421103000.0,"BUCKEYE PARTNERS, L.P.",,,"BUCKEYE PARTNERS, L.P."
1365135,9419600000.0,THE WESTERN UNION COMPANY,WU,Western Union CO,Western Union CO
849869,9410393000.0,SILGAN HOLDINGS INC,SLGN,SILGAN HOLDINGS INC,SILGAN HOLDINGS INC
726513,9401051000.0,TRIBUNE MEDIA CO,,,TRIBUNE MEDIA CO
1973239,9395000000.0,ARM HOLDINGS PLC /UK,ARM,ARM HOLDINGS PLC /UK,ARM HOLDINGS PLC /UK
929351,9380000000.0,Lions Gate Entertainment Corp.,STRZ,STARZ ENTERTAINMENT CORP /CN/,STARZ ENTERTAINMENT CORP /CN/
1690820,9366000000.0,CARVANA CO.,CVNA,CARVANA CO.,CARVANA CO.
1518715,9364760000.0,"HOMESTREET, INC.",MCHB,Mechanics Bancorp,Mechanics Bancorp
1310067,9362000000.0,SEARS HOLDINGS CORP,,,SEARS HOLDINGS CORP
906345,9327935000.0,CAMDEN PROPERTY TRUST,CPT,CAMDEN PROPERTY TRUST,CAMDEN PROPERTY TRUST
1581068,9319685000.0,Brixmor Property Group Inc.,BRX,Brixmor Property Group Inc.,Brixmor Property Group Inc.
1482512,9319140000.0,"Hudson Pacific Properties, Inc.",HPP,"Hudson Pacific Properties, Inc.","Hudson Pacific Properties, Inc."
1579298,9309263000.0,"BURLINGTON STORES, INC.",BURL,"Burlington Stores, Inc.","Burlington Stores, Inc."
46080,9295900000.0,"Hasbro, Inc.",HAS,"HASBRO, INC.","HASBRO, INC."
15615,9293300000.0,MASTEC INC,MTZ,MASTEC INC,MASTEC INC
859737,9290300000.0,HOLOGIC INC,,,HOLOGIC INC
1535527,9288859000.0,"CROWDSTRIKE HOLDINGS, INC.",CRWD,"CrowdStrike Holdings, Inc.","CrowdStrike Holdings, Inc."
1737706,9279000000.0,SEADRILL LIMITED,SDRL,SEADRILL Ltd,SEADRILL Ltd
1065837,9278116000.0,SKECHERS USA INC,,,SKECHERS USA INC
1058090,9268794000.0,"CHIPOTLE MEXICAN GRILL, INC.",CMG,CHIPOTLE MEXICAN GRILL INC,CHIPOTLE MEXICAN GRILL INC
1403528,9264762000.0,"Brookfield Oaktree Holdings, LLC",OAK-PA,"Brookfield Oaktree Holdings, LLC","Brookfield Oaktree Holdings, LLC"
1476765,9236513000.0,"GOLUB CAPITAL BDC, INC.",GBDC,"GOLUB CAPITAL BDC, Inc.","GOLUB CAPITAL BDC, Inc."
871763,9223800000.0,MANPOWERGROUP INC.,MAN,ManpowerGroup Inc.,ManpowerGroup Inc.
1042773,9218000000.0,CENTERPOINT ENERGY RESOURCES CORP,,,CENTERPOINT ENERGY RESOURCES CORP
1332349,9217687000.0,BROOKDALE SENIOR LIVING INC.,BKD,Brookdale Senior Living Inc.,Brookdale Senior Living Inc.
1027664,9215651000.0,ELBIT SYSTEMS LTD.,ESLT,ELBIT SYSTEMS LTD,ELBIT SYSTEMS LTD
835324,9208986000.0,"STOCK YARDS BANCORP, INC.",SYBT,"Stock Yards Bancorp, Inc.","Stock Yards Bancorp, Inc."
1307954,9189000000.0,Huntsman Corporation,HUN,Huntsman CORP,Huntsman CORP
74303,9187800000.0,OLIN CORPORATION,OLN,OLIN Corp,OLIN Corp
1498710,9184774000.0,"Spirit Airlines, Inc.",,,"Spirit Airlines, Inc."
906465,9179767000.0,"QCR HOLDINGS, INC.",QCRH,QCR HOLDINGS INC,QCR HOLDINGS INC
1070412,9179691000.0,CNX Resources Corporation,CNX,CNX Resources Corp,CNX Resources Corp
1179060,9153400000.0,"ENLINK MIDSTREAM PARTNERS, LP",,,"ENLINK MIDSTREAM PARTNERS, LP"
751364,9148677000.0,"NNN REIT, INC.",NNN,"NNN REIT, INC.","NNN REIT, INC."
812233,9135000000.0,"OWENS-ILLINOIS GROUP, INC.",,,"OWENS-ILLINOIS GROUP, INC."
1408356,9130756000.0,SOLARCITY CORP,,,SOLARCITY CORP
99780,9125300000.0,TRINITY INDUSTRIES INC,TRN,TRINITY INDUSTRIES INC,TRINITY INDUSTRIES INC
1166126,9118000000.0,"OLD COPPER COMPANY, INC.",,,"OLD COPPER COMPANY, INC."
1492426,9114616000.0,Horizon Therapeutics Public Ltd Co,,,Horizon Therapeutics Public Ltd Co
864749,9099200000.0,Trimble Inc.,TRMB,TRIMBLE INC.,TRIMBLE INC.
1476651,9090134000.0,"FCB FINANCIAL HOLDINGS, INC.",,,"FCB FINANCIAL HOLDINGS, INC."
34782,9087162000.0,1st Source Corp,SRCE,1ST SOURCE CORP,1ST SOURCE CORP
1859392,9085951000.0,Galaxy Digital Inc.,GLXY,Galaxy Digital Inc.,Galaxy Digital Inc.
917251,9084744000.0,AGREE REALTY CORPORATION,ADC,AGREE REALTY CORP,AGREE REALTY CORP
64996,9083027000.0,MERCURY GENERAL CORP,MCY,MERCURY GENERAL CORP,MERCURY GENERAL CORP
1530238,9071653000.0,JOYY INC,JOYY,JOYY Inc.,JOYY Inc.
1674862,9063000000.0,ASHLAND INC.,ASH,ASHLAND INC.,ASHLAND INC.
25232,9051863000.0,Cousins Properties Inc,CUZ,COUSINS PROPERTIES INC,COUSINS PROPERTIES INC
1374310,9048300000.0,"Cboe Global Markets, Inc.",CBOE,"Cboe Global Markets, Inc.","Cboe Global Markets, Inc."
1483994,9042000000.0,H World Group Ltd,HTHT,H World Group Ltd,H World Group Ltd
75677,9041200000.0,PACKAGING CORP OF AMERICA,PKG,PACKAGING CORP OF AMERICA,PACKAGING CORP OF AMERICA
1375877,9037128000.0,CANADIAN SOLAR INC.,CSIQ,Canadian Solar Inc.,Canadian Solar Inc.
945394,9033967000.0,SERVICE PROPERTIES TRUST,SVC,Service Properties Trust,Service Properties Trust
1110795,9027725000.0,MetLife Policyholder Trust,,,MetLife Policyholder Trust
893538,8993235000.0,SM ENERGY CO,SM,SM Energy Co,SM Energy Co
1267130,8970824000.0,CABELAS INC,,,CABELAS INC
4127,8947400000.0,"Skyworks Solutions, Inc.",SWKS,"SKYWORKS SOLUTIONS, INC.","SKYWORKS SOLUTIONS, INC."
277135,8937000000.0,"W.W. Grainger, Inc.",GWW,"W.W. GRAINGER, INC.","W.W. GRAINGER, INC."
1137789,8932000000.0,Seagate Technology Holdings plc,STX,Seagate Technology Holdings plc,Seagate Technology Holdings plc
1174850,8930809000.0,"NICOLET BANKSHARES, INC.",NIC,NICOLET BANKSHARES INC,NICOLET BANKSHARES INC
1593275,8913050000.0,"Hamilton Insurance Group, Ltd.",HG,"Hamilton Insurance Group, Ltd.","Hamilton Insurance Group, Ltd."
1004434,8881000000.0,"AFFILIATED MANAGERS GROUP, INC.",AMG,"AFFILIATED MANAGERS GROUP, INC.","AFFILIATED MANAGERS GROUP, INC."
1811210,8869078000.0,"Lucid Group, Inc.",LCID,"Lucid Group, Inc.","Lucid Group, Inc."
1605607,8867168000.0,"Paramount Group, Inc.",,,"Paramount Group, Inc."
1906324,8855800000.0,QUIDELORTHO CORP,QDEL,QuidelOrtho Corp,QuidelOrtho Corp
1295401,8839231000.0,"The Bancorp, Inc.",TBBK,"Bancorp, Inc.","Bancorp, Inc."
821127,8830501000.0,BOSTON PRIVATE FINANCIAL HOLDINGS INC,,,BOSTON PRIVATE FINANCIAL HOLDINGS INC
1466538,8828774000.0,Cowen Inc.,,,Cowen Inc.
313927,8788200000.0,CHURCH & DWIGHT CO INC /DE/,CHD,CHURCH & DWIGHT CO INC /DE/,CHURCH & DWIGHT CO INC /DE/
923139,8776524000.0,FLUSHING FINANCIAL CORPORATION,,,FLUSHING FINANCIAL CORPORATION
1513845,8768000000.0,YANDEX N.V.,NBIS,Nebius Group N.V.,Nebius Group N.V.
1477294,8756220000.0,SENSATA TECHNOLOGIES HOLDING PLC,ST,Sensata Technologies Holding plc,Sensata Technologies Holding plc
930810,8754613000.0,RECKSON OPERATING PARTNERSHIP LP,,,RECKSON OPERATING PARTNERSHIP LP
708819,8737000000.0,MCDERMOTT INTERNATIONAL INC,,,MCDERMOTT INTERNATIONAL INC
865752,8729888000.0,Monster Beverage Corporation,MNST,Monster Beverage Corp,Monster Beverage Corp
932696,8728766000.0,"INSIGHT ENTERPRISES, INC.",NSIT,INSIGHT ENTERPRISES INC,INSIGHT ENTERPRISES INC
885550,8724600000.0,CREDIT ACCEPTANCE CORP,CACC,CREDIT ACCEPTANCE CORP,CREDIT ACCEPTANCE CORP
878560,8709044000.0,"CalAtlantic Group, Inc.",,,"CalAtlantic Group, Inc."
1116132,8700100000.0,"Tapestry, Inc.",TPR,"TAPESTRY, INC.","TAPESTRY, INC."
85408,8675600000.0,ROWAN COMPANIES PLC,,,ROWAN COMPANIES PLC
845091,8670275000.0,TRANSAMERICA ADVISORS LIFE INSURANCE CO,,,TRANSAMERICA ADVISORS LIFE INSURANCE CO
1925309,8657337000.0,Sixth Street Lending Partners,,,Sixth Street Lending Partners
16058,8647598000.0,CACI International Inc,CACI,CACI INTERNATIONAL INC /DE/,CACI INTERNATIONAL INC /DE/
1362988,8632913000.0,Aircastle LTD,AYR,Aircastle LTD,Aircastle LTD
34903,8623794000.0,Federal Realty Investment Trust,FRT,FEDERAL REALTY INVESTMENT TRUST,FEDERAL REALTY INVESTMENT TRUST
1823608,8621338000.0,Amalgamated Financial Corp.,AMAL,Amalgamated Financial Corp.,Amalgamated Financial Corp.
837465,8590400000.0,Topgolf Callaway Brands Corp.,CALY,Callaway Golf Co,Callaway Golf Co
8818,8568200000.0,AVERY DENNISON CORPORATION,AVY,Avery Dennison Corp,Avery Dennison Corp
1383312,8545000000.0,"BROADRIDGE FINANCIAL SOLUTIONS, INC.",BR,"BROADRIDGE FINANCIAL SOLUTIONS, INC.","BROADRIDGE FINANCIAL SOLUTIONS, INC."
39899,8542725000.0,TEGNA INC.,,,TEGNA INC.
1796209,8539000000.0,APi Group Corporation,APG,APi Group Corp,APi Group Corp
46619,8531623000.0,HEICO CORPORATION,HEI,HEICO CORP,HEICO CORP
1740332,8515000000.0,"RESIDEO TECHNOLOGIES, INC.",REZI,"RESIDEO TECHNOLOGIES, INC.","RESIDEO TECHNOLOGIES, INC."
1725057,8500800000.0,"Dayforce, Inc.",,,"Dayforce, Inc."
1034670,8476000000.0,"Autoliv, Inc.",ALV,AUTOLIV INC,AUTOLIV INC
1308606,8472866000.0,"SPIRIT REALTY CAPITAL, INC.",,,"SPIRIT REALTY CAPITAL, INC."
946647,8455342000.0,PREMIER FINANCIAL CORP,,,PREMIER FINANCIAL CORP
70145,8446160000.0,NATIONAL FUEL GAS CO,NFG,NATIONAL FUEL GAS CO,NATIONAL FUEL GAS CO
891103,8444675000.0,"MATCH GROUP, INC.",MTCH,"Match Group, Inc.","Match Group, Inc."
1126975,8437700000.0,"MAGELLAN MIDSTREAM PARTNERS, L.P.",,,"MAGELLAN MIDSTREAM PARTNERS, L.P."
1709442,8435861000.0,FIRSTSUN CAPITAL BANCORP,FSUN,FIRSTSUN CAPITAL BANCORP,FIRSTSUN CAPITAL BANCORP
783280,8420562000.0,DUKE REALTY CORPORATION,,,DUKE REALTY CORPORATION
1518832,8413000000.0,"WPX Energy, Inc.",,,"WPX Energy, Inc."
105634,8400480000.0,"EMCOR Group, Inc.",EME,"EMCOR Group, Inc.","EMCOR Group, Inc."
1005817,8373818000.0,Tompkins Financial Corp,TMP,TOMPKINS FINANCIAL CORP,TOMPKINS FINANCIAL CORP
726958,8371009000.0,"CASEY'S GENERAL STORES, INC.",CASY,CASEYS GENERAL STORES INC,CASEYS GENERAL STORES INC
1487052,8362255000.0,"LEGACYTEXAS FINANCIAL GROUP, INC.",,,"LEGACYTEXAS FINANCIAL GROUP, INC."
1793229,8360411000.0,Claritev Corporation,CTEV,Claritev Corp,Claritev Corp
1587732,8359141000.0,"ONE Gas, Inc.",OGS,"ONE Gas, Inc.","ONE Gas, Inc."
705432,8339966000.0,"Southside Bancshares, Inc.",SBSI,SOUTHSIDE BANCSHARES INC,SOUTHSIDE BANCSHARES INC
1772695,8336892000.0,Sunnova Energy International Inc.,,,Sunnova Energy International Inc.
749251,8327787000.0,"GARTNER, INC.",IT,GARTNER INC,GARTNER INC
1530721,8325000000.0,CAPRI HOLDINGS LTD,CPRI,Capri Holdings Ltd,Capri Holdings Ltd
23082,8302000000.0,COMPUTER SCIENCES CORP,,,COMPUTER SCIENCES CORP
1617242,8289318000.0,KEARNY FINANCIAL CORP.,KRNY,Kearny Financial Corp.,Kearny Financial Corp.
714395,8280142000.0,"GERMAN AMERICAN BANCORP, INC.",GABC,"GERMAN AMERICAN BANCORP, INC.","GERMAN AMERICAN BANCORP, INC."
1609711,8273900000.0,GoDaddy Inc.,GDDY,GoDaddy Inc.,GoDaddy Inc.
1408100,8271800000.0,"Kennedy-Wilson Holdings, Inc.",,,"Kennedy-Wilson Holdings, Inc."
791519,8271000000.0,STAPLES INC,,,STAPLES INC
1089819,8253749000.0,CLECO CORPORATE HOLDINGS LLC,,,CLECO CORPORATE HOLDINGS LLC
1433660,8252600000.0,JBT Marel Corporation,JBTM,JBT MAREL Corp,JBT MAREL Corp
88121,8246000000.0,Seaboard Corporation,SEB,SEABOARD CORP /DE/,SEABOARD CORP /DE/
1666291,8241513000.0,"Claros Mortgage Trust, Inc.",CMTG,"Claros Mortgage Trust, Inc.","Claros Mortgage Trust, Inc."
728535,8241134000.0,"J.B. HUNT TRANSPORT SERVICES, INC.",JBHT,HUNT J B TRANSPORT SERVICES INC,HUNT J B TRANSPORT SERVICES INC
1647509,8228597000.0,"FOREST CITY REALTY TRUST, INC.",,,"FOREST CITY REALTY TRUST, INC."
835357,8226000000.0,EQUITABLE FINANCIAL LIFE INSURANCE COMPANY OF AMERICA,,,EQUITABLE FINANCIAL LIFE INSURANCE COMPANY OF AMERICA
91440,8201800000.0,Snap-on Inc,SNA,Snap-on Inc,Snap-on Inc
1610950,8199218000.0,"SYNEOS HEALTH, INC.",,,"SYNEOS HEALTH, INC."
894315,8197518000.0,SITE Centers Corp.,SITC,SITE Centers Corp.,SITE Centers Corp.
1640147,8196727000.0,SNOWFLAKE INC.,SNOW,Snowflake Inc.,Snowflake Inc.
1694426,8192800000.0,"DELEK US HOLDINGS, INC.",DK,"Delek US Holdings, Inc.","Delek US Holdings, Inc."
1163739,8187015000.0,NABORS INDUSTRIES LTD.,NBR,NABORS INDUSTRIES LTD,NABORS INDUSTRIES LTD
943819,8174391000.0,ResMed Inc.,RMD,RESMED INC,RESMED INC
14693,8171000000.0,Brown-Forman Corporation,BF-B,BROWN FORMAN CORP,BROWN FORMAN CORP
789460,8164600000.0,WORLD KINECT CORPORATION,WKC,WORLD KINECT CORP,WORLD KINECT CORP
1358651,8156585000.0,NEIMAN MARCUS GROUP LTD LLC,,,NEIMAN MARCUS GROUP LTD LLC
1786248,8154136000.0,"NexPoint Real Estate Finance, Inc.",NREF,"NexPoint Real Estate Finance, Inc.","NexPoint Real Estate Finance, Inc."
26780,8139000000.0,DANA INC,DAN,DANA Inc,DANA Inc
1993004,8135967000.0,"NORTHWESTERN ENERGY GROUP, INC.",NWE,"NorthWestern Energy Group, Inc.","NorthWestern Energy Group, Inc."
1845815,8110428000.0,Payoneer Global Inc.,PAYO,Payoneer Global Inc.,Payoneer Global Inc.
1455863,8104561000.0,"AMERICOLD REALTY TRUST, INC.",COLD,AMERICOLD REALTY TRUST,AMERICOLD REALTY TRUST
104918,8065000000.0,AVISTA CORP,AVA,AVISTA CORP,AVISTA CORP
1758730,8056055000.0,Tradeweb Markets Inc.,TW,Tradeweb Markets Inc.,Tradeweb Markets Inc.
1964333,8053084000.0,Burke & Herbert Financial Services Corp.,BHRB,Burke & Herbert Financial Services Corp.,Burke & Herbert Financial Services Corp.
1564408,8029538000.0,Snap Inc,SNAP,Snap Inc,Snap Inc
886158,8011988000.0,"20230930-DK-BUTTERFLY-1, INC.",,,"20230930-DK-BUTTERFLY-1, INC."
1270436,8001624000.0,Cohen   & Co Inc.,COHN,Cohen & Co Inc.,Cohen & Co Inc.
1393052,7999427000.0,Veeva Systems Inc.,VEEV,VEEVA SYSTEMS INC,VEEVA SYSTEMS INC
77877,7982765000.0,"PDC Energy, Inc.",,,"PDC Energy, Inc."
1475348,7974632000.0,Luther Burbank Corp,,,Luther Burbank Corp
2017206,7973646000.0,"Millrose Properties, Inc.",MRP,"Millrose Properties, Inc.","Millrose Properties, Inc."
1638833,7954800000.0,"Surgery Partners, Inc.",SGRY,"Surgery Partners, Inc.","Surgery Partners, Inc."
1628369,7949300000.0,Cushman & Wakefield plc,CWK,Cushman & Wakefield Ltd.,Cushman & Wakefield Ltd.
1624322,7948294000.0,"BUSINESS FIRST BANCSHARES, INC.",BFST,"Business First Bancshares, Inc.","Business First Bancshares, Inc."
100122,7946162000.0,TUCSON ELECTRIC POWER CO,,,TUCSON ELECTRIC POWER CO
102212,7939056000.0,UNIVEST FINANCIAL CORPORATION,UVSP,UNIVEST FINANCIAL Corp,UNIVEST FINANCIAL Corp
877212,7938000000.0,Zebra Technologies Corporation,ZBRA,ZEBRA TECHNOLOGIES CORP,ZEBRA TECHNOLOGIES CORP
1082554,7908000000.0,United Therapeutics Corporation,UTHR,UNITED THERAPEUTICS Corp,UNITED THERAPEUTICS Corp
850209,7907000000.0,"Foot Locker, Inc.",,,"Foot Locker, Inc."
1287032,7890413000.0,PROSPECT CAPITAL CORP,PSEC,PROSPECT CAPITAL CORP,PROSPECT CAPITAL CORP
18672,7875164000.0,CLECO CORPORATE HOLDINGS LLC,,,CLECO CORPORATE HOLDINGS LLC
706129,7872518000.0,"HORIZON BANCORP, INC.",HBNC,HORIZON BANCORP INC /IN/,HORIZON BANCORP INC /IN/
1612720,7864850000.0,NEXTDECADE CORPORATION,NEXT,NextDecade Corp,NextDecade Corp
1109242,7862363000.0,HANMI FINANCIAL CORPORATION,HAFC,HANMI FINANCIAL CORP,HANMI FINANCIAL CORP
1476034,7853849000.0,METROPOLITAN BANK HOLDING CORP.,MCB,Metropolitan Bank Holding Corp.,Metropolitan Bank Holding Corp.
1118004,7847552000.0,BANCPLUS CORPORATION,,,BANCPLUS CORPORATION
1315098,7845571000.0,Roblox Corporation,RBLX,Roblox Corp,Roblox Corp
1027884,7839420000.0,CHICAGO BRIDGE & IRON CO N V,,,CHICAGO BRIDGE & IRON CO N V
1810806,7833985000.0,UNITY SOFTWARE INC.,U,Unity Software Inc.,Unity Software Inc.
1588238,7817522000.0,Rice Energy Inc.,,,Rice Energy Inc.
1944366,7810143000.0,Blue Owl Real Estate Net Lease Trust,,,Blue Owl Real Estate Net Lease Trust
750004,7809000000.0,"LIGHT & WONDER, INC.",LNWO,"Light & Wonder, Inc.","Light & Wonder, Inc."
1372920,7805499000.0,NEW ORIENTAL EDUCATION & TECHNOLOGY GROUP INC.,EDU,New Oriental Education & Technology Group Inc.,New Oriental Education & Technology Group Inc.
1631596,7802321000.0,KKR Real Estate Finance Trust Inc.,KREF,KKR Real Estate Finance Trust Inc.,KKR Real Estate Finance Trust Inc.
1747079,7794257000.0,BALLY’S CORPORATION,BALY,Bally's Corp,Bally's Corp
1466026,7793066000.0,"Midland States Bancorp, Inc.",MSBI,"Midland States Bancorp, Inc.","Midland States Bancorp, Inc."
1046257,7781000000.0,INGREDION INCORPORATED,INGR,Ingredion Inc,Ingredion Inc
1616862,7781000000.0,AXALTA COATING SYSTEMS LTD.,AXTA,Axalta Coating Systems Ltd.,Axalta Coating Systems Ltd.
1624644,7776582000.0,Rice Energy Operating LLC,,,Rice Energy Operating LLC
110621,7775949000.0,RPM INTERNATIONAL INC/DE/,RPM,RPM INTERNATIONAL INC/DE/,RPM INTERNATIONAL INC/DE/
1380846,7765810000.0,"TRISTATE CAPITAL HOLDINGS, INC.",,,"TRISTATE CAPITAL HOLDINGS, INC."
1645494,7758362000.0,ARRIS INTERNATIONAL PLC,,,ARRIS INTERNATIONAL PLC
728391,7757177000.0,"IPALCO ENTERPRISES, INC.",,,"IPALCO ENTERPRISES, INC."
833079,7756369000.0,MERITAGE HOMES CORPORATION,MTH,Meritage Homes CORP,Meritage Homes CORP
1037038,7751700000.0,Ralph Lauren Corporation,RL,RALPH LAUREN CORP,RALPH LAUREN CORP
1414475,7733028000.0,"WESTERN MIDSTREAM OPERATING, LP",,,"WESTERN MIDSTREAM OPERATING, LP"
1507605,7721443000.0,"MARA HOLDINGS, INC.",MARA,"MARA Holdings, Inc.","MARA Holdings, Inc."
1137411,7709000000.0,ROCKWELL COLLINS INC,,,ROCKWELL COLLINS INC
1677703,7709000000.0,CONDUENT INC,CNDT,CONDUENT Inc,CONDUENT Inc
1047127,7705626000.0,"Amkor Technology, Inc.",AMKR,"AMKOR TECHNOLOGY, INC.","AMKOR TECHNOLOGY, INC."
1020859,7682426000.0,"UNITED NATURAL FOODS, INC.",UNFI,UNITED NATURAL FOODS INC,UNITED NATURAL FOODS INC
700565,7680475000.0,"FIRST MID BANCSHARES, INC.",FMBH,"FIRST MID BANCSHARES, INC.","FIRST MID BANCSHARES, INC."
1895262,7666971000.0,Noble Corporation plc,NE,Noble Corp plc,Noble Corp plc
1320414,7665293000.0,SELECT MEDICAL HOLDINGS CORP,,,SELECT MEDICAL HOLDINGS CORP
1627223,7640000000.0,The Chemours Company,CC,Chemours Co,Chemours Co
1012620,7634958000.0,GENESEE & WYOMING INC,,,GENESEE & WYOMING INC
1274173,7621700000.0,JANUS HENDERSON GROUP PLC,,,JANUS HENDERSON GROUP PLC
104889,7619032000.0,GRAHAM HOLDINGS CO,GHC,Graham Holdings Co,Graham Holdings Co
107833,7615600000.0,WISCONSIN PUBLIC SERVICE CORPORATION,,,WISCONSIN PUBLIC SERVICE CORPORATION
1413159,7613234000.0,Textainer Group Holdings Limited,,,Textainer Group Holdings Limited
1518621,7610631000.0,"Orchid Island Capital, Inc.",ORC,"Orchid Island Capital, Inc.","Orchid Island Capital, Inc."
1364885,7606000000.0,"Spirit AeroSystems Holdings, Inc.",,,"Spirit AeroSystems Holdings, Inc."
1100682,7602770000.0,"CHARLES RIVER LABORATORIES INTERNATIONAL, INC.",CRL,"CHARLES RIVER LABORATORIES INTERNATIONAL, INC.","CHARLES RIVER LABORATORIES INTERNATIONAL, INC."
1869198,7600207000.0,"Life Time Group Holdings, Inc.",LTH,"Life Time Group Holdings, Inc.","Life Time Group Holdings, Inc."
1561894,7596166000.0,"HA SUSTAINABLE INFRASTRUCTURE CAPITAL, INC.",HASI,"HA Sustainable Infrastructure Capital, Inc.","HA Sustainable Infrastructure Capital, Inc."
1477641,7594096000.0,DAQO NEW ENERGY CORP.,DQ,DAQO NEW ENERGY CORP.,DAQO NEW ENERGY CORP.
1283630,7559754000.0,"American Campus Communities, Inc.",,,"American Campus Communities, Inc."
1289790,7559253000.0,MACQUARIE INFRASTRUCTURE CORPORATION,,,MACQUARIE INFRASTRUCTURE CORPORATION
1398987,7543000000.0,Anywhere Real Estate Inc.,,,Anywhere Real Estate Inc.
1397187,7523439000.0,lululemon athletica inc.,LULU,lululemon athletica inc.,lululemon athletica inc.
1997350,7496200000.0,ACCELERANT HOLDINGS,ARX,Accelerant Holdings,Accelerant Holdings
1094005,7468828000.0,SINA CORP,,,SINA CORP
1514281,7462425000.0,"AG MORTGAGE INVESTMENT TRUST, INC.",MITT,"TPG Mortgage Investment Trust, Inc.","TPG Mortgage Investment Trust, Inc."
1048477,7456341000.0,BIOMARIN PHARMACEUTICAL INC,BMRN,BIOMARIN PHARMACEUTICAL INC,BIOMARIN PHARMACEUTICAL INC
1625941,7449757000.0,Ares Industrial Real Estate Income Trust Inc.,,,Ares Industrial Real Estate Income Trust Inc.
2030781,7445941000.0,"SailPoint, Inc.",SAIL,"SailPoint, Inc.","SailPoint, Inc."
1381531,7444000000.0,Domtar Corporation,,,Domtar Corporation
822818,7439929000.0,"CLEAN HARBORS, INC.",CLH,CLEAN HARBORS INC,CLEAN HARBORS INC
701347,7432763000.0,Central Pacific Financial Corp,CPF,CENTRAL PACIFIC FINANCIAL CORP,CENTRAL PACIFIC FINANCIAL CORP
1398453,7421664433.0,"XINYUAN REAL ESTATE CO., LTD.",,,"XINYUAN REAL ESTATE CO., LTD."
1012100,7415500000.0,SEALED AIR CORP/DE,,,SEALED AIR CORP/DE
793733,7414553000.0,SKYWEST INC,SKYW,SKYWEST INC,SKYWEST INC
1717547,7414306000.0,"BrightSpire Capital, Inc.",BRSP,"BrightSpire Capital, Inc.","BrightSpire Capital, Inc."
1718512,7411300000.0,Gates Industrial Corporation plc,GTES,Gates Industrial Corp Ltd.,Gates Industrial Corp Ltd.
1210227,7401691000.0,BNC Bancorp,,,BNC Bancorp
1679273,7392600000.0,"Lamb Weston Holdings, Inc.",LW,"Lamb Weston Holdings, Inc.","Lamb Weston Holdings, Inc."
944314,7387730000.0,"LIFE STORAGE, INC.",,,"LIFE STORAGE, INC."
1420800,7386832000.0,Enovis CORP,ENOV,Enovis CORP,Enovis CORP
20212,7375700000.0,Churchill Downs Incorporated,CHDN,Churchill Downs Inc,Churchill Downs Inc
96943,7375219000.0,TELEFLEX INCORPORATED,TFX,TELEFLEX INC,TELEFLEX INC
1321655,7365688000.0,Palantir Technologies Inc.,PLTR,Palantir Technologies Inc.,Palantir Technologies Inc.
1359841,7353986000.0,Hanesbrands Inc.,,,Hanesbrands Inc.
1286043,7341982000.0,KITE REALTY GROUP TRUST,KRG,KITE REALTY GROUP TRUST,KITE REALTY GROUP TRUST
769520,7335883000.0,THE MIDDLEBY CORPORATION,MIDD,MIDDLEBY Corp,MIDDLEBY Corp
1093557,7327000000.0,"DEXCOM, INC.",DXCM,DEXCOM INC,DEXCOM INC
73088,7317783000.0,NorthWestern Corporation,,,NorthWestern Corporation
730263,7311960000.0,"THOR Industries, Inc.",THO,THOR INDUSTRIES INC,THOR INDUSTRIES INC
800240,7311000000.0,The ODP Corporation,,,The ODP Corporation
1957845,7283439000.0,KKR Private Equity Conglomerate LLC,,,KKR Private Equity Conglomerate LLC
1606745,7282000000.0,"LIBERTY TRIPADVISOR HOLDINGS, INC.",,,"LIBERTY TRIPADVISOR HOLDINGS, INC."
1005011,7276700000.0,"GRAPHIC PACKAGING INTERNATIONAL, LLC",,,"GRAPHIC PACKAGING INTERNATIONAL, LLC"
356309,7274161000.0,NEW JERSEY RESOURCES CORPORATION,NJR,NEW JERSEY RESOURCES CORP,NEW JERSEY RESOURCES CORP
1108827,7245400000.0,"QEP RESOURCES, INC.",,,"QEP RESOURCES, INC."
1913510,7243482836.0,VinFast Auto Ltd.,VFS,VinFast Auto Ltd.,VinFast Auto Ltd.
1504461,7242555000.0,NGL Energy Partners LP,NGL,NGL Energy Partners LP,NGL Energy Partners LP
1531152,7231772000.0,"BJ’S WHOLESALE CLUB HOLDINGS, INC.",BJ,"BJ's Wholesale Club Holdings, Inc.","BJ's Wholesale Club Holdings, Inc."
907471,7229844000.0,"PATHWARD FINANCIAL, INC",CASH,"PATHWARD FINANCIAL, INC.","PATHWARD FINANCIAL, INC."
1075415,7227754000.0,Diversified Healthcare Trust,DHC,DIVERSIFIED HEALTHCARE TRUST,DIVERSIFIED HEALTHCARE TRUST
790051,7222000000.0,CARLISLE COMPANIES INCORPORATED,CSL,CARLISLE COMPANIES INC,CARLISLE COMPANIES INC
1448893,7220561000.0,ESSENT GROUP LTD.,ESNT,Essent Group Ltd.,Essent Group Ltd.
1366367,7215630000.0,YADKIN FINANCIAL Corp,,,YADKIN FINANCIAL Corp
1050743,7200673000.0,PEAPACK-GLADSTONE FINANCIAL CORPORATION,PGC,PEAPACK GLADSTONE FINANCIAL CORP,PEAPACK GLADSTONE FINANCIAL CORP
928022,7194838000.0,Callon Petroleum Co,,,Callon Petroleum Co
883902,7193650000.0,"Cornerstone Building Brands, Inc.",,,"Cornerstone Building Brands, Inc."
1603286,7186900000.0,"DOMINION ENERGY MIDSTREAM PARTNERS, LP",,,"DOMINION ENERGY MIDSTREAM PARTNERS, LP"
1930054,7184142000.0,Blackstone Private Equity Strategies Fund L.P.,,,Blackstone Private Equity Strategies Fund L.P.
1561660,7173000000.0,PATTERN ENERGY GROUP INC.,,,PATTERN ENERGY GROUP INC.
1967680,7171000000.0,VERALTO CORPORATION,VLTO,Veralto Corp,Veralto Corp
1443646,7170000000.0,Booz Allen Hamilton Holding Corporation,BAH,Booz Allen Hamilton Holding Corp,Booz Allen Hamilton Holding Corp
1418100,7161000000.0,AVAYA HOLDINGS CORP.,,,AVAYA HOLDINGS CORP.
1692787,7150997000.0,Kinetik Holdings Inc.,KNTK,Kinetik Holdings Inc.,Kinetik Holdings Inc.
48898,7149000000.0,HUBBELL INC,HUBB,HUBBELL INC,HUBBELL INC
1494319,7145700000.0,Univar Solutions Inc.,,,Univar Solutions Inc.
1168054,7140029000.0,CIMAREX ENERGY CO.,,,CIMAREX ENERGY CO.
1794515,7136400000.0,ZoomInfo Technologies Inc.,GTM,ZoomInfo Technologies Inc.,ZoomInfo Technologies Inc.
1498547,7132054000.0,"CIM REAL ESTATE FINANCE TRUST, INC.",CMRF,"CIM GROUP, INC.","CIM GROUP, INC."
1595761,7129454000.0,WEIBO CORPORATION,WB,WEIBO Corp,WEIBO Corp
78890,7086000000.0,BRINKS CO,BCO,BRINKS CO,BRINKS CO
1604778,7076219000.0,"Qorvo, Inc.",QRVO,"Qorvo, Inc.","Qorvo, Inc."
1419581,7076000000.0,Federal-Mogul Holdings LLC,,,Federal-Mogul Holdings LLC
1046025,7070641000.0,HERITAGE FINANCIAL CORP,HFWA,HERITAGE FINANCIAL CORP /WA/,HERITAGE FINANCIAL CORP /WA/
1095651,7063158000.0,Safehold Inc.,SAFE,Safehold Inc.,Safehold Inc.
912766,7062534000.0,"Laureate Education, Inc.",LAUR,"LAUREATE EDUCATION, INC.","LAUREATE EDUCATION, INC."
1442145,7055200000.0,"VERISK ANALYTICS, INC.",VRSK,"Verisk Analytics, Inc.","Verisk Analytics, Inc."
1533932,7044007000.0,"Worldpay, Inc.",,,"Worldpay, Inc."
795266,7017596000.0,KB HOME,KBH,KB HOME,KB HOME
1872371,6998196000.0,Oaktree Strategic Credit Fund,,,Oaktree Strategic Credit Fund
22444,6993823000.0,COMMERCIAL METALS Co,CMC,COMMERCIAL METALS Co,COMMERCIAL METALS Co
1794669,6990600000.0,"SHIFT4 PAYMENTS, INC.",FOUR,"Shift4 Payments, Inc.","Shift4 Payments, Inc."
861878,6980100000.0,"Stericycle, Inc.",,,"Stericycle, Inc."
921557,6970917000.0,"REPUBLIC BANCORP, INC.",RBCAA,REPUBLIC BANCORP INC /KY/,REPUBLIC BANCORP INC /KY/
721994,6964301000.0,LAKELAND FINANCIAL CORP,LKFN,LAKELAND FINANCIAL CORP,LAKELAND FINANCIAL CORP
1572910,6961000000.0,Phillips 66 Partners LP,,,Phillips 66 Partners LP
1006837,6958300000.0,INNOVATE CORP.,VATE,INNOVATE Corp.,INNOVATE Corp.
1609253,6958000000.0,California Resources Corp,CRC,California Resources Corp,California Resources Corp
1487730,6954500000.0,"SPECTRUM BRANDS HOLDINGS, INC.",,,"SPECTRUM BRANDS HOLDINGS, INC."
311094,6950317000.0,WESTAMERICA BANCORPORATION,WABC,WESTAMERICA BANCORPORATION,WESTAMERICA BANCORPORATION
1610979,6941000000.0,"Caesars Entertainment Resort Properties, LLC",,,"Caesars Entertainment Resort Properties, LLC"
750686,6920044000.0,Camden National Corp,CAC,CAMDEN NATIONAL CORP,CAMDEN NATIONAL CORP
1041061,6917000000.0,"YUM! BRANDS, INC.",YUM,YUM BRANDS INC,YUM BRANDS INC
66756,6913200000.0,"ALLETE, Inc",,,"ALLETE, Inc"
1820877,6909256000.0,APARTMENT INCOME REIT CORP.,,,APARTMENT INCOME REIT CORP.
1005414,6908000000.0,TOYS R US INC,,,TOYS R US INC
804753,6894622000.0,CERNER Corp,,,CERNER Corp
1632127,6886147000.0,"Cable One, Inc.",CABO,"Cable One, Inc.","Cable One, Inc."
1520697,6879142000.0,"Acadia Healthcare Company, Inc.",ACHC,"Acadia Healthcare Company, Inc.","Acadia Healthcare Company, Inc."
832101,6876100000.0,IDEX CORP,IEX,IDEX CORP /DE/,IDEX CORP /DE/
46765,6862003000.0,"HELMERICH & PAYNE, INC.",HP,"Helmerich & Payne, Inc.","Helmerich & Payne, Inc."
1851322,6859323000.0,North Haven Private Income Fund LLC,,,North Haven Private Income Fund LLC
895419,6854400000.0,"WOLFSPEED, INC",WOLF,"WOLFSPEED, INC.","WOLFSPEED, INC."
1930087,6851504000.0,Golub Capital Private Credit Fund,,,Golub Capital Private Credit Fund
2054696,6831900000.0,NIQ Global Intelligence plc,NIQ,NIQ Global Intelligence plc,NIQ Global Intelligence plc
1479094,6825148000.0,"STAG INDUSTRIAL, INC.",STAG,"STAG Industrial, Inc.","STAG Industrial, Inc."
98362,6813900000.0,TIMKEN CO,TKR,TIMKEN CO,TIMKEN CO
1357615,6793000000.0,"KBR, Inc.",KBR,"KBR, INC.","KBR, INC."
785161,6785700000.0,Encompass Health Corporation,EHC,Encompass Health Corp,Encompass Health Corp
1553467,6780700000.0,SEADRILL PARTNERS LLC,,,SEADRILL PARTNERS LLC
1823529,6773473000.0,"Enact Holdings, Inc.",ACT,"Enact Holdings, Inc.","Enact Holdings, Inc."
737468,6745167000.0,"WASHINGTON TRUST BANCORP, INC.",WASH,WASHINGTON TRUST BANCORP INC,WASHINGTON TRUST BANCORP INC
1720635,6741700000.0,nVent Electric plc,NVT,nVent Electric plc,nVent Electric plc
43920,6735100000.0,"GREIF, INC",GEF,"GREIF, INC","GREIF, INC"
1298675,6709320000.0,CUBESMART,CUBE,CubeSmart,CubeSmart
1971213,6704000000.0,"Sinclair, Inc.",SBGI,"Sinclair, Inc.","Sinclair, Inc."
1556148,6699300000.0,"INFOR, INC.",,,"INFOR, INC."
1135185,6696316000.0,"Atlas Air Worldwide Holdings, Inc.",,,"Atlas Air Worldwide Holdings, Inc."
23194,6694863000.0,"COMSTOCK RESOURCES, INC.",CRK,COMSTOCK RESOURCES INC,COMSTOCK RESOURCES INC
1564822,6687966000.0,Pinnacle Foods Inc.,,,Pinnacle Foods Inc.
1013462,6687945000.0,"ANSYS, Inc.",,,"ANSYS, Inc."
1722608,6676383000.0,"iQIYI, Inc.",IQ,"iQIYI, Inc.","iQIYI, Inc."
1090425,6673968000.0,LAMAR ADVERTISING CO/NEW,LAMR,LAMAR ADVERTISING CO/NEW,LAMAR ADVERTISING CO/NEW
1577670,6669152000.0,Ladder Capital Corp,LADR,Ladder Capital Corp,Ladder Capital Corp
98246,6660100000.0,TIFFANY & CO,,,TIFFANY & CO
906553,6650145000.0,BOYD GAMING CORP,BYD,BOYD GAMING CORP,BOYD GAMING CORP
1062231,6644600000.0,"AMERICAN AXLE & MANUFACTURING HOLDINGS, INC",DCH,Dauch Corp,Dauch Corp
1403568,6630648000.0,"ULTA BEAUTY, INC.",ULTA,"Ulta Beauty, Inc.","Ulta Beauty, Inc."
832988,6620400000.0,SIGNET JEWELERS LIMITED,SIG,SIGNET JEWELERS LTD,SIGNET JEWELERS LTD
1579471,6615176000.0,Starwood Waypoint Homes,,,Starwood Waypoint Homes
1826470,6612829000.0,"Petco Health and Wellness Company, Inc",WOOF,"Petco Health & Wellness Company, Inc.","Petco Health & Wellness Company, Inc."
1831631,6609934000.0,"loanDepot, Inc.",LDI,"loanDepot, Inc.","loanDepot, Inc."
1801169,6608000000.0,Opendoor Technologies Inc.,OPEN,Opendoor Technologies Inc.,Opendoor Technologies Inc.
1458412,6601086000.0,"CROSSFIRST     BANKSHARES, INC.",,,"CROSSFIRST     BANKSHARES, INC."
1501364,6599520000.0,"UNITED FINANCIAL BANCORP, INC.",,,"UNITED FINANCIAL BANCORP, INC."
726854,6598137000.0,CITY HOLDING COMPANY,CHCO,CITY HOLDING CO,CITY HOLDING CO
1022321,6597641000.0,GENESIS ENERGY LP,GEL,GENESIS ENERGY LP,GENESIS ENERGY LP
1519751,6595700000.0,"Fortune Brands Innovations, Inc.",FBIN,"Fortune Brands Innovations, Inc.","Fortune Brands Innovations, Inc."
1757073,6587000000.0,ENVISTA HOLDINGS CORPORATION,NVST,Envista Holdings Corp,Envista Holdings Corp
1395942,6581200000.0,"OPENLANE, Inc.",OPLN,"OPENLANE, Inc.","OPENLANE, Inc."
1412665,6577876000.0,"MIDWESTONE FINANCIAL GROUP, INC.",,,"MIDWESTONE FINANCIAL GROUP, INC."
1045450,6577511000.0,EPR PROPERTIES,EPR,EPR PROPERTIES,EPR PROPERTIES
1136352,6567000000.0,CRESTWOOD EQUITY PARTNERS LP,,,CRESTWOOD EQUITY PARTNERS LP
812011,6564962000.0,"Vail Resorts, Inc.",MTN,VAIL RESORTS INC,VAIL RESORTS INC
1617640,6563000000.0,"ZILLOW GROUP, INC.",ZG,"ZILLOW GROUP, INC.","ZILLOW GROUP, INC."
1029199,6554900000.0,"EURONET WORLDWIDE, INC.",EEFT,"EURONET WORLDWIDE, INC.","EURONET WORLDWIDE, INC."
1320695,6545800000.0,"TreeHouse Foods, Inc.",,,"TreeHouse Foods, Inc."
876437,6542327000.0,MGIC Investment Corp,MTG,MGIC INVESTMENT CORP,MGIC INVESTMENT CORP
1124941,6538500000.0,"Beacon Roofing Supply, Inc.",,,"Beacon Roofing Supply, Inc."
94845,6533200000.0,LEVI STRAUSS & CO.,LEVI,LEVI STRAUSS & CO,LEVI STRAUSS & CO
1466085,6532095000.0,"Independence Realty Trust, Inc.",IRT,"INDEPENDENCE REALTY TRUST, INC.","INDEPENDENCE REALTY TRUST, INC."
1670076,6524000000.0,"Frontier Group Holdings, Inc.",ULCC,"Frontier Group Holdings, Inc.","Frontier Group Holdings, Inc."
1804745,6499898000.0,Driven Brands Holdings Inc.,DRVN,Driven Brands Holdings Inc.,Driven Brands Holdings Inc.
1474098,6498555000.0,PEBBLEBROOK HOTEL TRUST,PEB,Pebblebrook Hotel Trust,Pebblebrook Hotel Trust
1539638,6494748000.0,"TRIUMPH FINANCIAL, INC.",TFIN,"Triumph Financial, Inc.","Triumph Financial, Inc."
63276,6493794000.0,MATTEL INC /DE/,MAT,MATTEL INC /DE/,MATTEL INC /DE/
2025410,6482711000.0,"StandardAero, Inc.",SARO,"StandardAero, Inc.","StandardAero, Inc."
1692376,6475880000.0,"Velocity Financial, Inc.",VEL,"Velocity Financial, Inc.","Velocity Financial, Inc."
1103601,6475390000.0,WGL Holdings Inc.,,,WGL Holdings Inc.
947559,6461717000.0,"The First Bancshares, Inc.",,,"The First Bancshares, Inc."
808450,6440000000.0,NAVISTAR INTERNATIONAL CORP,,,NAVISTAR INTERNATIONAL CORP
832428,6431005000.0,THE E.W. SCRIPPS COMPANY,SSP,E.W. SCRIPPS Co,E.W. SCRIPPS Co
1336706,6430894000.0,"Northpointe Bancshares, Inc.",NPB,NORTHPOINTE BANCSHARES INC,NORTHPOINTE BANCSHARES INC
1713683,6419888000.0,"ZSCALER, INC.",ZS,"Zscaler, Inc.","Zscaler, Inc."
1744894,6413800000.0,"SIRIUS INTERNATIONAL INSURANCE GROUP, LTD.",,,"SIRIUS INTERNATIONAL INSURANCE GROUP, LTD."
1334978,6393288000.0,"CLEAR CHANNEL OUTDOOR HOLDINGS, INC.",CCO,"Clear Channel Outdoor Holdings, Inc.","Clear Channel Outdoor Holdings, Inc."
350852,6390938000.0,"Community Trust Bancorp, Inc.",CTBI,COMMUNITY TRUST BANCORP INC /KY/,COMMUNITY TRUST BANCORP INC /KY/
877890,6390227000.0,CITRIX SYSTEMS INC,,,CITRIX SYSTEMS INC
1568651,6384127000.0,"Oscar Health, Inc.",OSCR,"Oscar Health, Inc.","Oscar Health, Inc."
865436,6382000000.0,WHOLE FOODS MARKET INC,,,WHOLE FOODS MARKET INC
1533758,6381534000.0,Hughes Satellite Systems Corporation,,,Hughes Satellite Systems Corporation
1651308,6379290000.0,"BEIGENE, LTD.",ONC,BeOne Medicines Ltd.,BeOne Medicines Ltd.
949039,6371877000.0,"Diamond Offshore Drilling, Inc.",,,"Diamond Offshore Drilling, Inc."
721683,6366177000.0,"TOTAL SYSTEM SERVICES, INC.",,,"TOTAL SYSTEM SERVICES, INC."
91928,6365340000.0,"SOUTH JERSEY INDUSTRIES, INC.",,,"SOUTH JERSEY INDUSTRIES, INC."
879635,6354543000.0,"MID PENN BANCORP, INC.",MPB,MID PENN BANCORP INC,MID PENN BANCORP INC
1005409,6354460000.0,"DIME COMMUNITY BANCSHARES, INC.",,,"DIME COMMUNITY BANCSHARES, INC."
357301,6348375000.0,TrustCo Bank Corp NY,TRST,TRUSTCO BANK CORP N Y,TRUSTCO BANK CORP N Y
1353283,6343923000.0,Splunk Inc.,,,Splunk Inc.
1600125,6343694000.0,"Meridian Bancorp, Inc.",,,"Meridian Bancorp, Inc."
1109354,6339800000.0,BRUKER CORPORATION,BRKR,BRUKER CORP,BRUKER CORP
800459,6331623000.0,HARMAN INTERNATIONAL INDUSTRIES INC /DE/,,,HARMAN INTERNATIONAL INDUSTRIES INC /DE/
1714174,6326839000.0,BURFORD CAPITAL LIMITED,BUR,Burford Capital Ltd,Burford Capital Ltd
14930,6321300000.0,Brunswick Corporation,BC,BRUNSWICK CORP,BRUNSWICK CORP
1301611,6319000000.0,"LIFEPOINT HEALTH, INC.",,,"LIFEPOINT HEALTH, INC."
736772,6318477000.0,CNB FINANCIAL CORP/PA,CCNE,CNB FINANCIAL CORP/PA,CNB FINANCIAL CORP/PA
1856525,6306000000.0,"Core & Main, Inc.",CNM,"Core & Main, Inc.","Core & Main, Inc."
1530804,6306000000.0,TRONOX HOLDINGS PLC,TROX,Tronox Holdings plc,Tronox Holdings plc
1728951,6289589000.0,"Essential Properties Realty Trust, Inc.",EPRT,"ESSENTIAL PROPERTIES REALTY TRUST, INC.","ESSENTIAL PROPERTIES REALTY TRUST, INC."
1015820,6287735000.0,QIAGEN N.V.,QGEN,QIAGEN N.V.,QIAGEN N.V.
1623925,6282878000.0,ANTERO MIDSTREAM CORPORATION,AM,Antero Midstream Corp,Antero Midstream Corp
1810019,6272400000.0,"RACKSPACE TECHNOLOGY, INC.",RXT,"Rackspace Technology, Inc.","Rackspace Technology, Inc."
1569391,6261287000.0,"KCG HOLDINGS, INC.",,,"KCG HOLDINGS, INC."
1412100,6252299000.0,"MAIDEN HOLDINGS, LTD.",MHLA,"Maiden Holdings, Ltd.","Maiden Holdings, Ltd."
1030894,6241100000.0,CELESTICA INC.,CLS,CELESTICA INC,CELESTICA INC
65011,6233200000.0,"Hawkeye Acquisition, Inc.",,,"Hawkeye Acquisition, Inc."
922864,6232818000.0,Apartment Investment and Management Company,AIV,APARTMENT INVESTMENT & MANAGEMENT CO,APARTMENT INVESTMENT & MANAGEMENT CO
857005,6229053000.0,PTC Inc.,PTC,PTC INC.,PTC INC.
1124140,6226873000.0,EXACT SCIENCES CORPORATION,,,EXACT SCIENCES CORPORATION
1097149,6219094000.0,"ALIGN TECHNOLOGY, INC.",ALGN,ALIGN TECHNOLOGY INC,ALIGN TECHNOLOGY INC
1525494,6215735000.0,58.COM INC.,,,58.COM INC.
1069183,6215256000.0,"Axon Enterprise, Inc.",AXON,"AXON ENTERPRISE, INC.","AXON ENTERPRISE, INC."
1633651,6214086000.0,"TALLGRASS ENERGY, LP",,,"TALLGRASS ENERGY, LP"
1710366,6208738000.0,"Core Natural Resources, Inc.",CNR,"Core Natural Resources, Inc.","Core Natural Resources, Inc."
1562528,6203601000.0,"Franklin BSP Realty Trust, Inc.",FBRT,"Franklin BSP Realty Trust, Inc.","Franklin BSP Realty Trust, Inc."
1430602,6200294000.0,"Scripps Networks Interactive, Inc.",,,"Scripps Networks Interactive, Inc."
1002517,6195130000.0,"NUANCE COMMUNICATIONS, INC.",,,"NUANCE COMMUNICATIONS, INC."
1724670,6189000000.0,PERSPECTA INC.,,,PERSPECTA INC.
1110805,6185992000.0,NuStar Energy L.P.,,,NuStar Energy L.P.
1042729,6180988000.0,Mercantile Bank Corporation,MBWM,MERCANTILE BANK CORP,MERCANTILE BANK CORP
1279363,6152800000.0,"WELLCARE HEALTH PLANS, INC.",,,"WELLCARE HEALTH PLANS, INC."
97216,6152000000.0,TEREX CORP,TEX,TEREX CORP,TEREX CORP
1393726,6147892000.0,Tiptree Inc.,TIPT,TIPTREE INC.,TIPTREE INC.
100790,6146000000.0,Union Carbide Corporation,,,Union Carbide Corporation
862831,6143766000.0,"Financial Institutions, Inc.",FISI,FINANCIAL INSTITUTIONS INC,FINANCIAL INSTITUTIONS INC
1553023,6142000000.0,CYRUSONE INC.,,,CYRUSONE INC.
1122976,6133300000.0,AVIENT CORP,AVNT,AVIENT CORP,AVIENT CORP
1048695,6113499000.0,"F5, Inc.",FFIV,"F5, INC.","F5, INC."
1060009,6112724000.0,"KINDRED HEALTHCARE, INC",,,"KINDRED HEALTHCARE, INC"
1464790,6111202000.0,"B. Riley FinanCIAl, Inc.",RILY,"BRC Group Holdings, Inc.","BRC Group Holdings, Inc."
1040829,6110620000.0,"RYMAN HOSPITALITY PROPERTIES, INC.",RHP,"Ryman Hospitality Properties, Inc.","Ryman Hospitality Properties, Inc."
1647088,6104703000.0,WILLSCOT HOLDINGS CORPORATION,WSC,WillScot Holdings Corp,WillScot Holdings Corp
910612,6104640000.0,"CBL & ASSOCIATES PROPERTIES, INC.",CBL,CBL & ASSOCIATES PROPERTIES INC,CBL & ASSOCIATES PROPERTIES INC
926660,6082981000.0,"APARTMENT INCOME REIT, L.P.",,,"APARTMENT INCOME REIT, L.P."
56047,6079965000.0,Kirby Corporation,KEX,KIRBY CORP,KIRBY CORP
1562463,6072573000.0,First Internet Bancorp,INBK,First Internet Bancorp,First Internet Bancorp
1618563,6070007000.0,National Storage Affiliates Trust,,,National Storage Affiliates Trust
1492298,6069299000.0,"SABRA HEALTH CARE REIT, INC.",SBRA,"Sabra Health Care REIT, Inc.","Sabra Health Care REIT, Inc."
1869453,6068947000.0,BLUE OWL TECHNOLOGY INCOME CORP.,,,BLUE OWL TECHNOLOGY INCOME CORP.
1723690,6064863000.0,Bilibili Inc.,BILI,Bilibili Inc.,Bilibili Inc.
921082,6063376000.0,"HIGHWOODS PROPERTIES, INC.",HIW,"HIGHWOODS PROPERTIES, INC.","HIGHWOODS PROPERTIES, INC."
21076,6045000000.0,CLOROX CO /DE/,CLX,CLOROX CO /DE/,CLOROX CO /DE/
1650372,6041970000.0,Atlassian Corporation,TEAM,Atlassian Corp,Atlassian Corp
1035092,6037874000.0,"SHORE BANCSHARES, INC.",SHBI,SHORE BANCSHARES INC,SHORE BANCSHARES INC
1296445,6015612000.0,"Ormat Technologies, Inc.",ORA,"ORMAT TECHNOLOGIES, INC.","ORMAT TECHNOLOGIES, INC."
1790982,6015000000.0,ARCONIC CORPORATION,,,ARCONIC CORPORATION
1776661,6012683000.0,Advantage Solutions Inc.,ADV,Advantage Solutions Inc.,Advantage Solutions Inc.
72331,6009713000.0,NORDSON CORPORATION,NDSN,NORDSON CORP,NORDSON CORP
866368,6005062000.0,"PS BUSINESS PARKS, INC./MD",,,"PS BUSINESS PARKS, INC./MD"
1517342,5998207000.0,PACIFIC DRILLING S.A.,,,PACIFIC DRILLING S.A.
921112,5992813000.0,LIBERTY PROPERTY TRUST,,,LIBERTY PROPERTY TRUST
84246,5990807000.0,RLI CORP,RLI,RLI CORP,RLI CORP
1579877,5990000000.0,OUTFRONT Media Inc.,OUT,OUTFRONT Media Inc.,OUTFRONT Media Inc.
1689796,5986251000.0,JBG SMITH PROPERTIES,JBGS,JBG SMITH Properties,JBG SMITH Properties
1751008,5959497000.0,AppLovin Corporation,APP,AppLovin Corp,AppLovin Corp
1671933,5957809000.0,"TRADE DESK, INC.",TTD,"Trade Desk, Inc.","Trade Desk, Inc."
1833835,5957056000.0,PAYSAFE LIMITED,PSFE,Paysafe Ltd,Paysafe Ltd
1043277,5954564000.0,"C.H. ROBINSON WORLDWIDE, INC.",CHRW,"C. H. ROBINSON WORLDWIDE, INC.","C. H. ROBINSON WORLDWIDE, INC."
78460,5944100000.0,PIEDMONT NATURAL GAS CO INC,,,PIEDMONT NATURAL GAS CO INC
1865782,5943597000.0,"BrightSpring Health Services, Inc.",BTSG,"BrightSpring Health Services, Inc.","BrightSpring Health Services, Inc."
906163,5939339000.0,"NVR, Inc.",NVR,NVR INC,NVR INC
1043509,5930400000.0,"SONIC AUTOMOTIVE, INC.",SAH,SONIC AUTOMOTIVE INC,SONIC AUTOMOTIVE INC
1724965,5924702000.0,Talos Energy Inc.,TALO,TALOS ENERGY INC.,TALOS ENERGY INC.
1630472,5892870000.0,"TPG RE Finance Trust, Inc.",TRTX,"TPG RE Finance Trust, Inc.","TPG RE Finance Trust, Inc."
357173,5888317000.0,OLD SECOND BANCORP INC,OSBC,OLD SECOND BANCORP INC,OLD SECOND BANCORP INC
1415921,5884553000.0,NAVIOS MARITIME PARTNERS L.P.,NMM,Navios Maritime Partners L.P.,Navios Maritime Partners L.P.
1357369,5865913000.0,American Campus Communities Operating Partnership LP,,,American Campus Communities Operating Partnership LP
1507615,5860000000.0,ANDEAVOR LOGISTICS LP,,,ANDEAVOR LOGISTICS LP
854560,5854672000.0,"GREAT SOUTHERN BANCORP, INC.",GSBC,"GREAT SOUTHERN BANCORP, INC.","GREAT SOUTHERN BANCORP, INC."
1311370,5852561000.0,"Lazard, Inc.",LAZ,"Lazard, Inc.","Lazard, Inc."
885975,5852238000.0,CINEMARK USA INC /TX,,,CINEMARK USA INC /TX
1511337,5851400000.0,RLJ LODGING TRUST,RLJ,RLJ Lodging Trust,RLJ Lodging Trust
1386926,5851057000.0,KKR Financial Holdings LLC,,,KKR Financial Holdings LLC
1688852,5850922000.0,Safehold Inc.,,,Safehold Inc.
1795250,5849662000.0,MADISON SQUARE GARDEN ENTERTAINMENT CORP.,SPHR,Sphere Entertainment Co.,Sphere Entertainment Co.
1741530,5849210000.0,"Qifu Technology, Inc.",QFIN,"Qfin Holdings, Inc.","Qfin Holdings, Inc."
879169,5840984000.0,INCYTE CORPORATION,INCY,INCYTE CORP,INCYTE CORP
78814,5837133000.0,PITNEY BOWES INC.,PBI,PITNEY BOWES INC /DE/,PITNEY BOWES INC /DE/
1327978,5835876000.0,ARES REAL ESTATE INCOME TRUST INC.,ZARE,Ares Real Estate Income Trust Inc.,Ares Real Estate Income Trust Inc.
1627014,5831600000.0,"BLACK KNIGHT, INC.",,,"BLACK KNIGHT, INC."
1385280,5828017000.0,"CINEMARK HOLDINGS, INC.",CNK,"Cinemark Holdings, Inc.","Cinemark Holdings, Inc."
1622536,5827000000.0,Talen Energy Corporation,TLN,Talen Energy Corp,Talen Energy Corp
1561550,5822415000.0,"Datadog, Inc.",DDOG,"Datadog, Inc.","Datadog, Inc."
1974138,5814000000.0,NCR ATLEOS CORPORATION,NATL,NCR Atleos Corp,NCR Atleos Corp
1096385,5800700000.0,VECTREN CORP,,,VECTREN CORP
921638,5795877000.0,SSR Mining Inc.,SSRM,SSR MINING INC.,SSR MINING INC.
1783317,5788000000.0,McAfee Corp.,,,McAfee Corp.
1733998,5786563000.0,NORTHWEST NATURAL HOLDING COMPANY,NWN,Northwest Natural Holding Co,Northwest Natural Holding Co
1351051,5779201000.0,"Genesis Healthcare, Inc.",,,"Genesis Healthcare, Inc."
1308106,5768695000.0,SEAPEAK LLC,SEAL-PA,Seapeak LLC,Seapeak LLC
1015922,5764900000.0,CHECK POINT SOFTWARE TECHNOLOGIES LTD.,CHKP,CHECK POINT SOFTWARE TECHNOLOGIES LTD,CHECK POINT SOFTWARE TECHNOLOGIES LTD
1093691,5764276000.0,Plug Power Inc.,PLUG,PLUG POWER INC,PLUG POWER INC
936395,5748778000.0,Ciena Corp,CIEN,CIENA CORP,CIENA CORP
1615418,5738593000.0,BENEFICIAL BANCORP INC.,,,BENEFICIAL BANCORP INC.
1529864,5724753000.0,"ENOVA INTERNATIONAL, INC.",ENVA,"Enova International, Inc.","Enova International, Inc."
1597033,5724570000.0,Sabre Corporation,SABR,Sabre Corp,Sabre Corp
275880,5721165000.0,PARSONS CORPORATION,PSN,PARSONS CORP,PARSONS CORP
895417,5720883000.0,EQUITY LIFESTYLE PROPERTIES INC,ELS,EQUITY LIFESTYLE PROPERTIES INC,EQUITY LIFESTYLE PROPERTIES INC
1382298,5718620000.0,ALTERA INFRASTRUCTURE L.P.,,,ALTERA INFRASTRUCTURE L.P.
1573097,5707000000.0,"HD SUPPLY HOLDINGS, INC.",,,"HD SUPPLY HOLDINGS, INC."
1104485,5702493000.0,"NORTHERN OIL AND GAS, INC.",NOG,"NORTHERN OIL & GAS, INC.","NORTHERN OIL & GAS, INC."
104819,5701382000.0,WASHINGTON GAS LIGHT CO,,,WASHINGTON GAS LIGHT CO
1127703,5699999000.0,ProAssurance Corporation,,,ProAssurance Corporation
1759509,5691383000.0,"Lyft, Inc.",LYFT,"Lyft, Inc.","Lyft, Inc."
30625,5682525000.0,FLOWSERVE CORP,FLS,FLOWSERVE CORP,FLOWSERVE CORP
1493225,5679291000.0,"Northfield Bancorp, Inc.",,,"Northfield Bancorp, Inc."
1717307,5676166000.0,INDUSTRIAL LOGISTICS PROPERTIES TRUST,ILPT,Industrial Logistics Properties Trust,Industrial Logistics Properties Trust
1951070,5661465000.0,"MCGRAW HILL, INC.",MH,"McGraw Hill, Inc.","McGraw Hill, Inc."
1332639,5657829000.0,Seaspan CORP,,,Seaspan CORP
1145460,5648279000.0,ALERE INC.,,,ALERE INC.
1018963,5634600000.0,ATI Inc.,ATI,ATI INC,ATI INC
1514991,5633836000.0,AMC Networks Inc.,AMCX,AMC Global Media Inc.,AMC Global Media Inc.
885275,5631784000.0,WILSON BANK HOLDING CO,WBHC,WILSON BANK HOLDING CO,WILSON BANK HOLDING CO
1368622,5624037000.0,"AEROVIRONMENT, INC.",AVAV,AeroVironment Inc,AeroVironment Inc
1769617,5609075000.0,"HarborOne Bancorp, Inc.",,,"HarborOne Bancorp, Inc."
1297587,5603527000.0,Gramercy Property Trust,,,Gramercy Property Trust
714562,5602969000.0,FIRST FINANCIAL CORPORATION,THFF,FIRST FINANCIAL CORP /IN/,FIRST FINANCIAL CORP /IN/
746515,5590434000.0,"EXPEDITORS INTERNATIONAL OF WASHINGTON, INC.",EXPD,EXPEDITORS INTERNATIONAL OF WASHINGTON INC,EXPEDITORS INTERNATIONAL OF WASHINGTON INC
1386278,5583464000.0,Green Dot Corp,GDOT,GREEN DOT CORP,GREEN DOT CORP
92416,5581126000.0,SOUTHWEST GAS CORP,,,SOUTHWEST GAS CORP
889900,5575620000.0,"Patterson-UTI Energy, Inc.",PTEN,PATTERSON UTI ENERGY INC,PATTERSON UTI ENERGY INC
1632790,5566800000.0,"Energizer Holdings, Inc.",ENR,"ENERGIZER HOLDINGS, INC.","ENERGIZER HOLDINGS, INC."
1477333,5562361000.0,"Cloudflare, Inc.",NET,"Cloudflare, Inc.","Cloudflare, Inc."
1339048,5560397000.0,"Western Refining, Inc.",,,"Western Refining, Inc."
711772,5559737000.0,CAMBRIDGE BANCORP,,,CAMBRIDGE BANCORP
1669162,5556526000.0,"KINSALE CAPITAL GROUP, INC.",KNSL,"Kinsale Capital Group, Inc.","Kinsale Capital Group, Inc."
1793294,5556246000.0,"PPD, Inc.",,,"PPD, Inc."
878927,5551096000.0,"OLD DOMINION FREIGHT LINE, INC.",ODFL,"OLD DOMINION FREIGHT LINE, INC.","OLD DOMINION FREIGHT LINE, INC."
1620280,5543531000.0,Uniti Group Inc.,,,Uniti Group Inc.
1571123,5543000000.0,Science Applications International Corporation,SAIC,Science Applications International Corp,Science Applications International Corp
317540,5541491000.0,"COCA-COLA CONSOLIDATED, INC.",COKE,"Coca-Cola Consolidated, Inc.","Coca-Cola Consolidated, Inc."
2001184,5502169000.0,"PACS Group, Inc.",PACS,"PACS Group, Inc.","PACS Group, Inc."
30697,5499344000.0,Wendy's Co,WEN,Wendy's Co,Wendy's Co
812348,5492424000.0,"CENTURY BANCORP, INC.",,,"CENTURY BANCORP, INC."
1038773,5490863000.0,SMARTFINANCIAL INC.,SMBK,SMARTFINANCIAL INC.,SMARTFINANCIAL INC.
1085913,5478773000.0,FARMERS & MERCHANTS BANCORP,FMCB,FARMERS & MERCHANTS BANCORP,FARMERS & MERCHANTS BANCORP
1731348,5474379000.0,"Tilray Brands, Inc.",TLRY,"Tilray Brands, Inc.","Tilray Brands, Inc."
1053352,5467237000.0,HERITAGE COMMERCE CORP,,,HERITAGE COMMERCE CORP
1326141,5461799000.0,Lazard Group LLC,,,Lazard Group LLC
1424182,5457609000.0,"BROADSTONE NET LEASE, INC.",BNL,"Broadstone Net Lease, Inc.","Broadstone Net Lease, Inc."
921825,5452115000.0,"FIRST INDUSTRIAL REALTY TRUST, INC.",FR,FIRST INDUSTRIAL REALTY TRUST INC,FIRST INDUSTRIAL REALTY TRUST INC
1185348,5434767000.0,"PRA Group, Inc.",PRAA,PRA GROUP INC,PRA GROUP INC
860731,5425755000.0,"TYLER TECHNOLOGIES, INC",TYL,TYLER TECHNOLOGIES INC,TYLER TECHNOLOGIES INC
39311,5418519000.0,INDEPENDENT BANK CORPORATION,IBCP,INDEPENDENT BANK CORP /MI/,INDEPENDENT BANK CORP /MI/
866121,5418000000.0,"ORBITAL ATK, INC.",,,"ORBITAL ATK, INC."
1507079,5411247000.0,"Floor & Decor Holdings, Inc.",FND,"Floor & Decor Holdings, Inc.","Floor & Decor Holdings, Inc."
1411207,5411000000.0,Allison Transmission Holdings Inc,ALSN,Allison Transmission Holdings Inc,Allison Transmission Holdings Inc
1506293,5402987000.0,"Pinterest, Inc.",PINS,"PINTEREST, INC.","PINTEREST, INC."
1035201,5399929000.0,CALIFORNIA WATER SERVICE GROUP,CWT,CALIFORNIA WATER SERVICE GROUP,CALIFORNIA WATER SERVICE GROUP
1047884,5395776000.0,ANWORTH MORTGAGE ASSET CORPORATION,,,ANWORTH MORTGAGE ASSET CORPORATION
1690680,5389959000.0,"NEWMARK GROUP, INC.",NMRK,"NEWMARK GROUP, INC.","NEWMARK GROUP, INC."
1474735,5388801000.0,GENERAC HOLDINGS INC.,GNRC,GENERAC HOLDINGS INC.,GENERAC HOLDINGS INC.
931015,5388000000.0,POLARIS INC.,PII,Polaris Inc.,Polaris Inc.
826154,5387645000.0,"ORRSTOWN FINANCIAL SERVICES, INC.",ORRF,ORRSTOWN FINANCIAL SERVICES INC,ORRSTOWN FINANCIAL SERVICES INC
75252,5386283000.0,"Owens & Minor, Inc.",ACH,ACCENDRA HEALTH INC/VA/,ACCENDRA HEALTH INC/VA/
1428875,5386000000.0,"Terminix Global Holdings, Inc.",,,"Terminix Global Holdings, Inc."
1227500,5373837000.0,"EQUITY BANCSHARES, INC.",EQBK,EQUITY BANCSHARES INC,EQUITY BANCSHARES INC
1408198,5373676000.0,MSCI Inc.,MSCI,MSCI Inc.,MSCI Inc.
1563411,5368000000.0,Constellium SE,CSTM,CONSTELLIUM SE,CONSTELLIUM SE
773141,5363272000.0,"M.D.C. Holdings, Inc.",,,"M.D.C. Holdings, Inc."
1498301,5359200000.0,"Mahwah Bergen Retail Group, Inc.",,,"Mahwah Bergen Retail Group, Inc."
1742313,5356572000.0,MONROE CAPITAL INCOME PLUS CORPORATION,,,MONROE CAPITAL INCOME PLUS CORPORATION
1702494,5349795000.0,"AEP TRANSMISSION COMPANY, LLC",,,"AEP TRANSMISSION COMPANY, LLC"
1314152,5349103000.0,"JLL Income Property Trust, Inc.",,,"JLL Income Property Trust, Inc."
893949,5339400000.0,"Pediatrix Medical Group, Inc.",MD,"Pediatrix Medical Group, Inc.","Pediatrix Medical Group, Inc."
903419,5323822000.0,ALERUS FINANCIAL CORPORATION,ALRS,ALERUS FINANCIAL CORP,ALERUS FINANCIAL CORP
1838413,5320464000.0,Full Truck Alliance Co. Ltd.,YMM,Full Truck Alliance Co. Ltd.,Full Truck Alliance Co. Ltd.
1739942,5310742000.0,SOLARWINDS CORP,,,SOLARWINDS CORP
1528849,5309289000.0,RH,RH,RH,RH
1398659,5307680000.0,GENPACT LIMITED,G,Genpact LTD,Genpact LTD
9892,5306100000.0,BARD C R INC /NJ/,,,BARD C R INC /NJ/
1341317,5296673000.0,Bridgewater Bancshares Inc,BWB,Bridgewater Bancshares Inc,Bridgewater Bancshares Inc
924901,5292798000.0,"VERIS RESIDENTIAL, INC.",,,"VERIS RESIDENTIAL, INC."
62996,5288000000.0,Masco Corporation,MAS,MASCO CORP /DE/,MASCO CORP /DE/
1396440,5287766000.0,Main Street Capital Corporation,MAIN,Main Street Capital CORP,Main Street Capital CORP
1817358,5275983000.0,"Academy Sports and Outdoors, Inc.",ASO,"Academy Sports & Outdoors, Inc.","Academy Sports & Outdoors, Inc."
897723,5272160000.0,SANMINA CORPORATION,SANM,SANMINA CORP,SANMINA CORP
771497,5270500000.0,ABM INDUSTRIES INCORPORATED,ABM,ABM INDUSTRIES INC /DE/,ABM INDUSTRIES INC /DE/
28823,5270300000.0,"Diebold Nixdorf, Incorporated",DBD,"DIEBOLD NIXDORF, Inc","DIEBOLD NIXDORF, Inc"
1476204,5269448000.0,"Phillips Edison & Company, Inc.",PECO,"Phillips Edison & Company, Inc.","Phillips Edison & Company, Inc."
802681,5263259000.0,Bryn Mawr Bank Corporation,,,Bryn Mawr Bank Corporation
1868778,5254719000.0,Informatica Inc.,,,Informatica Inc.
719955,5228368000.0,"Williams-Sonoma, Inc.",WSM,WILLIAMS SONOMA INC,WILLIAMS SONOMA INC
1979330,5226554000.0,"NB BANCORP, INC.",NBBK,"NB Bancorp, Inc.","NB Bancorp, Inc."
1849894,5223255000.0,MSD Investment Corp.,,,MSD Investment Corp.
1725255,5219587000.0,AdaptHealth Corp.,AHCO,AdaptHealth Corp.,AdaptHealth Corp.
1509991,5213006000.0,Kosmos Energy Ltd.,KOS,Kosmos Energy Ltd.,Kosmos Energy Ltd.
26324,5194475000.0,CURTISS-WRIGHT CORPORATION,CW,CURTISS WRIGHT CORP,CURTISS WRIGHT CORP
1669779,5191847000.0,"CAMPING WORLD HOLDINGS, INC.",CWH,"Camping World Holdings, Inc.","Camping World Holdings, Inc."
1084961,5191386000.0,"ENCORE CAPITAL GROUP, INC.",ECPG,ENCORE CAPITAL GROUP INC,ENCORE CAPITAL GROUP INC
49600,5189608000.0,EastGroup Properties Inc,EGP,EASTGROUP PROPERTIES INC,EASTGROUP PROPERTIES INC
58492,5186100000.0,LEGGETT & PLATT INC,,,LEGGETT & PLATT INC
709337,5178428000.0,Farmers National Banc Corp.,FMNB,FARMERS NATIONAL BANC CORP /OH/,FARMERS NATIONAL BANC CORP /OH/
2041385,5177000000.0,Ralliant Corporation,RAL,Ralliant Corp,Ralliant Corp
1949543,5170902000.0,Sitio Royalties Corp.,,,Sitio Royalties Corp.
1450923,5168377000.0,abrdn Gold ETF Trust,SGOL,abrdn Gold ETF Trust,abrdn Gold ETF Trust
1465885,5160971000.0,Western Asset Mortgage Capital Corporation,,,Western Asset Mortgage Capital Corporation
2052959,5160900000.0,Lionsgate Studios Corp.,LION,Lionsgate Studios Corp.,Lionsgate Studios Corp.
1121142,5157000000.0,Maxar Technologies Inc.,,,Maxar Technologies Inc.
1611005,5139809000.0,KENON HOLDINGS LTD,KEN,Kenon Holdings Ltd.,Kenon Holdings Ltd.
1637880,5137663000.0,"TRI-STATE GENERATION AND TRANSMISSION ASSOCIATION, INC.",,,"TRI-STATE GENERATION AND TRANSMISSION ASSOCIATION, INC."
1620459,5137075000.0,"JAMES RIVER GROUP HOLDINGS, LTD.",JRVR,"James River Group Holdings, Inc.","James River Group Holdings, Inc."
1568669,5133902000.0,"PENNYMAC FINANCIAL SERVICES, INC.",,,"PENNYMAC FINANCIAL SERVICES, INC."
39368,5132457000.0,H.B. Fuller Company,FUL,FULLER H B CO,FULLER H B CO
1910851,5121800000.0,R1 RCM Inc. /DE,,,R1 RCM Inc. /DE
1633931,5119818000.0,TopBuild Corp,,,TopBuild Corp
1056943,5107879000.0,PEOPLES FINANCIAL SERVICES CORP.,PFIS,PEOPLES FINANCIAL SERVICES CORP.,PEOPLES FINANCIAL SERVICES CORP.
1594686,5107466000.0,WASHINGTON PRIME GROUP INC.,,,WASHINGTON PRIME GROUP INC.
1528129,5100451000.0,"Vital Energy, Inc.",,,"Vital Energy, Inc."
913353,5098177000.0,Colliers International Group Inc.,CIGI,Colliers International Group Inc.,Colliers International Group Inc.
1574540,5096877000.0,PHYSICIANS REALTY TRUST,,,PHYSICIANS REALTY TRUST
1585101,5084999000.0,"Hines Global Income Trust, Inc.",HGIT,"HINES GLOBAL INCOME TRUST, INC.","HINES GLOBAL INCOME TRUST, INC."
1035983,5063729000.0,"Comfort Systems USA, Inc.",FIX,COMFORT SYSTEMS USA INC,COMFORT SYSTEMS USA INC
1094831,5047586000.0,"BGC Group, Inc.",BGC,"BGC Group, Inc.","BGC Group, Inc."
1869699,5044743000.0,ARK 21Shares Bitcoin ETF,ARKB,Ark 21Shares Bitcoin ETF,Ark 21Shares Bitcoin ETF
1129542,5040900000.0,VECTREN UTILITY HOLDINGS INC,,,VECTREN UTILITY HOLDINGS INC
1821160,5033555000.0,GUILD HOLDINGS COMPANY,,,GUILD HOLDINGS COMPANY
1635088,5032602000.0,ROIVANT SCIENCES LTD.,ROIV,Roivant Sciences Ltd.,Roivant Sciences Ltd.
1756655,5027254000.0,"Ardent Health, Inc.",ARDT,"Ardent Health, Inc.","Ardent Health, Inc."
2082247,5022000000.0,"FedEx Freight Holding Company, Inc.",FDXF,"FedEx Freight Holding Company, Inc.","FedEx Freight Holding Company, Inc."
916907,5019607000.0,"SOUTHERN MISSOURI BANCORP, INC.",SMBC,"SOUTHERN MISSOURI BANCORP, INC.","SOUTHERN MISSOURI BANCORP, INC."
775215,5018398000.0,"HBT Financial, Inc.",HBT,"HBT Financial, Inc.","HBT Financial, Inc."
815556,5016200000.0,FASTENAL CO,FAST,FASTENAL CO,FASTENAL CO
216228,5015200000.0,ITT INC.,ITT,ITT INC.,ITT INC.
1739445,5011600000.0,"Arcosa, Inc.",ACA,"Arcosa, Inc.","Arcosa, Inc."
1588216,4996427000.0,"RSP PERMIAN, INC.",,,"RSP PERMIAN, INC."
1580185,4992907000.0,J.G. Wentworth Co,,,J.G. Wentworth Co
1642081,4992654000.0,"Allegiance Bancshares, Inc.",,,"Allegiance Bancshares, Inc."
1526113,4984916000.0,"Global Net Lease, Inc.",GNL,"Global Net Lease, Inc.","Global Net Lease, Inc."
1476150,4982211000.0,Terreno Realty Corporation,TRNO,Terreno Realty Corp,Terreno Realty Corp
1418121,4979883000.0,"APPLE HOSPITALITY REIT, INC.",APLE,"Apple Hospitality REIT, Inc.","Apple Hospitality REIT, Inc."
1412232,4962500000.0,VWR Corporation,,,VWR Corporation
1237831,4961089000.0,"GLOBUS MEDICAL, INC.",GMED,GLOBUS MEDICAL INC,GLOBUS MEDICAL INC
1692063,4956400000.0,"Schneider National, Inc.",SNDR,"Schneider National, Inc.","Schneider National, Inc."
743988,4951222000.0,"XILINX, INC",,,"XILINX, INC"
1781730,4943771000.0,"THIRD COAST BANCSHARES, INC.",TCBX,"Third Coast Bancshares, Inc.","Third Coast Bancshares, Inc."
1125376,4930291000.0,"Ensign Group, Inc",ENSG,"ENSIGN GROUP, INC","ENSIGN GROUP, INC"
1786431,4929000000.0,REYNOLDS CONSUMER PRODUCTS INC.,REYN,Reynolds Consumer Products Inc.,Reynolds Consumer Products Inc.
1948056,4917961000.0,KKR Infrastructure Conglomerate LLC,,,KKR Infrastructure Conglomerate LLC
1578685,4916000000.0,"Midcoast Energy Partners, L.P.",,,"Midcoast Energy Partners, L.P."
1579241,4914800000.0,Allegion plc,ALLE,Allegion plc,Allegion plc
1503584,4896229000.0,COSTAMARE INC.,CMRE,Costamare Inc.,Costamare Inc.
1232582,4891544000.0,"ASHFORD HOSPITALITY TRUST, INC.",AHT,ASHFORD HOSPITALITY TRUST INC,ASHFORD HOSPITALITY TRUST INC
1624899,4886946000.0,STERIS PLC,,,STERIS PLC
1646383,4886000000.0,CSRA INC.,,,CSRA INC.
1417398,4885900000.0,"HILLENBRAND, INC.",,,"HILLENBRAND, INC."
1009626,4880822000.0,BROCADE COMMUNICATIONS SYSTEMS INC,,,BROCADE COMMUNICATIONS SYSTEMS INC
899629,4875569000.0,Acadia Realty Trust,AKR,ACADIA REALTY TRUST,ACADIA REALTY TRUST
77543,4870077000.0,Tutor Perini Corporation,TPC,TUTOR PERINI CORP,TUTOR PERINI CORP
1651052,4866754000.0,FOCUS FINANCIAL PARTNERS INC.,,,FOCUS FINANCIAL PARTNERS INC.
896622,4865381000.0,"AptarGroup, Inc.",ATR,"APTARGROUP, INC.","APTARGROUP, INC."
1336917,4865191000.0,"UNDER ARMOUR, INC.",UAA,"Under Armour, Inc.","Under Armour, Inc."
1000298,4863734000.0,"Impac Mortgage Holdings, Inc.",,,"Impac Mortgage Holdings, Inc."
1126294,4860000000.0,"GENON ENERGY, INC.",,,"GENON ENERGY, INC."
1021162,4858920000.0,TRIUMPH GROUP INC,,,TRIUMPH GROUP INC
1003935,4854419000.0,NICE LTD.,NICE,NICE Ltd.,NICE Ltd.
766829,4846926000.0,SJW Group,HTO,H2O AMERICA,H2O AMERICA
793547,4814037000.0,NAVIGATORS GROUP INC,,,NAVIGATORS GROUP INC
52795,4808900000.0,ANIXTER INTERNATIONAL INC,,,ANIXTER INTERNATIONAL INC
1561680,4797842000.0,"Tri Pointe Homes, Inc.",,,"Tri Pointe Homes, Inc."
1516973,4797155000.0,MTGE Investment Corp.,,,MTGE Investment Corp.
1800347,4792382000.0,"E2open Parent Holdings, Inc.",,,"E2open Parent Holdings, Inc."
1324948,4789700000.0,RBC BEARINGS INCORPORATED,RBC,RBC Bearings INC,RBC Bearings INC
1677203,4789375000.0,"QUALITY CARE PROPERTIES, INC.",,,"QUALITY CARE PROPERTIES, INC."
1632970,4786698000.0,"American Healthcare REIT, Inc.",AHR,"American Healthcare REIT, Inc.","American Healthcare REIT, Inc."
1829576,4784091000.0,"CARTER BANKSHARES, INC.",CARE,"Carter Bankshares, Inc.","Carter Bankshares, Inc."
1796022,4782411000.0,STEPSTONE GROUP INC.,STEP,StepStone Group Inc.,StepStone Group Inc.
1207179,4771423000.0,GOLAR LNG LIMITED,GLNG,GOLAR LNG LTD,GOLAR LNG LTD
1481832,4770560000.0,"Preferred Apartment Communities, Inc.",,,"Preferred Apartment Communities, Inc."
1584952,4761000000.0,EP Energy Corp,,,EP Energy Corp
1315255,4757700000.0,"GTT Communications, Inc.",,,"GTT Communications, Inc."
1555082,4757000000.0,EP ENERGY LLC,,,EP ENERGY LLC
1856437,4755000000.0,VICTORIA'S SECRET & CO.,VSXY,Victoria's Secret & Co.,Victoria's Secret & Co.
2015034,4743906000.0,Grayscale Bitcoin Mini Trust ETF,BTC,Grayscale Bitcoin Mini Trust ETF,Grayscale Bitcoin Mini Trust ETF
799292,4740039000.0,"M/I HOMES, INC.",MHO,"M/I HOMES, INC.","M/I HOMES, INC."
205402,4730100000.0,"GRAYBAR ELECTRIC COMPANY, INC.",,,"GRAYBAR ELECTRIC COMPANY, INC."
105016,4729513000.0,"WATSCO, INC.",WSO,WATSCO INC,WATSCO INC
1000697,4718075000.0,Waters Corporation,WAT,WATERS CORP /DE/,WATERS CORP /DE/
1012019,4715774000.0,"Rush Enterprises, Inc.",RUSHA,RUSH ENTERPRISES INC \TX\,RUSH ENTERPRISES INC \TX\
1857475,4713282000.0,Dole plc,DOLE,Dole plc,Dole plc
108312,4711850000.0,"WOODWARD, INC.",WWD,"Woodward, Inc.","Woodward, Inc."
912615,4710793000.0,"URBAN OUTFITTERS, INC.",URBN,URBAN OUTFITTERS INC,URBAN OUTFITTERS INC
1352010,4710696000.0,"EPAM SYSTEMS, INC.",EPAM,"EPAM Systems, Inc.","EPAM Systems, Inc."
870385,4708873000.0,CAROLINA FINANCIAL CORPORATION,,,CAROLINA FINANCIAL CORPORATION
1390213,4698923000.0,CORPORATE PROPERTY ASSOCIATES 17 - GLOBAL INC,,,CORPORATE PROPERTY ASSOCIATES 17 - GLOBAL INC
945764,4691867000.0,DENBURY INC.,,,DENBURY INC.
1990354,4677922000.0,Waystar Holding Corp.,WAY,Waystar Holding Corp.,Waystar Holding Corp.
1497770,4675040000.0,"Walker & Dunlop, Inc.",WD,"Walker & Dunlop, Inc.","Walker & Dunlop, Inc."
1671284,4665052000.0,"NEUEHEALTH, INC.",,,"NEUEHEALTH, INC."
1590717,4656531000.0,"CareTrust REIT, Inc.",CTRE,"CareTrust REIT, Inc.","CareTrust REIT, Inc."
1144215,4646300000.0,ACUITY BRANDS INC,AYI,ACUITY INC. (DE),ACUITY INC. (DE)
1537667,4639682000.0,Select Income REIT,,,Select Income REIT
8411,4629657000.0,ATWOOD OCEANICS INC,,,ATWOOD OCEANICS INC
1573516,4622200000.0,MURPHY USA INC.,MUSA,Murphy USA Inc.,Murphy USA Inc.
821026,4607996000.0,"THE ANDERSONS, INC.",ANDE,"Andersons, Inc.","Andersons, Inc."
1177609,4606538000.0,"Five Below, Inc.",FIVE,"FIVE BELOW, INC","FIVE BELOW, INC"
732417,4605012000.0,Hills Bancorporation,HBIA,HILLS BANCORPORATION,HILLS BANCORPORATION
1574291,4601457000.0,CC HOLDINGS GS V LLC,,,CC HOLDINGS GS V LLC
1273931,4597400000.0,MONEYGRAM INTERNATIONAL INC,,,MONEYGRAM INTERNATIONAL INC
918160,4590600000.0,AK STEEL HOLDING CORP,,,AK STEEL HOLDING CORP
1568162,4586054000.0,"The Necessity Retail REIT, Inc.",,,"The Necessity Retail REIT, Inc."
277595,4579823000.0,ENERGEN CORP,,,ENERGEN CORP
1576940,4579490000.0,"Century Communities, Inc.",CCS,"Century Communities, Inc.","Century Communities, Inc."
1538263,4578053000.0,"HOMETRUST BANCSHARES, INC.",HTB,"HomeTrust Bancshares, Inc.","HomeTrust Bancshares, Inc."
867773,4567167000.0,SUNPOWER CORP,,,SUNPOWER CORP
1178670,4566019000.0,"Alnylam Pharmaceuticals, Inc.",ALNY,"ALNYLAM PHARMACEUTICALS, INC.","ALNYLAM PHARMACEUTICALS, INC."
711377,4563242000.0,Neogen Corporation,NEOG,NEOGEN CORP,NEOGEN CORP
944148,4537973000.0,"CBIZ, INC.",CBZ,"CBIZ, Inc.","CBIZ, Inc."
1361538,4536042000.0,Primoris Services Corporation,PRIM,Primoris Services Corp,Primoris Services Corp
825542,4534000000.0,Scotts Miracle-Gro Co,SMG,SCOTTS MIRACLE-GRO CO,SCOTTS MIRACLE-GRO CO
1722684,4533000000.0,"Wyndham Hotels & Resorts, Inc.",WH,"WYNDHAM HOTELS & RESORTS, INC.","WYNDHAM HOTELS & RESORTS, INC."
72909,4533000000.0,NORTHERN STATES POWER CO /WI/,,,NORTHERN STATES POWER CO /WI/
803649,4526075000.0,EQUITY COMMONWEALTH,,,EQUITY COMMONWEALTH
1369241,4521160000.0,DANAOS CORPORATION,DAC,Danaos Corp,Danaos Corp
726601,4519223000.0,"CAPITAL CITY BANK GROUP, INC.",CCBG,CAPITAL CITY BANK GROUP INC,CAPITAL CITY BANK GROUP INC
47518,4518700000.0,"HILL-ROM HOLDINGS, INC.",,,"HILL-ROM HOLDINGS, INC."
883984,4515641000.0,ICU MEDICAL INC/DE,ICUI,ICU MEDICAL INC/DE,ICU MEDICAL INC/DE
890319,4515465000.0,"TAUBMAN CENTERS, INC.",,,"TAUBMAN CENTERS, INC."
840489,4514249000.0,"FIRSTCASH HOLDINGS, INC.",FCFS,"FirstCash Holdings, Inc.","FirstCash Holdings, Inc."
1362468,4511297000.0,Allegiant Travel Company,ALGT,Allegiant Travel CO,Allegiant Travel CO
1334036,4501797000.0,"CROCS, INC.",CROX,"Crocs, Inc.","Crocs, Inc."
3453,4482100000.0,"Matson, Inc.",MATX,"Matson, Inc.","Matson, Inc."
1437958,4480559000.0,COASTAL FINANCIAL CORPORATION,CCB,COASTAL FINANCIAL CORP,COASTAL FINANCIAL CORP
1883685,4474302000.0,DRAFTKINGS INC.,DKNG,DraftKings Inc.,DraftKings Inc.
95521,4474000000.0,SUPERVALU INC,,,SUPERVALU INC
1555365,4468888000.0,WHITEWAVE FOODS Co,,,WHITEWAVE FOODS Co
1032220,4462293000.0,"Maximus, Inc.",MMS,"MAXIMUS, INC.","MAXIMUS, INC."
1703644,4460862000.0,GRANITE POINT MORTGAGE TRUST INC.,GPMT,Granite Point Mortgage Trust Inc.,Granite Point Mortgage Trust Inc.
1096752,4455200000.0,EDGEWELL PERSONAL CARE COMPANY,EPC,EDGEWELL PERSONAL CARE Co,EDGEWELL PERSONAL CARE Co
1222840,4452973000.0,"RETAIL PROPERTIES OF AMERICA, INC.",,,"RETAIL PROPERTIES OF AMERICA, INC."
203527,4450700000.0,VARIAN MEDICAL SYSTEMS INC,,,VARIAN MEDICAL SYSTEMS INC
66382,4448100000.0,"HERMAN MILLER, INC.",MLKN,"MILLERKNOLL, INC.","MILLERKNOLL, INC."
1018399,4438333000.0,"ENTERPRISE BANCORP, INC.",,,"ENTERPRISE BANCORP, INC."
716133,4435600000.0,CINCINNATI BELL INC.,,,CINCINNATI BELL INC.
1579091,4433000000.0,MAPLEBEAR INC.,CART,Maplebear Inc.,Maplebear Inc.
1877322,4432363000.0,ESAB CORPORATION,ESAB,ESAB Corp,ESAB Corp
1389050,4431314000.0,"ARCHROCK, INC.",AROC,"Archrock, Inc.","Archrock, Inc."
828916,4426928000.0,WEINGARTEN REALTY INVESTORS,,,WEINGARTEN REALTY INVESTORS
25445,4423700000.0,CRANE CO.,CXT,"Crane NXT, Co.","Crane NXT, Co."
1789832,4423100000.0,Hess Midstream LP,HESM,Hess Midstream LP,Hess Midstream LP
1633978,4418100000.0,Lumentum Holdings Inc.,LITE,Lumentum Holdings Inc.,Lumentum Holdings Inc.
717538,4414719000.0,ARROW FINANCIAL CORPORATION,AROW,ARROW FINANCIAL CORP,ARROW FINANCIAL CORP
1275168,4413473000.0,FIVE STAR BANCORP,FSBC,FIVE STAR BANCORP,FIVE STAR BANCORP
1428439,4412601000.0,"Roku, Inc.",ROKU,"ROKU, INC","ROKU, INC"
1899883,4406960000.0,FTAI INFRASTRUCTURE INC.,FIP,FTAI Infrastructure Inc.,FTAI Infrastructure Inc.
1944013,4391600000.0,CRANE COMPANY,CR,Crane Co,Crane Co
822662,4389685000.0,FIDELITY SOUTHERN CORP,,,FIDELITY SOUTHERN CORP
1591698,4389428000.0,PAYLOCITY HOLDING CORPORATION,PCTY,Paylocity Holding Corp,Paylocity Holding Corp
67887,4384020000.0,MOOG Inc.,MOG-A,MOOG INC.,MOOG INC.
1767042,4375927000.0,"Kodiak Gas Services, Inc.",KGS,"Kodiak Gas Services, Inc.","Kodiak Gas Services, Inc."
1786842,4375800000.0,Vontier Corporation,VNT,Vontier Corp,Vontier Corp
1042776,4368168000.0,"Piedmont Office Realty Trust, Inc.",PDM,"Piedmont Realty Trust, Inc.","Piedmont Realty Trust, Inc."
1746109,4365082000.0,Bank First Corporation,BFC,Bank First Corp,Bank First Corp
1163668,4363674000.0,"South Plains Financial, Inc.",SPFI,"SOUTH PLAINS FINANCIAL, INC.","SOUTH PLAINS FINANCIAL, INC."
1562039,4360000000.0,"CST Brands, Inc.",,,"CST Brands, Inc."
831641,4353447000.0,"TETRA TECH, INC.",TTEK,TETRA TECH INC,TETRA TECH INC
923120,4353200000.0,GREENBRIER COMPANIES INC,GBX,GREENBRIER COMPANIES INC,GREENBRIER COMPANIES INC
310568,4350000000.0,MICROSEMI CORP,,,MICROSEMI CORP
1477449,4345355000.0,"TELADOC HEALTH, INC.",TDOC,"Teladoc Health, Inc.","Teladoc Health, Inc."
1128928,4344622000.0,FLOWERS FOODS INC,FLO,FLOWERS FOODS INC,FLOWERS FOODS INC
1013237,4338762000.0,FactSet Research Systems Inc.,FDS,FACTSET RESEARCH SYSTEMS INC,FACTSET RESEARCH SYSTEMS INC
1519449,4336392000.0,"SKYWARD SPECIALTY INSURANCE GROUP, INC.",SKWD,"Skyward Specialty Insurance Group, Inc.","Skyward Specialty Insurance Group, Inc."
1708035,4321349000.0,Ecovyst Inc.,ECVT,Ecovyst Inc.,Ecovyst Inc.
923796,4317534000.0,GEO GROUP INC,GEO,GEO GROUP INC,GEO GROUP INC
876883,4317175000.0,Stagwell Inc.,STGW,Stagwell Inc,Stagwell Inc
98222,4315199000.0,TIDEWATER INC.,TDW,TIDEWATER INC,TIDEWATER INC
912750,4312000000.0,NEWFIELD EXPLORATION CO /DE/,,,NEWFIELD EXPLORATION CO /DE/
803164,4310252000.0,"ChoiceOne Financial Services, Inc.",COFS,CHOICEONE FINANCIAL SERVICES INC,CHOICEONE FINANCIAL SERVICES INC
1527636,4308389000.0,Autohome Inc.,ATHM,Autohome Inc.,Autohome Inc.
1090009,4308067000.0,"Southern First Bancshares, Inc.",SFST,SOUTHERN FIRST BANCSHARES INC,SOUTHERN FIRST BANCSHARES INC
1591517,4305000000.0,TIME INC.,,,TIME INC.
1252849,4299793000.0,"Columbia Property Trust, Inc.",,,"Columbia Property Trust, Inc."
1488139,4295280000.0,"Ameresco, Inc.",AMRC,"Ameresco, Inc.","Ameresco, Inc."
1825248,4289541000.0,FRANKLIN BSP CAPITAL CORPORATION,FRBP,Franklin BSP Capital Corp,Franklin BSP Capital Corp
1965040,4287900000.0,Fortrea Holdings Inc.,FTRE,Fortrea Holdings Inc.,Fortrea Holdings Inc.
860546,4286950000.0,COPT DEFENSE PROPERTIES,CDP,COPT DEFENSE PROPERTIES,COPT DEFENSE PROPERTIES
1167419,4285401000.0,"RIOT PLATFORMS, INC.",RIOT,"Riot Platforms, Inc.","Riot Platforms, Inc."
1280784,4284479000.0,"HERCULES CAPITAL, INC.",HTGC,"Hercules Capital, Inc.","Hercules Capital, Inc."
225648,4284000000.0,COVANTA HOLDING CORP,,,COVANTA HOLDING CORP
1374535,4283700000.0,ALTRA INDUSTRIAL MOTION CORP.,,,ALTRA INDUSTRIAL MOTION CORP.
740663,4281511000.0,FIRST OF LONG ISLAND CORP,,,FIRST OF LONG ISLAND CORP
1393066,4277000000.0,RESOLUTE FOREST PRODUCTS INC.,,,RESOLUTE FOREST PRODUCTS INC.
29669,4268800000.0,RR Donnelley & Sons Co,,,RR Donnelley & Sons Co
1419612,4265949000.0,"SOLAREDGE TECHNOLOGIES, INC",SEDG,"SOLAREDGE TECHNOLOGIES, INC.","SOLAREDGE TECHNOLOGIES, INC."
1859919,4259300000.0,Barings Private Credit Corp,,,Barings Private Credit Corp
1763415,4258323000.0,BITWISE BITCOIN ETF,BITB,Bitwise Bitcoin ETF,Bitwise Bitcoin ETF
1621563,4255692000.0,"Summit Materials, Inc.",,,"Summit Materials, Inc."
1831617,4254700000.0,"DIVERSEY HOLDINGS, LTD.",,,"DIVERSEY HOLDINGS, LTD."
1570827,4249447000.0,"Victory Capital Holdings, Inc.",VCTR,"Victory Capital Holdings, Inc.","Victory Capital Holdings, Inc."
1497275,4224859000.0,STATE BANK FINANCIAL CORP,,,STATE BANK FINANCIAL CORP
874499,4223145000.0,Gulfport Energy Corp,GPOR,GULFPORT ENERGY CORP,GULFPORT ENERGY CORP
103730,4221655000.0,"Vishay Intertechnology, Inc.",VSH,VISHAY INTERTECHNOLOGY INC,VISHAY INTERTECHNOLOGY INC
1060523,4210514000.0,CARDINAL FINANCIAL CORP,,,CARDINAL FINANCIAL CORP
932628,4199780000.0,AMERIGAS PARTNERS LP,,,AMERIGAS PARTNERS LP
1456772,4193136000.0,OFFICE PROPERTIES INCOME TRUST,OPI,OFFICE PROPERTIES INCOME TRUST,OFFICE PROPERTIES INCOME TRUST
944745,4185869000.0,"Civista Bancshares, Inc.",CIVB,"CIVISTA BANCSHARES, INC.","CIVISTA BANCSHARES, INC."
1581164,4180304000.0,"EXTENDED STAY AMERICA, INC.",,,"EXTENDED STAY AMERICA, INC."
1600626,4175502000.0,Peakstone Realty Trust,,,Peakstone Realty Trust
1541401,4163594000.0,"EMPIRE STATE REALTY TRUST, INC.",ESRT,"Empire State Realty Trust, Inc.","Empire State Realty Trust, Inc."
1553079,4163594000.0,"EMPIRE STATE REALTY OP, L.P.",ESBA,"Empire State Realty OP, L.P.","Empire State Realty OP, L.P."
36047,4159281000.0,"CORELOGIC, INC.",,,"CORELOGIC, INC."
1376139,4159000000.0,"CVR ENERGY, INC.",CVI,CVR ENERGY INC,CVR ENERGY INC
102741,4158109000.0,VALSPAR CORP,,,VALSPAR CORP
215466,4150950000.0,"Coeur Mining, Inc.",CDE,"Coeur Mining, Inc.","Coeur Mining, Inc."
1403475,4147464000.0,Bank of Marin Bancorp,BMRC,Bank of Marin Bancorp,Bank of Marin Bancorp
13239,4146000000.0,HEXION INC.,,,HEXION INC.
1392326,4145538000.0,CAPITAL CLEAN ENERGY CARRIERS CORP.,CCEC,Capital Clean Energy Carriers Corp.,Capital Clean Energy Carriers Corp.
1172222,4139623000.0,HAWAIIAN HOLDINGS INC,,,HAWAIIAN HOLDINGS INC
1209028,4116951000.0,ARLINGTON ASSET INVESTMENT CORP.,,,ARLINGTON ASSET INVESTMENT CORP.
1357371,4115408000.0,Breitburn Energy Partners LP,,,Breitburn Energy Partners LP
1653653,4114187000.0,"RED ROCK RESORTS, INC.",RRR,"Red Rock Resorts, Inc.","Red Rock Resorts, Inc."
743367,4112005000.0,BAR HARBOR BANKSHARES,BHB,BAR HARBOR BANKSHARES,BAR HARBOR BANKSHARES
41719,4112000000.0,Glatfelter Corporation,MAGN,Magnera Corp,Magnera Corp
1289308,4110987000.0,EnerSys,ENS,EnerSys,EnerSys
1590364,4101075000.0,FTAI AVIATION LTD.,FTAI,FTAI Aviation Ltd.,FTAI Aviation Ltd.
790816,4099213000.0,Brandywine Realty Trust,BDN,BRANDYWINE REALTY TRUST,BRANDYWINE REALTY TRUST
912767,4097388000.0,"UFP INDUSTRIES, INC.",UFPI,UFP INDUSTRIES INC,UFP INDUSTRIES INC
1525769,4093400000.0,"DAVE & BUSTER’S ENTERTAINMENT, INC.",PLAY,"Dave & Buster's Entertainment, Inc.","Dave & Buster's Entertainment, Inc."
1447382,4091544000.0,OCEAN RIG UDW INC.,,,OCEAN RIG UDW INC.
1499422,4090040000.0,RBB Bancorp,RBB,RBB Bancorp,RBB Bancorp
1452575,4087700000.0,Mead Johnson Nutrition Co,,,Mead Johnson Nutrition Co
1087423,4085093000.0,RED HAT INC,,,RED HAT INC
1636519,4081555000.0,MADISON SQUARE GARDEN SPORTS CORP.,MSGS,Madison Square Garden Sports Corp.,Madison Square Garden Sports Corp.
1773383,4080935000.0,"Dynatrace, Inc.",DT,"Dynatrace, Inc.","Dynatrace, Inc."
720002,4080257000.0,MAINSOURCE FINANCIAL GROUP,,,MAINSOURCE FINANCIAL GROUP
1833756,4079000000.0,"Leonardo DRS, Inc.",DRS,"Leonardo DRS, Inc.","Leonardo DRS, Inc."
1656239,4077067000.0,"PINNACLE ENTERTAINMENT, INC.",,,"PINNACLE ENTERTAINMENT, INC."
1968915,4074000000.0,PHINIA Inc.,PHIN,PHINIA INC.,PHINIA INC.
889331,4065881000.0,LITTELFUSE INC /DE,LFUS,LITTELFUSE INC /DE,LITTELFUSE INC /DE
919012,4061032000.0,"AMERICAN EAGLE OUTFITTERS, INC.",AEO,AMERICAN EAGLE OUTFITTERS INC,AMERICAN EAGLE OUTFITTERS INC
1166928,4056669000.0,"WEST BANCORPORATION, INC.",WTBA,WEST BANCORPORATION INC,WEST BANCORPORATION INC
101199,4054758000.0,"UNITED FIRE GROUP, INC",UFCS,UNITED FIRE GROUP INC,UNITED FIRE GROUP INC
910108,4053847000.0,LXP INDUSTRIAL TRUST,LXP,LXP Industrial Trust,LXP Industrial Trust
350797,4048437000.0,EATON VANCE CORP,,,EATON VANCE CORP
1373561,4040592000.0,"NewStar Financial, Inc.",,,"NewStar Financial, Inc."
1390844,4037100000.0,WABCO HOLDINGS INC.,,,WABCO HOLDINGS INC.
1590955,4031200000.0,"Paycom Software, Inc.",PAYC,"Paycom Software, Inc.","Paycom Software, Inc."
1474432,4026537000.0,"Pure Storage, Inc.",P,"Everpure, Inc.","Everpure, Inc."
1606363,4024822000.0,"GREEN BANCORP, INC.",,,"GREEN BANCORP, INC."
1579684,4020102000.0,"GANNETT CO., INC.",TDAY,"USA TODAY Co., Inc.","USA TODAY Co., Inc."
1483195,4012169000.0,ORITANI FINANCIAL CORP,,,ORITANI FINANCIAL CORP
1888447,4010080000.0,"Excelerate Energy, Inc",EE,"Excelerate Energy, Inc.","Excelerate Energy, Inc."
1580670,4006078000.0,"LGI HOMES, INC.",LGIH,"LGI Homes, Inc.","LGI Homes, Inc."
1379041,4004100000.0,"EMPLOYERS HOLDINGS, INC.",EIG,"Employers Holdings, Inc.","Employers Holdings, Inc."
1521951,4002725000.0,"FIRST BUSINESS FINANCIAL SERVICES, INC.",FBIZ,"FIRST BUSINESS FINANCIAL SERVICES, INC.","FIRST BUSINESS FINANCIAL SERVICES, INC."
1453818,3988432000.0,HGR Liquidating Trust,,,HGR Liquidating Trust
1408534,3969581000.0,"FIRST GUARANTY BANCSHARES, INC.",FGBI,"First Guaranty Bancshares, Inc.","First Guaranty Bancshares, Inc."
1795815,3953717000.0,Southern California Bancorp \ CA,BCAL,California BanCorp \ CA,California BanCorp \ CA
883237,3952934000.0,"VIRTUS INVESTMENT PARTNERS, INC.",VRTS,"VIRTUS INVESTMENT PARTNERS, INC.","VIRTUS INVESTMENT PARTNERS, INC."
105770,3952800000.0,"WEST PHARMACEUTICAL SERVICES, INC.",WST,WEST PHARMACEUTICAL SERVICES INC,WEST PHARMACEUTICAL SERVICES INC
1289877,3951916000.0,SFL Corporation Ltd.,SFL,SFL Corp Ltd.,SFL Corp Ltd.
1261333,3949923000.0,"DOCUSIGN, INC.",DOCU,"DOCUSIGN, INC.","DOCUSIGN, INC."
743316,3947974000.0,"MAXIM INTEGRATED PRODUCTS, INC.",,,"MAXIM INTEGRATED PRODUCTS, INC."
1415311,3946891041.0,PROSHARES TRUST II,AGQ,ProShares Trust II,ProShares Trust II
1018164,3946445000.0,Willis Lease Finance Corp,WLFC,WILLIS LEASE FINANCE CORP,WILLIS LEASE FINANCE CORP
1053532,3944079000.0,LaSalle Hotel Properties,,,LaSalle Hotel Properties
884713,3939700000.0,Primo Water Corporation,,,Primo Water Corporation
10254,3937401000.0,"EARTHSTONE ENERGY, INC.",,,"EARTHSTONE ENERGY, INC."
1045309,3932600000.0,W. R. GRACE & CO.,,,W. R. GRACE & CO.
1782524,3921890000.0,Morgan Stanley Direct Lending Fund,MSDL,Morgan Stanley Direct Lending Fund,Morgan Stanley Direct Lending Fund
1357204,3920024000.0,"DUNKIN' BRANDS GROUP, INC.",,,"DUNKIN' BRANDS GROUP, INC."
1437578,3919797000.0,BRIGHT HORIZONS FAMILY SOLUTIONS INC.,BFAM,BRIGHT HORIZONS FAMILY SOLUTIONS INC.,BRIGHT HORIZONS FAMILY SOLUTIONS INC.
1295810,3918974000.0,"Sunstone Hotel Investors, Inc.",SHO,"Sunstone Hotel Investors, Inc.","Sunstone Hotel Investors, Inc."
811808,3916692000.0,"Summit Financial Group, Inc.",,,"Summit Financial Group, Inc."
1604028,3909945000.0,"ADVANCED DRAINAGE SYSTEMS, INC.",WMS,"ADVANCED DRAINAGE SYSTEMS, INC.","ADVANCED DRAINAGE SYSTEMS, INC."
1508475,3907153000.0,"VNET Group, Inc.",VNET,"VNET Group, Inc.","VNET Group, Inc."
28917,3898450000.0,"DILLARD’S, INC.",DDS,"DILLARD'S, INC.","DILLARD'S, INC."
1407067,3896162000.0,Franklin Financial Network Inc.,,,Franklin Financial Network Inc.
821483,3895542000.0,"PAR PACIFIC HOLDINGS, INC.",PARR,"PAR PACIFIC HOLDINGS, INC.","PAR PACIFIC HOLDINGS, INC."
1386716,3893421000.0,STAR BULK CARRIERS CORP.,SBLK,Star Bulk Carriers Corp.,Star Bulk Carriers Corp.
914475,3889800000.0,"NEUROCRINE BIOSCIENCES, INC.",NBIX,NEUROCRINE BIOSCIENCES INC,NEUROCRINE BIOSCIENCES INC
917520,3889758000.0,INTEGRA LIFESCIENCES HOLDINGS CORP,IART,INTEGRA LIFESCIENCES HOLDINGS CORP,INTEGRA LIFESCIENCES HOLDINGS CORP
1304421,3887094000.0,"Consolidated Communications Holdings, Inc.",,,"Consolidated Communications Holdings, Inc."
1280452,3872262000.0,"MONOLITHIC POWER SYSTEMS, INC.",MPWR,"MONOLITHIC POWER SYSTEMS, INC.","MONOLITHIC POWER SYSTEMS, INC."
791915,3871871000.0,CYPRESS SEMICONDUCTOR CORP /DE/,,,CYPRESS SEMICONDUCTOR CORP /DE/
1325670,3871726000.0,Primis Financial Corp.,FRST,Primis Financial Corp.,Primis Financial Corp.
1210677,3871212000.0,First Advantage Corporation,FA,FIRST ADVANTAGE CORP,FIRST ADVANTAGE CORP
1820872,3871000000.0,Apollo Strategic Growth Capital,GBTG,"Global Business Travel Group, Inc.","Global Business Travel Group, Inc."
757011,3869000000.0,USG CORP,,,USG CORP
1420302,3855997000.0,"LOGMEIN, INC.",,,"LOGMEIN, INC."
1600438,3845082000.0,GMS INC.,,,GMS INC.
1278027,3841609000.0,"B&G FOODS, INC.",BGS,"B&G Foods, Inc.","B&G Foods, Inc."
910521,3839271000.0,DECKERS OUTDOOR CORP,DECK,DECKERS OUTDOOR CORP,DECKERS OUTDOOR CORP
1593936,3838095000.0,"Michaels Companies, Inc.",,,"Michaels Companies, Inc."
16040,3837000000.0,CABOT CORP,CBT,CABOT CORP,CABOT CORP
1755755,3835387000.0,"VINEBROOK HOMES TRUST, INC.",,,"VINEBROOK HOMES TRUST, INC."
57528,3834076000.0,"SNYDER'S-LANCE, INC.",,,"SNYDER'S-LANCE, INC."
76063,3833000000.0,"PANHANDLE EASTERN PIPE LINE COMPANY, LP",,,"PANHANDLE EASTERN PIPE LINE COMPANY, LP"
1124804,3832159000.0,VERADIGM INC.,,,VERADIGM INC.
31978,3813200000.0,EL PASO ELECTRIC CO /TX/,,,EL PASO ELECTRIC CO /TX/
1170991,3808142000.0,DCT INDUSTRIAL TRUST INC.,,,DCT INDUSTRIAL TRUST INC.
1166663,3807657000.0,TSAKOS ENERGY NAVIGATION LIMITED,TEN,TSAKOS ENERGY NAVIGATION LTD,TSAKOS ENERGY NAVIGATION LTD
913142,3806803000.0,BELDEN INC.,BDC,BELDEN INC.,BELDEN INC.
1723128,3799341000.0,"AMNEAL PHARMACEUTICALS, INC.",AMRX,"Amneal Pharmaceuticals, Inc.","Amneal Pharmaceuticals, Inc."
1756699,3797360388.0,UP FINTECH HOLDING LIMITED,TIGR,UP Fintech Holding Ltd,UP Fintech Holding Ltd
1341766,3795143000.0,"CELSIUS HOLDINGS, INC.",CELH,"Celsius Holdings, Inc.","Celsius Holdings, Inc."
1070985,3791631000.0,"CoreCivic, Inc.",CXW,"CoreCivic, Inc.","CoreCivic, Inc."
1873529,3790512000.0,"KinderCare Learning Companies, Inc.",KLC,"KinderCare Learning Companies, Inc.","KinderCare Learning Companies, Inc."
52827,3789371000.0,RAYONIER INC,RYN,RAYONIER INC,RAYONIER INC
1913724,3788416000.0,AG Twin Brook Capital Income Fund,,,AG Twin Brook Capital Income Fund
1323468,3784338000.0,GLOBAL PARTNERS LP,GLP,GLOBAL PARTNERS LP,GLOBAL PARTNERS LP
1575515,3783228000.0,"Sprouts Farmers Market, Inc.",SFM,"Sprouts Farmers Market, Inc.","Sprouts Farmers Market, Inc."
1130144,3770302000.0,SIERRA BANCORP,BSRR,SIERRA BANCORP,SIERRA BANCORP
1466593,3765288000.0,OTTER TAIL CORPORATION,OTTR,Otter Tail Corp,Otter Tail Corp
889609,3763790000.0,"CONSUMER PORTFOLIO SERVICES, INC.",CPSS,"CONSUMER PORTFOLIO SERVICES, INC.","CONSUMER PORTFOLIO SERVICES, INC."
97210,3761862000.0,"TERADYNE, INC.",TER,"TERADYNE, INC","TERADYNE, INC"
1519061,3760200000.0,Trinseo PLC,TSEOQ,Trinseo PLC,Trinseo PLC
1295947,3749774000.0,PRESTIGE CONSUMER HEALTHCARE INC.,PBH,Prestige Consumer Healthcare Inc.,Prestige Consumer Healthcare Inc.
1707092,3747000000.0,DELPHI TECHNOLOGIES PLC,,,DELPHI TECHNOLOGIES PLC
1032975,3742963000.0,LOGITECH INTERNATIONAL S.A.,LOGI,LOGITECH INTERNATIONAL S.A.,LOGITECH INTERNATIONAL S.A.
1781755,3738985000.0,"The Baldwin Insurance Group, Inc.",BWIN,"Baldwin Insurance Group, Inc.","Baldwin Insurance Group, Inc."
19745,3737800000.0,CHESAPEAKE UTILITIES CORPORATION,CPK,CHESAPEAKE UTILITIES CORP,CHESAPEAKE UTILITIES CORP
1522727,3730407000.0,"USA Compression Partners, LP",USAC,"USA Compression Partners, LP","USA Compression Partners, LP"
59527,3727369000.0,"LINCOLN ELECTRIC HOLDINGS, INC.",LECO,LINCOLN ELECTRIC HOLDINGS INC,LINCOLN ELECTRIC HOLDINGS INC
11199,3715700000.0,BEMIS CO INC,,,BEMIS CO INC
890564,3715000000.0,ASGN Inc,EFOR,Everforth Inc,Everforth Inc
1976927,3700591000.0,"Invesco Commercial Real Estate Finance Trust, Inc.",,,"Invesco Commercial Real Estate Finance Trust, Inc."
1486957,3699072000.0,"BWX TECHNOLOGIES, INC.",BWXT,"BWX Technologies, Inc.","BWX Technologies, Inc."
1617898,3698300000.0,KLX INC.,,,KLX INC.
913290,3697818000.0,FRONTLINE PLC,FRO,Frontline plc,Frontline plc
1830043,3692621000.0,Bumble Inc.,BMBL,Bumble Inc.,Bumble Inc.
768835,3690931000.0,"BIG LOTS, INC.",,,"BIG LOTS, INC."
1360901,3689659000.0,EVERCORE INC.,EVR,Evercore Inc.,Evercore Inc.
937098,3688000000.0,"TRINET GROUP, INC.",TNET,"TRINET GROUP, INC.","TRINET GROUP, INC."
1641601,3687506000.0,RIVER FINANCIAL CORPORATION,RVRF,River Financial Corp,River Financial Corp
791963,3687339000.0,OPPENHEIMER HOLDINGS INC.,OPY,OPPENHEIMER HOLDINGS INC,OPPENHEIMER HOLDINGS INC
1404655,3683964000.0,"HubSpot, Inc.",HUBS,HUBSPOT INC,HUBSPOT INC
873303,3679814000.0,"Sarepta Therapeutics, Inc.",SRPT,"Sarepta Therapeutics, Inc.","Sarepta Therapeutics, Inc."
1522690,3675781000.0,"GWG Holdings, Inc.",,,"GWG Holdings, Inc."
1060736,3674532000.0,Seagen Inc.,,,Seagen Inc.
945841,3671956000.0,POOL CORPORATION,POOL,POOL CORP,POOL CORP
1000623,3669200000.0,"MATIV HOLDINGS, INC.",MATV,"Mativ Holdings, Inc.","Mativ Holdings, Inc."
1407298,3665159000.0,FLY LEASING LIMITED,,,FLY LEASING LIMITED
1439404,3660600000.0,ZYNGA INC,,,ZYNGA INC
887733,3657322000.0,Central Garden & Pet Company,CENT,CENTRAL GARDEN & PET CO,CENTRAL GARDEN & PET CO
737758,3654900000.0,THE TORO COMPANY,TTC,TORO CO,TORO CO
1378453,3652907000.0,TravelCenters of America Inc.,,,TravelCenters of America Inc.
1069202,3652700000.0,LENNOX INTERNATIONAL INC,LII,LENNOX INTERNATIONAL INC,LENNOX INTERNATIONAL INC
1825088,3650054000.0,"DREAM FINDERS HOMES, INC.",DFH,"Dream Finders Homes, Inc.","Dream Finders Homes, Inc."
1725210,3649198000.0,Grayscale Ethereum Trust ETF,ETHE,Grayscale Ethereum Staking ETF,Grayscale Ethereum Staking ETF
1067837,3643678000.0,"AUDACY, INC.",,,"AUDACY, INC."
1464343,3643175000.0,Atlanticus Holdings Corp,ATLCP,Atlanticus Holdings Corp,Atlanticus Holdings Corp
1828016,3636800000.0,PLAYTIKA HOLDING CORP.,PLTK,Playtika Holding Corp.,Playtika Holding Corp.
1955520,3631463000.0,Knife River Corporation,KNF,Knife River Corp,Knife River Corp
56679,3630597000.0,KORN FERRY,KFY,KORN FERRY,KORN FERRY
1289419,3630500000.0,"MORNINGSTAR, INC.",MORN,"Morningstar, Inc.","Morningstar, Inc."
1528930,3630412000.0,"Franchise Group, Inc.",,,"Franchise Group, Inc."
1028734,3630313000.0,COBIZ FINANCIAL INC,,,COBIZ FINANCIAL INC
780571,3623768000.0,"Itron, Inc.",ITRI,"ITRON, INC.","ITRON, INC."
1418819,3623557000.0,Iridium Communications Inc.,IRDM,Iridium Communications Inc.,Iridium Communications Inc.
1747068,3615688000.0,"METROCITY BANKSHARES, INC.",MCBS,"MetroCity Bankshares, Inc.","MetroCity Bankshares, Inc."
1538716,3613695000.0,OPORTUN FINANCIAL CORPORATION,OPRT,Oportun Financial Corp,Oportun Financial Corp
1823794,3608822000.0,ARKO Corp.,ARKO,ARKO Corp.,ARKO Corp.
1411488,3595778000.0,"BLACKHAWK NETWORK HOLDINGS, INC",,,"BLACKHAWK NETWORK HOLDINGS, INC"
1592058,3595319000.0,Party City Holdco Inc.,,,Party City Holdco Inc.
891024,3594062000.0,"PATTERSON COMPANIES, INC.",,,"PATTERSON COMPANIES, INC."
1713334,3593522000.0,STUDIO CITY INTERNATIONAL HOLDINGS LIMITED,MSC,STUDIO CITY INTERNATIONAL HOLDINGS Ltd,STUDIO CITY INTERNATIONAL HOLDINGS Ltd
1546417,3592683000.0,"BLOOMIN’ BRANDS, INC.",BLMN,"Bloomin' Brands, Inc.","Bloomin' Brands, Inc."
1572694,3591311000.0,"Goldman Sachs BDC, Inc.",GSBD,"Goldman Sachs BDC, Inc.","Goldman Sachs BDC, Inc."
1547903,3591085000.0,"NMI Holdings, Inc.",NMIH,"NMI Holdings, Inc.","NMI Holdings, Inc."
1369817,3589900000.0,"OneBeacon Insurance Group, Ltd.",,,"OneBeacon Insurance Group, Ltd."
894081,3589893000.0,"Air Transport Services Group, Inc.",,,"Air Transport Services Group, Inc."
1835681,3583395000.0,"PowerSchool Holdings, Inc.",,,"PowerSchool Holdings, Inc."
1616707,3580000000.0,WAYFAIR INC.,W,Wayfair Inc.,Wayfair Inc.
1116942,3577956000.0,"TTM TECHNOLOGIES, INC.",TTMI,TTM TECHNOLOGIES INC,TTM TECHNOLOGIES INC
1709682,3576924000.0,"CUSTOM TRUCK ONE SOURCE, INC.",CTOS,"Custom Truck One Source, Inc.","Custom Truck One Source, Inc."
1127371,3576811000.0,COMMUNITY WEST BANCSHARES,CWBC,Community West Bancshares,Community West Bancshares
85535,3572453000.0,"ROYAL GOLD, INC.",RGLD,ROYAL GOLD INC,ROYAL GOLD INC
1818201,3565424000.0,CCC Intelligent Solutions Holdings Inc.,CCC,CCC Intelligent Solutions Holdings Inc.,CCC Intelligent Solutions Holdings Inc.
899749,3563855000.0,"HRTI, LLC",,,"HRTI, LLC"
102729,3556996000.0,"Valmont Industries, Inc.",VMI,VALMONT INDUSTRIES INC,VALMONT INDUSTRIES INC
1807427,3552739000.0,BLUE OWL CAPITAL CORPORATION III,,,BLUE OWL CAPITAL CORPORATION III
1674910,3551500000.0,VALVOLINE INC,VVV,VALVOLINE INC,VALVOLINE INC
1601669,3550856000.0,Watford Holdings Ltd.,,,Watford Holdings Ltd.
1338749,3550555000.0,POTLATCHDELTIC CORPORATION,,,POTLATCHDELTIC CORPORATION
1018840,3549665000.0,Abercrombie & Fitch Co.,ANF,ABERCROMBIE & FITCH CO /DE/,ABERCROMBIE & FITCH CO /DE/
1228454,3546193000.0,BCB BANCORP INC,BCBP,BCB BANCORP INC,BCB BANCORP INC
1613859,3544430000.0,"PRA Health Sciences, Inc.",,,"PRA Health Sciences, Inc."
1585790,3543500000.0,"ADVANCED DISPOSAL SERVICES, INC.",,,"ADVANCED DISPOSAL SERVICES, INC."
1441816,3542061000.0,"MONGODB, INC.",MDB,"MongoDB, Inc.","MongoDB, Inc."
1577916,3539394000.0,"Premier, Inc.",,,"Premier, Inc."
1084048,3533270000.0,"Ziff Davis, Inc.",ZD,"ZIFF DAVIS, INC.","ZIFF DAVIS, INC."
787250,3521000000.0,DPL Inc.,,,DPL Inc.
1302215,3517803000.0,"Houlihan Lokey, Inc.",HLI,"HOULIHAN LOKEY, INC.","HOULIHAN LOKEY, INC."
790526,3514966000.0,"RadNet, Inc.",RDNT,"RadNet, Inc.","RadNet, Inc."
1078075,3512897000.0,"NETSCOUT SYSTEMS, INC.",NTCT,NETSCOUT SYSTEMS INC,NETSCOUT SYSTEMS INC
1674335,3501361000.0,"JELD-WEN Holding, Inc.",JELD,"JELD-WEN Holding, Inc.","JELD-WEN Holding, Inc."
1042810,3494604000.0,"EQUITY ONE, INC.",,,"EQUITY ONE, INC."
887936,3494160000.0,"FTI CONSULTING, INC",FCN,"FTI CONSULTING, INC","FTI CONSULTING, INC"
1345126,3493405000.0,COMPASS DIVERSIFIED HOLDINGS,CODI,Compass Diversified Holdings,Compass Diversified Holdings
1037646,3492395000.0,Mettler-Toledo International Inc.,MTD,METTLER TOLEDO INTERNATIONAL INC/,METTLER TOLEDO INTERNATIONAL INC/
1644406,3492199000.0,"Hostess Brands, Inc.",,,"Hostess Brands, Inc."
1436425,3491455000.0,"HOME BANCORP, INC.",HBCP,"HOME BANCORP, INC.","HOME BANCORP, INC."
89439,3487442000.0,"MUELLER INDUSTRIES, INC.",MLI,MUELLER INDUSTRIES INC,MUELLER INDUSTRIES INC
17843,3486800000.0,CARPENTER TECHNOLOGY CORP,CRS,CARPENTER TECHNOLOGY CORP,CARPENTER TECHNOLOGY CORP
886835,3470255000.0,"SUPERIOR ENERGY SERVICES, INC.",,,"SUPERIOR ENERGY SERVICES, INC."
1145197,3469200000.0,INSULET CORP,PODD,INSULET CORP,INSULET CORP
1698990,3466406000.0,Magnolia Oil & Gas Corp,MGY,Magnolia Oil & Gas Corp,Magnolia Oil & Gas Corp
1278752,3461883000.0,MIDCAP FINANCIAL INVESTMENT CORPORATION,MFIC,MidCap Financial Investment Corp,MidCap Financial Investment Corp
1439288,3461000000.0,Zurn Elkay Water Solutions Corp,ZWS,Zurn Elkay Water Solutions Corp,Zurn Elkay Water Solutions Corp
1047340,3458900000.0,FRESH DEL MONTE PRODUCE INC,DMC,DEL MONTE CORP,DEL MONTE CORP
1177702,3457726000.0,"SAIA, INC.",SAIA,SAIA INC,SAIA INC
891014,3454800000.0,MINERALS TECHNOLOGIES INC.,MTX,MINERALS TECHNOLOGIES INC,MINERALS TECHNOLOGIES INC
12659,3452430000.0,"H&R BLOCK, INC.",HRB,H&R BLOCK INC,H&R BLOCK INC
1328581,3445511000.0,Boise Cascade Company,BCC,BOISE CASCADE Co,BOISE CASCADE Co
801898,3445504000.0,JOY GLOBAL INC,,,JOY GLOBAL INC
1694028,3441048000.0,Liberty Energy Inc.,LBRT,Liberty Energy Inc.,Liberty Energy Inc.
1024657,3440838000.0,WEST CORP,,,WEST CORP
1298946,3425766000.0,DiamondRock Hospitality Co,DRH,DiamondRock Hospitality Co,DiamondRock Hospitality Co
1031308,3423284000.0,"BENTLEY SYSTEMS, INCORPORATED",BSY,BENTLEY SYSTEMS INC,BENTLEY SYSTEMS INC
8868,3418900000.0,"AVON PRODUCTS, INC.",,,"AVON PRODUCTS, INC."
1802450,3417945000.0,Lionheart Acquisition Corp. II,MSPR,"MSP Recovery, Inc.","MSP Recovery, Inc."
1428336,3416678000.0,"HEALTHEQUITY, INC.",HQY,"HEALTHEQUITY, INC.","HEALTHEQUITY, INC."
1508655,3415848000.0,"Sixth Street Specialty Lending, Inc.",TSLX,"Sixth Street Specialty Lending, Inc.","Sixth Street Specialty Lending, Inc."
1756770,3414560000.0,"CURALEAF HOLDINGS, INC.",CURLF,"Curaleaf Holdings, Inc.","Curaleaf Holdings, Inc."
1754195,3400405000.0,TRULIEVE CANNABIS CORP.,TRLV,Trulieve Cannabis Corp.,Trulieve Cannabis Corp.
918646,3397314000.0,EAGLE MATERIALS INC,EXP,EAGLE MATERIALS INC,EAGLE MATERIALS INC
1747748,3395851000.0,QUALTRICS INTERNATIONAL INC.,,,QUALTRICS INTERNATIONAL INC.
785786,3395292000.0,PLEXUS CORP.,PLXS,PLEXUS CORP,PLEXUS CORP
108516,3390660000.0,"WORTHINGTON ENTERPRISES, INC.",WOR,"WORTHINGTON ENTERPRISES, INC.","WORTHINGTON ENTERPRISES, INC."
1852131,3389939000.0,Nextracker Inc.,NXT,Nextpower Inc.,Nextpower Inc.
1419536,3388662000.0,"CAPITAL BANCORP, INC",CBNK,Capital Bancorp Inc,Capital Bancorp Inc
1723089,3387483000.0,ChampionX Corp,,,ChampionX Corp
1563922,3387242000.0,GREENBACKER RENEWABLE ENERGY CO LLC,,,GREENBACKER RENEWABLE ENERGY CO LLC
1531193,3386495000.0,"First Carolina Financial Services, Inc.",FCBM,"First Carolina Financial Services, Inc.","First Carolina Financial Services, Inc."
1014739,3382826000.0,"OPTION CARE HEALTH, INC.",OPCH,"Option Care Health, Inc.","Option Care Health, Inc."
817366,3373328000.0,VCA INC,,,VCA INC
1114483,3370935000.0,INTEGER HOLDINGS CORPORATION,ITGR,Integer Holdings Corp,Integer Holdings Corp
861361,3370100000.0,B/E AEROSPACE INC,,,B/E AEROSPACE INC
1324410,3366427000.0,GUARANTY BANCORP,,,GUARANTY BANCORP
1745041,3362900000.0,"IAA, Inc.",,,"IAA, Inc."
1622194,3359427000.0,"EASTERLY GOVERNMENT PROPERTIES, INC.",DEA,"Easterly Government Properties, Inc.","Easterly Government Properties, Inc."
1752836,3359000000.0,"COVETRUS, INC.",,,"COVETRUS, INC."
1734713,3357200000.0,"BrightView Holdings, Inc.",BV,"BrightView Holdings, Inc.","BrightView Holdings, Inc."
1496099,3354927000.0,New Mountain Finance Corporation,NMFC,New Mountain Finance Corp,New Mountain Finance Corp
1075607,3354000000.0,TC PIPELINES LP,,,TC PIPELINES LP
2057463,3354000000.0,"GCI Liberty, Inc.",GLIBA,Liberty Capital Corp/NV,Liberty Capital Corp/NV
1715497,3351700000.0,Borr Drilling Limited,BORR,Borr Drilling Ltd,Borr Drilling Ltd
1058867,3351495000.0,"GUARANTY BANCSHARES, INC.",,,"GUARANTY BANCSHARES, INC."
1807192,3349219000.0,Chindata Group Holdings Limited,,,Chindata Group Holdings Limited
792966,3345763000.0,"FARMERS & MERCHANTS BANCORP, INC.",FMAO,FARMERS & MERCHANTS BANCORP INC,FARMERS & MERCHANTS BANCORP INC
834285,3341290000.0,"REPUBLIC FIRST BANCORP, INC.",,,"REPUBLIC FIRST BANCORP, INC."
1650729,3332900000.0,"SiteOne Landscape Supply, Inc.",SITE,"SiteOne Landscape Supply, Inc.","SiteOne Landscape Supply, Inc."
91142,3332300000.0,A. O. Smith Corporation,AOS,SMITH A O CORP,SMITH A O CORP
874716,3330794000.0,IDEXX LABORATORIES INC /DE,IDXX,IDEXX LABORATORIES INC /DE,IDEXX LABORATORIES INC /DE
1616318,3329705000.0,Vista Outdoor Inc,,,Vista Outdoor Inc
107140,3324583000.0,"JOHN WILEY & SONS, INC.",WLY,"JOHN WILEY & SONS, INC.","JOHN WILEY & SONS, INC."
1771515,3322376000.0,Grocery Outlet Holding Corp.,GO,Grocery Outlet Holding Corp.,Grocery Outlet Holding Corp.
1675820,3320843000.0,TIVO CORP,,,TIVO CORP
1434620,3314000000.0,"ILG, INC.",,,"ILG, INC."
1611547,3313551000.0,URBAN EDGE PROPERTIES,UE,Urban Edge Properties,Urban Edge Properties
719413,3309355000.0,HECLA MINING COMPANY,HL,HECLA MINING CO/DE/,HECLA MINING CO/DE/
88205,3306700000.0,SPX CORP,SPXC,"SPX Technologies, Inc.","SPX Technologies, Inc."
1423869,3305589000.0,PCB Bancorp,PCB,PCB BANCORP,PCB BANCORP
1649094,3305363000.0,"VAXCYTE, INC.",PCVX,"Vaxcyte, Inc.","Vaxcyte, Inc."
1111335,3304000000.0,VISTEON CORPORATION,VC,VISTEON CORP,VISTEON CORP
1708259,3301440000.0,LexinFintech Holdings Ltd.,LX,LexinFintech Holdings Ltd.,LexinFintech Holdings Ltd.
1639825,3301100000.0,"Peloton Interactive, Inc.",PTON,"PELOTON INTERACTIVE, INC.","PELOTON INTERACTIVE, INC."
1808834,3297800000.0,"PROG HOLDINGS, INC.",PRG,"PROG Holdings, Inc.","PROG Holdings, Inc."
706688,3297800000.0,AARON'S INC,,,AARON'S INC
1957132,3294891000.0,"SHARKNINJA, INC.",SN,"SharkNinja, Inc.","SharkNinja, Inc."
933974,3292416000.0,"Azenta, Inc.",AZTA,"Azenta, Inc.","Azenta, Inc."
1618732,3283194000.0,"NUTANIX, INC.",NTNX,"Nutanix, Inc.","Nutanix, Inc."
1327068,3283178094.0,"United States Oil Fund, LP",USO,"United States Oil Fund, LP","United States Oil Fund, LP"
891166,3275818000.0,"UNIVERSAL INSURANCE HOLDINGS, INC.",UVE,"UNIVERSAL INSURANCE HOLDINGS, INC.","UNIVERSAL INSURANCE HOLDINGS, INC."
1158324,3270531000.0,"Cogent Communications Holdings, Inc.",CCOI,"COGENT COMMUNICATIONS HOLDINGS, INC.","COGENT COMMUNICATIONS HOLDINGS, INC."
1503579,3269967000.0,STATION CASINOS LLC,,,STATION CASINOS LLC
1143155,3267192000.0,"Xenith Bankshares, Inc.",,,"Xenith Bankshares, Inc."
1616000,3263006000.0,"Xenia Hotels & Resorts, Inc.",XHR,"Xenia Hotels & Resorts, Inc.","Xenia Hotels & Resorts, Inc."
715579,3259528000.0,ACNB Corporation,ACNB,ACNB CORP,ACNB CORP
935036,3257534000.0,"ACI WORLDWIDE, INC.",ACIW,"ACI WORLDWIDE, INC.","ACI WORLDWIDE, INC."
1029145,3257291000.0,Golden Ocean Group Limited,,,Golden Ocean Group Limited
911177,3256911000.0,"Casella Waste Systems, Inc.",CWST,CASELLA WASTE SYSTEMS INC,CASELLA WASTE SYSTEMS INC
1325281,3255875000.0,KAPSTONE PAPER & PACKAGING CORP,,,KAPSTONE PAPER & PACKAGING CORP
1507277,3255395000.0,Park Sterling Corp,,,Park Sterling Corp
1289460,3255276000.0,"Texas Roadhouse, Inc.",TXRH,"Texas Roadhouse, Inc.","Texas Roadhouse, Inc."
1505732,3252449000.0,"Bankwell Financial Group, Inc.",BWFG,"Bankwell Financial Group, Inc.","Bankwell Financial Group, Inc."
1849635,3247255700.0,Trump Media & Technology Group Corp.,DJT,Trump Media & Technology Group Corp.,Trump Media & Technology Group Corp.
763744,3246912000.0,LCI INDUSTRIES,LCII,LCI INDUSTRIES,LCI INDUSTRIES
1680379,3244884000.0,"STERLING BANCORP, INC.",,,"STERLING BANCORP, INC."
1163370,3243760000.0,"NORTHRIM BANCORP, INC.",NRIM,NORTHRIM BANCORP INC,NORTHRIM BANCORP INC
1993402,3240462000.0,ANTARES STRATEGIC CREDIT FUND,,,ANTARES STRATEGIC CREDIT FUND
1169264,3240100000.0,SYNIVERSE HOLDINGS INC,,,SYNIVERSE HOLDINGS INC
1567925,3239534000.0,"SILA REALTY TRUST, INC.",,,"SILA REALTY TRUST, INC."
1452857,3235849000.0,STEEL PARTNERS HOLDINGS L.P.,,,STEEL PARTNERS HOLDINGS L.P.
874015,3233112000.0,"IONIS PHARMACEUTICALS, INC.",IONS,IONIS PHARMACEUTICALS INC,IONIS PHARMACEUTICALS INC
1601548,3233103000.0,"V2X, Inc.",VVX,"V2X, Inc.","V2X, Inc."
1610601,3229577000.0,Hello Group Inc.,MOMO,Hello Group Inc.,Hello Group Inc.
1277902,3224008000.0,MVB Financial Corp,MVBF,MVB FINANCIAL CORP,MVB FINANCIAL CORP
1577368,3223533000.0,"QTS Realty Trust, Inc.",,,"QTS Realty Trust, Inc."
67215,3219924000.0,"DYCOM INDUSTRIES, INC.",DY,DYCOM INDUSTRIES INC,DYCOM INDUSTRIES INC
1822479,3216729000.0,SOTERA HEALTH COMPANY,SHC,Sotera Health Co,Sotera Health Co
937556,3210600000.0,MASIMO CORP,,,MASIMO CORP
1929561,3201000000.0,"RXO, INC.",RXO,"RXO, Inc.","RXO, Inc."
1384710,3200102000.0,"Monogram Residential Trust, Inc.",,,"Monogram Residential Trust, Inc."
765207,3199510000.0,"FIRST BANCORP, INC",FNLC,"First Bancorp, Inc /ME/","First Bancorp, Inc /ME/"
1308547,3196001000.0,"DOLBY LABORATORIES, INC.",DLB,"Dolby Laboratories, Inc.","Dolby Laboratories, Inc."
1282637,3194529000.0,NEWMARKET CORP,NEU,NEWMARKET CORP,NEWMARKET CORP
1616817,3190500000.0,METALDYNE PERFORMANCE GROUP INC.,,,METALDYNE PERFORMANCE GROUP INC.
102037,3189307000.0,UNIVERSAL CORPORATION,UVV,UNIVERSAL CORP /VA/,UNIVERSAL CORP /VA/
1482430,3182676000.0,"KBS REAL ESTATE INVESTMENT TRUST III, INC.",KBSR,"KBS Real Estate Investment Trust III, Inc.","KBS Real Estate Investment Trust III, Inc."
859070,3181014000.0,"FIRST COMMUNITY BANKSHARES, INC.",FCBC,FIRST COMMUNITY BANKSHARES INC /VA/,FIRST COMMUNITY BANKSHARES INC /VA/
84839,3180040000.0,"ROLLINS, INC.",ROL,ROLLINS INC,ROLLINS INC
1463101,3178789000.0,"Enphase Energy, Inc.",ENPH,"Enphase Energy, Inc.","Enphase Energy, Inc."
1530249,3176013000.0,"FS BANCORP, INC.",FSBW,"FS Bancorp, Inc.","FS Bancorp, Inc."
109563,3175544000.0,"APPLIED INDUSTRIAL TECHNOLOGIES, INC.",AIT,APPLIED INDUSTRIAL TECHNOLOGIES INC,APPLIED INDUSTRIAL TECHNOLOGIES INC
77776,3175000000.0,PHH CORP,,,PHH CORP
1566912,3172289000.0,"Griffin-American Healthcare REIT III, Inc.",,,"Griffin-American Healthcare REIT III, Inc."
1071236,3168092000.0,"Red River Bancshares, Inc.",RRBI,RED RIVER BANCSHARES INC,RED RIVER BANCSHARES INC
1838406,3166376000.0,BKV CORPORATION,BKV,BKV Corp,BKV Corp
1367644,3166300000.0,EMERGENT BIOSOLUTIONS INC.,EBS,Emergent BioSolutions Inc.,Emergent BioSolutions Inc.
1840572,3159739000.0,BOWLERO CORP.,LUCK,Lucky Strike Entertainment Corp,Lucky Strike Entertainment Corp
1574197,3158817000.0,"Five Point Holdings, LLC",FPH,"Five Point Holdings, LLC","Five Point Holdings, LLC"
1874071,3153869000.0,"Ponce Financial Group, Inc.",PDLB,"Ponce Financial Group, Inc.","Ponce Financial Group, Inc."
887596,3151904000.0,CHEESECAKE FACTORY INCORPORATED,CAKE,CHEESECAKE FACTORY INC,CHEESECAKE FACTORY INC
1857154,3148537000.0,"Krispy Kreme, Inc.",DNUT,"Krispy Kreme, Inc.","Krispy Kreme, Inc."
890547,3138700000.0,REVLON CONSUMER PRODUCTS CORP,,,REVLON CONSUMER PRODUCTS CORP
354908,3137541000.0,FLIR SYSTEMS INC,,,FLIR SYSTEMS INC
73887,3131109000.0,BRISTOW GROUP INC,,,BRISTOW GROUP INC
842717,3130465000.0,"BLUE RIDGE BANKSHARES, INC.",BRBS,"BLUE RIDGE BANKSHARES, INC.","BLUE RIDGE BANKSHARES, INC."
73756,3130315000.0,OCEANEERING INTERNATIONAL INC,OII,OCEANEERING INTERNATIONAL INC,OCEANEERING INTERNATIONAL INC
1180638,3130237000.0,WYNN LAS VEGAS LLC,,,WYNN LAS VEGAS LLC
916789,3129425000.0,HELEN OF TROY LIMITED,HELE,HELEN OF TROY LTD,HELEN OF TROY LTD
717605,3128600000.0,Hexcel Corporation,HXL,HEXCEL CORP /DE/,HEXCEL CORP /DE/
922621,3128214000.0,ERIE INDEMNITY COMPANY,ERIE,ERIE INDEMNITY CO,ERIE INDEMNITY CO
1704720,3125500000.0,"CANNAE HOLDINGS, INC.",CNNE,"Cannae Holdings, Inc.","Cannae Holdings, Inc."
1406587,3120400000.0,Forestar Group Inc.,FOR,Forestar Group Inc.,Forestar Group Inc.
1637207,3119152000.0,"Planet Fitness, Inc.",PLNT,"Planet Fitness, Inc.","Planet Fitness, Inc."
1766502,3118800000.0,"CHEWY, INC.",CHWY,"Chewy, Inc.","Chewy, Inc."
1676479,3117169000.0,"CAPSTAR FINANCIAL HOLDINGS, INC.",,,"CAPSTAR FINANCIAL HOLDINGS, INC."
711669,3115617000.0,"COLONY BANKCORP, INC",CBAN,COLONY BANKCORP INC,COLONY BANKCORP INC
1549922,3115179000.0,"Summit Midstream Partners, LP",,,"Summit Midstream Partners, LP"
1467623,3110100000.0,"DROPBOX, INC.",DBX,"DROPBOX, INC.","DROPBOX, INC."
1853513,3105997000.0,"Mister Car Wash, Inc.",,,"Mister Car Wash, Inc."
861459,3105991000.0,GRANITE CONSTRUCTION INCORPORATED,GVA,GRANITE CONSTRUCTION INC,GRANITE CONSTRUCTION INC
1569134,3102213000.0,"TALLGRASS ENERGY PARTNERS, LP",,,"TALLGRASS ENERGY PARTNERS, LP"
827876,3101817000.0,"CLEANSPARK, INC.",CLSK,"CLEANSPARK, INC.","CLEANSPARK, INC."
1691445,3100230000.0,FinVolution Group,FINV,FinVolution Group,FinVolution Group
793074,3097255000.0,"WERNER ENTERPRISES, INC.",WERN,WERNER ENTERPRISES INC,WERNER ENTERPRISES INC
933036,3095440000.0,"UPBOUND GROUP, INC.",UPBD,"UPBOUND GROUP, INC.","UPBOUND GROUP, INC."
19411,3092173000.0,"MAGELLAN HEALTH, INC.",,,"MAGELLAN HEALTH, INC."
1792849,3089453000.0,"HighPeak Energy, Inc.",HPK,"HighPeak Energy, Inc.","HighPeak Energy, Inc."
16160,3084619000.0,"Cal-Maine Foods, Inc.",CALM,CAL-MAINE FOODS INC,CAL-MAINE FOODS INC
73020,3079801000.0,NORTHWEST NATURAL GAS COMPANY,,,NORTHWEST NATURAL GAS COMPANY
76605,3079212000.0,"PATRICK INDUSTRIES, INC.",PATK,PATRICK INDUSTRIES INC,PATRICK INDUSTRIES INC
865911,3079058000.0,CASCADE BANCORP,,,CASCADE BANCORP
27996,3076520000.0,DELUXE CORPORATION,DLX,DELUXE CORP,DELUXE CORP
1632933,3076449000.0,"EQGP HOLDINGS, LP",,,"EQGP HOLDINGS, LP"
1489136,3074972000.0,SemGroup Corp,,,SemGroup Corp
939767,3071489000.0,"EXELIXIS, INC.",EXEL,"EXELIXIS, INC.","EXELIXIS, INC."
741516,3065902000.0,AMERICAN NATIONAL BANKSHARES INC.,,,AMERICAN NATIONAL BANKSHARES INC.
1794905,3063300000.0,"Cyxtera Technologies, Inc.",,,"Cyxtera Technologies, Inc."
1050797,3051546000.0,COLUMBIA SPORTSWEAR COMPANY,COLM,COLUMBIA SPORTSWEAR CO,COLUMBIA SPORTSWEAR CO
42888,3046123000.0,GRACO INC.,GGG,GRACO INC,GRACO INC
779152,3043970000.0,"JACK HENRY & ASSOCIATES, INC.",JKHY,JACK HENRY & ASSOCIATES INC,JACK HENRY & ASSOCIATES INC
877860,3042235000.0,NATIONAL HEALTH INVESTORS INC,NHI,NATIONAL HEALTH INVESTORS INC,NATIONAL HEALTH INVESTORS INC
1070524,3040609000.0,"GREENE COUNTY BANCORP, INC.",GCBC,GREENE COUNTY BANCORP INC,GREENE COUNTY BANCORP INC
1407739,3038464000.0,"DUPONT FABROS TECHNOLOGY, INC.",,,"DUPONT FABROS TECHNOLOGY, INC."
1834622,3037076000.0,"Hayward Holdings, Inc.",HAYW,"Hayward Holdings, Inc.","Hayward Holdings, Inc."
1327607,3026797000.0,"FIRST WESTERN FINANCIAL, INC.",MYFW,First Western Financial Inc,First Western Financial Inc
887921,3023500000.0,"Revlon, Inc.",,,"Revlon, Inc."
1497645,3022270000.0,"SUMMIT HOTEL PROPERTIES, INC.",INN,"Summit Hotel Properties, Inc.","Summit Hotel Properties, Inc."
1866368,3021223000.0,"Clearwater Analytics Holdings, Inc.",,,"Clearwater Analytics Holdings, Inc."
1166388,3016058000.0,Verint Systems Inc,,,Verint Systems Inc
1208208,3009900000.0,"DIGITALGLOBE, INC.",,,"DIGITALGLOBE, INC."
1407623,3004279000.0,RETAIL OPPORTUNITY INVESTMENTS CORP,,,RETAIL OPPORTUNITY INVESTMENTS CORP
1543643,2994760000.0,CU Bancorp,,,CU Bancorp
1280058,2992703000.0,"Blackbaud, Inc.",BLKB,BLACKBAUD INC,BLACKBAUD INC
1443799,2992669000.0,"Gener8 Maritime, Inc.",,,"Gener8 Maritime, Inc."
1500217,2987881000.0,"AMERICAN ASSETS TRUST, INC.",AAT,"American Assets Trust, Inc.","American Assets Trust, Inc."
1635863,2984200000.0,"CAESARS GROWTH PROPERTIES HOLDINGS, LLC",,,"CAESARS GROWTH PROPERTIES HOLDINGS, LLC"
1490927,2979878000.0,FRANKLIN BSP LENDING CORPORATION,,,FRANKLIN BSP LENDING CORPORATION
1351541,2979800000.0,"Delek US Holdings, Inc.",,,"Delek US Holdings, Inc."
874977,2979600000.0,STATE AUTO FINANCIAL CORPORATION,,,STATE AUTO FINANCIAL CORPORATION
29644,2977200000.0,"DONALDSON COMPANY, INC.",DCI,DONALDSON Co INC,DONALDSON Co INC
912463,2976298000.0,GUESS INC,,,GUESS INC
1286225,2969817000.0,"RealPage, Inc.",,,"RealPage, Inc."
739421,2967274000.0,CITIZENS FINANCIAL SERVICES INC,CZFS,CITIZENS FINANCIAL SERVICES INC,CITIZENS FINANCIAL SERVICES INC
315213,2964488000.0,ROBERT HALF INC.,RHI,ROBERT HALF INC.,ROBERT HALF INC.
920371,2964403000.0,"Simpson Manufacturing Co., Inc.",SSD,"Simpson Manufacturing Co., Inc.","Simpson Manufacturing Co., Inc."
1414932,2964212000.0,Oaktree Specialty Lending Corporation,OCSL,Oaktree Specialty Lending Corp,Oaktree Specialty Lending Corp
1503707,2958209000.0,"NorthStar Healthcare Income, Inc.",,,"NorthStar Healthcare Income, Inc."
2058758,2957908000.0,"Avidia Bancorp, Inc.",AVBC,"Avidia Bancorp, Inc.","Avidia Bancorp, Inc."
1941365,2957400000.0,"MasterBrand, Inc.",MBC,"MasterBrand, Inc.","MasterBrand, Inc."
1065865,2949900000.0,JANUS CAPITAL GROUP INC,,,JANUS CAPITAL GROUP INC
1766478,2946212000.0,"Angel Oak Mortgage REIT, Inc.",AOMR,"Angel Oak Mortgage REIT, Inc.","Angel Oak Mortgage REIT, Inc."
1571776,2944565000.0,CHERRY HILL MORTGAGE INVESTMENT CORPORATION,CHMI,Cherry Hill Mortgage Investment Corp,Cherry Hill Mortgage Investment Corp
1878848,2940323000.0,IREN Limited,IREN,IREN Ltd,IREN Ltd
1609702,2935900000.0,"CDK GLOBAL, INC.",,,"CDK GLOBAL, INC."
914025,2930867000.0,"PLANTRONICS, INC.",,,"PLANTRONICS, INC."
920427,2928523000.0,"Unity Bancorp, Inc.",UNTY,UNITY BANCORP INC /NJ/,UNITY BANCORP INC /NJ/
1595974,2927147000.0,"MAGNITE, INC.",MGNI,"MAGNITE, INC.","MAGNITE, INC."
1655020,2926957000.0,"Extraction Oil & Gas, Inc.",,,"Extraction Oil & Gas, Inc."
1647513,2926082000.0,NOBLE MIDSTREAM PARTNERS LP,,,NOBLE MIDSTREAM PARTNERS LP
33619,2926010000.0,ESTERLINE TECHNOLOGIES CORP,,,ESTERLINE TECHNOLOGIES CORP
1718227,2925841000.0,"Construction Partners, Inc.",ROAD,"Construction Partners, Inc.","Construction Partners, Inc."
1901440,2922000000.0,UL Solutions Inc.,ULS,UL Solutions Inc.,UL Solutions Inc.
910406,2920942000.0,"THE HAIN CELESTIAL GROUP, INC.",HAIN,HAIN CELESTIAL GROUP INC,HAIN CELESTIAL GROUP INC
1560186,2918400000.0,North Atlantic Drilling Ltd.,,,North Atlantic Drilling Ltd.
1461755,2910379000.0,"ATLANTIC CAPITAL BANCSHARES, INC.",,,"ATLANTIC CAPITAL BANCSHARES, INC."
807882,2907018000.0,JACK IN THE BOX INC.,JACK,JACK IN THE BOX INC,JACK IN THE BOX INC
1053584,2906919000.0,MACATAWA BANK CORPORATION,,,MACATAWA BANK CORPORATION
1967649,2906900000.0,Vestis Corp,VSTS,Vestis Corp,Vestis Corp
1321646,2906645000.0,Kraton Corp,,,Kraton Corp
1388430,2901765000.0,"CAI International, Inc.",,,"CAI International, Inc."
730272,2901627000.0,REPLIGEN CORP,RGEN,REPLIGEN CORP,REPLIGEN CORP
100548,2898523000.0,UGI UTILITIES INC,,,UGI UTILITIES INC
1303313,2896957000.0,"LHC Group, Inc.",,,"LHC Group, Inc."
1113256,2896000000.0,"MERITOR, INC.",,,"MERITOR, INC."
1456016,2894803000.0,"GRIFFIN CAPITAL ESSENTIAL ASSET REIT, INC.",,,"GRIFFIN CAPITAL ESSENTIAL ASSET REIT, INC."
1594617,2892523000.0,LA QUINTA HOLDINGS INC.,,,LA QUINTA HOLDINGS INC.
1370880,2890486000.0,"Mandiant, Inc.",,,"Mandiant, Inc."
1142750,2888351000.0,"AMN HEALTHCARE SERVICES, INC.",AMN,AMN HEALTHCARE SERVICES INC,AMN HEALTHCARE SERVICES INC
1047716,2887708000.0,LATAM Airlines Group S.A.,LTM,LATAM AIRLINES GROUP S.A.,LATAM AIRLINES GROUP S.A.
1756701,2886554000.0,"LINKBANCORP, Inc.",,,"LINKBANCORP, Inc."
701374,2882540000.0,Six Flags Entertainment Corp/OLD,,,Six Flags Entertainment Corp/OLD
1000209,2879994000.0,MEDALLION FINANCIAL CORP,MFIN,MEDALLION FINANCIAL CORP,MEDALLION FINANCIAL CORP
1713952,2878542000.0,"Vivint Smart Home, Inc.",,,"Vivint Smart Home, Inc."
1131227,2878275000.0,HORNBECK OFFSHORE SERVICES INC /LA,,,HORNBECK OFFSHORE SERVICES INC /LA
1634038,2877234000.0,"ProSight Global, Inc.",,,"ProSight Global, Inc."
1610793,2876737000.0,"State National Companies, Inc.",,,"State National Companies, Inc."
1086600,2869446000.0,ALLIANCE RESOURCE PARTNERS LP,ARLP,ALLIANCE RESOURCE PARTNERS LP,ALLIANCE RESOURCE PARTNERS LP
1701051,2868600000.0,"WideOpenWest, Inc.",,,"WideOpenWest, Inc."
1526520,2867000000.0,"TRIPADVISOR, INC.",TRIP,"TripAdvisor, Inc.","TripAdvisor, Inc."
859598,2862321000.0,SEACOR HOLDINGS INC /NEW/,,,SEACOR HOLDINGS INC /NEW/
1161728,2860537000.0,"MGE Energy, Inc.",MGEE,MGE ENERGY INC,MGE ENERGY INC
1005276,2855524000.0,MOHEGAN TRIBAL GAMING AUTHORITY,,,MOHEGAN TRIBAL GAMING AUTHORITY
763563,2852488000.0,CHEMUNG FINANCIAL CORPORATION,CHMG,CHEMUNG FINANCIAL CORP,CHEMUNG FINANCIAL CORP
1666138,2851922000.0,Atkore Inc.,ATKR,Atkore Inc.,Atkore Inc.
81362,2850316000.0,QUAKER CHEMICAL CORPORATION,KWR,QUAKER CHEMICAL CORP,QUAKER CHEMICAL CORP
1772704,2850011000.0,Goldman Sachs Private Middle Market Credit II LLC,,,Goldman Sachs Private Middle Market Credit II LLC
1635718,2844681000.0,GANNETT MEDIA CORP.,,,GANNETT MEDIA CORP.
1750,2844600000.0,AAR CORP.,AIR,AAR CORP,AAR CORP
730464,2843887000.0,Adtalem Global Education Inc.,CVSA,Covista Inc.,Covista Inc.
2014596,2841584000.0,"CONCENTRA GROUP HOLDINGS PARENT, INC.",CON,"Concentra Group Holdings Parent, Inc.","Concentra Group Holdings Parent, Inc."
1739566,2840366000.0,"Utz Brands, Inc.",UTZ,"Utz Brands, Inc.","Utz Brands, Inc."
1511198,2837555000.0,"FIRST CONNECTICUT BANCORP, INC.",,,"FIRST CONNECTICUT BANCORP, INC."
1401521,2837496000.0,American Coastal Insurance Corporation,ACIC,AMERICAN COASTAL INSURANCE Corp,AMERICAN COASTAL INSURANCE Corp
859163,2835720000.0,AVX Corp,,,AVX Corp
59255,2835700000.0,"VALHI, INC.",VHI,VALHI INC /DE/,VALHI INC /DE/
1424755,2833929000.0,TRAVELPORT WORLDWIDE LTD,,,TRAVELPORT WORLDWIDE LTD
1761312,2832491000.0,"Palomar Holdings, Inc.",PLMR,"Palomar Holdings, Inc.","Palomar Holdings, Inc."
1408710,2831432000.0,Fabrinet,FN,Fabrinet,Fabrinet
1881487,2830700000.0,ProFrac Holding Corp.,ACDC,ProFrac Holding Corp.,ProFrac Holding Corp.
1496454,2827692000.0,"CNL Healthcare Properties, Inc.",,,"CNL Healthcare Properties, Inc."
1575311,2826972000.0,BROOKFIELD DTLA FUND OFFICE TRUST INVESTOR INC.,,,BROOKFIELD DTLA FUND OFFICE TRUST INVESTOR INC.
1610114,2821728000.0,New Senior Investment Group Inc.,,,New Senior Investment Group Inc.
1171662,2818826000.0,TRIPLE-S MANAGEMENT CORPORATION,,,TRIPLE-S MANAGEMENT CORPORATION
1699838,2817408000.0,"CONFLUENT, INC.",,,"CONFLUENT, INC."
1886428,2814029000.0,"Slide Insurance Holdings, Inc.",SLDE,"Slide Insurance Holdings, Inc.","Slide Insurance Holdings, Inc."
355811,2813817336.0,GENTEX CORPORATION,GNTX,GENTEX CORP,GENTEX CORP
1639947,2812368000.0,"Care Capital Properties, Inc.",,,"Care Capital Properties, Inc."
1866581,2812247000.0,DUTCH BROS INC.,BROS,Dutch Bros Inc.,Dutch Bros Inc.
940942,2810081000.0,"HUB GROUP, INC.",HUBG,"Hub Group, Inc.","Hub Group, Inc."
71691,2805036000.0,NEW YORK TIMES CO,NYT,NEW YORK TIMES CO,NEW YORK TIMES CO
24491,2802338000.0,COOPER TIRE & RUBBER CO,,,COOPER TIRE & RUBBER CO
1706431,2802088000.0,"Vir Biotechnology, Inc.",VIR,"Vir Biotechnology, Inc.","Vir Biotechnology, Inc."
1639300,2801852000.0,"Ollie's Bargain Outlet Holdings, Inc.",OLLI,"Ollie's Bargain Outlet Holdings, Inc.","Ollie's Bargain Outlet Holdings, Inc."
1709505,2799974000.0,BEST Inc.,,,BEST Inc.
1607716,2799390000.0,"VIVINT SOLAR, INC.",,,"VIVINT SOLAR, INC."
712034,2794700000.0,ACCO Brands Corporation,ACCO,ACCO BRANDS Corp,ACCO BRANDS Corp
1379785,2793307000.0,"Barings BDC, Inc.",BBDC,"Barings BDC, Inc.","Barings BDC, Inc."
1033128,2793263000.0,FIRST INDUSTRIAL LP,,,FIRST INDUSTRIAL LP
1558441,2793136000.0,INDUSTRIAL PROPERTY TRUST,,,INDUSTRIAL PROPERTY TRUST
45876,2790854000.0,HARSCO CORP,,,HARSCO CORP
1711291,2789193000.0,CURO GROUP HOLDINGS CORP.,,,CURO GROUP HOLDINGS CORP.
1307748,2786754000.0,INVENTRUST PROPERTIES CORP.,IVT,InvenTrust Properties Corp.,InvenTrust Properties Corp.
94344,2781157000.0,STEWART INFORMATION SERVICES CORP,STC,STEWART INFORMATION SERVICES CORP,STEWART INFORMATION SERVICES CORP
50725,2777238000.0,GRIFFON CORP,GFF,GRIFFON CORP,GRIFFON CORP
2013745,2776400000.0,"Calumet, Inc. /DE",CLMT,"Calumet, Inc. /DE","Calumet, Inc. /DE"
1637810,2774514000.0,FirstService Corporation,FSV,FirstService Corp,FirstService Corp
1655050,2774306000.0,"BAIN CAPITAL SPECIALTY FINANCE, INC.",BCSF,"Bain Capital Specialty Finance, Inc.","Bain Capital Specialty Finance, Inc."
714603,2771800000.0,DST SYSTEMS INC,,,DST SYSTEMS INC
1650164,2767000000.0,"TOAST, INC.",TOST,"Toast, Inc.","Toast, Inc."
944809,2766619000.0,"OPKO Health, Inc.",OPK,"OPKO HEALTH, INC.","OPKO HEALTH, INC."
1650132,2765517000.0,"Four Corners Property Trust, Inc.",FCPT,"Four Corners Property Trust, Inc.","Four Corners Property Trust, Inc."
1856485,2763000000.0,SYLVAMO CORPORATION,SLVM,Sylvamo Corp,Sylvamo Corp
912728,2761235000.0,FORWARD AIR CORPORATION,FWRD,FORWARD AIR CORP,FORWARD AIR CORP
717954,2760027000.0,UNIFIRST CORP,UNF,UNIFIRST CORP,UNIFIRST CORP
1237746,2756274000.0,"Endurance International Group Holdings, Inc.",,,"Endurance International Group Holdings, Inc."
1602658,2753807000.0,Investar Holding Corporation,ISTR,Investar Holding Corp,Investar Holding Corp
1060822,2753117000.0,"CARTER’S, INC",CRI,CARTERS INC,CARTERS INC
1333172,2752895000.0,NAVIOS MARITIME HOLDINGS INC.,NMPGY,Navios Maritime Holdings Inc.,Navios Maritime Holdings Inc.
1552797,2752889000.0,"DELEK LOGISTICS PARTNERS, LP",DKL,"Delek Logistics Partners, LP","Delek Logistics Partners, LP"
1628063,2750612000.0,SERITAGE GROWTH PROPERTIES,SRG-PA,Seritage Growth Properties,Seritage Growth Properties
1003078,2749401000.0,"MSC INDUSTRIAL DIRECT CO., INC.",MSM,MSC INDUSTRIAL DIRECT CO INC,MSC INDUSTRIAL DIRECT CO INC
1283140,2747502000.0,HOLLY ENERGY PARTNERS LP,,,HOLLY ENERGY PARTNERS LP
1825384,2744476000.0,Stone Point Credit Corporation,,,Stone Point Credit Corporation
1368458,2744100000.0,"SALLY BEAUTY HOLDINGS, INC.",SBH,"Sally Beauty Holdings, Inc.","Sally Beauty Holdings, Inc."
1111928,2743280000.0,IPG PHOTONICS CORP,IPGP,IPG PHOTONICS CORP,IPG PHOTONICS CORP
1733186,2743000000.0,"Veoneer, Inc.",,,"Veoneer, Inc."
1340122,2741000000.0,"CALUMET SPECIALTY PRODUCTS PARTNERS, L.P.",,,"CALUMET SPECIALTY PRODUCTS PARTNERS, L.P."
1809987,2738700000.0,"Mirion Technologies, Inc.",MIR,"Mirion Technologies, Inc.","Mirion Technologies, Inc."
9984,2738300000.0,BARNES GROUP INC,,,BARNES GROUP INC
1653477,2736500000.0,INGEVITY CORPORATION,NGVT,Ingevity Corp,Ingevity Corp
1180262,2736100000.0,Herbalife Ltd.,HLF,HERBALIFE LTD.,HERBALIFE LTD.
1734722,2735206000.0,"UiPath, Inc.",PATH,"UiPath, Inc.","UiPath, Inc."
1367064,2734711000.0,"ARCHROCK PARTNERS, L.P.",,,"ARCHROCK PARTNERS, L.P."
1328237,2731941384.0,INVESCO DB COMMODITY INDEX TRACKING FUND,DBC,Invesco DB Commodity Index Tracking Fund,Invesco DB Commodity Index Tracking Fund
1580156,2731471000.0,Houghton Mifflin Harcourt Co,,,Houghton Mifflin Harcourt Co
1564902,2730473000.0,United Parks & Resorts Inc.,PRKS,United Parks & Resorts Inc.,United Parks & Resorts Inc.
817720,2725300000.0,SYNAPTICS INCORPORATED,SYNA,SYNAPTICS Inc,SYNAPTICS Inc
1333274,2725037000.0,MERCER INTERNATIONAL INC.,MERC,MERCER INTERNATIONAL INC.,MERCER INTERNATIONAL INC.
1528396,2721099000.0,"Guidewire Software, Inc.",GWRE,"Guidewire Software, Inc.","Guidewire Software, Inc."
1901637,2719474000.0,"USCB Financial Holdings, Inc.",USCB,"USCB FINANCIAL HOLDINGS, INC.","USCB FINANCIAL HOLDINGS, INC."
1760965,2717905000.0,"KONTOOR BRANDS, INC.",KTB,"Kontoor Brands, Inc.","Kontoor Brands, Inc."
821002,2712405000.0,G III APPAREL GROUP LTD /DE/,GIII,G III APPAREL GROUP LTD /DE/,G III APPAREL GROUP LTD /DE/
915840,2712324000.0,"BEAZER HOMES USA, INC.",BZH,BEAZER HOMES USA INC,BEAZER HOMES USA INC
1518587,2712200000.0,ALERIS CORP,,,ALERIS CORP
1157647,2711149000.0,"Western New England Bancorp, Inc.",WNEB,"Western New England Bancorp, Inc.","Western New England Bancorp, Inc."
40888,2707800000.0,"Aerojet Rocketdyne Holdings, Inc.",,,"Aerojet Rocketdyne Holdings, Inc."
1699031,2702551000.0,"GRAIL, Inc.",GRAL,"GRAIL, Inc.","GRAIL, Inc."
1098151,2698575000.0,FIDELITY D & D BANCORP INC,FDBC,FIDELITY D & D BANCORP INC,FIDELITY D & D BANCORP INC
1734107,2691864000.0,SOHU.COM LIMITED,SOHU,Sohu.com Ltd,Sohu.com Ltd
913341,2686392000.0,C & F FINANCIAL CORPORATION,CFFI,C & F FINANCIAL CORP,C & F FINANCIAL CORP
1646228,2679547000.0,AT HOME GROUP INC.,,,AT HOME GROUP INC.
1772253,2679512000.0,FLEX LNG Ltd.,FLNG,Flex LNG Ltd.,Flex LNG Ltd.
703351,2678600000.0,"BRINKER INTERNATIONAL, INC.",EAT,"BRINKER INTERNATIONAL, INC","BRINKER INTERNATIONAL, INC"
1839439,2672872000.0,"PAYCOR HCM, INC.",,,"PAYCOR HCM, INC."
866829,2672561000.0,"HELIX ENERGY SOLUTIONS GROUP, INC.",HOS,"HORNBECK OFFSHORE SERVICES, INC.","HORNBECK OFFSHORE SERVICES, INC."
1711799,2670861000.0,"Nuveen Global Cities REIT, Inc.",,,"Nuveen Global Cities REIT, Inc."
1411574,2670710000.0,"Surgical Care Affiliates, Inc.",,,"Surgical Care Affiliates, Inc."
777491,2670462000.0,CH2M HILL COMPANIES LTD,,,CH2M HILL COMPANIES LTD
1046311,2664762000.0,CHOICE HOTELS INTERNATIONAL INC /DE,CHH,CHOICE HOTELS INTERNATIONAL INC /DE,CHOICE HOTELS INTERNATIONAL INC /DE
1385613,2664693000.0,"GREENLIGHT CAPITAL RE, LTD.",GLRE,"GREENLIGHT CAPITAL RE, LTD.","GREENLIGHT CAPITAL RE, LTD."
55135,2663800000.0,"KELLY SERVICES, INC.",KELYA,KELLY SERVICES INC,KELLY SERVICES INC
1571833,2663800000.0,"WideOpenWest Finance, LLC",,,"WideOpenWest Finance, LLC"
1577230,2662969000.0,"Retail Opportunity Investments Partnership, LP",,,"Retail Opportunity Investments Partnership, LP"
1705682,2661000000.0,Venator Materials PLC,,,Venator Materials PLC
60519,2656000000.0,LOUISIANA-PACIFIC CORPORATION,LPX,LOUISIANA-PACIFIC CORP,LOUISIANA-PACIFIC CORP
1123270,2648524000.0,BANK MUTUAL CORP,,,BANK MUTUAL CORP
1164863,2647800000.0,ENPRO INC.,NPO,Enpro Inc.,Enpro Inc.
1294632,2647553000.0,IASIS HEALTHCARE LLC,,,IASIS HEALTHCARE LLC
1168696,2645700000.0,REGAL ENTERTAINMENT GROUP,,,REGAL ENTERTAINMENT GROUP
1691303,2645402000.0,"WARRIOR MET COAL, INC.",HCC,"WARRIOR MET COAL, INC.","WARRIOR MET COAL, INC."
795403,2644900000.0,WATTS WATER TECHNOLOGIES INC,WTS,WATTS WATER TECHNOLOGIES INC,WATTS WATER TECHNOLOGIES INC
1430725,2643008000.0,"Global Ship Lease, Inc.",GSL,"Global Ship Lease, Inc.","Global Ship Lease, Inc."
1643848,2638500000.0,Patheon N.V.,,,Patheon N.V.
1692705,2637479325.0,Qudian Inc.,HTT,High Templar Tech Ltd,High Templar Tech Ltd
1735707,2637000000.0,Garrett Motion Inc.,GTX,Garrett Motion Inc.,Garrett Motion Inc.
1508478,2636630000.0,Arcos Dorados Holdings Inc.,ARCO,Arcos Dorados Holdings Inc.,Arcos Dorados Holdings Inc.
1353970,2635882248.0,China XD Plastics Co Ltd,,,China XD Plastics Co Ltd
1320461,2635582000.0,COOPER-STANDARD HOLDINGS INC.,CPS,Cooper-Standard Holdings Inc.,Cooper-Standard Holdings Inc.
1370637,2634961000.0,"ETSY, INC.",ETSY,ETSY INC,ETSY INC
1070081,2634155000.0,"PTC THERAPEUTICS, INC.",PTCT,"PTC THERAPEUTICS, INC.","PTC THERAPEUTICS, INC."
1713445,2632202000.0,"Reddit, Inc.",RDDT,"Reddit, Inc.","Reddit, Inc."
357294,2629352000.0,HOVNANIAN ENTERPRISES INC,HOV,HOVNANIAN ENTERPRISES INC,HOVNANIAN ENTERPRISES INC
104894,2628328000.0,ELME COMMUNITIES,ELME,Elme Communities,Elme Communities
350894,2626266000.0,SEI INVESTMENTS COMPANY,SEIC,SEI INVESTMENTS CO,SEI INVESTMENTS CO
1866364,2624646318.0,Webull Corporation,BULL,Webull Corp,Webull Corp
55242,2623033000.0,KENNAMETAL INC.,KMT,KENNAMETAL INC,KENNAMETAL INC
1730984,2622379000.0,BAYCOM CORP,BCML,BayCom Corp,BayCom Corp
77281,2616832000.0,Pennsylvania Real Estate Investment Trust,,,Pennsylvania Real Estate Investment Trust
1679049,2615334000.0,"International Seaways, Inc.",INSW,"International Seaways, Inc.","International Seaways, Inc."
810958,2610875000.0,CITIZENS & NORTHERN CORPORATION,CZNC,CITIZENS & NORTHERN CORP,CITIZENS & NORTHERN CORP
1056903,2610534000.0,AMERICAN STATES WATER CO,AWR,AMERICAN STATES WATER CO,AMERICAN STATES WATER CO
1754226,2606263000.0,"ORANGE COUNTY BANCORP, INC.",OBT,"Orange County Bancorp, Inc. /DE/","Orange County Bancorp, Inc. /DE/"
931336,2606227000.0,DEAN FOODS COMPANY,,,DEAN FOODS COMPANY
1405041,2606000000.0,Momentive Performance Materials Inc.,,,Momentive Performance Materials Inc.
1641991,2603200000.0,"SPX FLOW, INC.",,,"SPX FLOW, INC."
1584423,2598238000.0,"APX Group Holdings, Inc.",,,"APX Group Holdings, Inc."
1898496,2595961000.0,"GETTY IMAGES HOLDINGS, INC.",GETY,"Getty Images Holdings, Inc.","Getty Images Holdings, Inc."
1846510,2594909000.0,Soho House & Co Inc.,,,Soho House & Co Inc.
1901164,2589463000.0,T. ROWE PRICE OHA SELECT PRIVATE CREDIT FUND,,,T. ROWE PRICE OHA SELECT PRIVATE CREDIT FUND
856982,2586045000.0,MERIT MEDICAL SYSTEMS INC,MMSI,MERIT MEDICAL SYSTEMS INC,MERIT MEDICAL SYSTEMS INC
1069258,2585700000.0,"KRATOS DEFENSE & SECURITY SOLUTIONS, INC.",KTOS,"KRATOS DEFENSE & SECURITY SOLUTIONS, INC.","KRATOS DEFENSE & SECURITY SOLUTIONS, INC."
1492658,2585640000.0,WRIGHT MEDICAL GROUP N.V.,,,WRIGHT MEDICAL GROUP N.V.
811532,2581145000.0,CEDAR FAIR L P,,,CEDAR FAIR L P
1770561,2578382000.0,Coronado Global Resources Inc.,CODQL,Coronado Global Resources Inc.,Coronado Global Resources Inc.
1569187,2576672000.0,"ARMADA HOFFLER PROPERTIES, INC.",AHRT,"AH Realty Trust, Inc.","AH Realty Trust, Inc."
1544206,2574677000.0,"Carlyle Secured Lending, Inc.",CGBD,"Carlyle Secured Lending, Inc.","Carlyle Secured Lending, Inc."
708781,2573023000.0,"CASS INFORMATION SYSTEMS, INC.",CASS,CASS INFORMATION SYSTEMS INC,CASS INFORMATION SYSTEMS INC
1481792,2570100000.0,"QUAD/GRAPHICS, INC.",QUAD,"Quad/Graphics, Inc.","Quad/Graphics, Inc."
88941,2569628000.0,SEMTECH CORP,SMTC,SEMTECH CORP,SEMTECH CORP
1104188,2563690000.0,SOHU COM INC,,,SOHU COM INC
1722010,2563595000.0,OP BANCORP,OPBK,OP Bancorp,OP Bancorp
1501729,2558781000.0,FS Specialty Lending Fund,,,FS Specialty Lending Fund
842023,2557868000.0,BIO-TECHNE CORPORATION,TECH,BIO-TECHNE Corp,BIO-TECHNE Corp
877422,2557509000.0,SpartanNash Company,,,SpartanNash Company
1524741,2553234000.0,"U.S. Silica Holdings, Inc.",,,"U.S. Silica Holdings, Inc."
1035216,2551923000.0,SOUTH JERSEY GAS COMPANY,,,SOUTH JERSEY GAS COMPANY
1592057,2551440000.0,Enviva Inc.,,,Enviva Inc.
66570,2550211000.0,MSA SAFETY INC,MSA,MSA Safety Inc,MSA Safety Inc
1795139,2548222000.0,GREEN THUMB INDUSTRIES INC.,GTBIF,Green Thumb Industries Inc.,Green Thumb Industries Inc.
928876,2547608000.0,TOWER SEMICONDUCTOR LTD.,TSEM,TOWER SEMICONDUCTOR LTD,TOWER SEMICONDUCTOR LTD
1683606,2547266000.0,Cars.com Inc.,CARS,Cars.com Inc.,Cars.com Inc.
50493,2547149175.0,"INGLES MARKETS, INC",IMKTA,INGLES MARKETS INC,INGLES MARKETS INC
1084717,2541437000.0,PACIFIC CONTINENTAL CORP,,,PACIFIC CONTINENTAL CORP
1830214,2539321000.0,"GINKGO BIOWORKS HOLDINGS, INC.",DNA,"Ginkgo Bioworks Holdings, Inc.","Ginkgo Bioworks Holdings, Inc."
1481582,2538100000.0,Ryerson Holding Corp,RYZ,Ryerson Holding Corp,Ryerson Holding Corp
1418076,2537695000.0,SLR INVESTMENT CORP.,SLRC,SLR Investment Corp.,SLR Investment Corp.
1598665,2536755000.0,"Heritage Insurance Holdings, Inc.",HRTG,"Heritage Insurance Holdings, Inc.","Heritage Insurance Holdings, Inc."
1664703,2530422000.0,BLOOM ENERGY CORPORATION,BE,Bloom Energy Corp,Bloom Energy Corp
1707753,2524002000.0,Elastic N.V.,ESTC,Elastic N.V.,Elastic N.V.
1050825,2523800000.0,STEELCASE INC,,,STEELCASE INC
1529377,2523002000.0,ARES COMMERCIAL REAL ESTATE CORPORATION,ACRE,Ares Commercial Real Estate Corp,Ares Commercial Real Estate Corp
1504619,2521602000.0,PENNANTPARK FLOATING RATE CAPITAL LTD.,PFLT,PennantPark Floating Rate Capital Ltd.,PennantPark Floating Rate Capital Ltd.
1889668,2513832000.0,BLUE OWL TECHNOLOGY FINANCE CORP. II,,,BLUE OWL TECHNOLOGY FINANCE CORP. II
811596,2512800000.0,KAISER ALUMINUM CORPORATION,KALU,KAISER ALUMINUM CORP,KAISER ALUMINUM CORP
1599489,2511100000.0,VERITIV CORPORATION,,,VERITIV CORPORATION
1750735,2510938000.0,Meridian Corp,MRBK,Meridian Corp,Meridian Corp
1795589,2510617000.0,Kingsoft Cloud Holdings Limited,KC,Kingsoft Cloud Holdings Ltd,Kingsoft Cloud Holdings Ltd
1639691,2506702000.0,LIVANOVA PLC,LIVN,LivaNova PLC,LivaNova PLC
68589,2506500000.0,QUESTAR GAS CO,,,QUESTAR GAS CO
1309402,2506492000.0,GREEN PLAINS INC.,GPRE,Green Plains Inc.,Green Plains Inc.
1302343,2506185000.0,"EDUCATION REALTY TRUST, INC.",,,"EDUCATION REALTY TRUST, INC."
823094,2504426000.0,Sotheby's,,,Sotheby's
746838,2504000000.0,UNISYS CORP,UIS,UNISYS CORP,UNISYS CORP
894405,2494286000.0,ARCBEST CORPORATION,ARCB,ARCBEST CORP /TX/,ARCBEST CORP /TX/
110471,2492700000.0,WOLVERINE WORLD WIDE INC /DE/,WWW,WOLVERINE WORLD WIDE INC /DE/,WOLVERINE WORLD WIDE INC /DE/
1704596,2490815000.0,"EVO PAYMENTS, INC.",,,"EVO PAYMENTS, INC."
1057060,2487737000.0,"MarineMax, Inc.",HZO,MARINEMAX INC,MARINEMAX INC
1880319,2486262000.0,"PERIMETER SOLUTIONS, SA",PRM,"Perimeter Solutions, Inc.","Perimeter Solutions, Inc."
1597672,2480147000.0,RAYONIER ADVANCED MATERIALS INC.,RYAM,RAYONIER ADVANCED MATERIALS INC.,RAYONIER ADVANCED MATERIALS INC.
1104506,2479857000.0,INSMED INCORPORATED,INSM,INSMED Inc,INSMED Inc
798949,2479303000.0,Unit Corporation,,,Unit Corporation
792977,2478426000.0,"AMAG PHARMACEUTICALS, INC.",,,"AMAG PHARMACEUTICALS, INC."
1647639,2477868000.0,"Upstart Holdings, Inc.",UPST,"Upstart Holdings, Inc.","Upstart Holdings, Inc."
1430259,2476944000.0,Carey Watermark Investors Inc,,,Carey Watermark Investors Inc
914374,2475392000.0,SOUTHWEST BANCORP INC,,,SOUTHWEST BANCORP INC
29002,2471555000.0,DIODES INC,DIOD,DIODES INC /DEL/,DIODES INC /DEL/
868780,2471465000.0,"DORMAN PRODUCTS, INC.",DORM,"Dorman Products, Inc.","Dorman Products, Inc."
1822492,2470690000.0,Hillman Solutions Corp.,HLMN,Hillman Solutions Corp.,Hillman Solutions Corp.
1601545,2469692000.0,"Blue Hills Bancorp, Inc.",,,"Blue Hills Bancorp, Inc."
1227654,2466500000.0,"Compass Minerals International, Inc.",CMP,COMPASS MINERALS INTERNATIONAL INC,COMPASS MINERALS INTERNATIONAL INC
1364954,2465416000.0,"Chegg, Inc",CHGG,"CHEGG, INC","CHEGG, INC"
1319947,2465070000.0,Designer Brands Inc.,DBI,Designer Brands Inc.,Designer Brands Inc.
313143,2462094000.0,HAEMONETICS CORPORATION,HAE,HAEMONETICS CORP,HAEMONETICS CORP
1628908,2461532000.0,"Evolent Health, Inc.",EVH,"Evolent Health, Inc.","Evolent Health, Inc."
1332551,2454326000.0,ACRES COMMERCIAL REALTY CORP.,ACR,ACRES Commercial Realty Corp.,ACRES Commercial Realty Corp.
1810739,2453490000.0,"Radius Global Infrastructure, Inc.",,,"Radius Global Infrastructure, Inc."
899715,2452248000.0,"TANGER FACTORY OUTLET CENTERS, INC",SKT,TANGER INC.,TANGER INC.
1765107,2450814000.0,"CIM OPPORTUNITY ZONE FUND, L.P.",,,"CIM OPPORTUNITY ZONE FUND, L.P."
1668224,2448310000.0,"HarborOne Bancorp, Inc.",,,"HarborOne Bancorp, Inc."
1620702,2448279000.0,"TERRAFORM GLOBAL, INC.",,,"TERRAFORM GLOBAL, INC."
1722287,2446518000.0,COVIA HOLDINGS CORP,,,COVIA HOLDINGS CORP
1749704,2444107000.0,"AGILITI, INC. \DE,",,,"AGILITI, INC. \DE,"
1312073,2443284000.0,"VERIFONE SYSTEMS, INC.",,,"VERIFONE SYSTEMS, INC."
1830197,2438192000.0,Home Point Capital Inc.,,,Home Point Capital Inc.
1029831,2437983000.0,"The Hillman Companies, Inc.",,,"The Hillman Companies, Inc."
1049521,2434764000.0,"MERCURY SYSTEMS, INC.",MRCY,MERCURY SYSTEMS INC,MERCURY SYSTEMS INC
94049,2433172000.0,STEPAN COMPANY,SCL,STEPAN CO,STEPAN CO
1037676,2433108000.0,"Arch Resources, Inc.",,,"Arch Resources, Inc."
1404123,2432734000.0,"1LIFE HEALTHCARE, INC.",,,"1LIFE HEALTHCARE, INC."
14707,2431707000.0,"CALERES, INC",CAL,CALERES INC,CALERES INC
1702744,2430388000.0,Simply Good Foods Co,SMPL,Simply Good Foods Co,Simply Good Foods Co
1628171,2429568000.0,"Revolution Medicines, Inc.",RVMD,"Revolution Medicines, Inc.","Revolution Medicines, Inc."
1575189,2423712000.0,"MATCH GROUP HOLDINGS II, LLC",,,"MATCH GROUP HOLDINGS II, LLC"
2024218,2423043000.0,Summit Midstream Corporation,SMC,Summit Midstream Corp,Summit Midstream Corp
884217,2418959000.0,"Tailored Brands, Inc.",,,"Tailored Brands, Inc."
1435508,2416675000.0,"FIRST SAVINGS FINANCIAL GROUP, INC.",,,"FIRST SAVINGS FINANCIAL GROUP, INC."
866706,2415045000.0,ESCO TECHNOLOGIES INC.,ESE,ESCO TECHNOLOGIES INC,ESCO TECHNOLOGIES INC
1677576,2414836000.0,"Innovative Industrial Properties, Inc.",IIPR,INNOVATIVE INDUSTRIAL PROPERTIES INC,INNOVATIVE INDUSTRIAL PROPERTIES INC
876167,2413592000.0,PROGRESS SOFTWARE CORP /MA,PRGS,PROGRESS SOFTWARE CORP /MA,PROGRESS SOFTWARE CORP /MA
816761,2413000000.0,TERADATA CORP /DE/,TDC,TERADATA CORP /DE/,TERADATA CORP /DE/
1058623,2412691000.0,Cumulus Media Inc,CMLS,CUMULUS MEDIA INC,CUMULUS MEDIA INC
855874,2410017000.0,THE COMMUNITY FINANCIAL CORPORATION,,,THE COMMUNITY FINANCIAL CORPORATION
800457,2407835086.0,DONEGAL GROUP INC,DGICA,DONEGAL GROUP INC,DONEGAL GROUP INC
1045425,2406843000.0,RAIT FINANCIAL TRUST,,,RAIT FINANCIAL TRUST
1636286,2406334000.0,Altabancorp,,,Altabancorp
1195933,2402601000.0,INFINITY PROPERTY & CASUALTY CORP,,,INFINITY PROPERTY & CASUALTY CORP
1574085,2397714000.0,BRAEMAR HOTELS & RESORTS INC.,BHR,Braemar Hotels & Resorts Inc.,Braemar Hotels & Resorts Inc.
1848416,2396055000.0,VERANO HOLDINGS CORP.,VRNO,Verano Holdings Corp.,Verano Holdings Corp.
1672013,2395571000.0,Acushnet Holdings Corp.,GOLF,Acushnet Holdings Corp.,Acushnet Holdings Corp.
107687,2394000000.0,"Winnebago     Industries, Inc.",WGO,WINNEBAGO INDUSTRIES INC,WINNEBAGO INDUSTRIES INC
1443575,2392129000.0,"AVIDBANK HOLDINGS, INC.",AVBH,"Avidbank Holdings, Inc.","Avidbank Holdings, Inc."
1094739,2391671000.0,FINISAR CORP,,,FINISAR CORP
1943896,2388707000.0,"RUBRIK, INC.",RBRK,"Rubrik, Inc.","Rubrik, Inc."
1499453,2384622000.0,"Spirit of Texas Bancshares, Inc.",,,"Spirit of Texas Bancshares, Inc."
1581804,2381525000.0,NAVIGATOR HOLDINGS LTD,NVGS,Navigator Holdings Ltd.,Navigator Holdings Ltd.
927003,2379600000.0,ADVANCED ENERGY INDUSTRIES INC,AEIS,ADVANCED ENERGY INDUSTRIES INC,ADVANCED ENERGY INDUSTRIES INC
1594109,2374978000.0,GRUBHUB INC.,,,GRUBHUB INC.
1828365,2374706000.0,RLX Technology Inc.,RLX,RLX Technology Inc.,RLX Technology Inc.
1390162,2374619000.0,Howard Bancorp Inc,,,Howard Bancorp Inc
1704715,2373114000.0,"ALPHA METALLURGICAL RESOURCES, INC.",AMR,"Alpha Metallurgical Resources, Inc.","Alpha Metallurgical Resources, Inc."
1062047,2371800000.0,CONVERGYS CORP,,,CONVERGYS CORP
1013272,2365350000.0,NORWOOD FINANCIAL CORP,NWFL,NORWOOD FINANCIAL CORP,NORWOOD FINANCIAL CORP
1172052,2364208000.0,"SAFETY INSURANCE GROUP, INC.",SAFT,SAFETY INSURANCE GROUP INC,SAFETY INSURANCE GROUP INC
1702510,2361855000.0,"Carlyle Credit Solutions, Inc.",,,"Carlyle Credit Solutions, Inc."
935494,2358538000.0,NATIONAL INSTRUMENTS CORPORATION,,,NATIONAL INSTRUMENTS CORPORATION
1583077,2353411000.0,"Hospitality Investors Trust, Inc.",,,"Hospitality Investors Trust, Inc."
1400810,2353106000.0,"HCI Group, Inc.",HCI,"HCI Group, Inc.","HCI Group, Inc."
1583708,2350484000.0,"SENTINELONE, INC",S,"SentinelOne, Inc.","SentinelOne, Inc."
110019,2349977000.0,Northwest Pipeline LLC,,,Northwest Pipeline LLC
1598968,2349895000.0,Antero Midstream Partners LP,,,Antero Midstream Partners LP
1513965,2349321000.0,"AMERICAN MIDSTREAM PARTNERS, LP",,,"AMERICAN MIDSTREAM PARTNERS, LP"
1576427,2348894000.0,CRITEO S.A.,CRTO,Criteo S.A.,Criteo S.A.
1710482,2348235000.0,"John Marshall Bancorp, Inc.",JMSB,"John Marshall Bancorp, Inc.","John Marshall Bancorp, Inc."
1675644,2344322000.0,"FVCBankcorp, Inc.",FVCB,"FVCBankcorp, Inc.","FVCBankcorp, Inc."
1442626,2340697000.0,"Bluerock Residential Growth REIT, Inc.",,,"Bluerock Residential Growth REIT, Inc."
1575828,2338222000.0,Expro Group Holdings N.V.,,,Expro Group Holdings N.V.
1482974,2337654000.0,"Carter Validus Mission Critical REIT, Inc.",,,"Carter Validus Mission Critical REIT, Inc."
1212458,2337511000.0,PROOFPOINT INC,,,PROOFPOINT INC
1801368,2336187000.0,MP Materials Corp. / DE,MP,MP Materials Corp. / DE,MP Materials Corp. / DE
1014473,2334572000.0,VERISIGN INC/CA,VRSN,VERISIGN INC/CA,VERISIGN INC/CA
1980088,2334165000.0,Mach Natural Resources LP,MNR,MACH NATURAL RESOURCES LP,MACH NATURAL RESOURCES LP
1782754,2333338000.0,AZEK Co Inc.,,,AZEK Co Inc.
1558785,2331900000.0,"CVR Refining, LP",,,"CVR Refining, LP"
816956,2328458000.0,CONMED CORPORATION,CNMD,CONMED Corp,CONMED Corp
752714,2327009000.0,McGRATH RENTCORP,MGRC,MCGRATH RENTCORP,MCGRATH RENTCORP
1655887,2326450000.0,BLUE OWL CAPITAL CORPORATION II,,,BLUE OWL CAPITAL CORPORATION II
1561032,2325303000.0,"National Healthcare Properties, Inc.",NHP,"National Healthcare Properties, Inc.","National Healthcare Properties, Inc."
1439095,2325000000.0,MRC GLOBAL INC.,,,MRC GLOBAL INC.
1102934,2320409000.0,"CMC Materials, Inc.",,,"CMC Materials, Inc."
1373670,2315269000.0,"Green Brick Partners, Inc.",GRBK,"Green Brick Partners, Inc.","Green Brick Partners, Inc."
1005210,2314602000.0,SUBURBAN PROPANE PARTNERS LP,SPH,SUBURBAN PROPANE PARTNERS LP,SUBURBAN PROPANE PARTNERS LP
1828588,2311976000.0,"Hanover Bancorp, Inc. /NY",HNVR,"Hanover Bancorp, Inc. /MD","Hanover Bancorp, Inc. /MD"
1798100,2311714000.0,NETSTREIT Corp.,NTST,NETSTREIT Corp.,NETSTREIT Corp.
1944057,2310258000.0,Cool Company Ltd.,,,Cool Company Ltd.
1074902,2307800000.0,LCNB CORP,LCNB,LCNB CORP,LCNB CORP
1585389,2302670000.0,"SmartStop Self Storage REIT, Inc.",SMA,"SmartStop Self Storage REIT, Inc.","SmartStop Self Storage REIT, Inc."
1535379,2299790000.0,"CLOUDERA, INC.",,,"CLOUDERA, INC."
1547546,2299601203.0,"LUMENT FINANCE TRUST, INC.",LFT,"Lument Finance Trust, Inc.","Lument Finance Trust, Inc."
772406,2294717000.0,"CIRRUS LOGIC, INC.",CRUS,"CIRRUS LOGIC, INC.","CIRRUS LOGIC, INC."
1157408,2293959000.0,"Stride, Inc.",LRN,"Stride, Inc.","Stride, Inc."
1161364,2293721000.0,MEDIACOM BROADBAND LLC,,,MEDIACOM BROADBAND LLC
1339605,2291699000.0,"H&E EQUIPMENT SERVICES, INC.",,,"H&E EQUIPMENT SERVICES, INC."
1710155,2291246000.0,"National Vision Holdings, Inc.",EYE,"National Vision Holdings, Inc.","National Vision Holdings, Inc."
1525221,2288026000.0,Bristow Group Inc.,VTOL,Bristow Group Inc.,Bristow Group Inc.
723646,2286745000.0,FRANKLIN FINANCIAL SERVICES CORPORATION,FRAF,FRANKLIN FINANCIAL SERVICES CORP /PA/,FRANKLIN FINANCIAL SERVICES CORP /PA/
31235,2285000000.0,EASTMAN KODAK COMPANY,KODK,EASTMAN KODAK CO,EASTMAN KODAK CO
1555039,2284847000.0,FRONT YARD RESIDENTIAL CORP,,,FRONT YARD RESIDENTIAL CORP
63296,2284579000.0,MATTHEWS INTERNATIONAL CORP,MATW,MATTHEWS INTERNATIONAL CORP,MATTHEWS INTERNATIONAL CORP
1823239,2282315000.0,"Maravai LifeSciences Holdings, Inc.",MRVI,"MARAVAI LIFESCIENCES HOLDINGS, INC.","MARAVAI LIFESCIENCES HOLDINGS, INC."
716006,2279300000.0,Yellow Corporation,,,Yellow Corporation
49754,2278600000.0,"Dine Brands Global, Inc.",DIN,"Dine Brands Global, Inc.","Dine Brands Global, Inc."
1827075,2265933000.0,CVENT HOLDING CORP.,,,CVENT HOLDING CORP.
1089531,2262403149.0,"KINGOLD JEWELRY, INC.",,,"KINGOLD JEWELRY, INC."
1017793,2262262000.0,SUN BANCORP INC /NJ/,,,SUN BANCORP INC /NJ/
701811,2261185000.0,MENTOR GRAPHICS CORP,,,MENTOR GRAPHICS CORP
1000694,2258679000.0,"NOVAVAX, INC.",NVAX,NOVAVAX INC,NOVAVAX INC
1067294,2256707000.0,"Cracker Barrel Old Country Store, Inc.",CBRL,"CRACKER BARREL OLD COUNTRY STORE, INC","CRACKER BARREL OLD COUNTRY STORE, INC"
1569994,2256560000.0,"Waterstone Financial, Inc.",WSBF,"Waterstone Financial, Inc.","Waterstone Financial, Inc."
1747172,2255991000.0,"Kayne Anderson BDC, Inc.",KBDC,"Kayne Anderson BDC, Inc.","Kayne Anderson BDC, Inc."
1520262,2252809000.0,Alkermes plc.,ALKS,Alkermes plc.,Alkermes plc.
1415916,2252708000.0,GOLAR LNG PARTNERS LP,,,GOLAR LNG PARTNERS LP
1962746,2252104000.0,Lotus Technology Inc.,LOT,Lotus Technology Inc.,Lotus Technology Inc.
893691,2248178000.0,Masonite International Corporation,,,Masonite International Corporation
1984060,2247775000.0,Atlas Energy Solutions Inc.,AESI,Atlas Energy Solutions Inc.,Atlas Energy Solutions Inc.
1674416,2243057000.0,CRISPR THERAPEUTICS AG,CRSP,CRISPR Therapeutics AG,CRISPR Therapeutics AG
2032966,2242358000.0,"TIC Solutions, Inc.",TIC,"TIC Solutions, Inc.","TIC Solutions, Inc."
1913971,2241668000.0,"PRINCETON BANCORP, INC.",BPRN,"Princeton Bancorp, Inc.","Princeton Bancorp, Inc."
886035,2241600000.0,GENERAL CABLE CORP /DE/,,,GENERAL CABLE CORP /DE/
1039065,2241257000.0,"OSI SYSTEMS, INC.",OSIS,OSI SYSTEMS INC,OSI SYSTEMS INC
1558235,2234803000.0,CORPORATE PROPERTY ASSOCIATES 18 - GLOBAL INCORPORATED,,,CORPORATE PROPERTY ASSOCIATES 18 - GLOBAL INCORPORATED
1783400,2231244000.0,"US ECOLOGY, INC.",,,"US ECOLOGY, INC."
1471261,2230478000.0,"Cobalt International Energy, Inc.",,,"Cobalt International Energy, Inc."
1419945,2229476000.0,TEEKAY TANKERS LTD.,TNK,TEEKAY TANKERS LTD.,TEEKAY TANKERS LTD.
67347,2228500000.0,Modine Manufacturing Company,MOD,MODINE MANUFACTURING CO,MODINE MANUFACTURING CO
863436,2227331000.0,"BENCHMARK ELECTRONICS, INC.",BHE,BENCHMARK ELECTRONICS INC,BENCHMARK ELECTRONICS INC
1437479,2225903000.0,ENB Financial Corp,ENBP,ENB Financial Corp,ENB Financial Corp
1620393,2225337000.0,"NEXPOINT RESIDENTIAL TRUST, INC.",NXRT,"NexPoint Residential Trust, Inc.","NexPoint Residential Trust, Inc."
1142596,2224505000.0,NUVASIVE INC,,,NUVASIVE INC
1297107,2221245000.0,"COASTALSOUTH BANCSHARES, INC.",COSO,"CoastalSouth Bancshares, Inc.","CoastalSouth Bancshares, Inc."
1756497,2219753000.0,Change Healthcare Inc.,,,Change Healthcare Inc.
1901612,2217562000.0,"Golub Capital BDC 4, Inc.",,,"Golub Capital BDC 4, Inc."
1591588,2215431000.0,"A-Mark Precious Metals, Inc.",GOLD,"Gold.com, Inc.","Gold.com, Inc."
896262,2215385000.0,"AMEDISYS, INC.",,,"AMEDISYS, INC."
1828108,2214000000.0,"Aurora Innovation, Inc.",AUR,"Aurora Innovation, Inc.","Aurora Innovation, Inc."
1858257,2211996000.0,"AvidXchange Holdings, Inc.",,,"AvidXchange Holdings, Inc."
926326,2210758000.0,"OMNICELL, INC.",OMCL,"OMNICELL, INC.","OMNICELL, INC."
918965,2210130000.0,"ScanSource, Inc.",SCSC,"SCANSOURCE, INC.","SCANSOURCE, INC."
1115222,2209200000.0,DUN & BRADSTREET CORP/NW,,,DUN & BRADSTREET CORP/NW
1371541,2209100000.0,"Hanwha Q CELLS Co., Ltd.",,,"Hanwha Q CELLS Co., Ltd."
1950803,2207944760.0,StepStone Private Credit Fund LLC,,,StepStone Private Credit Fund LLC
1604643,2207357000.0,EVOQUA WATER TECHNOLOGIES CORP.,,,EVOQUA WATER TECHNOLOGIES CORP.
1642896,2207099000.0,SAMSARA INC.,IOT,Samsara Inc.,Samsara Inc.
885568,2204979000.0,OLD DOMINION ELECTRIC COOPERATIVE,,,OLD DOMINION ELECTRIC COOPERATIVE
310142,2204561000.0,Sensient Technologies Corp,SXT,SENSIENT TECHNOLOGIES CORP,SENSIENT TECHNOLOGIES CORP
21510,2204058000.0,"COHERENT, INC.",,,"COHERENT, INC."
1380393,2201374000.0,Fortress Investment Group LLC,,,Fortress Investment Group LLC
8947,2199474000.0,AZZ Inc.,AZZ,AZZ INC,AZZ INC
1544229,2198559000.0,"ENGILITY HOLDINGS, INC.",,,"ENGILITY HOLDINGS, INC."
1344980,2197687000.0,"ALLIANCE HOLDINGS GP, L.P.",,,"ALLIANCE HOLDINGS GP, L.P."
1692412,2196964000.0,Playa Hotels & Resorts N.V.,,,Playa Hotels & Resorts N.V.
1556727,2195363000.0,First Northwest Bancorp,FNWB,First Northwest Bancorp,First Northwest Bancorp
806279,2195052000.0,"CODORUS VALLEY BANCORP, INC.",,,"CODORUS VALLEY BANCORP, INC."
1070235,2194000000.0,BlackBerry Limited,BB,BLACKBERRY Ltd,BLACKBERRY Ltd
791907,2191481000.0,LINEAR TECHNOLOGY CORP /CA/,,,LINEAR TECHNOLOGY CORP /CA/
707886,2191345000.0,UNITED COMMUNITY FINANCIAL CORP,,,UNITED COMMUNITY FINANCIAL CORP
883569,2186897000.0,"FOSSIL GROUP, INC.",FOSL,"Fossil Group, Inc.","Fossil Group, Inc."
1230245,2181557000.0,PIPER SANDLER COMPANIES,PIPR,PIPER SANDLER COMPANIES,PIPER SANDLER COMPANIES
1834585,2180800000.0,JOANN Inc.,,,JOANN Inc.
842518,2178510000.0,"EVANS BANCORP, INC.",,,"EVANS BANCORP, INC."
1845257,2173871000.0,"LifeStance Health Group, Inc.",LFST,"LifeStance Health Group, Inc.","LifeStance Health Group, Inc."
51548,2172660000.0,INTERNATIONAL SPEEDWAY CORP,,,INTERNATIONAL SPEEDWAY CORP
1727263,2172000000.0,"Frontdoor, Inc.",FTDR,"Frontdoor, Inc.","Frontdoor, Inc."
1315399,2170332000.0,"PARKE BANCORP, INC.",PKBK,"PARKE BANCORP, INC.","PARKE BANCORP, INC."
1447051,2169592000.0,Territorial Bancorp Inc.,,,Territorial Bancorp Inc.
1038074,2169428000.0,SILICON LABORATORIES INC.,SLAB,SILICON LABORATORIES INC.,SILICON LABORATORIES INC.
1223389,2168769000.0,"CONN’S, INC.",,,"CONN’S, INC."
1091862,2168000000.0,Chemtura Corporation,,,Chemtura Corporation
1650962,2165300000.0,"Welbilt, Inc.",,,"Welbilt, Inc."
1677761,2163895000.0,"Parkway, Inc.",,,"Parkway, Inc."
355999,2163506000.0,ESSENDANT INC,,,ESSENDANT INC
1013934,2161747000.0,"Strategic Education, Inc.",STRA,"Strategic Education, Inc.","Strategic Education, Inc."
874238,2160890000.0,"STERLING INFRASTRUCTURE, INC.",STRL,"STERLING INFRASTRUCTURE, INC.","STERLING INFRASTRUCTURE, INC."
1522420,2158704000.0,"BSB BANCORP, INC.",,,"BSB BANCORP, INC."
1545654,2156300000.0,"Alexander & Baldwin, Inc.",,,"Alexander & Baldwin, Inc."
842517,2156168000.0,Isabella Bank Corp,ISBA,ISABELLA BANK CORP,ISABELLA BANK CORP
1725526,2156052000.0,HighPoint Resources Corporation,,,HighPoint Resources Corporation
1063344,2155536000.0,HERSHA HOSPITALITY TRUST,,,HERSHA HOSPITALITY TRUST
1013880,2153962000.0,"TTEC Holdings, Inc.",TTEC,"TTEC Holdings, Inc.","TTEC Holdings, Inc."
1841804,2153489000.0,"Instructure Holdings, Inc.",,,"Instructure Holdings, Inc."
1474464,2152380000.0,NEW YORK REIT LIQUIDATING LLC,,,NEW YORK REIT LIQUIDATING LLC
1868941,2151927000.0,"Fluence Energy, Inc.",FLNC,"Fluence Energy, Inc.","Fluence Energy, Inc."
1885968,2151917000.0,T Series Middle Market Loan Fund LLC,,,T Series Middle Market Loan Fund LLC
1056288,2151585000.0,"FEDERATED HERMES, INC.",FHI,"FEDERATED HERMES, INC.","FEDERATED HERMES, INC."
1713407,2150473000.0,Brookfield Real Estate Income Trust Inc.,,,Brookfield Real Estate Income Trust Inc.
1842827,2149694000.0,KANZHUN LIMITED,BZ,Kanzhun Ltd,Kanzhun Ltd
90896,2149251000.0,"CHAMPION HOMES, INC.",SKY,"Champion Homes, Inc.","Champion Homes, Inc."
1041803,2144440000.0,"PriceSmart, Inc.",PSMT,PRICESMART INC,PRICESMART INC
949157,2142300000.0,Century Aluminum Company,CENX,CENTURY ALUMINUM CO,CENTURY ALUMINUM CO
704532,2140266000.0,ONTO INNOVATION INC.,ONTO,ONTO INNOVATION INC.,ONTO INNOVATION INC.
907254,2139684000.0,"SAUL CENTERS, INC.",BFS,"SAUL CENTERS, INC.","SAUL CENTERS, INC."
1478454,2137633000.0,"Eagle Bancorp Montana, Inc.",EBMT,"Eagle Bancorp Montana, Inc.","Eagle Bancorp Montana, Inc."
1132651,2134926000.0,AMES NATIONAL CORPORATION,ATLO,AMES NATIONAL CORP,AMES NATIONAL CORP
2027317,2133803000.0,Curbline Properties Corp.,CURB,Curbline Properties Corp.,Curbline Properties Corp.
1070680,2133537000.0,CF BANKSHARES INC.,CFBK,CF BANKSHARES INC.,CF BANKSHARES INC.
1437106,2132432000.0,"ASCENT CAPITAL GROUP, INC.",,,"ASCENT CAPITAL GROUP, INC."
1577095,2128714000.0,"ClubCorp Holdings, Inc.",,,"ClubCorp Holdings, Inc."
1761940,2128382000.0,Diamond S Shipping Inc.,,,Diamond S Shipping Inc.
1312109,2128127000.0,Silvergate Capital Corp,,,Silvergate Capital Corp
1846017,2127504000.0,BLUE FOUNDRY BANCORP,,,BLUE FOUNDRY BANCORP
1587987,2126217000.0,"NEWTEKONE, INC.",NEWT,"NewtekOne, Inc.","NewtekOne, Inc."
1794338,2124090000.0,International General Insurance Holdings Ltd.,IGIC,International General Insurance Holdings Ltd.,International General Insurance Holdings Ltd.
1959348,2124000000.0,WK Kellogg Co,,,WK Kellogg Co
1861795,2122624000.0,Definitive Healthcare Corp.,DH,Definitive Healthcare Corp.,Definitive Healthcare Corp.
1514705,2120900000.0,"SUNCOKE ENERGY, INC.",SXC,"SunCoke Energy, Inc.","SunCoke Energy, Inc."
1356104,2119789000.0,"MELLANOX TECHNOLOGIES, LTD.",,,"MELLANOX TECHNOLOGIES, LTD."
813920,2119549000.0,CEC ENTERTAINMENT INC,,,CEC ENTERTAINMENT INC
1540729,2119119000.0,Foresight Energy LP,,,Foresight Energy LP
911109,2116877000.0,MOBILE MINI INC,,,MOBILE MINI INC
1521036,2116077000.0,"LANTHEUS HOLDINGS, INC.",LNTH,"Lantheus Holdings, Inc.","Lantheus Holdings, Inc."
1693577,2114781000.0,"MainStreet Bancshares, Inc.",MNSB,"MainStreet Bancshares, Inc.","MainStreet Bancshares, Inc."
1337619,2112165000.0,"Envestnet, Inc.",,,"Envestnet, Inc."
1707178,2109000000.0,CorePoint Lodging Inc.,,,CorePoint Lodging Inc.
892537,2107914000.0,MANTECH INTERNATIONAL CORP,,,MANTECH INTERNATIONAL CORP
1981599,2107777000.0,"Centuri Holdings, Inc.",CTRI,"Centuri Holdings, Inc.","Centuri Holdings, Inc."
1490892,2100999000.0,CoreSite Realty Corp,,,CoreSite Realty Corp
1265888,2098712000.0,NEUSTAR INC,,,NEUSTAR INC
1459200,2098054000.0,"ALARM.COM HOLDINGS, INC.",ALRM,"Alarm.com Holdings, Inc.","Alarm.com Holdings, Inc."
1769663,2096425000.0,"Pioneer Bancorp, Inc./MD",PBFS,"Pioneer Bancorp, Inc./MD","Pioneer Bancorp, Inc./MD"
1325955,2095301000.0,"Alon USA Energy, Inc.",,,"Alon USA Energy, Inc."
1781870,2095201000.0,"New Mountain Guardian III BDC, L.L.C.",,,"New Mountain Guardian III BDC, L.L.C."
1609471,2094691000.0,"WATERMARK LODGING TRUST, INC.",,,"WATERMARK LODGING TRUST, INC."
1610250,2093826000.0,"Boot Barn Holdings, Inc.",BOOT,"Boot Barn Holdings, Inc.","Boot Barn Holdings, Inc."
754673,2092291000.0,SUFFOLK BANCORP,,,SUFFOLK BANCORP
1362004,2092258000.0,"ICF International, Inc.",ICFI,"ICF International, Inc.","ICF International, Inc."
1656472,2090442000.0,CRONOS GROUP INC.,CRON,Cronos Group Inc.,Cronos Group Inc.
1721947,2089871000.0,JAMF HOLDING CORP.,,,JAMF HOLDING CORP.
1031316,2088133000.0,Franklin Street Properties Corp.,FSP,FRANKLIN STREET PROPERTIES CORP /MA/,FRANKLIN STREET PROPERTIES CORP /MA/
2030772,2078099000.0,Blackstone Infrastructure Strategies L.P.,,,Blackstone Infrastructure Strategies L.P.
1494904,2075885000.0,"GLOBAL INDEMNITY GROUP, LLC",GBLI,"Global Indemnity Group, LLC","Global Indemnity Group, LLC"
1173514,2075100000.0,"HYSTER-YALE, INC.",HY,"HYSTER-YALE, INC.","HYSTER-YALE, INC."
825313,2074626000.0,ALLIANCEBERNSTEIN HOLDING L.P.,AB,ALLIANCEBERNSTEIN HOLDING L.P.,ALLIANCEBERNSTEIN HOLDING L.P.
1737924,2074396000.0,NUVEEN CHURCHILL DIRECT LENDING CORP.,NCDL,Nuveen Churchill Direct Lending Corp.,Nuveen Churchill Direct Lending Corp.
1977303,2074200000.0,ARCADIUM LITHIUM PLC,,,ARCADIUM LITHIUM PLC
1742924,2074200000.0,LIVENT CORPORATION,,,LIVENT CORPORATION
1384905,2073662000.0,"RingCentral, Inc.",RNG,"RingCentral, Inc.","RingCentral, Inc."
1606498,2071800000.0,"AVANOS MEDICAL, INC.",,,"AVANOS MEDICAL, INC."
919864,2070339000.0,FINWARD BANCORP,FNWD,Finward Bancorp,Finward Bancorp
1094810,2063776000.0,"MutualFirst Financial Inc,",,,"MutualFirst Financial Inc,"
726517,2062658000.0,MERCHANTS BANCSHARES INC,,,MERCHANTS BANCSHARES INC
842183,2061498000.0,RPT Realty,,,RPT Realty
1531031,2059977000.0,"Esquire Financial Holdings, Inc.",ESQ,"Esquire Financial Holdings, Inc.","Esquire Financial Holdings, Inc."
88000,2059018000.0,Scott's Liquid Gold - Inc.,HKHC,Horizon Kinetics Holding Corp,Horizon Kinetics Holding Corp
1502034,2055842000.0,"GNC HOLDINGS, INC.",,,"GNC HOLDINGS, INC."
1564406,2054700000.0,"Oak Street Health, Inc.",,,"Oak Street Health, Inc."
1159036,2053899000.0,"HALOZYME THERAPEUTICS, INC.",HALO,"HALOZYME THERAPEUTICS, INC.","HALOZYME THERAPEUTICS, INC."
1006424,2053175000.0,"Bear State Financial, Inc.",,,"Bear State Financial, Inc."
1295484,2052564000.0,"51job, Inc.",,,"51job, Inc."
1395317,2050438000.0,DJO FINANCE LLC,,,DJO FINANCE LLC
932781,2046265000.0,First Community Corporation,FCCO,FIRST COMMUNITY CORP /SC/,FIRST COMMUNITY CORP /SC/
1689731,2045204000.0,"Southern States Bancshares, Inc.",,,"Southern States Bancshares, Inc."
1786108,2045024000.0,TRINITY CAPITAL INC.,TRIN,Trinity Capital Inc.,Trinity Capital Inc.
1273441,2044664000.0,GRAN TIERRA ENERGY INC.,GTE,GRAN TIERRA ENERGY INC.,GRAN TIERRA ENERGY INC.
1752036,2042215000.0,CALIFORNIA BANCORP,,,CALIFORNIA BANCORP
719402,2041441000.0,FIRST NATIONAL CORP /VA/,FXNC,FIRST NATIONAL CORP /VA/,FIRST NATIONAL CORP /VA/
1840776,2040575000.0,"HAGERTY, INC.",HGTY,"Hagerty, Inc.","Hagerty, Inc."
1680062,2039715000.0,"ACM Research, Inc.",ACMR,"ACM Research, Inc.","ACM Research, Inc."
1000753,2039261000.0,"Insperity, Inc.",NSP,"INSPERITY, INC.","INSPERITY, INC."
1157377,2036878000.0,ADVISORY BOARD CO,,,ADVISORY BOARD CO
939930,2036315000.0,"Pyxus International, Inc.",PYYX,"PYXUS INTERNATIONAL, INC.","PYXUS INTERNATIONAL, INC."
1473078,2035374000.0,CHESAPEAKE LODGING TRUST,,,CHESAPEAKE LODGING TRUST
880641,2035080000.0,"EAGLE FINANCIAL SERVICES, INC.",EFSI,EAGLE FINANCIAL SERVICES INC,EAGLE FINANCIAL SERVICES INC
1579878,2034663000.0,"FIGMA, INC.",FIG,"Figma, Inc.","Figma, Inc."
866729,2034000000.0,SCHOLASTIC CORPORATION,SCHL,SCHOLASTIC CORP,SCHOLASTIC CORP
1265107,2033717000.0,"MONITRONICS INTERNATIONAL, INC",,,"MONITRONICS INTERNATIONAL, INC"
798359,2033301000.0,CENTERSPACE,CSR,CENTERSPACE,CENTERSPACE
1604416,2030400000.0,"NEXEO SOLUTIONS, INC.",,,"NEXEO SOLUTIONS, INC."
2026738,2028525000.0,Fortress Credit Realty Income Trust,,,Fortress Credit Realty Income Trust
1653558,2027420000.0,"Priority Technology Holdings, Inc.",PRTH,"Priority Technology Holdings, Inc.","Priority Technology Holdings, Inc."
1609804,2024900000.0,ORION S.A.,OEC,Orion S.A.,Orion S.A.
921547,2024890000.0,HERITAGE OAKS BANCORP,,,HERITAGE OAKS BANCORP
1262976,2023334000.0,Cimpress plc,CMPR,CIMPRESS plc,CIMPRESS plc
908311,2022884000.0,CREATIVE MEDIA & COMMUNITY TRUST CORPORATION,CMCT,Creative Media & Community Trust Corp,Creative Media & Community Trust Corp
1964789,2021365000.0,Hut 8 Corp.,HUT,Hut 8 Corp.,Hut 8 Corp.
1580905,2020100000.0,"Installed Building Products, Inc.",IBP,"Installed Building Products, Inc.","Installed Building Products, Inc."
1610466,2019000000.0,"Shell Midstream Partners, L.P.",,,"Shell Midstream Partners, L.P."
850460,2018732000.0,ENCORE WIRE CORPORATION,,,ENCORE WIRE CORPORATION
38725,2017900000.0,"FRANKLIN ELECTRIC CO., INC.",FELE,FRANKLIN ELECTRIC CO INC,FRANKLIN ELECTRIC CO INC
1052752,2015148000.0,GETTY REALTY CORP.,GTY,GETTY REALTY CORP /MD/,GETTY REALTY CORP /MD/
77159,2014207000.0,RANGER OIL CORPORATION,,,RANGER OIL CORPORATION
1911066,2013773000.0,NUVEEN CHURCHILL PRIVATE CAPITAL INCOME FUND,,,NUVEEN CHURCHILL PRIVATE CAPITAL INCOME FUND
1095996,2011280000.0,WILLIAM LYON HOMES,,,WILLIAM LYON HOMES
1997859,2009759000.0,WEBTOON Entertainment Inc.,WBTN,WEBTOON Entertainment Inc.,WEBTOON Entertainment Inc.
763907,2007471000.0,First United Corporation,FUNC,FIRST UNITED CORP/MD/,FIRST UNITED CORP/MD/
93389,2007348000.0,"Standard Motor Products, Inc.",SMP,"STANDARD MOTOR PRODUCTS, INC.","STANDARD MOTOR PRODUCTS, INC."
857737,2005515000.0,"ICONIX BRAND GROUP, INC.",,,"ICONIX BRAND GROUP, INC."
1611052,2004101000.0,"Procore Technologies, Inc.",PCOR,"PROCORE TECHNOLOGIES, INC.","PROCORE TECHNOLOGIES, INC."
851205,2003541000.0,COGNEX CORP,CGNX,COGNEX CORP,COGNEX CORP
1493594,2003272000.0,"MACOM Technology Solutions Holdings, Inc.",MTSI,"MACOM Technology Solutions Holdings, Inc.","MACOM Technology Solutions Holdings, Inc."
1476264,2002911000.0,"WashingtonFirst Bankshares, Inc.",,,"WashingtonFirst Bankshares, Inc."
1657197,2002263000.0,"COTIVITI HOLDINGS, INC.",,,"COTIVITI HOLDINGS, INC."
1028954,2001657000.0,SB ONE BANCORP,,,SB ONE BANCORP
34115,2000206000.0,CLAIRES STORES INC,,,CLAIRES STORES INC
716605,2000080000.0,"PENNS WOODS BANCORP, INC.",,,"PENNS WOODS BANCORP, INC."
1650445,1994370000.0,QUORUM HEALTH CORPORATION,,,QUORUM HEALTH CORPORATION
912093,1993800000.0,VIAVI SOLUTIONS INC.,VIAV,VIAVI SOLUTIONS INC.,VIAVI SOLUTIONS INC.
1405495,1984709000.0,"INTERDIGITAL, INC.",IDCC,"InterDigital, Inc.","InterDigital, Inc."
1450922,1982604000.0,abrdn Silver ETF Trust,SIVR,abrdn Silver ETF Trust,abrdn Silver ETF Trust
1966394,1981695000.0,Fortress Net Lease REIT,,,Fortress Net Lease REIT
906709,1977356000.0,NEKTAR THERAPEUTICS,NKTR,NEKTAR THERAPEUTICS,NEKTAR THERAPEUTICS
1278021,1974938000.0,MARKETAXESS HOLDINGS INC.,MKTX,MARKETAXESS HOLDINGS INC,MARKETAXESS HOLDINGS INC
1847398,1973884000.0,"NORTHEAST COMMUNITY BANCORP, INC.",NECB,"NorthEast Community Bancorp, Inc./MD/","NorthEast Community Bancorp, Inc./MD/"
3116,1973720000.0,AKORN INC,,,AKORN INC
1521847,1973254000.0,AMPLIFY ENERGY CORP,,,AMPLIFY ENERGY CORP
1423221,1972677000.0,QUANEX BUILDING PRODUCTS CORPORATION,NX,Quanex Building Products CORP,Quanex Building Products CORP
890491,1968956000.0,BARNES & NOBLE INC,,,BARNES & NOBLE INC
1431567,1968346000.0,Oak Valley Bancorp,OVLY,Oak Valley Bancorp,Oak Valley Bancorp
1519401,1967131000.0,Regional Management Corp.,RM,Regional Management Corp.,Regional Management Corp.
1257640,1965800000.0,"KRONOS WORLDWIDE, INC.",KRO,KRONOS WORLDWIDE INC,KRONOS WORLDWIDE INC
1424929,1965002000.0,Fox Factory Holding Corp.,FOXF,FOX FACTORY HOLDING CORP,FOX FACTORY HOLDING CORP
1845338,1963971000.0,monday.com Ltd.,MNDY,monday.com Ltd.,monday.com Ltd.
1968487,1961800000.0,"WORTHINGTON STEEL, INC.",WS,"Worthington Steel, Inc.","Worthington Steel, Inc."
1559865,1961345000.0,"EVERTEC, Inc.",EVTC,"EVERTEC, Inc.","EVERTEC, Inc."
1275014,1960900000.0,"Ultra Clean Holdings, Inc.",UCTT,"Ultra Clean Holdings, Inc.","Ultra Clean Holdings, Inc."
1378718,1958045000.0,"Wesco Aircraft Holdings, Inc.",,,"Wesco Aircraft Holdings, Inc."
1046050,1957192000.0,"TIMBERLAND BANCORP, INC.",TSBK,TIMBERLAND BANCORP INC,TIMBERLAND BANCORP INC
1692951,1955637000.0,"Cottonwood Communities, Inc.",,,"Cottonwood Communities, Inc."
929887,1955243000.0,Apollo Education Group Inc,,,Apollo Education Group Inc
1501134,1954116000.0,Invitae Corporation,,,Invitae Corporation
1527383,1953062000.0,BankGuam Holding Co,,,BankGuam Holding Co
1669812,1952000000.0,"LSC COMMUNICATIONS, INC.",,,"LSC COMMUNICATIONS, INC."
105418,1951668000.0,"WEIS MARKETS, INC",WMK,WEIS MARKETS INC,WEIS MARKETS INC
1600470,1951177000.0,MONTAGE RESOURCES CORP,,,MONTAGE RESOURCES CORP
1920453,1950895971.0,Fidelity Private Credit Fund,,,Fidelity Private Credit Fund
67625,1947127000.0,MONMOUTH REAL ESTATE INVESTMENT CORPORATION,,,MONMOUTH REAL ESTATE INVESTMENT CORPORATION
1394029,1944378000.0,YINGLI GREEN ENERGY HOLDING CO LTD,,,YINGLI GREEN ENERGY HOLDING CO LTD
1220754,1944272000.0,ModivCare Inc.,,,ModivCare Inc.
1666134,1943656000.0,"BLACKLINE, INC.",BL,"BLACKLINE, INC.","BLACKLINE, INC."
926282,1943494000.0,"ADTRAN Holdings, Inc.",ADTN,"ADTRAN Holdings, Inc.","ADTRAN Holdings, Inc."
745981,1943340000.0,MIDSOUTH BANCORP INC,,,MIDSOUTH BANCORP INC
2002473,1942151000.0,Bowhead Specialty Holdings Inc.,BOW,Bowhead Specialty Holdings Inc.,Bowhead Specialty Holdings Inc.
1821393,1940331000.0,"THE AARON'S COMPANY, INC.",,,"THE AARON'S COMPANY, INC."
1883313,1939121000.0,"Savers Value Village, Inc.",SVV,"Savers Value Village, Inc.","Savers Value Village, Inc."
1824502,1938300000.0,Archer Aviation Inc.,ACHR,Archer Aviation Inc.,Archer Aviation Inc.
1126874,1937981000.0,ENERPLUS CORPORATION,,,ENERPLUS CORPORATION
1369868,1937858497.0,"China Biologic Products Holdings, Inc.",,,"China Biologic Products Holdings, Inc."
1370755,1936968600.0,BlackRock TCP Capital Corp.,TCPC,BlackRock TCP Capital Corp.,BlackRock TCP Capital Corp.
1691421,1934600000.0,"Lemonade, Inc.",LMND,"Lemonade, Inc.","Lemonade, Inc."
853816,1931879000.0,"Landstar System, Inc.",LSTR,LANDSTAR SYSTEM INC,LANDSTAR SYSTEM INC
1005284,1931698000.0,UNIVERSAL DISPLAY CORPORATION,OLED,UNIVERSAL DISPLAY CORP \PA\,UNIVERSAL DISPLAY CORP \PA\
1315257,1930800000.0,KOPPERS HOLDINGS INC.,KOP,Koppers Holdings Inc.,Koppers Holdings Inc.
1800682,1928927000.0,"CANO HEALTH, INC.",,,"CANO HEALTH, INC."
1382230,1927229000.0,"ESSA Bancorp, Inc.",,,"ESSA Bancorp, Inc."
57131,1925953000.0,LA-Z-BOY INCORPORATED,LZB,LA-Z-BOY INC,LA-Z-BOY INC
836147,1924369000.0,Middlefield Banc Corp.,,,Middlefield Banc Corp.
893847,1923540000.0,"HAWTHORN BANCSHARES, INC.",HWBK,"HAWTHORN BANCSHARES, INC.","HAWTHORN BANCSHARES, INC."
1819516,1923225000.0,WHEELS UP EXPERIENCE INC.,UP,Wheels Up Experience Inc.,Wheels Up Experience Inc.
1705110,1921611000.0,Angi Inc.,ANGI,Angi Inc.,Angi Inc.
355379,1920431000.0,Midwest Holding Inc.,,,Midwest Holding Inc.
26076,1920029000.0,Cubic Corporation,,,Cubic Corporation
1318568,1918243000.0,EVERI HOLDINGS INC.,,,EVERI HOLDINGS INC.
277509,1916000000.0,FEDERAL SIGNAL CORPORATION,FSS,FEDERAL SIGNAL CORP /DE/,FEDERAL SIGNAL CORP /DE/
48287,1912000000.0,HNI Corporation,HNI,HNI CORP,HNI CORP
1366868,1909149000.0,"GLOBALSTAR, INC.",GSAT,"Globalstar, Inc.","Globalstar, Inc."
1619954,1908634000.0,"INOVALON HOLDINGS, INC.",,,"INOVALON HOLDINGS, INC."
1517175,1907254000.0,"THE CHEFS’ WAREHOUSE, INC.",CHEF,"Chefs' Warehouse, Inc.","Chefs' Warehouse, Inc."
1563407,1907095000.0,"Smart & Final Stores, Inc.",,,"Smart & Final Stores, Inc."
1728190,1906137000.0,HUYA Inc.,HUYA,HUYA Inc.,HUYA Inc.
1574815,1906101000.0,"BMC STOCK HOLDINGS, INC.",,,"BMC STOCK HOLDINGS, INC."
1594590,1903731000.0,Paragon Offshore plc,,,Paragon Offshore plc
1795586,1902474000.0,"Chime Financial, Inc.",CHYM,"Chime Financial, Inc.","Chime Financial, Inc."
1606440,1901842000.0,"Reliant Bancorp, Inc.",,,"Reliant Bancorp, Inc."
354963,1898902000.0,SHENANDOAH TELECOMMUNICATIONS COMPANY,SHEN,SHENANDOAH TELECOMMUNICATIONS CO/VA/,SHENANDOAH TELECOMMUNICATIONS CO/VA/
1318084,1898400000.0,"Core-Mark Holding Company, LLC",,,"Core-Mark Holding Company, LLC"
1517413,1896113000.0,"FASTLY, INC.",FSLY,"Fastly, Inc.","Fastly, Inc."
913241,1895078000.0,"STEVEN MADDEN, LTD.",SHOO,"STEVEN MADDEN, LTD.","STEVEN MADDEN, LTD."
755001,1892700000.0,UNITIL CORPORATION,UTL,UNITIL CORP,UNITIL CORP
19446,1890898000.0,CANTEL MEDICAL LLC,,,CANTEL MEDICAL LLC
1916099,1888872000.0,Diameter Credit Company,,,Diameter Credit Company
1573166,1886700000.0,"JONES ENERGY, INC.",,,"JONES ENERGY, INC."
750558,1884828000.0,QNB Corp.,QNBC,QNB CORP.,QNB CORP.
61986,1883800000.0,"The Manitowoc Company, Inc.",MTW,MANITOWOC CO INC,MANITOWOC CO INC
876523,1883068000.0,"EZCORP, Inc.",EZPW,EZCORP INC,EZCORP INC
17313,1882412000.0,CAPITAL SOUTHWEST CORPORATION,CSWC,CAPITAL SOUTHWEST CORP,CAPITAL SOUTHWEST CORP
1780312,1881362000.0,"AST SpaceMobile, Inc.",ASTS,"AST SpaceMobile, Inc.","AST SpaceMobile, Inc."
1534254,1880781000.0,CION Investment Corporation,CION,CION Investment Corp,CION Investment Corp
1409171,1877942000.0,TITAN MACHINERY INC.,TITN,Titan Machinery Inc.,Titan Machinery Inc.
1441236,1877700000.0,CLEARWATER PAPER CORPORATION,CLW,Clearwater Paper Corp,Clearwater Paper Corp
1773751,1877582000.0,"Hims & Hers Health, Inc.",HIMS,"Hims & Hers Health, Inc.","Hims & Hers Health, Inc."
1506401,1876700000.0,"INFRAREIT, INC.",,,"INFRAREIT, INC."
1114927,1871990000.0,First Northern Community Bancorp,FNRN,FIRST NORTHERN COMMUNITY BANCORP,FIRST NORTHERN COMMUNITY BANCORP
1144879,1870090000.0,"Applied Blockchain, Inc.",APLD,Applied Digital Corp.,Applied Digital Corp.
814547,1862023000.0,FAIR ISAAC CORP,FICO,FAIR ISAAC CORP,FAIR ISAAC CORP
7431,1862000000.0,"ARMSTRONG WORLD INDUSTRIES, INC.",AWI,ARMSTRONG WORLD INDUSTRIES INC,ARMSTRONG WORLD INDUSTRIES INC
812128,1861168000.0,SANDERSON FARMS INC,,,SANDERSON FARMS INC
1308208,1859704000.0,"UNIVERSAL LOGISTICS HOLDINGS, INC.",ULH,"UNIVERSAL LOGISTICS HOLDINGS, INC.","UNIVERSAL LOGISTICS HOLDINGS, INC."
1421182,1855000000.0,VERSO CORPORATION,,,VERSO CORPORATION
1839341,1850741000.0,"Core Scientific, Inc./tx",CORZ,"Core Scientific, Inc./tx","Core Scientific, Inc./tx"
1570774,1845851000.0,TRAC Intermodal LLC,,,TRAC Intermodal LLC
1646587,1845392000.0,NORTHSTAR REALTY EUROPE CORP.,,,NORTHSTAR REALTY EUROPE CORP.
1056087,1836754000.0,MCCLATCHY CO,,,MCCLATCHY CO
1746129,1836346000.0,BANK7 CORP.,BSVN,Bank7 Corp.,Bank7 Corp.
1401257,1835192000.0,"FORUM ENERGY TECHNOLOGIES, INC.",FET,"FORUM ENERGY TECHNOLOGIES, INC.","FORUM ENERGY TECHNOLOGIES, INC."
35214,1834621000.0,FERRO CORP,,,FERRO CORP
1698514,1828327000.0,NATIONAL ENERGY SERVICES REUNITED CORP.,NESR,National Energy Services Reunited Corp.,National Energy Services Reunited Corp.
1837240,1827411000.0,SYMBOTIC INC.,SYM,Symbotic Inc.,Symbotic Inc.
1678463,1824786000.0,"FORTERRA, INC.",,,"FORTERRA, INC."
1699136,1824529000.0,"Cactus, Inc.",WHD,"Cactus, Inc.","Cactus, Inc."
1003642,1823018000.0,"Impax Laboratories, LLC",,,"Impax Laboratories, LLC"
912603,1822619000.0,"RADIUS RECYCLING, INC.",,,"RADIUS RECYCLING, INC."
1447599,1821926000.0,"FITBIT, INC.",,,"FITBIT, INC."
1575879,1821500000.0,CAESARS ACQUISITION COMPANY,,,CAESARS ACQUISITION COMPANY
1021561,1820970000.0,"NU SKIN ENTERPRISES, INC.",NUS,"NU SKIN ENTERPRISES, INC.","NU SKIN ENTERPRISES, INC."
1598110,1819401000.0,CYBERARK SOFTWARE LTD.,,,CYBERARK SOFTWARE LTD.
1902649,1818275226.0,BLACKROCK PRIVATE CREDIT FUND,,,BLACKROCK PRIVATE CREDIT FUND
1367859,1816386000.0,"CITIZENS COMMUNITY BANCORP, INC.",CZWI,Citizens Community Bancorp Inc.,Citizens Community Bancorp Inc.
1582961,1815631000.0,"DigitalOcean Holdings, Inc.",DOCN,"DigitalOcean Holdings, Inc.","DigitalOcean Holdings, Inc."
1022646,1815276000.0,ULTRA PETROLEUM CORP.,,,ULTRA PETROLEUM CORP.
1294404,1812902000.0,Fang Holdings Ltd,,,Fang Holdings Ltd
1286681,1811293000.0,DOMINOS PIZZA INC,DPZ,DOMINOS PIZZA INC,DOMINOS PIZZA INC
1459417,1810859000.0,"2U, LLC",,,"2U, LLC"
1616533,1807660000.0,"PENGUIN SOLUTIONS, INC.",PENG,"Penguin Solutions, Inc.","Penguin Solutions, Inc."
1634452,1807379145.0,AB Private Credit Investors Corporation,,,AB Private Credit Investors Corporation
1564657,1807000000.0,"NorthStar Real Estate Income II, Inc.",,,"NorthStar Real Estate Income II, Inc."
796534,1806610000.0,National Bankshares Inc.,NKSH,NATIONAL BANKSHARES INC,NATIONAL BANKSHARES INC
1054905,1806100000.0,INNOSPEC INC.,IOSP,INNOSPEC INC.,INNOSPEC INC.
1433642,1802038000.0,Hamilton Lane Inc,HLNE,Hamilton Lane INC,Hamilton Lane INC
14195,1800876000.0,BRIGGS & STRATTON CORP,,,BRIGGS & STRATTON CORP
876427,1799175000.0,"MONRO, INC.",MNRO,"MONRO, INC.","MONRO, INC."
1022408,1799135000.0,ePlus inc.,PLUS,EPLUS INC,EPLUS INC
887905,1795357000.0,"LTC PROPERTIES, INC.",LTC,LTC PROPERTIES INC,LTC PROPERTIES INC
315858,1793268000.0,BLUEGREEN VACATIONS HOLDING CORPORATION,,,BLUEGREEN VACATIONS HOLDING CORPORATION
1483510,1790739000.0,"EXP OldCo Winddown, Inc.",,,"EXP OldCo Winddown, Inc."
1498415,1789890000.0,"HCBF Holding Company, Inc.",,,"HCBF Holding Company, Inc."
1845437,1789474000.0,NET Power Inc.,NPWR,Net Power Inc.,Net Power Inc.
816159,1789265000.0,AIR METHODS CORP,,,AIR METHODS CORP
1701040,1787068000.0,CISION LTD.,,,CISION LTD.
1286131,1787013000.0,STONEMOR PARTNERS LP,,,STONEMOR PARTNERS LP
1463258,1785349000.0,"Renewable Energy Group, Inc.",,,"Renewable Energy Group, Inc."
1638826,1783881000.0,"ServiceTitan, Inc.",TTAN,"ServiceTitan, Inc.","ServiceTitan, Inc."
887919,1781010000.0,"PREMIER FINANCIAL BANCORP, INC.",,,"PREMIER FINANCIAL BANCORP, INC."
1005229,1779192000.0,COLUMBUS MCKINNON CORPORATION,CMCO,COLUMBUS MCKINNON CORP,COLUMBUS MCKINNON CORP
1648257,1775940000.0,HutchMED (China) LIMITED,HCM,HUTCHMED (China) Ltd,HUTCHMED (China) Ltd
1620533,1775033000.0,SHAKE SHACK INC.,SHAK,Shake Shack Inc.,Shake Shack Inc.
1454938,1774913000.0,OUTBRAIN INC.,TEAD,Teads Holding Co.,Teads Holding Co.
1710583,1773743000.0,"SWITCH, INC.",,,"SWITCH, INC."
1831481,1772038000.0,SABLE OFFSHORE CORP.,SOC,Sable Offshore Corp.,Sable Offshore Corp.
1832332,1770971000.0,Aveanna Healthcare Holdings Inc.,AVAH,"Aveanna Healthcare Holdings, Inc.","Aveanna Healthcare Holdings, Inc."
1522540,1770346000.0,"Marqeta, Inc.",MQ,"Marqeta, Inc.","Marqeta, Inc."
1455650,1768480000.0,"NorthStar Real Estate Income Trust, Inc.",,,"NorthStar Real Estate Income Trust, Inc."
1847462,1767770000.0,Ayr Wellness Inc.,AYRWF,Ayr Wellness Inc.,Ayr Wellness Inc.
2046042,1767618000.0,"Jefferson Capital, Inc. / DE",JCAP,"Jefferson Capital, Inc. / DE","Jefferson Capital, Inc. / DE"
1299130,1767086000.0,"Pacific Biosciences of California, Inc.",PACB,"PACIFIC BIOSCIENCES OF CALIFORNIA, INC.","PACIFIC BIOSCIENCES OF CALIFORNIA, INC."
1776197,1765115000.0,AKUMIN INC.,,,AKUMIN INC.
1671013,1763958000.0,Cardtronics plc,,,Cardtronics plc
1546652,1763593094.0,VANECK MERK GOLD ETF,OUNZ,VanEck Merk Gold ETF,VanEck Merk Gold ETF
1490281,1761377000.0,"Groupon, Inc.",GRPN,"Groupon, Inc.","Groupon, Inc."
1596993,1760213403.0,DORIAN LPG LTD.,LPG,DORIAN LPG LTD.,DORIAN LPG LTD.
1449794,1759315000.0,"Embassy Bancorp, Inc.",EMYB,"Embassy Bancorp, Inc.","Embassy Bancorp, Inc."
1576789,1758367000.0,WIX.COM LTD.,WIX,Wix.com Ltd.,Wix.com Ltd.
1604821,1757066000.0,"Natera, Inc.",NTRA,"Natera, Inc.","Natera, Inc."
1682745,1756269000.0,VERRA MOBILITY CORPORATION,VRRM,VERRA MOBILITY Corp,VERRA MOBILITY Corp
1050140,1756024000.0,DESCARTES SYSTEMS GROUP INC,DSGX,DESCARTES SYSTEMS GROUP INC,DESCARTES SYSTEMS GROUP INC
57725,1752922000.0,"LANNETT COMPANY, INC",,,"LANNETT COMPANY, INC"
810136,1752765000.0,"PHOTRONICS, INC.",PLAB,PHOTRONICS INC,PHOTRONICS INC
899751,1752403000.0,"TITAN INTERNATIONAL, INC.",TWI,TITAN INTERNATIONAL INC,TITAN INTERNATIONAL INC
703604,1751983000.0,"DISTRIBUTION SOLUTIONS GROUP, INC.",DSGR,"Distribution Solutions Group, Inc.","Distribution Solutions Group, Inc."
809248,1751460000.0,"CARROLS RESTAURANT GROUP, INC.",,,"CARROLS RESTAURANT GROUP, INC."
922358,1745620000.0,Ferrellgas Partners L P,FGPR,FERRELLGAS PARTNERS L P,FERRELLGAS PARTNERS L P
1035976,1745530000.0,"FNCB Bancorp, Inc.",,,"FNCB Bancorp, Inc."
24090,1744936000.0,"CITIZENS, INC.",CIA,"CITIZENS, INC.","CITIZENS, INC."
1828182,1744100000.0,"Signify Health, Inc.",,,"Signify Health, Inc."
1104657,1741207000.0,MATERION CORPORATION,MTRN,MATERION Corp,MATERION Corp
87565,1741026000.0,SCHULMAN A INC,,,SCHULMAN A INC
1071255,1740917000.0,"GOLDEN ENTERTAINMENT, INC.",,,"GOLDEN ENTERTAINMENT, INC."
1077183,1740034000.0,"NEOGENOMICS, INC.",NEO,NEOGENOMICS INC,NEOGENOMICS INC
20740,1739092000.0,CLARCOR INC.,,,CLARCOR INC.
1564180,1738007000.0,KNOT Offshore Partners LP,KNOP,KNOT Offshore Partners LP,KNOT Offshore Partners LP
746598,1734253000.0,BRADY CORP,BRC,BRADY CORP,BRADY CORP
1350593,1730400000.0,"MUELLER WATER PRODUCTS, INC.",MWA,"Mueller Water Products, Inc.","Mueller Water Products, Inc."
1121484,1727867000.0,"Oil States International, Inc",OIS,"OIL STATES INTERNATIONAL, INC","OIL STATES INTERNATIONAL, INC"
1293971,1727424000.0,"bluebird bio, Inc.",,,"bluebird bio, Inc."
1688476,1727168000.0,NexTier Oilfield Solutions Inc.,,,NexTier Oilfield Solutions Inc.
819793,1723453000.0,ALBANY INTERNATIONAL CORP.,AIN,ALBANY INTERNATIONAL CORP /DE/,ALBANY INTERNATIONAL CORP /DE/
1637913,1722000000.0,MILACRON HOLDINGS CORP.,,,MILACRON HOLDINGS CORP.
1753886,1719368000.0,STONEMOR INC.,,,STONEMOR INC.
19584,1717847000.0,CHEMED CORPORATION,CHE,CHEMED CORP,CHEMED CORP
351817,1716362000.0,"SilverBow Resources, Inc.",,,"SilverBow Resources, Inc."
1441849,1714776000.0,CLOUD PEAK ENERGY INC.,,,CLOUD PEAK ENERGY INC.
1831097,1712895000.0,"agilon health, inc.",AGL,"agilon health, inc.","agilon health, inc."
1499543,1710568000.0,Noah Holdings Ltd,NOAH,NOAH HOLDINGS LTD,NOAH HOLDINGS LTD
1253317,1709019630.0,OLD LINE BANCSHARES INC,,,OLD LINE BANCSHARES INC
1297989,1708503000.0,"EXLSERVICE HOLDINGS, INC.",EXLS,"ExlService Holdings, Inc.","ExlService Holdings, Inc."
1458696,1708037000.0,CHANGYOU.COM LTD,,,CHANGYOU.COM LTD
879585,1707869000.0,"ATN INTERNATIONAL, INC.",ATNI,"ATN International, Inc.","ATN International, Inc."
923603,1707092000.0,FelCor Lodging Trust Incorporated,,,FelCor Lodging Trust Incorporated
1828105,1706200000.0,HIPPO HOLDINGS INC.,HIPO,Hippo Holdings Inc.,Hippo Holdings Inc.
1820721,1706052000.0,"ARRAY TECHNOLOGIES, INC.",ARRY,"Array Technologies, Inc.","Array Technologies, Inc."
1113481,1705211000.0,MEDICINES CO /DE,,,MEDICINES CO /DE
1288847,1704860000.0,"FIVE9, INC.",FIVN,"Five9, Inc.","Five9, Inc."
1437260,1703619000.0,NAVIOS MARITIME ACQUISITION CORPORATION,,,NAVIOS MARITIME ACQUISITION CORPORATION
1356576,1702508000.0,"SUPERNUS PHARMACEUTICALS, INC.",SUPN,"SUPERNUS PHARMACEUTICALS, INC.","SUPERNUS PHARMACEUTICALS, INC."
1868726,1697675000.0,"Olaplex Holdings, Inc.",,,"Olaplex Holdings, Inc."
1555538,1696000000.0,"SunCoke Energy Partners, L.P.",,,"SunCoke Energy Partners, L.P."
1093672,1693845000.0,"Peoples Bancorp of North Carolina, Inc.",PEBK,PEOPLES BANCORP OF NORTH CAROLINA INC,PEOPLES BANCORP OF NORTH CAROLINA INC
1930679,1690391000.0,KKR FS Income Trust,,,KKR FS Income Trust
1716697,1690324000.0,FIRST CHOICE BANCORP,,,FIRST CHOICE BANCORP
1434588,1690289000.0,"GRAND CANYON EDUCATION, INC.",LOPE,"Grand Canyon Education, Inc.","Grand Canyon Education, Inc."
1705873,1690198000.0,BERRY CORPORATION (bry),,,BERRY CORPORATION (bry)
1989817,1687108000.0,HPS Corporate Capital Solutions Fund,,,HPS Corporate Capital Solutions Fund
1958140,1683861000.0,"ATLANTA BRAVES HOLDINGS, INC.",BATRA,"Atlanta Braves Holdings, Inc.","Atlanta Braves Holdings, Inc."
854800,1682358000.0,"Tingo Group, Inc.",,,"Tingo Group, Inc."
1396814,1681200000.0,"PACIRA BIOSCIENCES, INC.",PCRX,"Pacira BioSciences, Inc.","Pacira BioSciences, Inc."
18498,1680478000.0,Genesco Inc,GCO,GENESCO INC,GENESCO INC
1838028,1679361166.0,VanEck Bitcoin ETF,HODL,VanEck Bitcoin ETF,VanEck Bitcoin ETF
9326,1678247000.0,Balchem Corporation,BCPC,BALCHEM CORP,BALCHEM CORP
1789940,1675993000.0,"First Watch Restaurant Group, Inc.",FWRG,"First Watch Restaurant Group, Inc.","First Watch Restaurant Group, Inc."
1321732,1674809000.0,"Penumbra, Inc.",PEN,Penumbra Inc,Penumbra Inc
1772921,1672093000.0,OneWater Marine Inc.,ONEW,OneWater Marine Inc.,OneWater Marine Inc.
1899996,1671638048.0,Fidelity Private Credit Company LLC,,,Fidelity Private Credit Company LLC
713095,1671030000.0,FARMERS CAPITAL BANK CORP,,,FARMERS CAPITAL BANK CORP
1925531,1670690000.0,"New Mountain Guardian IV BDC, L.L.C.",,,"New Mountain Guardian IV BDC, L.L.C."
736822,1670094000.0,Immucor Inc,,,Immucor Inc
1952073,1669842000.0,MADISON SQUARE GARDEN ENTERTAINMENT CORP.,MSGE,Madison Square Garden Entertainment Corp.,Madison Square Garden Entertainment Corp.
799233,1669488000.0,"HEARTLAND EXPRESS, INC",HTLD,HEARTLAND EXPRESS INC,HEARTLAND EXPRESS INC
1138639,1669138000.0,Infinera Corp,,,Infinera Corp
1318885,1668663000.0,DIANA SHIPPING INC.,DSX,DIANA SHIPPING INC.,DIANA SHIPPING INC.
1587264,1665559000.0,ENETI INC.,,,ENETI INC.
1768267,1661927000.0,CERENCE INC.,CRNC,Cerence Inc.,Cerence Inc.
1599617,1661000000.0,DNOW INC.,DNOW,DNOW Inc.,DNOW Inc.
1808220,1659290000.0,"GoHealth, Inc.",,,"GoHealth, Inc."
1383151,1658007047.0,INVESCO DB US DOLLAR INDEX BULLISH FUND,UUP,Invesco DB US Dollar Index Bullish Fund,Invesco DB US Dollar Index Bullish Fund
5133,1657318000.0,AMERICAN GREETINGS CORP,,,AMERICAN GREETINGS CORP
1660280,1656572000.0,"TENABLE HOLDINGS, INC.",TENB,"Tenable Holdings, Inc.","Tenable Holdings, Inc."
1587523,1654600000.0,Knowles Corporation,KN,Knowles Corp,Knowles Corp
1633336,1654444000.0,"Crescent Capital BDC, Inc.",CCAP,"Crescent Capital BDC, Inc.","Crescent Capital BDC, Inc."
1856430,1652521000.0,SNAP ONE HOLDINGS CORP.,,,SNAP ONE HOLDINGS CORP.
1403256,1652206000.0,"SCULPTOR CAPITAL MANAGEMENT, INC.",,,"SCULPTOR CAPITAL MANAGEMENT, INC."
1175609,1650531000.0,"CAVIUM, INC.",,,"CAVIUM, INC."
1645926,1649872000.0,Multi Packaging Solutions International Ltd,,,Multi Packaging Solutions International Ltd
1691337,1649167000.0,PCSB Financial Corporation,,,PCSB Financial Corporation
1560327,1648740000.0,"RAPID7, INC.",RPD,"Rapid7, Inc.","Rapid7, Inc."
1611647,1647494000.0,"FRESHPET, INC.",FRPT,"Freshpet, Inc.","Freshpet, Inc."
1673985,1646402000.0,ADVANSIX INC.,ASIX,AdvanSix Inc.,AdvanSix Inc.
84748,1646200000.0,ROGERS CORP,ROG,ROGERS CORP,ROGERS CORP
1774675,1642687000.0,Skillsoft Corp.,SKIL,Skillsoft Corp.,Skillsoft Corp.
1724570,1642292000.0,DATTO HOLDING CORP.,,,DATTO HOLDING CORP.
1876588,1642056000.0,ZimVie Inc.,,,ZimVie Inc.
1354327,1640249000.0,"PGT INNOVATIONS, INC.",,,"PGT INNOVATIONS, INC."
1748773,1636393000.0,RATTLER MIDSTREAM LP,,,RATTLER MIDSTREAM LP
1778784,1636381000.0,"PROVIDENT BANCORP, INC.",,,"PROVIDENT BANCORP, INC."
1572334,1634922000.0,VIRGINIA NATIONAL BANKSHARES CORPORATION,VABK,Virginia National Bankshares Corp,Virginia National Bankshares Corp
9346,1634360000.0,Protective Insurance Corporation,,,Protective Insurance Corporation
704415,1630883000.0,"TIVITY HEALTH, INC.",,,"TIVITY HEALTH, INC."
1168455,1628517000.0,Plumas Bancorp,PLBC,PLUMAS BANCORP,PLUMAS BANCORP
1720671,1628340000.0,"HashiCorp, Inc.",,,"HashiCorp, Inc."
1720592,1626800000.0,REPAY HOLDINGS CORPORATION,RPAY,Repay Holdings Corp,Repay Holdings Corp
1735184,1626687000.0,Retail Value Inc.,,,Retail Value Inc.
1040593,1626327000.0,CARRIZO OIL & GAS INC,,,CARRIZO OIL & GAS INC
1542447,1625489000.0,"RREEF Property Trust, Inc.",,,"RREEF Property Trust, Inc."
1717115,1625365000.0,"Tempus AI, Inc.",TEM,"Tempus AI, Inc.","Tempus AI, Inc."
818677,1625236000.0,SECURITY FEDERAL CORPORATION,SFDL,SECURITY FEDERAL CORP,SECURITY FEDERAL CORP
1141688,1624865000.0,"Landmark Bancorp, Inc.",LARK,LANDMARK BANCORP INC,LANDMARK BANCORP INC
1372612,1624581000.0,"Box, Inc.",BOX,BOX INC,BOX INC
752642,1624022000.0,"UMH Properties, Inc.",UMH,"UMH PROPERTIES, INC.","UMH PROPERTIES, INC."
1303942,1620037000.0,BANKFINANCIAL CORPORATION,,,BANKFINANCIAL CORPORATION
1580864,1619027000.0,"VROOM, INC.",VRM,"Vroom, Inc.","Vroom, Inc."
1460235,1618156000.0,abrdn Platinum ETF Trust,PPLT,abrdn Platinum ETF Trust,abrdn Platinum ETF Trust
731122,1616215000.0,MUNCY COLUMBIA FINANCIAL CORPORATION,CCFN,MUNCY COLUMBIA FINANCIAL Corp,MUNCY COLUMBIA FINANCIAL Corp
1902733,1616017000.0,"nCino, Inc.",NCNO,"nCino, Inc.","nCino, Inc."
1297184,1615333000.0,"Amphastar Pharmaceuticals, Inc.",AMPH,"Amphastar Pharmaceuticals, Inc.","Amphastar Pharmaceuticals, Inc."
1361113,1615012000.0,"VARONIS SYSTEMS, INC.",VRNS,VARONIS SYSTEMS INC,VARONIS SYSTEMS INC
1576280,1609985000.0,"GUARDANT HEALTH, INC.",GH,"Guardant Health, Inc.","Guardant Health, Inc."
799850,1607974000.0,"AMERICA’S CAR-MART, INC.",CRMT,AMERICAS CARMART INC,AMERICAS CARMART INC
1361937,1606770000.0,Harvest Oil & Gas Corp.,,,Harvest Oil & Gas Corp.
2035149,1606110000.0,Flowco Holdings Inc.,FLOC,Flowco Holdings Inc.,Flowco Holdings Inc.
1859285,1605747000.0,HireRight Holdings Corporation,,,HireRight Holdings Corporation
1809519,1604631000.0,"GoodRx Holdings, Inc.",GDRX,"GoodRx Holdings, Inc.","GoodRx Holdings, Inc."
931148,1604178000.0,GRAFTECH INTERNATIONAL LTD.,EAF,GRAFTECH INTERNATIONAL LTD,GRAFTECH INTERNATIONAL LTD
102752,1602027000.0,VSE CORP,VSEC,VSE CORP,VSE CORP
1344376,1600933000.0,Aegean Marine Petroleum Network Inc.,,,Aegean Marine Petroleum Network Inc.
1041368,1598734000.0,"RIVERVIEW BANCORP, INC.",RVSB,RIVERVIEW BANCORP INC,RIVERVIEW BANCORP INC
2037804,1598432000.0,New Mountain Private Credit Fund,,,New Mountain Private Credit Fund
1563190,1596100000.0,"COMPASS, INC.",COMP,"Compass, Inc.","Compass, Inc."
1385867,1594073000.0,Coupa Software Inc,,,Coupa Software Inc
794619,1593834000.0,American Woodmark Corp,,,American Woodmark Corp
1468010,1592934785.0,"STEADFAST INCOME REIT, INC.",,,"STEADFAST INCOME REIT, INC."
1267565,1592631000.0,"COLLEGIUM PHARMACEUTICAL, INC.",COLL,"COLLEGIUM PHARMACEUTICAL, INC","COLLEGIUM PHARMACEUTICAL, INC"
1853145,1591728000.0,EverCommerce Inc.,EVCM,EverCommerce Inc.,EverCommerce Inc.
814549,1591619000.0,EBIX INC,,,EBIX INC
2007587,1591470000.0,"American Integrity Insurance Group, Inc.",AII,"American Integrity Insurance Group, Inc.","American Integrity Insurance Group, Inc."
356130,1588813000.0,EMC INSURANCE GROUP INC.,,,EMC INSURANCE GROUP INC.
1008654,1587800000.0,TUPPERWARE BRANDS CORPORATION,,,TUPPERWARE BRANDS CORPORATION
1788882,1587700000.0,"ROOT, INC.",ROOT,"Root, Inc.","Root, Inc."
700923,1586982000.0,MYR GROUP INC.,MYRG,MYR GROUP INC.,MYR GROUP INC.
1141807,1586262000.0,1ST CONSTITUTION BANCORP,,,1ST CONSTITUTION BANCORP
106455,1584909000.0,WESTMORELAND COAL CO,,,WESTMORELAND COAL CO
1412707,1584899000.0,"LEVEL ONE BANCORP, INC.",,,"LEVEL ONE BANCORP, INC."
1301787,1584035000.0,BlueLinx Holdings Inc.,BXC,BlueLinx Holdings Inc.,BlueLinx Holdings Inc.
1515816,1583742000.0,"PLYMOUTH INDUSTRIAL REIT, INC.",,,"PLYMOUTH INDUSTRIAL REIT, INC."
1801754,1581939000.0,"TREAN INSURANCE GROUP, INC.",,,"TREAN INSURANCE GROUP, INC."
1024795,1581700000.0,"HELIOS TECHNOLOGIES, INC.",HLIO,"HELIOS TECHNOLOGIES, INC.","HELIOS TECHNOLOGIES, INC."
1882850,1578361000.0,"Apollo Realty Income Solutions, Inc.",,,"Apollo Realty Income Solutions, Inc."
899923,1578300000.0,"MYRIAD GENETICS, INC.",MYGN,MYRIAD GENETICS INC,MYRIAD GENETICS INC
1614806,1576841000.0,RITHM PROPERTY TRUST INC.,RPT,Rithm Property Trust Inc.,Rithm Property Trust Inc.
832090,1574612000.0,Partners Bancorp,,,Partners Bancorp
1593222,1574439000.0,"CITY OFFICE REIT, INC.",,,"CITY OFFICE REIT, INC."
1382821,1574204000.0,Redfin Corporation,,,Redfin Corporation
1827090,1572922000.0,"Certara, Inc.",CERT,"Certara, Inc.","Certara, Inc."
1579214,1572500000.0,"Emerald Holding, Inc.",,,"Emerald Holding, Inc."
1668397,1571673000.0,"Medpace Holdings, Inc.",MEDP,"Medpace Holdings, Inc.","Medpace Holdings, Inc."
1873923,1571073000.0,Orion Office REIT Inc.,ONL,Orion Properties Inc.,Orion Properties Inc.
1326200,1568960000.0,GENCO SHIPPING & TRADING LIMITED,GNK,GENCO SHIPPING & TRADING LTD,GENCO SHIPPING & TRADING LTD
1356570,1568836000.0,WNS (HOLDINGS) LIMITED,,,WNS (HOLDINGS) LIMITED
1059142,1567129565.0,Greystone Housing Impact Investors LP,GHI,Greystone Housing Impact Investors LP,Greystone Housing Impact Investors LP
310354,1566880000.0,STANDEX INTERNATIONAL CORPORATION,SXI,STANDEX INTERNATIONAL CORP/DE/,STANDEX INTERNATIONAL CORP/DE/
1725262,1562943000.0,"TRI-COUNTY FINANCIAL GROUP, INC.",TYFG,"Tri-County Financial Group, Inc.","Tri-County Financial Group, Inc."
1047335,1562220000.0,NATIONAL HEALTHCARE CORP,NHC,NATIONAL HEALTHCARE CORP,NATIONAL HEALTHCARE CORP
822663,1561748000.0,"Interparfums, Inc.",IPAR,INTERPARFUMS INC,INTERPARFUMS INC
1170534,1561400000.0,MITEL NETWORKS CORP,,,MITEL NETWORKS CORP
1857951,1560308000.0,Weber Inc.,,,Weber Inc.
1452936,1559245000.0,"PACIFIC OAK STRATEGIC OPPORTUNITY REIT, INC.",,,"PACIFIC OAK STRATEGIC OPPORTUNITY REIT, INC."
897077,1557649000.0,ALAMO GROUP INC.,ALG,ALAMO GROUP INC,ALAMO GROUP INC
1689923,1557000000.0,"ALTERYX, INC.",,,"ALTERYX, INC."
1604665,1555228000.0,Westlake Chemical Partners LP,WLKP,Westlake Chemical Partners LP,Westlake Chemical Partners LP
1871509,1553730000.0,PORTILLO'S INC.,PTLO,Portillo's Inc.,Portillo's Inc.
1819994,1553233000.0,"ROCKET LAB USA, INC.",RKLB,Rocket Lab Corp,Rocket Lab Corp
1176373,1552540000.0,TIER REIT INC,,,TIER REIT INC
1743907,1552109000.0,"Sun Country Airlines Holdings, Inc.",,,"Sun Country Airlines Holdings, Inc."
1500213,1550890000.0,"SI FINANCIAL GROUP, INC.",,,"SI FINANCIAL GROUP, INC."
56978,1549818000.0,KULICKE & SOFFA INDUSTRIES INC,KLIC,KULICKE & SOFFA INDUSTRIES INC,KULICKE & SOFFA INDUSTRIES INC
745308,1548402000.0,The St. Joe Company,JOE,ST JOE Co,ST JOE Co
1011290,1548306000.0,99 CENTS ONLY STORES LLC,,,99 CENTS ONLY STORES LLC
1693256,1546489000.0,"Select Water Solutions, Inc.",WTTR,"Select Water Solutions, Inc.","Select Water Solutions, Inc."
1515673,1545444000.0,Ultragenyx Pharmaceutical Inc.,RARE,Ultragenyx Pharmaceutical Inc.,Ultragenyx Pharmaceutical Inc.
1621434,1545208000.0,"Black Stone Minerals, L.P.",BSM,"Black Stone Minerals, L.P.","Black Stone Minerals, L.P."
1708646,1544399965.0,GOLDMAN SACHS PHYSICAL GOLD ETF,AAAU,Goldman Sachs Physical Gold ETF,Goldman Sachs Physical Gold ETF
318673,1543978107.0,Security National Financial Corporation,SNFCA,SECURITY NATIONAL FINANCIAL CORP,SECURITY NATIONAL FINANCIAL CORP
897429,1542659000.0,"Chico’s FAS, Inc.",,,"Chico’s FAS, Inc."
1562088,1542559000.0,"Duolingo, Inc.",DUOL,"Duolingo, Inc.","Duolingo, Inc."
810332,1542001000.0,"MESA AIR GROUP, INC.",RJET,REPUBLIC AIRWAYS HOLDINGS INC.,REPUBLIC AIRWAYS HOLDINGS INC.
918541,1541984000.0,NN INC,NNBR,NN INC,NN INC
1060219,1541582000.0,"SALISBURY BANCORP, INC.",,,"SALISBURY BANCORP, INC."
1703057,1540907000.0,AbCellera Biologics Inc.,ABCL,AbCellera Biologics Inc.,AbCellera Biologics Inc.
1069878,1537855000.0,Trex Company Inc,TREX,TREX CO INC,TREX CO INC
819913,1536702000.0,"Hallmark Financial Services, Inc",,,"Hallmark Financial Services, Inc"
2080126,1536686000.0,"Forgent Power Solutions, Inc.",FPS,"Forgent Power Solutions, Inc.","Forgent Power Solutions, Inc."
1624794,1535919000.0,"CSW INDUSTRIALS, INC.",CSW,"CSW INDUSTRIALS, INC.","CSW INDUSTRIALS, INC."
1109345,1533626000.0,NOVA LTD.,NVMI,NOVA LTD.,NOVA LTD.
1840502,1529623000.0,TABOOLA.COM LTD.,TBLA,Taboola.com Ltd.,Taboola.com Ltd.
1630805,1529143000.0,"BABCOCK & WILCOX ENTERPRISES, INC.",BW,"Babcock & Wilcox Enterprises, Inc.","Babcock & Wilcox Enterprises, Inc."
1803737,1526800000.0,"Enhabit, Inc.",,,"Enhabit, Inc."
1115836,1524068000.0,Belmond Ltd.,,,Belmond Ltd.
1713947,1522402000.0,SOGOU INC.,,,SOGOU INC.
1652130,1520114000.0,"INTELLIA THERAPEUTICS, INC.",NTLA,"Intellia Therapeutics, Inc.","Intellia Therapeutics, Inc."
1767582,1519516000.0,Luckin Coffee Inc.,LKNCY,Luckin Coffee Inc.,Luckin Coffee Inc.
1018979,1518856000.0,"AMERISAFE, INC.",AMSF,AMERISAFE INC,AMERISAFE INC
1605301,1517984000.0,"CB FINANCIAL SERVICES, INC.",CBFV,"CB Financial Services, Inc.","CB Financial Services, Inc."
1384195,1516330871.0,"RING ENERGY, INC.",REI,"RING ENERGY, INC.","RING ENERGY, INC."
1720990,1515426000.0,Fisker Inc./DE,,,Fisker Inc./DE
1914605,1515014000.0,"ECB BANCORP, INC.",ECBK,"ECB Bancorp, Inc. /MD/","ECB Bancorp, Inc. /MD/"
1463172,1514589000.0,"ZENDESK, INC.",,,"ZENDESK, INC."
1095291,1513833000.0,"WEB.COM GROUP, INC.",,,"WEB.COM GROUP, INC."
1626115,1511398000.0,PJT Partners Inc.,PJT,PJT Partners Inc.,PJT Partners Inc.
1076930,1511069000.0,NOVANTA INC.,NOVT,NOVANTA INC,NOVANTA INC
894671,1510358000.0,OHIO VALLEY BANC CORP,OVBC,OHIO VALLEY BANC CORP,OHIO VALLEY BANC CORP
1819810,1508186000.0,Redwire Corporation,RDW,Redwire Corp,Redwire Corp
1767837,1507759185.0,"Richmond Mutual Bancorporation, Inc.",RMBI,"Richmond Mutual Bancorporation, Inc.","Richmond Mutual Bancorporation, Inc."
1609065,1505119000.0,"PATHFINDER BANCORP, INC.",PBHC,"Pathfinder Bancorp, Inc.","Pathfinder Bancorp, Inc."
59440,1505089000.0,VECTOR GROUP LTD.,,,VECTOR GROUP LTD.
878079,1505063000.0,BON TON STORES INC,,,BON TON STORES INC
1414374,1503767000.0,Paragon Commercial CORP,,,Paragon Commercial CORP
1591587,1502930000.0,"ASSETMARK FINANCIAL HOLDINGS, INC.",,,"ASSETMARK FINANCIAL HOLDINGS, INC."
1401564,1502916000.0,"FIRST FINANCIAL NORTHWEST, INC.",,,"FIRST FINANCIAL NORTHWEST, INC."
1326583,1501186000.0,WEBMD HEALTH CORP.,,,WEBMD HEALTH CORP.
1634117,1499903000.0,"BARNES & NOBLE EDUCATION, INC.",BNED,"Barnes & Noble Education, Inc.","Barnes & Noble Education, Inc."
1819395,1498626000.0,SONDER HOLDINGS INC.,,,SONDER HOLDINGS INC.
716643,1498597000.0,REGIS CORP,RGS,REGIS CORP,REGIS CORP
105319,1498314000.0,"WW INTERNATIONAL, INC.",WW,"WW INTERNATIONAL, INC.","WW INTERNATIONAL, INC."
2000178,1498223000.0,Loar Holdings Inc.,LOAR,Loar Holdings Inc.,Loar Holdings Inc.
1653482,1498187000.0,GITLAB INC.,GTLB,Gitlab Inc.,Gitlab Inc.
934648,1498149000.0,SPEEDWAY MOTORSPORTS INC,,,SPEEDWAY MOTORSPORTS INC
1585219,1497101228.0,"STEADFAST APARTMENT REIT, INC.",,,"STEADFAST APARTMENT REIT, INC."
886163,1494915000.0,LIGAND PHARMACEUTICALS INC,LGND,LIGAND PHARMACEUTICALS INC,LIGAND PHARMACEUTICALS INC
880115,1494639000.0,CLAYTON WILLIAMS ENERGY INC /DE,,,CLAYTON WILLIAMS ENERGY INC /DE
1560672,1489109000.0,Ellington Credit Company,EARN,Ellington Credit Co,Ellington Credit Co
54381,1488109000.0,KAMAN CORPORATION,,,KAMAN CORPORATION
1581405,1486527000.0,"PHILLIPS EDISON GROCERY CENTER REIT II, INC.",,,"PHILLIPS EDISON GROCERY CENTER REIT II, INC."
767405,1486301000.0,"SB FINANCIAL GROUP, INC.",SBFG,"SB FINANCIAL GROUP, INC.","SB FINANCIAL GROUP, INC."
886346,1484514000.0,KADANT INC.,KAI,KADANT INC,KADANT INC
912562,1482752000.0,"GIBRALTAR INDUSTRIES, INC.",ROCK,"GIBRALTAR INDUSTRIES, INC.","GIBRALTAR INDUSTRIES, INC."
2015845,1481377000.0,"Everus Construction Group, Inc.",ECG,"Everus Construction Group, Inc.","Everus Construction Group, Inc."
1544522,1480826000.0,Freshworks Inc.,FRSH,Freshworks Inc.,Freshworks Inc.
1289848,1480812000.0,Huron Consulting Group Inc.,HURN,Huron Consulting Group Inc.,Huron Consulting Group Inc.
1605725,1480800000.0,VTTI ENERGY PARTNERS LP,,,VTTI ENERGY PARTNERS LP
1404973,1480707000.0,"ENERGY XXI GULF COAST, INC.",,,"ENERGY XXI GULF COAST, INC."
706863,1480364000.0,"UNION BANKSHARES, INC.",UNB,UNION BANKSHARES INC,UNION BANKSHARES INC
702513,1479616000.0,Bank of Commerce Holdings,,,Bank of Commerce Holdings
1059262,1479600000.0,SP Plus Corp,,,SP Plus Corp
867374,1478929000.0,ELECTRONICS FOR IMAGING INC,,,ELECTRONICS FOR IMAGING INC
1865187,1476875000.0,"Aris Water Solutions, Inc.",,,"Aris Water Solutions, Inc."
1811414,1475406000.0,QuantumScape Corp,QS,QuantumScape Corp,QuantumScape Corp
1697500,1472730000.0,"SOLARIS ENERGY INFRASTRUCTURE, INC.",SEI,"Solaris Energy Infrastructure, Inc.","Solaris Energy Infrastructure, Inc."
1439222,1471237000.0,"AGIOS PHARMACEUTICALS, INC.",AGIO,"AGIOS PHARMACEUTICALS, INC.","AGIOS PHARMACEUTICALS, INC."
1048268,1469722000.0,"IES Holdings, Inc.",IESC,"IES Holdings, Inc.","IES Holdings, Inc."
917273,1467811000.0,RAMBUS INC.,RMBS,RAMBUS INC,RAMBUS INC
1625414,1467622000.0,Baozun Inc.,BZUN,Baozun Inc.,Baozun Inc.
1511737,1466451000.0,UBIQUITI INC.,UI,Ubiquiti Inc.,Ubiquiti Inc.
742278,1464396000.0,"RPC, INC.",RES,RPC INC,RPC INC
1091883,1462511000.0,"CIRCOR INTERNATIONAL, INC.",,,"CIRCOR INTERNATIONAL, INC."
1358356,1462455000.0,"LIMESTONE BANCORP, INC.",,,"LIMESTONE BANCORP, INC."
1952976,1462201000.0,Net Lease Office Properties,NLOP,Net Lease Office Properties,Net Lease Office Properties
1866550,1461850000.0,"THOUGHTWORKS HOLDING, INC.",,,"THOUGHTWORKS HOLDING, INC."
1478726,1461666975.0,CHARTER FINANCIAL CORP,,,CHARTER FINANCIAL CORP
1042893,1461404000.0,"INNOVEX INTERNATIONAL, INC.",INVX,"Innovex International, Inc.","Innovex International, Inc."
1714899,1460242000.0,Denali Therapeutics Inc.,DNLI,Denali Therapeutics Inc.,Denali Therapeutics Inc.
1766037,1458048000.0,"NMF SLF I, Inc.",,,"NMF SLF I, Inc."
1068148,1457600000.0,PARK OHIO INDUSTRIES INC/OH,,,PARK OHIO INDUSTRIES INC/OH
1495240,1457251000.0,Gladstone Land Corp,LAND,GLADSTONE LAND Corp,GLADSTONE LAND Corp
1419242,1456800000.0,ATLANTIC POWER CORPORATION,,,ATLANTIC POWER CORPORATION
1344596,1456250000.0,"American Railcar Industries, Inc.",,,"American Railcar Industries, Inc."
1843762,1455016000.0,"EQRx, Inc.",,,"EQRx, Inc."
1811972,1454955000.0,Barings Capital Investment Corp,,,Barings Capital Investment Corp
1625297,1452000000.0,Indivior PLC,INDV,"Indivior Pharmaceuticals, Inc.","Indivior Pharmaceuticals, Inc."
3499,1451230000.0,ALEXANDERS INC,ALX,ALEXANDERS INC,ALEXANDERS INC
1999784,1450387000.0,North Haven Net REIT,,,North Haven Net REIT
707605,1448733000.0,AMERISERV FINANCIAL INC /PA/,ASRV,AMERISERV FINANCIAL INC /PA/,AMERISERV FINANCIAL INC /PA/
1171486,1448649000.0,NATURAL RESOURCE PARTNERS LP,NRP,NATURAL RESOURCE PARTNERS LP,NATURAL RESOURCE PARTNERS LP
350403,1448440000.0,PHI INC,,,PHI INC
925645,1447862000.0,CENTRAL EUROPEAN MEDIA ENTERPRISES LTD.,,,CENTRAL EUROPEAN MEDIA ENTERPRISES LTD.
1965934,1447240000.0,Overland Advantage,,,Overland Advantage
910638,1446613000.0,3D SYSTEMS CORP,DDD,3D SYSTEMS CORP,3D SYSTEMS CORP
842633,1445400000.0,TRIMAS CORPORATION,TRS,TRIMAS CORP,TRIMAS CORP
1392272,1445127000.0,"Chain Bridge Bancorp, Inc.",CBNA,CHAIN BRIDGE BANCORP INC,CHAIN BRIDGE BANCORP INC
1517302,1444685000.0,Artisan Partners Asset Management Inc.,APAM,Artisan Partners Asset Management Inc.,Artisan Partners Asset Management Inc.
277638,1444341000.0,THE DAVEY TREE EXPERT COMPANY,,,THE DAVEY TREE EXPERT COMPANY
1083446,1442350000.0,"ASTRANA HEALTH, INC.",ASTH,"Astrana Health, Inc.","Astrana Health, Inc."
1681714,1442281000.0,"BRAZOS VALLEY LONGHORN, L.L.C.",,,"BRAZOS VALLEY LONGHORN, L.L.C."
1051251,1441871000.0,J CREW GROUP INC,,,J CREW GROUP INC
1764925,1441706000.0,"Slack Technologies, Inc.",,,"Slack Technologies, Inc."
1721386,1440496000.0,LANDSEA HOMES CORPORATION,,,LANDSEA HOMES CORPORATION
60714,1439819000.0,"LSB Industries, Inc.",LXU,"LSB INDUSTRIES, INC.","LSB INDUSTRIES, INC."
1476045,1438574000.0,CHATHAM LODGING TRUST,CLDT,Chatham Lodging Trust,Chatham Lodging Trust
737875,1437389000.0,FIRST KEYSTONE CORPORATION,FKYS,FIRST KEYSTONE CORP,FIRST KEYSTONE CORP
76282,1436600000.0,PARK-OHIO HOLDINGS CORP.,PKOH,PARK OHIO HOLDINGS CORP,PARK OHIO HOLDINGS CORP
1680247,1436111000.0,ProPetro Holding Corp.,PUMP,ProPetro Holding Corp.,ProPetro Holding Corp.
1759824,1436000000.0,ALTA EQUIPMENT GROUP INC.,ALTG,ALTA EQUIPMENT GROUP INC.,ALTA EQUIPMENT GROUP INC.
1483386,1435959000.0,abrdn Precious Metals Basket ETF Trust,GLTR,abrdn Precious Metals Basket ETF Trust,abrdn Precious Metals Basket ETF Trust
1648428,1434863000.0,"SEQUENTIAL BRANDS GROUP, INC.",,,"SEQUENTIAL BRANDS GROUP, INC."
1073429,1433300000.0,"U.S. CONCRETE, INC.",,,"U.S. CONCRETE, INC."
1288403,1431790000.0,"W&T OFFSHORE, INC.",WTI,W&T OFFSHORE INC,W&T OFFSHORE INC
1323648,1430840000.0,Community Bankers Trust Corp,,,Community Bankers Trust Corp
1176316,1430708000.0,ACCESS NATIONAL CORP,,,ACCESS NATIONAL CORP
1444363,1430084000.0,"GAIN Capital Holdings, Inc.",,,"GAIN Capital Holdings, Inc."
65270,1428500000.0,"METHODE ELECTRONICS, INC.",MEI,METHODE ELECTRONICS INC,METHODE ELECTRONICS INC
1723788,1428366459.0,Bitwise 10 Crypto Index Fund,BITW,Bitwise 10 Crypto Index ETF,Bitwise 10 Crypto Index ETF
61398,1426683000.0,Tellurian Inc.,,,Tellurian Inc.
99771,1425437000.0,TRINITY CAPITAL CORP,,,TRINITY CAPITAL CORP
715787,1423049000.0,INTERFACE INC,TILE,INTERFACE INC,INTERFACE INC
1758766,1421893000.0,"STEM, INC.",STEM,"STEM, INC.","STEM, INC."
6955,1421716000.0,ENERPAC TOOL GROUP CORP,EPAC,ENERPAC TOOL GROUP CORP,ENERPAC TOOL GROUP CORP
1005757,1421238000.0,"CSG SYSTEMS INTERNATIONAL, INC.",,,"CSG SYSTEMS INTERNATIONAL, INC."
949870,1420773000.0,"The Boston Beer Company, Inc.",SAM,BOSTON BEER CO INC,BOSTON BEER CO INC
1748824,1419700000.0,Acadian Asset Management Inc.,AAMI,Acadian Asset Management Inc.,Acadian Asset Management Inc.
278166,1419617000.0,CAVCO INDUSTRIES INC.,CVCO,"CAVCO INDUSTRIES, INC.","CAVCO INDUSTRIES, INC."
1037016,1418509000.0,NII HOLDINGS INC,,,NII HOLDINGS INC
1635881,1418004000.0,Exterran Corp,,,Exterran Corp
1109546,1416154000.0,PACIFIC MERCANTILE BANCORP,,,PACIFIC MERCANTILE BANCORP
1010612,1415500000.0,SYKES ENTERPRISES INC,,,SYKES ENTERPRISES INC
785956,1413929000.0,J&J SNACK FOODS CORP.,JJSF,J&J SNACK FOODS CORP,J&J SNACK FOODS CORP
1992243,1413902000.0,"FREYR Battery, Inc.",TE,T1 Energy Inc.,T1 Energy Inc.
1066104,1412592000.0,CEB Inc.,,,CEB Inc.
1020710,1412394000.0,"DXP Enterprises, Inc.",DXPE,DXP ENTERPRISES INC,DXP ENTERPRISES INC
887730,1412332000.0,KEMET CORP,,,KEMET CORP
1688941,1411757000.0,"FOUNDATION BUILDING MATERIALS, INC.",,,"FOUNDATION BUILDING MATERIALS, INC."
1468328,1408931000.0,Addus HomeCare Corp,ADUS,Addus HomeCare Corp,Addus HomeCare Corp
1645070,1407254000.0,Sterling Check Corp.,,,Sterling Check Corp.
1052100,1406272000.0,"WADDELL & REED FINANCIAL, INC.",,,"WADDELL & REED FINANCIAL, INC."
1687221,1406000000.0,"REV Group, Inc.",,,"REV Group, Inc."
1811074,1404664000.0,Texas Pacific Land Corporation,TPL,Texas Pacific Land Corp,Texas Pacific Land Corp
1828248,1403384807.0,Churchill Capital Corp VII,,,Churchill Capital Corp VII
740971,1402527000.0,OLD POINT FINANCIAL CORPORATION,,,OLD POINT FINANCIAL CORPORATION
824142,1399413000.0,"AAON, INC.",AAON,"AAON, INC.","AAON, INC."
1528985,1399238000.0,"Inland Real Estate Income Trust, Inc.",INRE,"Inland Real Estate Income Trust, Inc.","Inland Real Estate Income Trust, Inc."
1620928,1399217000.0,RICE MIDSTREAM PARTNERS LP,,,RICE MIDSTREAM PARTNERS LP
1883085,1399043000.0,Pagaya Technologies Ltd.,PGY,Pagaya Technologies Ltd.,Pagaya Technologies Ltd.
1047170,1398593000.0,EASTERN VIRGINIA BANKSHARES INC,,,EASTERN VIRGINIA BANKSHARES INC
1835830,1397882000.0,"Klaviyo, Inc.",KVYO,"Klaviyo, Inc.","Klaviyo, Inc."
1533615,1393261000.0,Global Medical REIT Inc.,XRN,Chiron Real Estate Inc.,Chiron Real Estate Inc.
708821,1391740000.0,PAR Technology Corporation,PAR,PAR TECHNOLOGY CORP,PAR TECHNOLOGY CORP
1745999,1391157000.0,Beam Therapeutics Inc.,BEAM,Beam Therapeutics Inc.,Beam Therapeutics Inc.
1684682,1389976000.0,"CNL STRATEGIC CAPITAL, LLC",,,"CNL STRATEGIC CAPITAL, LLC"
866291,1389208000.0,"ALLEGRO MICROSYSTEMS, INC.",ALGM,"ALLEGRO MICROSYSTEMS, INC.","ALLEGRO MICROSYSTEMS, INC."
1556739,1388292000.0,"THRYV HOLDINGS, INC.",THRY,"Thryv Holdings, Inc.","Thryv Holdings, Inc."
835011,1386060000.0,"MGP Ingredients, Inc.",MGPI,MGP INGREDIENTS INC,MGP INGREDIENTS INC
1674930,1386053000.0,"FULGENT GENETICS, INC.",FLGT,"Fulgent Genetics, Inc.","Fulgent Genetics, Inc."
1834488,1386002000.0,"N-able, Inc.",NABL,"N-able, Inc.","N-able, Inc."
1410384,1385413000.0,"Q2 HOLDINGS, INC.",QTWO,"Q2 Holdings, Inc.","Q2 Holdings, Inc."
1172139,1385341000.0,BILL BARRETT CORPORATION,,,BILL BARRETT CORPORATION
1631761,1385334000.0,Yiren Digital Ltd.,YRD,Yiren Digital Ltd.,Yiren Digital Ltd.
1517396,1381519000.0,STRATASYS LTD.,SSYS,STRATASYS LTD.,STRATASYS LTD.
923571,1381465000.0,US XPRESS ENTERPRISES INC,,,US XPRESS ENTERPRISES INC
879407,1380612000.0,"Arrowhead Pharmaceuticals, Inc.",ARWR,"ARROWHEAD PHARMACEUTICALS, INC.","ARROWHEAD PHARMACEUTICALS, INC."
1470205,1378779000.0,"County Bancorp, Inc.",,,"County Bancorp, Inc."
1971381,1377253000.0,Apollo Infrastructure Company LLC,,,Apollo Infrastructure Company LLC
1828723,1376888000.0,"Altus Power, Inc.",,,"Altus Power, Inc."
1549346,1376451000.0,"Shutterstock, Inc.",SSTK,"Shutterstock, Inc.","Shutterstock, Inc."
879526,1376034000.0,WABASH NATIONAL CORPORATION,WNC,WABASH NATIONAL Corp,WABASH NATIONAL Corp
1319229,1376023000.0,TransMontaigne Partners LLC,,,TransMontaigne Partners LLC
1665988,1372649000.0,BIOVENTUS INC.,BVS,Bioventus Inc.,Bioventus Inc.
1720821,1371299000.0,PAE Inc,,,PAE Inc
1592329,1371265000.0,CLIFTON BANCORP INC.,,,CLIFTON BANCORP INC.
1818643,1369614000.0,"PHOENIX ENERGY ONE, LLC",PHXE-P,"Phoenix Energy One, LLC","Phoenix Energy One, LLC"
1599901,1368926000.0,"AVIDITY BIOSCIENCES, INC.",,,"AVIDITY BIOSCIENCES, INC."
1822250,1366000000.0,ContextLogic Inc.,,,ContextLogic Inc.
1272830,1364700000.0,VONAGE HOLDINGS CORP,,,VONAGE HOLDINGS CORP
2040491,1363152000.0,ATEGRITY SPECIALTY INSURANCE COMPANY HOLDINGS,ASIC,Ategrity Specialty Insurance Co Holdings,Ategrity Specialty Insurance Co Holdings
1615817,1361601000.0,KING MERGER SUB II LLC,,,KING MERGER SUB II LLC
903129,1361401000.0,Gentherm Inc,THRM,Gentherm Inc,Gentherm Inc
1069899,1360900000.0,Phibro Animal Health Corporation,PAHC,PHIBRO ANIMAL HEALTH CORP,PHIBRO ANIMAL HEALTH CORP
1854545,1360249000.0,Dingdong (Cayman) Limited,DDL,Dingdong (Cayman) Ltd,Dingdong (Cayman) Ltd
778946,1360018000.0,BLUEGREEN VACATIONS CORPORATION,,,BLUEGREEN VACATIONS CORPORATION
62234,1359186000.0,MARCUS CORP,MCS,MARCUS CORP,MARCUS CORP
1041657,1358786000.0,"URBAN ONE, INC.",UONE,"URBAN ONE, INC.","URBAN ONE, INC."
1011570,1357900000.0,"Knoll, Inc.",,,"Knoll, Inc."
1013857,1357672000.0,PEGASYSTEMS INC.,PEGA,PEGASYSTEMS INC,PEGASYSTEMS INC
1118237,1357283000.0,MBT FINANCIAL CORP,,,MBT FINANCIAL CORP
1597553,1356449000.0,"Sage Therapeutics, Inc.",,,"Sage Therapeutics, Inc."
1091907,1355569000.0,"World Wrestling Entertainment, LLC",,,"World Wrestling Entertainment, LLC"
317788,1352675000.0,"Digital Turbine, Inc.",APPS,"Digital Turbine, Inc.","Digital Turbine, Inc."
1357450,1350447000.0,HOLLYSYS AUTOMATION TECHNOLOGIES LTD.,,,HOLLYSYS AUTOMATION TECHNOLOGIES LTD.
1000177,1349904000.0,NORDIC AMERICAN TANKERS Ltd,NAT,NORDIC AMERICAN TANKERS Ltd,NORDIC AMERICAN TANKERS Ltd
1597264,1349902000.0,BLUEPRINT MEDICINES CORPORATION,,,BLUEPRINT MEDICINES CORPORATION
1594864,1349464000.0,"Juno Therapeutics, Inc.",,,"Juno Therapeutics, Inc."
38723,1347645708.0,1st Franklin Financial Corp,,,1st Franklin Financial Corp
1824920,1346608000.0,"IONQ, INC.",IONQ,"IonQ, Inc.","IonQ, Inc."
1445305,1345742000.0,WORKIVA INC,WK,WORKIVA INC,WORKIVA INC
1724521,1345000000.0,"Arcus Biosciences, Inc.",RCUS,"Arcus Biosciences, Inc.","Arcus Biosciences, Inc."
1384101,1344104000.0,"VERACYTE, INC.",VCYT,"VERACYTE, INC.","VERACYTE, INC."
733269,1343852000.0,"LiveRamp Holdings, Inc.",RAMP,"LiveRamp Holdings, Inc.","LiveRamp Holdings, Inc."
1023024,1343001000.0,"ANI PHARMACEUTICALS, INC.",ANIP,ANI PHARMACEUTICALS INC,ANI PHARMACEUTICALS INC
1596967,1342535000.0,Moelis & Co,MC,Moelis & Co,Moelis & Co
1008848,1342335000.0,"Acorda Therapeutics, Inc.",,,"Acorda Therapeutics, Inc."
1966983,1339087000.0,LITHIUM AMERICAS CORP.,LAC,LITHIUM AMERICAS CORP.,LITHIUM AMERICAS CORP.
1649739,1337391000.0,BAYFIRST FINANCIAL CORP.,BAFN,BayFirst Financial Corp.,BayFirst Financial Corp.
1751783,1335977000.0,"Rhinebeck Bancorp, Inc",RBKB,"Rhinebeck Bancorp, Inc.","Rhinebeck Bancorp, Inc."
1158863,1335781000.0,"WAGEWORKS, INC.",,,"WAGEWORKS, INC."
1448056,1335171000.0,"NEW RELIC, INC.",,,"NEW RELIC, INC."
1635581,1335063000.0,8POINT3 ENERGY PARTNERS LP,,,8POINT3 ENERGY PARTNERS LP
1080014,1333572000.0,"INNOVIVA, INC.",INVA,"Innoviva, Inc.","Innoviva, Inc."
1528837,1332211000.0,SANCHEZ ENERGY CORP,,,SANCHEZ ENERGY CORP
2020455,1330256000.0,Grayscale Ethereum Mini Trust ETF,ETH,Grayscale Ethereum Staking Mini ETF,Grayscale Ethereum Staking Mini ETF
68709,1329419000.0,MTS SYSTEMS CORPORATION,,,MTS SYSTEMS CORPORATION
931948,1327037000.0,STILLWATER MINING CO /DE/,,,STILLWATER MINING CO /DE/
1476246,1325035000.0,TROPICANA ENTERTAINMENT INC.,,,TROPICANA ENTERTAINMENT INC.
75288,1324396000.0,"OXFORD INDUSTRIES, INC.",OXM,OXFORD INDUSTRIES INC,OXFORD INDUSTRIES INC
1075706,1323728000.0,CITIZENS HOLDING COMPANY,CIZN,CITIZENS HOLDING CO /MS/,CITIZENS HOLDING CO /MS/
1113232,1323486000.0,"Axcelis Technologies, Inc.",ACLS,AXCELIS TECHNOLOGIES INC,AXCELIS TECHNOLOGIES INC
36506,1320069000.0,MACKINAC FINANCIAL CORPORATION,,,MACKINAC FINANCIAL CORPORATION
1282648,1319670000.0,Battalion Oil Corp,BATL,BATTALION OIL CORP,BATTALION OIL CORP
1597095,1318783000.0,Tuniu Corp,TOUR,Tuniu Corp,Tuniu Corp
884219,1318691000.0,"Pursuit Attractions and Hospitality, Inc.",PRSU,"Pursuit Attractions & Hospitality, Inc.","Pursuit Attractions & Hospitality, Inc."
1875444,1318376000.0,"Arhaus, Inc.",ARHS,"Arhaus, Inc.","Arhaus, Inc."
66004,1315890000.0,MIDDLESEX WATER COMPANY,MSEX,MIDDLESEX WATER CO,MIDDLESEX WATER CO
844965,1315540000.0,"TETRA Technologies, Inc.",TTI,TETRA TECHNOLOGIES INC,TETRA TECHNOLOGIES INC
1600033,1314896000.0,"e.l.f. Beauty, Inc.",ELF,"e.l.f. Beauty, Inc.","e.l.f. Beauty, Inc."
1794776,1314814526.0,Palmer Square Capital BDC Inc.,PSBD,Palmer Square Capital BDC Inc.,Palmer Square Capital BDC Inc.
1065059,1314800000.0,Centrus Energy Corp.,LEU,CENTRUS ENERGY CORP,CENTRUS ENERGY CORP
2018545,1314152000.0,FRANKLIN BSP REAL ESTATE DEBT BDC,,,FRANKLIN BSP REAL ESTATE DEBT BDC
1921963,1314000000.0,Atmus Filtration Technologies Inc.,ATMU,Atmus Filtration Technologies Inc.,Atmus Filtration Technologies Inc.
1425292,1312217000.0,"CVR Partners, LP",UAN,"CVR PARTNERS, LP","CVR PARTNERS, LP"
740806,1311924000.0,F&M Bank Corp.,FMBM,F&M BANK CORP,F&M BANK CORP
95552,1311867000.0,"SUPERIOR INDUSTRIES INTERNATIONAL, INC.",,,"SUPERIOR INDUSTRIES INTERNATIONAL, INC."
1793862,1311519000.0,Dada Nexus Ltd,,,Dada Nexus Ltd
1976336,1310080000.0,ANTARES PRIVATE CREDIT FUND,,,ANTARES PRIVATE CREDIT FUND
1384072,1309288000.0,"GRIZZLY ENERGY, LLC",,,"GRIZZLY ENERGY, LLC"
2033695,1307661000.0,New Mountain Net Lease Trust,,,New Mountain Net Lease Trust
1835256,1307461000.0,"The Duckhorn Portfolio, Inc.",,,"The Duckhorn Portfolio, Inc."
1874944,1305584000.0,"Vacasa, Inc.",,,"Vacasa, Inc."
1532961,1305379000.0,"NV5 Global, Inc.",,,"NV5 Global, Inc."
1420811,1304583000.0,"On Deck Capital, Inc.",,,"On Deck Capital, Inc."
1434729,1304533000.0,"HSN, Inc.",,,"HSN, Inc."
1670592,1303044000.0,"YETI Holdings, Inc.",YETI,"YETI Holdings, Inc.","YETI Holdings, Inc."
1839839,1302500000.0,"JANUS INTERNATIONAL GROUP, INC.",JBI,"Janus International Group, Inc.","Janus International Group, Inc."
1601830,1302355000.0,"Recursion Pharmaceuticals, Inc.",RXRX,"RECURSION PHARMACEUTICALS, INC.","RECURSION PHARMACEUTICALS, INC."
724606,1301611000.0,Panera Bread Company,,,Panera Bread Company
1762417,1301379526.0,DouYu International Holdings Limited,DOYU,DouYu International Holdings Ltd,DouYu International Holdings Ltd
1644440,1301300000.0,GCP Applied Technologies Inc.,,,GCP Applied Technologies Inc.
1825265,1300537000.0,TCW DIRECT LENDING VIII LLC,,,TCW DIRECT LENDING VIII LLC
1837671,1299948000.0,Copper Property CTL Pass Through Trust,CPPTL,Copper Property CTL Pass Through Trust,Copper Property CTL Pass Through Trust
1358831,1299826000.0,LEGACY RESERVES LP,,,LEGACY RESERVES LP
1137547,1299193000.0,UNITED SECURITY BANCSHARES,,,UNITED SECURITY BANCSHARES
88948,1298508000.0,SENECA FOODS CORPORATION,SENEA,Seneca Foods Corp,Seneca Foods Corp
1794783,1297913000.0,"SelectQuote, Inc.",SLQT,"SelectQuote, Inc.","SelectQuote, Inc."
1743759,1297245000.0,"Corsair Gaming, Inc.",CRSR,"Corsair Gaming, Inc.","Corsair Gaming, Inc."
1819928,1296928000.0,"DoubleVerify Holdings, Inc.",DV,"DoubleVerify Holdings, Inc.","DoubleVerify Holdings, Inc."
1578776,1295401000.0,"Prudential Bancorp, Inc.",,,"Prudential Bancorp, Inc."
1046568,1294387000.0,Perdoceo Education Corporation,PRDO,PERDOCEO EDUCATION Corp,PERDOCEO EDUCATION Corp
1611702,1294300000.0,BrightSphere Investment Group plc,,,BrightSphere Investment Group plc
1785154,1293562000.0,Phoenix Tree Holdings Ltd,,,Phoenix Tree Holdings Ltd
1535778,1293067000.0,"MSC Income Fund, Inc.",MSIF,"MSC INCOME FUND, INC.","MSC INCOME FUND, INC."
1819848,1292984000.0,"Joby Aviation, Inc.",JOBY,"Joby Aviation, Inc.","Joby Aviation, Inc."
1522327,1292877000.0,ENTEGRA FINANCIAL CORP.,,,ENTEGRA FINANCIAL CORP.
1639438,1291634000.0,"CAVA Group, Inc.",CAVA,"CAVA GROUP, INC.","CAVA GROUP, INC."
1658247,1289574000.0,"Crinetics Pharmaceuticals, Inc.",CRNX,"Crinetics Pharmaceuticals, Inc.","Crinetics Pharmaceuticals, Inc."
1303652,1287199000.0,TABLEAU SOFTWARE INC,,,TABLEAU SOFTWARE INC
1411059,1286780000.0,"KBS REAL ESTATE INVESTMENT TRUST II, INC.",,,"KBS REAL ESTATE INVESTMENT TRUST II, INC."
1387467,1285645000.0,Alpha and Omega Semiconductor Limited,AOSL,ALPHA & OMEGA SEMICONDUCTOR Ltd,ALPHA & OMEGA SEMICONDUCTOR Ltd
1657788,1284936000.0,"Kimbell Royalty Partners, LP",KRP,"Kimbell Royalty Partners, LP","Kimbell Royalty Partners, LP"
1657642,1282848000.0,"SKYLINE BANKSHARES, INC.",SLBK,"Skyline Bankshares, Inc.","Skyline Bankshares, Inc."
1725033,1281340754.0,X Financial,XYF,X Financial,X Financial
1484769,1277774000.0,fuboTV Inc. /FL,FUBO,FuboTV Inc.,FuboTV Inc.
1016281,1275714000.0,"CARRIAGE SERVICES, INC.",CSV,CARRIAGE SERVICES INC,CARRIAGE SERVICES INC
1619544,1275583000.0,9F Inc.,JFU,9F Inc.,9F Inc.
1525287,1275543000.0,SPRAGUE RESOURCES LP,,,SPRAGUE RESOURCES LP
1263762,1275076000.0,"SELECT BANCORP, INC.",,,"SELECT BANCORP, INC."
57515,1274724000.0,Lancaster Colony Corporation,MZTI,MARZETTI CO,MARZETTI CO
103145,1274705000.0,VEECO INSTRUMENTS INC.,VECO,VEECO INSTRUMENTS INC,VEECO INSTRUMENTS INC
1899017,1274471000.0,BAIN CAPITAL PRIVATE CREDIT,,,BAIN CAPITAL PRIVATE CREDIT
1388195,1273000000.0,PharMerica CORP,,,PharMerica CORP
914138,1272643000.0,MIDDLEBURG FINANCIAL CORP,,,MIDDLEBURG FINANCIAL CORP
1759655,1272542000.0,"Privia Health Group, Inc.",PRVA,"Privia Health Group, Inc.","Privia Health Group, Inc."
1736297,1271405000.0,"Astera Labs, Inc.",ALAB,"Astera Labs, Inc.","Astera Labs, Inc."
1010470,1271042000.0,"PROVIDENT FINANCIAL HOLDINGS, INC.",PROV,PROVIDENT FINANCIAL HOLDINGS INC,PROVIDENT FINANCIAL HOLDINGS INC
1050377,1269277000.0,"PC CONNECTION, INC.",CNXN,PC CONNECTION INC,PC CONNECTION INC
1451809,1269136000.0,SiTime Corporation,SITM,SITIME Corp,SITIME Corp
1655759,1268800000.0,"Arvinas, Inc.",ARVN,"ARVINAS, INC.","ARVINAS, INC."
1469134,1268210000.0,"First Community Financial Partners, Inc.",,,"First Community Financial Partners, Inc."
1043000,1267696000.0,"Sonida Senior Living, Inc.",SNDA,"SONIDA SENIOR LIVING, INC.","SONIDA SENIOR LIVING, INC."
2000046,1265436000.0,Fidelity® Ethereum Fund,FETH,Fidelity Ethereum Fund,Fidelity Ethereum Fund
1537054,1262970000.0,Gogo Inc.,GOGO,Gogo Inc.,Gogo Inc.
1550603,1262832000.0,"MALVERN BANCORP, INC.",,,"MALVERN BANCORP, INC."
1627475,1261716000.0,UPWORK INC.,UPWK,"UPWORK, INC","UPWORK, INC"
1058811,1261709000.0,Immersion Corporation,IMMR,IMMERSION CORP,IMMERSION CORP
1796898,1260418000.0,"Maxeon Solar Technologies, Ltd",MAXNQ,"Maxeon Solar Technologies, Ltd.","Maxeon Solar Technologies, Ltd."
12400,1260357000.0,BLACK HILLS POWER INC,,,BLACK HILLS POWER INC
1254595,1260247000.0,FIRST POTOMAC REALTY TRUST,,,FIRST POTOMAC REALTY TRUST
1620179,1258324000.0,"EXELA TECHNOLOGIES, INC.",,,"EXELA TECHNOLOGIES, INC."
1284807,1257741000.0,PLY GEM HOLDINGS INC,,,PLY GEM HOLDINGS INC
1771514,1257601000.0,EXCHANGERIGHT INCOME FUND,,,EXCHANGERIGHT INCOME FUND
1513363,1257460000.0,Fidus Investment Corporation,FDUS,FIDUS INVESTMENT Corp,FIDUS INVESTMENT Corp
1538849,1257377000.0,CrossAmerica Partners LP,CAPL,CrossAmerica Partners LP,CrossAmerica Partners LP
1708055,1255564000.0,RIBBON COMMUNICATIONS INC.,RBBN,Ribbon Communications Inc.,Ribbon Communications Inc.
1725123,1254930388.0,Cango Inc.,CANG,Cango Inc.,Cango Inc.
1383414,1252888000.0,PENNANTPARK INVESTMENT CORPORATION,PNNT,PENNANTPARK INVESTMENT CORP,PENNANTPARK INVESTMENT CORP
1822928,1249642000.0,Holley Inc.,HLLY,Holley Inc.,Holley Inc.
1705012,1247760000.0,FAT Brands Inc.,,,FAT Brands Inc.
1001171,1247517000.0,BROADWAY FINANCIAL CORPORATION,BYFC,BROADWAY FINANCIAL CORP DE,BROADWAY FINANCIAL CORP DE
1669792,1247011000.0,"AdvancePierre Foods Holdings, Inc.",,,"AdvancePierre Foods Holdings, Inc."
2013639,1246638000.0,"FB Bancorp, Inc.",FBLA,"FB Bancorp, Inc. /MD/","FB Bancorp, Inc. /MD/"
1176334,1246363000.0,MARTIN MIDSTREAM PARTNERS L.P.,MMLP,MARTIN MIDSTREAM PARTNERS L.P.,MARTIN MIDSTREAM PARTNERS L.P.
1434754,1245918000.0,"SAFE BULKERS, INC.",SB,"SAFE BULKERS, INC.","SAFE BULKERS, INC."
1645113,1245875000.0,NovoCure Limited,NVCR,NovoCure Ltd,NovoCure Ltd
1196501,1244276000.0,HMS HOLDINGS CORP.,,,HMS HOLDINGS CORP.
1838615,1242771000.0,"AlTi Global, Inc.",ALTI,"AlTi Global, Inc.","AlTi Global, Inc."
1070296,1242687000.0,"FIRST CAPITAL, INC.",FCAP,FIRST CAPITAL INC,FIRST CAPITAL INC
1372020,1241650000.0,Great Lakes Dredge & Dock Corporation,,,Great Lakes Dredge & Dock Corporation
97134,1241500000.0,TENNANT CO,TNC,TENNANT CO,TENNANT CO
1649096,1241323000.0,CLIPPER REALTY INC.,CLPR,Clipper Realty Inc.,Clipper Realty Inc.
880417,1237969000.0,CSB BANCORP INC /OH,CSBB,"CSB Bancorp, Inc.","CSB Bancorp, Inc."
1171759,1237580000.0,"RED ROBIN GOURMET BURGERS, INC.",RRGB,RED ROBIN GOURMET BURGERS INC,RED ROBIN GOURMET BURGERS INC
1322439,1237209000.0,Eagle Bulk Shipping Inc.,,,Eagle Bulk Shipping Inc.
1731289,1236658000.0,Nikola Corporation,,,Nikola Corporation
1648365,1234879653.0,"AGRI-FINTECH HOLDINGS, INC.",,,"AGRI-FINTECH HOLDINGS, INC."
1610418,1234602000.0,CNX MIDSTREAM PARTNERS LP,,,CNX MIDSTREAM PARTNERS LP
761648,1233521000.0,"Cedar Realty Trust, Inc.",CDR-PB,"CEDAR REALTY TRUST, INC.","CEDAR REALTY TRUST, INC."
23795,1233226000.0,"CTO Realty Growth, Inc.",CTO,"CTO Realty Growth, Inc.","CTO Realty Growth, Inc."
1791145,1232424000.0,GBANK FINANCIAL HOLDINGS INC.,GBFH,GBank Financial Holdings Inc.,GBank Financial Holdings Inc.
1835856,1231861000.0,Better Home & Finance Holding Company,BETR,Better Home & Finance Holding Co,Better Home & Finance Holding Co
1062613,1230835000.0,FAIRPOINT COMMUNICATIONS INC,,,FAIRPOINT COMMUNICATIONS INC
21535,1227414000.0,"Cohu, Inc.",COHU,COHU INC,COHU INC
1061983,1225635000.0,"Cytokinetics, Incorporated",CYTK,CYTOKINETICS INC,CYTOKINETICS INC
1070494,1225555000.0,ACADIA PHARMACEUTICALS INC,ACAD,ACADIA PHARMACEUTICALS INC,ACADIA PHARMACEUTICALS INC
1005201,1225337000.0,"ASSERTIO THERAPEUTICS, INC",,,"ASSERTIO THERAPEUTICS, INC"
1356115,1222902000.0,NexPoint Diversified Real Estate Trust,NXDT,NEXPOINT DIVERSIFIED REAL ESTATE TRUST,NEXPOINT DIVERSIFIED REAL ESTATE TRUST
1003344,1220195000.0,HEADWATERS INC,,,HEADWATERS INC
1704292,1220140000.0,ZAI LAB LIMITED,ZLAB,Zai Lab Ltd,Zai Lab Ltd
1163199,1219394000.0,FNB BANCORP/CA/,,,FNB BANCORP/CA/
2048519,1218854000.0,Aebi Schmidt Holding AG,AEBI,Aebi Schmidt Holding AG,Aebi Schmidt Holding AG
1557255,1218561000.0,SILVER BAY REALTY TRUST CORP.,,,SILVER BAY REALTY TRUST CORP.
733590,1218165000.0,"Transcontinental Realty Investors, Inc.",TCI,TRANSCONTINENTAL REALTY INVESTORS INC,TRANSCONTINENTAL REALTY INVESTORS INC
2052152,1218151000.0,Apollo Origination II (Levered) Capital Trust,,,Apollo Origination II (Levered) Capital Trust
1393584,1217557000.0,American Well Corporation,AMWL,American Well Corp,American Well Corp
1548621,1217135000.0,"NPC Restaurant Holdings, LLC",,,"NPC Restaurant Holdings, LLC"
1084869,1216999000.0,1 800 FLOWERS COM INC,FLWS,1 800 FLOWERS COM INC,1 800 FLOWERS COM INC
108385,1216978078.0,WORLD ACCEPTANCE CORPORATION,WRLD,WORLD ACCEPTANCE CORP,WORLD ACCEPTANCE CORP
882104,1215387000.0,"PDL BioPharma, Inc.",,,"PDL BioPharma, Inc."
1803696,1210526000.0,ADEIA INC.,ADEA,Adeia Inc.,Adeia Inc.
1234006,1209993000.0,Gladstone Commercial Corp,GOOD,GLADSTONE COMMERCIAL CORP,GLADSTONE COMMERCIAL CORP
1065087,1209648000.0,ALBANY MOLECULAR RESEARCH INC,,,ALBANY MOLECULAR RESEARCH INC
1411688,1209021000.0,"THE CONTAINER STORE GROUP, INC.",,,"THE CONTAINER STORE GROUP, INC."
1784797,1208729000.0,BROADMARK REALTY CAPITAL INC.,,,BROADMARK REALTY CAPITAL INC.
1800667,1208185000.0,JFrog Ltd.,FROG,JFrog Ltd,JFrog Ltd
1260968,1207443000.0,MARLIN BUSINESS SERVICES CORP,,,MARLIN BUSINESS SERVICES CORP
1314727,1206875000.0,"SONOS, INC.",SONO,Sonos Inc,Sonos Inc
1701732,1204738000.0,ALTAIR ENGINEERING INC.,,,ALTAIR ENGINEERING INC.
1516513,1204447000.0,"Doximity, Inc.",DOCS,"Doximity, Inc.","Doximity, Inc."
1010858,1202910000.0,Fairmount Santrol Holdings Inc.,,,Fairmount Santrol Holdings Inc.
1576263,1202647000.0,"MIRATI THERAPEUTICS, INC.",,,"MIRATI THERAPEUTICS, INC."
863015,1202430000.0,ISLE OF CAPRI CASINOS INC,,,ISLE OF CAPRI CASINOS INC
1377936,1202269333.0,SARATOGA INVESTMENT CORP.,SAR,SARATOGA INVESTMENT CORP.,SARATOGA INVESTMENT CORP.
1434621,1199313000.0,"LendingTree, Inc.",TREE,"LendingTree, Inc.","LendingTree, Inc."
1806837,1198189000.0,"VERTEX, INC.",VERX,"Vertex, Inc.","Vertex, Inc."
1102238,1197479000.0,"American Realty Investors, Inc.",ARL,AMERICAN REALTY INVESTORS INC,AMERICAN REALTY INVESTORS INC
1872789,1196900000.0,EMBECTA CORP.,EMBC,Embecta Corp.,Embecta Corp.
815094,1196611000.0,ABIOMED INC,,,ABIOMED INC
1125920,1195576000.0,SHUTTERFLY INC,,,SHUTTERFLY INC
1642453,1195400000.0,"DASEKE, INC.",,,"DASEKE, INC."
1606757,1195317000.0,"KIMBALL ELECTRONICS, INC.",KE,"Kimball Electronics, Inc.","Kimball Electronics, Inc."
353020,1193582000.0,AEGION CORPORATION,,,AEGION CORPORATION
1131096,1189200000.0,ATHENAHEALTH INC,,,ATHENAHEALTH INC
1690666,1186436000.0,XPERI CORP,,,XPERI CORP
1547638,1186076000.0,"SOUTHCROSS ENERGY PARTNERS, L.P.",,,"SOUTHCROSS ENERGY PARTNERS, L.P."
1207074,1185958000.0,VIRTUSA CORPORATION,,,VIRTUSA CORPORATION
1883814,1185268000.0,"SOUTHLAND HOLDINGS, INC",SLND,"Southland Holdings, Inc.","Southland Holdings, Inc."
1230276,1184810000.0,"PANDORA MEDIA, INC.",,,"PANDORA MEDIA, INC."
1122904,1184456000.0,"NETGEAR, Inc.",NTGR,"NETGEAR, INC.","NETGEAR, INC."
911147,1181978000.0,"CENTURY CASINOS, INC.",CNTY,CENTURY CASINOS INC /CO/,CENTURY CASINOS INC /CO/
1039399,1181608000.0,"FormFactor, Inc.",FORM,FORMFACTOR INC,FORMFACTOR INC
98677,1181456000.0,TOOTSIE ROLL INDUSTRIES INC,TR,TOOTSIE ROLL INDUSTRIES INC,TOOTSIE ROLL INDUSTRIES INC
1041859,1181397000.0,"THE CHILDREN’S PLACE, INC.",PLCE,"Childrens Place, Inc.","Childrens Place, Inc."
1534675,1181209000.0,TECNOGLASS INC.,TGLS,Tecnoglass Holdings Inc.,Tecnoglass Holdings Inc.
1681622,1180900000.0,VAREX IMAGING CORPORATION,VREX,Varex Imaging Corp,Varex Imaging Corp
1856314,1180032000.0,"CLEAR SECURE, INC.",YOU,"Clear Secure, Inc.","Clear Secure, Inc."
1288469,1180025000.0,"MaxLinear, Inc.",MXL,"MAXLINEAR, INC","MAXLINEAR, INC"
885978,1179600000.0,U S PHYSICAL THERAPY INC /NV,USPH,U S PHYSICAL THERAPY INC /NV,U S PHYSICAL THERAPY INC /NV
1069996,1179016000.0,FEDNAT HOLDING COMPANY,,,FEDNAT HOLDING COMPANY
1854401,1177964000.0,BRIDGE INVESTMENT GROUP HOLDINGS INC.,,,BRIDGE INVESTMENT GROUP HOLDINGS INC.
1509223,1176844000.0,"Moatable, Inc.",,,"Moatable, Inc."
1454389,1176742000.0,STONEGATE MORTGAGE CORP,,,STONEGATE MORTGAGE CORP
1169561,1176437000.0,"Commvault Systems, Inc",CVLT,COMMVAULT SYSTEMS INC,COMMVAULT SYSTEMS INC
1066605,1175638000.0,HEIDRICK & STRUGGLES INTERNATIONAL INC,,,HEIDRICK & STRUGGLES INTERNATIONAL INC
75208,1175467000.0,"Overseas Shipholding Group, Inc",,,"Overseas Shipholding Group, Inc"
1517492,1175422599.0,eHi Car Services Ltd,,,eHi Car Services Ltd
1080709,1174123000.0,"Arena Pharmaceuticals, Inc.",,,"Arena Pharmaceuticals, Inc."
1842718,1172249000.0,INTEGRAL AD SCIENCE HOLDING CORP.,,,INTEGRAL AD SCIENCE HOLDING CORP.
1175483,1171958000.0,Drive Shack Inc.,,,Drive Shack Inc.
1813914,1170743000.0,"CareMax, Inc.",,,"CareMax, Inc."
898171,1169754000.0,UWHARRIE CAPITAL CORP,UWHR,UWHARRIE CAPITAL CORP,UWHARRIE CAPITAL CORP
2031750,1166746000.0,ARES CORE INFRASTRUCTURE FUND,,,ARES CORE INFRASTRUCTURE FUND
718413,1166586233.0,Community Bancorp./VT,CMTV,COMMUNITY BANCORP /VT,COMMUNITY BANCORP /VT
1782170,1166171000.0,"Remitly Global, Inc.",RELY,"Remitly Global, Inc.","Remitly Global, Inc."
1096325,1165341000.0,INTERSIL CORP/DE,,,INTERSIL CORP/DE
895447,1165253000.0,"Shoe Carnival, Inc.",SHOE,SHOE STATION GROUP INC,SHOE STATION GROUP INC
1006830,1165008000.0,"CONSUMERS BANCORP, INC.",CBKM,CONSUMERS BANCORP INC /OH/,CONSUMERS BANCORP INC /OH/
1771917,1163334000.0,"Karuna Therapeutics, Inc.",,,"Karuna Therapeutics, Inc."
1715933,1162912000.0,TCW DIRECT LENDING VII LLC,,,TCW DIRECT LENDING VII LLC
1835963,1162600000.0,Global-E Online Ltd.,GLBE,Global-E Online Ltd.,Global-E Online Ltd.
1485469,1162523000.0,"TOWER INTERNATIONAL, INC.",,,"TOWER INTERNATIONAL, INC."
1805833,1160456000.0,"System1, Inc.",SST,"System1, Inc.","System1, Inc."
1465872,1160428000.0,Vantage Drilling International,,,Vantage Drilling International
1591670,1160149000.0,FARMLAND PARTNERS INC.,FPI,Farmland Partners Inc.,Farmland Partners Inc.
1666244,1159917509.0,"Cantor Fitzgerald Income Trust, Inc.",CFTR-PA,"Cantor Fitzgerald Income Trust, Inc.","Cantor Fitzgerald Income Trust, Inc."
2055116,1159411000.0,Kestrel Group Ltd,KG,Kestrel Group Ltd,Kestrel Group Ltd
1856608,1158799000.0,"Sovos Brands, Inc",,,"Sovos Brands, Inc"
703361,1158657000.0,INTEGRATED DEVICE TECHNOLOGY INC,,,INTEGRATED DEVICE TECHNOLOGY INC
1806347,1157477000.0,WESTROCK COFFEE COMPANY,WEST,Westrock Coffee Co,Westrock Coffee Co
6845,1156832000.0,"APOGEE ENTERPRISES, INC.",APOG,"APOGEE ENTERPRISES, INC.","APOGEE ENTERPRISES, INC."
1175535,1155534000.0,Whitestone REIT,,,Whitestone REIT
1652133,1154669000.0,OASIS MIDSTREAM PARTNERS LP,,,OASIS MIDSTREAM PARTNERS LP
1078271,1153218000.0,"EXTREME NETWORKS, INC.",EXTR,EXTREME NETWORKS INC,EXTREME NETWORKS INC
1856031,1151431000.0,Vivid Seats Inc.,SEAT,Vivid Seats Inc.,Vivid Seats Inc.
278130,1150239000.0,PIER 1 IMPORTS INC/DE,,,PIER 1 IMPORTS INC/DE
318833,1147418000.0,"TEAM, Inc.",TISI,TEAM INC,TEAM INC
717806,1143379000.0,"FIRST US BANCSHARES, INC",FUSB,"FIRST US BANCSHARES, INC.","FIRST US BANCSHARES, INC."
1377630,1142500000.0,"National CineMedia, Inc.",NCMI,"National CineMedia, Inc.","National CineMedia, Inc."
1653384,1141766000.0,RUNWAY GROWTH FINANCE CORP.,RWAY,Runway Growth Finance Corp.,Runway Growth Finance Corp.
1893262,1140622000.0,"J.P. Morgan Real Estate Income Trust, Inc.",,,"J.P. Morgan Real Estate Income Trust, Inc."
1959604,1140444000.0,Jefferies Credit Partners BDC Inc.,,,Jefferies Credit Partners BDC Inc.
1706946,1139938000.0,"Virgin Galactic Holdings, Inc.",SPCE,"Virgin Galactic Holdings, Inc","Virgin Galactic Holdings, Inc"
904080,1139483000.0,STONE ENERGY CORP,,,STONE ENERGY CORP
1726173,1139309000.0,BIGLARI HOLDINGS INC.,BH-A,Biglari Holdings Inc.,Biglari Holdings Inc.
30305,1139094000.0,DUCOMMUN INC /DE/,DCO,DUCOMMUN INC /DE/,DUCOMMUN INC /DE/
1762301,1138600000.0,Fiverr International Ltd.,FVRR,Fiverr International Ltd.,Fiverr International Ltd.
1711279,1138394000.0,"KRYSTAL BIOTECH, INC.",KRYS,"Krystal Biotech, Inc.","Krystal Biotech, Inc."
1637873,1138273000.0,ACV Auctions Inc.,ACVA,ACV Auctions Inc.,ACV Auctions Inc.
1712463,1138000000.0,RANPAK HOLDINGS CORP.,PACK,Ranpak Holdings Corp.,Ranpak Holdings Corp.
1068875,1137572000.0,"AVANTAX, INC.",,,"AVANTAX, INC."
768899,1136155000.0,"TrueBlue, Inc.",TBI,"TrueBlue, Inc.","TrueBlue, Inc."
1825590,1135857000.0,SL Investment Corp.,,,SL Investment Corp.
1016125,1134688000.0,ULTIMATE SOFTWARE GROUP INC,,,ULTIMATE SOFTWARE GROUP INC
701869,1134464000.0,INDEPENDENCE HOLDING COMPANY,,,INDEPENDENCE HOLDING COMPANY
1034594,1131923000.0,BAY BANKS OF VIRGINIA INC,,,BAY BANKS OF VIRGINIA INC
1815442,1131068000.0,"KYMERA THERAPEUTICS, INC.",KYMR,"Kymera Therapeutics, Inc.","Kymera Therapeutics, Inc."
351834,1129558000.0,SUNOPTA INC.,,,SUNOPTA INC.
1416265,1128404000.0,"Prosper     Marketplace, Inc.",,,"Prosper     Marketplace, Inc."
1302350,1125830000.0,JMP Group LLC,,,JMP Group LLC
1437352,1125664000.0,"Everbridge, Inc.",,,"Everbridge, Inc."
1092699,1121104000.0,"SPS COMMERCE, INC.",SPSC,SPS COMMERCE INC,SPS COMMERCE INC
1158172,1120792000.0,"COMSCORE, INC.",SCOR,"COMSCORE, INC.","COMSCORE, INC."
1876255,1116000000.0,"AB COMMERCIAL REAL ESTATE PRIVATE DEBT FUND, LLC",,,"AB COMMERCIAL REAL ESTATE PRIVATE DEBT FUND, LLC"
1368265,1115843000.0,CLEAN ENERGY FUELS CORP.,CLNE,Clean Energy Fuels Corp.,Clean Energy Fuels Corp.
799288,1114391000.0,"LANDS’ END, INC.",LE,"LANDS' END, INC.","LANDS' END, INC."
1580560,1114347000.0,FLYWIRE CORPORATION,FLYW,Flywire Corp,Flywire Corp
1505155,1113459000.0,"Upland Software, Inc.",UPLD,"Upland Software, Inc.","Upland Software, Inc."
1333493,1112611000.0,"EHEALTH, INC.",EHTH,"eHealth, Inc.","eHealth, Inc."
1598428,1112000000.0,METALLUS INC.,MTUS,Metallus Inc.,Metallus Inc.
1549848,1111137000.0,HI-CRUSH INC.,,,HI-CRUSH INC.
1000232,1110790000.0,"KENTUCKY BANCSHARES, INC.",,,"KENTUCKY BANCSHARES, INC."
352363,1110319000.0,Kate Spade & Co,,,Kate Spade & Co
1366561,1110209000.0,Smartsheet Inc.,,,Smartsheet Inc.
1835724,1110051000.0,Zhihu Inc.,ZH,Zhihu Inc.,Zhihu Inc.
1744659,1109152000.0,"Akero Therapeutics, Inc.",,,"Akero Therapeutics, Inc."
1802665,1108008000.0,"HARMONY BIOSCIENCES HOLDINGS, INC.",HRMY,"Harmony Biosciences Holdings, Inc.","Harmony Biosciences Holdings, Inc."
1334933,1107653000.0,URANIUM ENERGY CORP.,UEC,URANIUM ENERGY CORP,URANIUM ENERGY CORP
1578453,1106676000.0,DYNAGAS LNG PARTNERS LP,DLNG,Dynagas LNG Partners LP,Dynagas LNG Partners LP
1690437,1105737000.0,GRANITESHARES GOLD TRUST,BAR,GraniteShares Gold Trust,GraniteShares Gold Trust
1928446,1104963000.0,"GRANITE RIDGE RESOURCES, INC.",GRNT,"Granite Ridge Resources, Inc.","Granite Ridge Resources, Inc."
1405073,1104555000.0,APPROACH RESOURCES INC,,,APPROACH RESOURCES INC
76321,1103551000.0,PARKER DRILLING CO /DE/,,,PARKER DRILLING CO /DE/
749037,1102903000.0,ORBOTECH LTD,,,ORBOTECH LTD
1446847,1100519000.0,"IRONWOOD PHARMACEUTICALS, INC.",IRWD,IRONWOOD PHARMACEUTICALS INC,IRONWOOD PHARMACEUTICALS INC
1851003,1100093000.0,ZETA GLOBAL HOLDINGS CORP.,ZETA,Zeta Global Holdings Corp.,Zeta Global Holdings Corp.
1812364,1099771000.0,"RELAY THERAPEUTICS, INC.",RLAY,"Relay Therapeutics, Inc.","Relay Therapeutics, Inc."
1512077,1099435000.0,GLOBAL EAGLE ENTERTAINMENT INC.,,,GLOBAL EAGLE ENTERTAINMENT INC.
1610092,1099254000.0,"DIPLOMAT PHARMACY, INC.",,,"DIPLOMAT PHARMACY, INC."
93859,1096967000.0,BIGLARI HOLDINGS INC.,,,BIGLARI HOLDINGS INC.
2018064,1096519000.0,"TECHTARGET, INC.",TTGT,"TechTarget, Inc.","TechTarget, Inc."
921183,1096202000.0,"HMN Financial, Inc.",,,"HMN Financial, Inc."
1577526,1095213000.0,"C3.ai, Inc.",AI,"C3.ai, Inc.","C3.ai, Inc."
1051343,1091502000.0,COMMUNITY WEST BANCSHARES,,,COMMUNITY WEST BANCSHARES
1704711,1091145000.0,"FUNKO, INC.",FNKO,"Funko, Inc.","Funko, Inc."
1383082,1091027240.0,INVESCO DB AGRICULTURE FUND,DBA,INVESCO DB AGRICULTURE FUND,INVESCO DB AGRICULTURE FUND
1840199,1090075000.0,Waldencast plc,WALD,Waldencast plc,Waldencast plc
1572758,1089084000.0,"Cole Office & Industrial REIT (CCIT II), Inc.",,,"Cole Office & Industrial REIT (CCIT II), Inc."
1102993,1088940000.0,"LIVEPERSON, INC.",LPSN,LIVEPERSON INC,LIVEPERSON INC
1417892,1088405688.0,EMEREN GROUP LTD,,,EMEREN GROUP LTD
1660690,1087500000.0,"VERSUM MATERIALS, INC.",,,"VERSUM MATERIALS, INC."
1087456,1087293000.0,UNITED BANCSHARES INC/OH,UBOH,UNITED BANCSHARES INC/OH,UNITED BANCSHARES INC/OH
1498068,1086791000.0,"American Renal Associates Holdings, Inc.",,,"American Renal Associates Holdings, Inc."
1569345,1086113000.0,"Sprinklr, Inc.",CXM,"Sprinklr, Inc.","Sprinklr, Inc."
1951276,1084405000.0,"SR Bancorp, Inc.",SRBK,"SR Bancorp, Inc.","SR Bancorp, Inc."
1518222,1083860000.0,"Bankrate, Inc.",,,"Bankrate, Inc."
1652535,1083742000.0,"ICHOR HOLDINGS, LTD.",ICHR,"ICHOR HOLDINGS, LTD.","ICHOR HOLDINGS, LTD."
1857816,1082775000.0,GIGACLOUD TECHNOLOGY INC,GCT,GigaCloud Technology Inc,GigaCloud Technology Inc
1671927,1082387000.0,Immunocore Holdings plc,IMCR,Immunocore Holdings plc,Immunocore Holdings plc
1349436,1081392000.0,"SANDRIDGE ENERGY, INC.",SD,SANDRIDGE ENERGY INC,SANDRIDGE ENERGY INC
1499832,1080705000.0,"Townsquare Media, Inc.",TSQ,"Townsquare Media, Inc.","Townsquare Media, Inc."
1646614,1080557583.0,Silver Point Specialty Lending Fund,,,Silver Point Specialty Lending Fund
1743881,1080190000.0,"BridgeBio Pharma, Inc.",BBIO,"BridgeBio Pharma, Inc.","BridgeBio Pharma, Inc."
1777393,1079957000.0,"ChargePoint Holdings, Inc.",CHPT,"ChargePoint Holdings, Inc.","ChargePoint Holdings, Inc."
1590799,1079954000.0,Riverview Financial Corp,,,Riverview Financial Corp
1815849,1078985000.0,"ATI Physical Therapy, Inc.",,,"ATI Physical Therapy, Inc."
929452,1078525000.0,KNIGHT TRANSPORTATION INC,,,KNIGHT TRANSPORTATION INC
1500435,1076925000.0,"GOPRO, INC.",GPRO,"GoPro, Inc.","GoPro, Inc."
1821806,1076782000.0,"Leslie's, Inc.",LESL,"Leslie's, Inc.","Leslie's, Inc."
917470,1074910000.0,OLYMPIC STEEL INC,,,OLYMPIC STEEL INC
1823593,1074279000.0,TuSimple Holdings Inc.,TSPH,TuSimple Holdings Inc.,TuSimple Holdings Inc.
1911321,1073730780.0,Kennedy Lewis Capital Co,,,Kennedy Lewis Capital Co
1013488,1072084000.0,"BJ’S RESTAURANTS, INC.",BJRI,BJs RESTAURANTS INC,BJs RESTAURANTS INC
1345016,1070700000.0,YELP INC,YELP,YELP INC,YELP INC
713671,1070685000.0,DNB FINANCIAL CORP /PA/,,,DNB FINANCIAL CORP /PA/
1587755,1069520000.0,"INTRAWEST RESORTS HOLDINGS, INC.",,,"INTRAWEST RESORTS HOLDINGS, INC."
1608638,1067921000.0,"CIVITAS SOLUTIONS, INC.",,,"CIVITAS SOLUTIONS, INC."
1566445,1067084000.0,BRE SELECT HOTELS CORP,,,BRE SELECT HOTELS CORP
880631,1066877000.0,"WisdomTree, Inc.",WT,"WisdomTree, Inc.","WisdomTree, Inc."
1995807,1066380000.0,LandBridge Company LLC,LB,LandBridge Co LLC,LandBridge Co LLC
792987,1065400000.0,"Astec Industries, Inc.",ASTE,ASTEC INDUSTRIES INC,ASTEC INDUSTRIES INC
1655210,1062224000.0,"BEYOND MEAT, INC.",BYND,"BEYOND MEAT, INC.","BEYOND MEAT, INC."
1769731,1060723000.0,AMTD IDEA GROUP,AMTD,AMTD IDEA GROUP,AMTD IDEA GROUP
1834494,1059157000.0,"MeridianLink, Inc.",,,"MeridianLink, Inc."
1541119,1058242000.0,"Sound Financial Bancorp, Inc.",SFBC,"Sound Financial Bancorp, Inc.","Sound Financial Bancorp, Inc."
1698991,1056256000.0,"ACCEL ENTERTAINMENT, INC.",ACEL,"Accel Entertainment, Inc.","Accel Entertainment, Inc."
1829118,1056139000.0,Tuya Inc.,TUYA,Tuya Inc.,Tuya Inc.
1019737,1054797000.0,NAVIGANT CONSULTING INC,,,NAVIGANT CONSULTING INC
1131554,1054351000.0,"SYNCHRONOSS TECHNOLOGIES, INC",,,"SYNCHRONOSS TECHNOLOGIES, INC"
1321741,1053909000.0,GLADSTONE INVESTMENT CORPORATION\DE,GAIN,GLADSTONE INVESTMENT CORPORATIONDE,GLADSTONE INVESTMENT CORPORATIONDE
1030749,1053903000.0,GULFMARK OFFSHORE INC,,,GULFMARK OFFSHORE INC
1703489,1053756000.0,PDL Community Bancorp,,,PDL Community Bancorp
1630856,1053141000.0,Professional Holding Corp.,,,Professional Holding Corp.
1438133,1052785000.0,"Tandem Diabetes Care, Inc.",TNDM,TANDEM DIABETES CARE INC,TANDEM DIABETES CARE INC
1831359,1050467874.0,JAWS MUSTANG ACQUISITION CORPORATION,JWSMF,Jaws Mustang Acquisition Corp,Jaws Mustang Acquisition Corp
1784535,1049057000.0,"PORCH GROUP, INC.",PRCH,"Porch Group, Inc.","Porch Group, Inc."
1735828,1048945000.0,Legacy Reserves Inc.,,,Legacy Reserves Inc.
1468666,1048031000.0,SecureWorks Corp.,,,SecureWorks Corp.
1062449,1047219000.0,BUFFALO WILD WINGS INC,,,BUFFALO WILD WINGS INC
1559432,1046680000.0,"TXO Partners, L.P.",TXO,"TXO Partners, L.P.","TXO Partners, L.P."
1002590,1046644000.0,"STAR GROUP, L.P.",SGU,"STAR GROUP, L.P.","STAR GROUP, L.P."
1986395,1045320000.0,STARWOOD CREDIT REAL ESTATE INCOME TRUST,,,STARWOOD CREDIT REAL ESTATE INCOME TRUST
2034,1044714000.0,ACETO CORP,,,ACETO CORP
929940,1044555000.0,ASPENTECH Corp,,,ASPENTECH Corp
1098146,1043359000.0,"PATRIOT NATIONAL BANCORP, INC.",PNBK,PATRIOT NATIONAL BANCORP INC,PATRIOT NATIONAL BANCORP INC
1830033,1042472000.0,"PureCycle Technologies, Inc.",PCT,"PureCycle Technologies, Inc.","PureCycle Technologies, Inc."
1041514,1042278000.0,"Lesaka Technologies, Inc.",LSAK,LESAKA TECHNOLOGIES INC,LESAKA TECHNOLOGIES INC
80420,1042216000.0,"POWELL INDUSTRIES, INC.",POWL,POWELL INDUSTRIES INC,POWELL INDUSTRIES INC
1676725,1041270000.0,"IDEAYA Biosciences, Inc.",IDYA,"IDEAYA Biosciences, Inc.","IDEAYA Biosciences, Inc."
1861560,1040543000.0,"NUVALENT, INC.",,,"NUVALENT, INC."
1756761,1039158000.0,Invesco Real Estate Income Trust Inc.,,,Invesco Real Estate Income Trust Inc.
1499912,1039024000.0,"Global Brokerage, Inc.",,,"Global Brokerage, Inc."
1124524,1038746000.0,"CRYOPORT, INC.",CYRX,"Cryoport, Inc.","Cryoport, Inc."
1371446,1037941000.0,FBR & CO.,,,FBR & CO.
1178879,1036845000.0,"AMICUS THERAPEUTICS, INC.",,,"AMICUS THERAPEUTICS, INC."
819220,1036353000.0,MULTI COLOR Corp,,,MULTI COLOR Corp
1466225,1034985000.0,"Resource Real Estate Opportunity REIT, Inc.",,,"Resource Real Estate Opportunity REIT, Inc."
1551901,1034765726.0,Stellus Capital Investment Corp,SCM,Stellus Capital Investment Corp,Stellus Capital Investment Corp
1001614,1033567000.0,"Riley Exploration Permian, Inc.",REPX,"Riley Exploration Permian, Inc.","Riley Exploration Permian, Inc."
1817713,1032212000.0,"Janux Therapeutics, Inc.",JANX,"Janux Therapeutics, Inc.","Janux Therapeutics, Inc."
1725579,1031953000.0,"PLURALSIGHT, INC.",,,"PLURALSIGHT, INC."
1417370,1030997000.0,Fincera Inc.,,,Fincera Inc.
750574,1029224000.0,"Auburn National Bancorporation, Inc.",AUBN,"AUBURN NATIONAL BANCORPORATION, INC","AUBURN NATIONAL BANCORPORATION, INC"
1770787,1028980000.0,"10x Genomics, Inc.",TXG,"10x Genomics, Inc.","10x Genomics, Inc."
885245,1028632000.0,"BUCKLE, INC",BKE,BUCKLE INC,BUCKLE INC
1596961,1027200000.0,"RumbleOn, Inc.",RDNW,"RideNow Group, Inc.","RideNow Group, Inc."
1584701,1026878000.0,TOPS HOLDING II CORP,,,TOPS HOLDING II CORP
1804591,1024654000.0,23ANDME HOLDING CO.,,,23ANDME HOLDING CO.
1413507,1024113000.0,SRC ENERGY INC.,,,SRC ENERGY INC.
2029118,1023602000.0,"INFINITY NATURAL RESOURCES, INC.",INR,"INFINITY NATURAL RESOURCES, INC.","INFINITY NATURAL RESOURCES, INC."
1603480,1022589000.0,TCW DIRECT LENDING LLC,,,TCW DIRECT LENDING LLC
1676238,1022537000.0,"Braze, Inc.",BRZE,"Braze, Inc.","Braze, Inc."
1514416,1022482000.0,BANDWIDTH INC.,BAND,Bandwidth Inc.,Bandwidth Inc.
1950976,1021602000.0,"26North BDC, Inc.",,,"26North BDC, Inc."
1227265,1021476101.0,CERES ORION L.P.,,,CERES ORION L.P.
1819989,1018759000.0,Cipher Mining Inc.,CIFR,Cipher Digital Inc.,Cipher Digital Inc.
1829864,1018277000.0,"TaskUs, Inc.",TASK,"TaskUs, Inc.","TaskUs, Inc."
1805387,1017822000.0,"CEREVEL THERAPEUTICS HOLDINGS, INC.",,,"CEREVEL THERAPEUTICS HOLDINGS, INC."
918251,1016574000.0,"MOTORCAR PARTS OF AMERICA, INC.",MPAA,MOTORCAR PARTS OF AMERICA INC,MOTORCAR PARTS OF AMERICA INC
2012839,1015583000.0,KKR Enhanced US Direct Lending Fund-L Inc.,,,KKR Enhanced US Direct Lending Fund-L Inc.
1157601,1015381000.0,"MADRIGAL PHARMACEUTICALS, INC.",MDGL,"MADRIGAL PHARMACEUTICALS, INC.","MADRIGAL PHARMACEUTICALS, INC."
1690334,1015119000.0,SEACOR Marine Holdings Inc.,SMHI,SEACOR Marine Holdings Inc.,SEACOR Marine Holdings Inc.
1580345,1014533000.0,TriplePoint Venture Growth BDC Corp.,TPVG,TriplePoint Venture Growth BDC Corp.,TriplePoint Venture Growth BDC Corp.
1829432,1013478050.0,ARES ACQUISITION CORPORATION,,,ARES ACQUISITION CORPORATION
1603016,1012800000.0,Hoegh LNG Partners LP,,,Hoegh LNG Partners LP
811831,1012659000.0,NORTHEAST BANCORP /ME/,,,NORTHEAST BANCORP /ME/
1046203,1012024625.0,"Guaranty Federal Bancshares, Inc.",,,"Guaranty Federal Bancshares, Inc."
1642122,1010906000.0,"Associated Capital Group, Inc.",ACGP,"Associated Capital Group, Inc.","Associated Capital Group, Inc."
928658,1009092000.0,"COVENANT LOGISTICS GROUP, INC.",CVLG,"COVENANT LOGISTICS GROUP, INC.","COVENANT LOGISTICS GROUP, INC."
1597835,1007173000.0,Cheetah Mobile Inc.,CMCM,Cheetah Mobile Inc.,Cheetah Mobile Inc.
1953366,1005371000.0,Star Holdings,STHO,Star Holdings,Star Holdings
1760689,1004692000.0,"Microvast Holdings, Inc.",MVST,"Microvast Holdings, Inc.","Microvast Holdings, Inc."
1275101,1004242000.0,"BANK OF THE JAMES FINANCIAL GROUP, INC.",BOTJ,BANK OF THE JAMES FINANCIAL GROUP INC,BANK OF THE JAMES FINANCIAL GROUP INC
103595,1003711000.0,"VILLAGE SUPER MARKET, INC.",VLGEA,VILLAGE SUPER MARKET INC,VILLAGE SUPER MARKET INC
1578732,1003708000.0,"MARCUS & MILLICHAP, INC.",MMI,"Marcus & Millichap, Inc.","Marcus & Millichap, Inc."
1818093,1003083000.0,The Beauty Health Company,SKIN,SkinHealth Systems Inc.,SkinHealth Systems Inc.
1802974,1002400000.0,"MISSION PRODUCE, INC.",AVO,"Mission Produce, Inc.","Mission Produce, Inc."
1192448,1002383000.0,Glaukos Corporation,GKOS,GLAUKOS Corp,GLAUKOS Corp
1328919,1001942344.0,STEALTHGAS INC.,GASS,StealthGas Inc.,StealthGas Inc.
1832466,1000150000.0,"Alignment Healthcare, Inc.",ALHC,"Alignment Healthcare, Inc.","Alignment Healthcare, Inc."
1107843,999505000.0,"QUALYS, INC.",QLYS,"QUALYS, INC.","QUALYS, INC."
1288855,999127000.0,"OPTIMUMBANK HOLDINGS, INC.",OPHC,"OptimumBank Holdings, Inc.","OptimumBank Holdings, Inc."
1643615,998084000.0,"Montrose Environmental Group, Inc.",ONT,"Onterris, Inc.","Onterris, Inc."
1766526,997020000.0,"TECTONIC FINANCIAL, INC.",,,"TECTONIC FINANCIAL, INC."
1085869,995888000.0,PERFICIENT INC,,,PERFICIENT INC
1029800,995316000.0,URSTADT BIDDLE PROPERTIES INC,,,URSTADT BIDDLE PROPERTIES INC
1776738,994726000.0,THE CANNABIST COMPANY HOLDINGS INC.,,,THE CANNABIST COMPANY HOLDINGS INC.
1772016,993700000.0,"BellRing Brands, Inc.",BRBR,"BELLRING BRANDS, INC.","BELLRING BRANDS, INC."
799167,991816000.0,"MARTEN TRANSPORT, LTD.",MRTN,MARTEN TRANSPORT LTD,MARTEN TRANSPORT LTD
1027183,990701914.0,FIRST SOUTH BANCORP INC /VA/,,,FIRST SOUTH BANCORP INC /VA/
1160958,990595000.0,INPHI CORPORATION,,,INPHI CORPORATION
1627857,990078000.0,"SailPoint Technologies Holdings, Inc.",,,"SailPoint Technologies Holdings, Inc."
1346980,988432000.0,"CHAPARRAL ENERGY, INC.",,,"CHAPARRAL ENERGY, INC."
46250,988274000.0,"Hawkins, Inc.",HWKN,HAWKINS INC,HAWKINS INC
1935799,987628000.0,"Bally’s Chicago, Inc.",,,"Bally’s Chicago, Inc."
1337068,987488000.0,"Magyar Bancorp, Inc.",MGYR,"Magyar Bancorp, Inc.","Magyar Bancorp, Inc."
1974793,986559000.0,"Oaktree Gardens OLP, LLC",,,"Oaktree Gardens OLP, LLC"
1029142,985850000.0,DYNAVAX TECHNOLOGIES CORP,,,DYNAVAX TECHNOLOGIES CORP
1492915,984387000.0,STANDARD AVB FINANCIAL CORP.,,,STANDARD AVB FINANCIAL CORP.
23197,983672000.0,COMTECH TELECOMMUNICATIONS CORP /DE/,CMTL,COMTECH TELECOMMUNICATIONS CORP /DE/,COMTECH TELECOMMUNICATIONS CORP /DE/
865941,981722000.0,CELADON GROUP INC,,,CELADON GROUP INC
1651311,980176000.0,MERUS N.V.,,,MERUS N.V.
1651562,979900000.0,"COURSERA, INC.",COUR,"Coursera, Inc.","Coursera, Inc."
1583103,979257000.0,VALERO ENERGY PARTNERS LP,,,VALERO ENERGY PARTNERS LP
1669811,978900000.0,"Donnelley Financial Solutions, Inc.",DFIN,"Donnelley Financial Solutions, Inc.","Donnelley Financial Solutions, Inc."
1019650,977779000.0,CENTRUE FINANCIAL CORP,,,CENTRUE FINANCIAL CORP
1109138,974741000.0,Camtek Ltd.,CAMT,CAMTEK LTD,CAMTEK LTD
1582568,973002000.0,PBF LOGISTICS LP,,,PBF LOGISTICS LP
1369568,971915000.0,"CATALYST PHARMACEUTICALS, INC.",,,"CATALYST PHARMACEUTICALS, INC."
1590584,969912000.0,Civeo Corp,CVEO,Civeo Corp,Civeo Corp
1631569,966292000.0,COMMUNITY HEALTHCARE TRUST INC,CHCT,Community Healthcare Trust Inc,Community Healthcare Trust Inc
1401680,966101000.0,Cornerstone OnDemand Inc,,,Cornerstone OnDemand Inc
1592016,965844000.0,"AgroFresh Solutions, Inc.",,,"AgroFresh Solutions, Inc."
894627,964922000.0,VAALCO ENERGY INC /DE/,EGY,VAALCO ENERGY INC /DE/,VAALCO ENERGY INC /DE/
1388658,964030000.0,"iRhythm Technologies, Inc.",IRTC,"iRhythm Holdings, Inc.","iRhythm Holdings, Inc."
1575360,962314000.0,"FTD Companies, Inc.",,,"FTD Companies, Inc."
1455684,962176000.0,"TPI COMPOSITES, INC",,,"TPI COMPOSITES, INC"
1329394,961250000.0,Silicon Motion Technology Corporation,SIMO,Silicon Motion Technology CORP,Silicon Motion Technology CORP
2006758,958819000.0,MIDCAP APOLLO INSTITUTIONAL PRIVATE LENDING,,,MIDCAP APOLLO INSTITUTIONAL PRIVATE LENDING
1625791,957666000.0,KORNIT DIGITAL LTD.,KRNT,Kornit Digital Ltd.,Kornit Digital Ltd.
2019410,955058000.0,"CARIS LIFE SCIENCES, INC.",CAI,"Caris Life Sciences, Inc.","Caris Life Sciences, Inc."
1477720,954963000.0,"ASANA, INC.",ASAN,"Asana, Inc.","Asana, Inc."
827187,953936000.0,SLEEP NUMBER CORP,SNBRQ,Sleep Number Corp,Sleep Number Corp
2040127,953929000.0,KARMAN HOLDINGS INC.,KRMN,Karman Holdings Inc.,Karman Holdings Inc.
1679268,952385000.0,"Mammoth Energy Services, Inc.",TUSK,"MAMMOTH ENERGY SERVICES, INC.","MAMMOTH ENERGY SERVICES, INC."
1944558,951504000.0,"Vitesse Energy, Inc.",VTS,"Vitesse Energy, Inc.","Vitesse Energy, Inc."
1689265,951229000.0,ARCH CAPITAL FINANCE LLC,,,ARCH CAPITAL FINANCE LLC
1787414,951099003.0,Bogota Financial Corp.,BSBK,Bogota Financial Corp.,Bogota Financial Corp.
1712923,951048000.0,"GREENSKY, INC.",,,"GREENSKY, INC."
729580,950580000.0,BEL FUSE INC /NJ,BELFA,BEL FUSE INC /NJ,BEL FUSE INC /NJ
1828962,949627000.0,"Cricut, Inc.",CRCT,"Cricut, Inc.","Cricut, Inc."
1141103,949586000.0,"Cross Country Healthcare, Inc",,,"Cross Country Healthcare, Inc"
2047235,949378000.0,"WINCHESTER BANCORP, INC.",WSBK,"Winchester Bancorp, Inc./MD/","Winchester Bancorp, Inc./MD/"
1356090,949068000.0,"PRECIGEN, INC.",PGEN,"PRECIGEN, INC.","PRECIGEN, INC."
1132105,948853000.0,"SPORTSMAN’S WAREHOUSE HOLDINGS, INC.",SPWH,"SPORTSMAN'S WAREHOUSE HOLDINGS, INC.","SPORTSMAN'S WAREHOUSE HOLDINGS, INC."
1857853,946715000.0,"Traeger, Inc.",COOK,"Traeger, Inc.","Traeger, Inc."
1526952,945218000.0,"WELLESLEY BANCORP, INC.",,,"WELLESLEY BANCORP, INC."
1343034,940211000.0,TWO RIVER BANCORP,,,TWO RIVER BANCORP
1412502,939954000.0,Sterling Real Estate Trust,,,Sterling Real Estate Trust
1017480,939160000.0,HIBBETT INC,,,HIBBETT INC
1806952,937561000.0,"Lyell Immunopharma, Inc.",LYEL,"Lyell Immunopharma, Inc.","Lyell Immunopharma, Inc."
1512499,936523000.0,"LINDBLAD EXPEDITIONS HOLDINGS, INC.",LIND,"LINDBLAD EXPEDITIONS HOLDINGS, INC.","LINDBLAD EXPEDITIONS HOLDINGS, INC."
9092,936420000.0,"BADGER METER, INC.",BMI,BADGER METER INC,BADGER METER INC
1399520,935680000.0,"ONE GROUP HOSPITALITY, INC.",STKS,"ONE Group Hospitality, Inc.","ONE Group Hospitality, Inc."
1823406,933799000.0,"Affinity Bancshares, Inc.",,,"Affinity Bancshares, Inc."
1440024,933554000.0,"ROADRUNNER TRANSPORTATION SYSTEMS, INC.",,,"ROADRUNNER TRANSPORTATION SYSTEMS, INC."
1841968,932165000.0,"P10, Inc.",RPC,"Ridgepost Capital, Inc.","Ridgepost Capital, Inc."
1599891,931435000.0,"SUNSHINE BANCORP, INC.",,,"SUNSHINE BANCORP, INC."
1774170,930782000.0,"POWERFLEET, INC.",AIOT,"Powerfleet, Inc.","Powerfleet, Inc."
1472595,929100000.0,R1 RCM Holdco Inc.,,,R1 RCM Holdco Inc.
1494259,927102000.0,"CarGurus, Inc.",CARG,"CarGurus, Inc.","CarGurus, Inc."
39648,924448000.0,G&K SERVICES INC,,,G&K SERVICES INC
1758488,923669000.0,OneSpaWorld Holdings Limited,OSW,ONESPAWORLD HOLDINGS Ltd,ONESPAWORLD HOLDINGS Ltd
1406666,921406000.0,"Calix, Inc.",CALX,"CALIX, INC","CALIX, INC"
1159167,920753000.0,iROBOT CORPORATION,,,iROBOT CORPORATION
1309136,918241879.0,ML Winton FuturesAccess LLC,,,ML Winton FuturesAccess LLC
1606909,915995446.0,"PANGAEA LOGISTICS SOLUTIONS, LTD.",PANL,Pangaea Logistics Solutions Ltd.,Pangaea Logistics Solutions Ltd.
1835591,915700000.0,VIZIO HOLDING CORP.,,,VIZIO HOLDING CORP.
858800,915296000.0,EMCLAIRE FINANCIAL CORP,,,EMCLAIRE FINANCIAL CORP
1690012,914495000.0,"InPoint Commercial Real Estate Income, Inc.",ICR-PA,"InPoint Commercial Real Estate Income, Inc.","InPoint Commercial Real Estate Income, Inc."
1318008,914258000.0,Zumiez Inc.,ZUMZ,Zumiez Inc,Zumiez Inc
1481646,913791000.0,"ACCOLADE, INC.",,,"ACCOLADE, INC."
920321,912959000.0,"CENVEO, INC",,,"CENVEO, INC"
2011498,912763000.0,AGL PRIVATE CREDIT INCOME FUND,,,AGL PRIVATE CREDIT INCOME FUND
1865174,912756000.0,Goldman Sachs Middle Market Lending Corp. II,,,Goldman Sachs Middle Market Lending Corp. II
1478320,912302000.0,ADAPTIVE BIOTECHNOLOGIES CORPORATION,ADPT,Adaptive Biotechnologies Corp,Adaptive Biotechnologies Corp
353569,910867000.0,QUIDEL CORP,,,QUIDEL CORP
1889956,910530000.0,"OneStream, Inc.",,,"OneStream, Inc."
1975736,910289000.0,KKR FS Income Trust Select,,,KKR FS Income Trust Select
1581280,909970000.0,Twist Bioscience Corporation,TWST,Twist Bioscience Corp,Twist Bioscience Corp
1477815,908935000.0,"SWEETGREEN, INC.",SG,"Sweetgreen, Inc.","Sweetgreen, Inc."
1302387,908327000.0,"BV FINANCIAL, INC.",BVFL,"BV Financial, Inc.","BV Financial, Inc."
1404296,907459000.0,Atlantic Coast Financial CORP,,,Atlantic Coast Financial CORP
1425205,907437000.0,"IOVANCE BIOTHERAPEUTICS, INC.",IOVA,"IOVANCE BIOTHERAPEUTICS, INC.","IOVANCE BIOTHERAPEUTICS, INC."
1842279,905537000.0,OPAL FUELS INC.,OPAL,OPAL Fuels Inc.,OPAL Fuels Inc.
1807794,905175000.0,Credo Technology Group Holding Ltd,CRDO,Credo Technology Group Holding Ltd,Credo Technology Group Holding Ltd
1655075,904400000.0,"ARMSTRONG FLOORING, INC.",,,"ARMSTRONG FLOORING, INC."
1756390,903867000.0,"ASCEND WELLNESS HOLDINGS, INC.",AAWH,"Ascend Wellness Holdings, Inc.","Ascend Wellness Holdings, Inc."
742112,903743000.0,INVACARE HOLDINGS CORPORATION,,,INVACARE HOLDINGS CORPORATION
1082923,902496000.0,STAMPS.COM INC,,,STAMPS.COM INC
1595527,901356000.0,American Strategic Investment Co.,NYC,American Strategic Investment Co.,American Strategic Investment Co.
71829,900079000.0,"Newpark Resources, Inc.",NPKI,NPK International Inc.,NPK International Inc.
1782430,897254000.0,"STRAWBERRY FIELDS REIT, INC.",STRW,"Strawberry Fields REIT, Inc.","Strawberry Fields REIT, Inc."
1475115,895379000.0,"EVENTBRITE, INC.",,,"EVENTBRITE, INC."
1565687,894161000.0,"Intapp, Inc.",INTA,"Intapp, Inc.","Intapp, Inc."
1397516,893923000.0,REX ENERGY CORP,,,REX ENERGY CORP
1163389,892930000.0,"New     Peoples Bankshares, Inc.",NWPP,NEW PEOPLES BANKSHARES INC,NEW PEOPLES BANKSHARES INC
1828811,892700000.0,Li-Cycle Holdings Corp.,,,Li-Cycle Holdings Corp.
886128,892383000.0,"FUELCELL ENERGY, INC.",FCEL,FUELCELL ENERGY INC,FUELCELL ENERGY INC
1568100,891531000.0,"PAGERDUTY, INC.",PD,"PagerDuty, Inc.","PagerDuty, Inc."
1041550,891486000.0,HOPFED BANCORP INC,,,HOPFED BANCORP INC
1756262,890522000.0,"TransMedics Group, Inc.",TMDX,"TransMedics Group, Inc.","TransMedics Group, Inc."
901491,890442000.0,"PAPA JOHN’S INTERNATIONAL, INC.",PZZA,PAPA JOHNS INTERNATIONAL INC,PAPA JOHNS INTERNATIONAL INC
1506042,890158000.0,Navios South American Logistics Inc.,,,Navios South American Logistics Inc.
921582,889069000.0,IMAX Corporation,IMAX,IMAX CORP,IMAX CORP
1593195,888766000.0,TRIBUNE PUBLISHING COMPANY,,,TRIBUNE PUBLISHING COMPANY
1514743,887659000.0,"IF Bancorp, Inc.",,,"IF Bancorp, Inc."
1863105,886497000.0,"EngageSmart, Inc.",,,"EngageSmart, Inc."
897448,886179000.0,AMARIN CORP PLC\UK,AMRN,AMARIN CORP PLC\UK,AMARIN CORP PLC\UK
1703956,886031000.0,"CONCRETE PUMPING HOLDINGS, INC.",BBCP,"Concrete Pumping Holdings, Inc.","Concrete Pumping Holdings, Inc."
1775625,885645000.0,"SmileDirectClub, Inc.",,,"SmileDirectClub, Inc."
1679063,883879409.0,Chicken Soup for the Soul Entertainment Inc.,,,Chicken Soup for the Soul Entertainment Inc.
1577437,883642723.0,Ardmore Shipping Corp,ASC,Ardmore Shipping Corp,Ardmore Shipping Corp
100591,882704000.0,"ARGAN, INC.",AGX,ARGAN INC,ARGAN INC
1351288,882249000.0,GW PHARMACEUTICALS PLC,,,GW PHARMACEUTICALS PLC
1532750,881834000.0,"Titan Energy, LLC",,,"Titan Energy, LLC"
1109116,880841000.0,ENTRAVISION COMMUNICATIONS CORPORATION,EVC,ENTRAVISION COMMUNICATIONS CORP,ENTRAVISION COMMUNICATIONS CORP
803016,880344000.0,CALIFORNIA FIRST NATIONAL BANCORP,CFNB,CALIFORNIA FIRST LEASING CORP,CALIFORNIA FIRST LEASING CORP
1326732,879424000.0,"XENCOR, INC.",XNCR,Xencor Inc,Xencor Inc
34067,878978000.0,DMC GLOBAL INC.,BOOM,DMC Global Inc.,DMC Global Inc.
1130713,878546000.0,"Beyond, Inc.",NXH,"NEIGHBORHOOD INTELLIGENCE, INC.","NEIGHBORHOOD INTELLIGENCE, INC."
1533924,877539000.0,AMPLIFY ENERGY CORP.,AMPY,Amplify Energy Corp.,Amplify Energy Corp.
3197,876582000.0,CECO ENVIRONMENTAL CORP,CECO,CECO ENVIRONMENTAL CORP,CECO ENVIRONMENTAL CORP
1832511,876571000.0,P3 Health Partners Inc.,PIII,P3 Health Partners Inc.,P3 Health Partners Inc.
42682,872830000.0,THE GORMAN-RUPP COMPANY,GRC,GORMAN RUPP CO,GORMAN RUPP CO
1679826,872811000.0,PING IDENTITY HOLDING CORP.,,,PING IDENTITY HOLDING CORP.
1659122,872512000.0,Rosehill Resources Inc.,,,Rosehill Resources Inc.
1959455,871900000.0,Himalaya Shipping Ltd.,HSHP,Himalaya Shipping Ltd.,Himalaya Shipping Ltd.
1559484,871310000.0,"RESOURCE REIT, INC.",,,"RESOURCE REIT, INC."
720154,871059000.0,"INOTIV, INC.",,,"INOTIV, INC."
708818,871023000.0,"NEXTGEN HEALTHCARE, INC.",,,"NEXTGEN HEALTHCARE, INC."
1828376,870944000.0,WILLIAM PENN BANCORPORATION,,,WILLIAM PENN BANCORPORATION
1472072,870634000.0,Concord Medical Services Holdings Ltd,CCM,Concord Medical Services Holdings Ltd,Concord Medical Services Holdings Ltd
1338940,870218000.0,Perion Network Ltd.,PERI,Perion Network Ltd.,Perion Network Ltd.
1833197,869683000.0,"Latham Group, Inc.",SWIM,"Latham Group, Inc.","Latham Group, Inc."
1728688,869449000.0,"i3 Verticals, Inc.",IIIV,"i3 Verticals, Inc.","i3 Verticals, Inc."
1083301,869408000.0,TERAWULF INC.,WULF,TERAWULF INC.,TERAWULF INC.
1498542,869137000.0,"CIM Income NAV, Inc.",,,"CIM Income NAV, Inc."
1841925,867630000.0,"INDIE SEMICONDUCTOR, INC.",INDI,"indie Semiconductor, Inc.","indie Semiconductor, Inc."
1849089,867544000.0,"LAFAYETTE SQUARE USA, INC.",,,"LAFAYETTE SQUARE USA, INC."
714712,866434000.0,JUNIATA VALLEY FINANCIAL CORP.,JUVF,JUNIATA VALLEY FINANCIAL CORP,JUNIATA VALLEY FINANCIAL CORP
101462,864852000.0,UNITED REFINING CO,,,UNITED REFINING CO
2000597,864768000.0,Apollo Asset Backed Credit Company LLC,,,Apollo Asset Backed Credit Company LLC
1821159,864657000.0,EVgo Inc.,EVGO,EVgo Inc.,EVgo Inc.
1868878,863771000.0,Golub Capital Direct Lending Corporation,,,Golub Capital Direct Lending Corporation
1784700,863070000.0,VARAGON CAPITAL CORPORATION,,,VARAGON CAPITAL CORPORATION
69488,862714000.0,"Myers Industries, Inc.",MYE,MYERS INDUSTRIES INC,MYERS INDUSTRIES INC
1772720,862631000.0,XL FLEET CORP.,SPRU,SPRUCE POWER HOLDING CORP,SPRUCE POWER HOLDING CORP
1585583,862457000.0,"Del Taco Restaurants, Inc.",,,"Del Taco Restaurants, Inc."
1870600,862347000.0,"Solo Brands, Inc.",SBDS,"Solo Brands, Inc.","Solo Brands, Inc."
770460,861639000.0,PEOPLES FINANCIAL CORP /MS/,PFBX,PEOPLES FINANCIAL CORP /MS/,PEOPLES FINANCIAL CORP /MS/
902791,860929000.0,"BARRETT BUSINESS SERVICES, INC.",BBSI,BARRETT BUSINESS SERVICES INC,BARRETT BUSINESS SERVICES INC
1590976,860666000.0,"MALIBU BOATS, INC.",MBUU,"MALIBU BOATS, INC.","MALIBU BOATS, INC."
1823986,858643000.0,Waterdrop Inc.,WDH,Waterdrop Inc.,Waterdrop Inc.
1162896,858540000.0,Prairie Operating Co.,PROP,Prairie Operating Co.,Prairie Operating Co.
921299,857397000.0,"FIBROGEN, INC.",KYNB,"KYNTRA BIO, INC.","KYNTRA BIO, INC."
1895316,857062000.0,Brightwood Capital Corporation I,,,Brightwood Capital Corporation I
1824403,856976183.0,"RESERVOIR MEDIA, INC.",RSVR,"Reservoir Media, Inc.","Reservoir Media, Inc."
1988494,856512000.0,"FRONTVIEW REIT, INC.",FVR,"FrontView REIT, Inc.","FrontView REIT, Inc."
1615346,855605000.0,LANDMARK INFRASTRUCTURE PARTNERS LP,,,LANDMARK INFRASTRUCTURE PARTNERS LP
854775,854610000.0,DIGI INTERNATIONAL INC.,DGII,DIGI INTERNATIONAL INC,DIGI INTERNATIONAL INC
1469372,854089000.0,MSG NETWORKS INC.,,,MSG NETWORKS INC.
1509986,853628000.0,NQ Mobile Inc.,,,NQ Mobile Inc.
1532286,850895000.0,"Nine Energy Service, Inc.",NINE,"Nine Energy Service, Inc.","Nine Energy Service, Inc."
1819580,850006000.0,Yatsen Holding Limited,YSG,Yatsen Holding Ltd,Yatsen Holding Ltd
14846,849074000.0,BRT APARTMENTS CORP.,BRT,BRT Apartments Corp.,BRT Apartments Corp.
1753706,849003000.0,"Whole Earth Brands, Inc.",,,"Whole Earth Brands, Inc."
1814287,848357920.0,"Abacus Life, Inc.",ABX,"Abacus Global Management, Inc.","Abacus Global Management, Inc."
731653,847884000.0,UNITED BANCORP INC /OH/,UBCP,UNITED BANCORP INC /OH/,UNITED BANCORP INC /OH/
1371285,847789000.0,"TRUPANION, INC.",TRUP,"TRUPANION, INC.","TRUPANION, INC."
72573,847308000.0,"MOVADO GROUP, INC.",MOV,MOVADO GROUP INC,MOVADO GROUP INC
1157762,843716000.0,"China Automotive Systems, Inc.",,,"China Automotive Systems, Inc."
1907982,843602000.0,D-Wave Quantum Inc.,QBTS,D-Wave Quantum Inc.,D-Wave Quantum Inc.
1856365,842488000.0,FINWISE BANCORP,FINW,Finwise Bancorp,Finwise Bancorp
1261159,842422000.0,CNL LIFESTYLE PROPERTIES INC,,,CNL LIFESTYLE PROPERTIES INC
1491576,842293000.0,"TESARO, INC.",,,"TESARO, INC."
722723,842253000.0,"Hanger, Inc.",,,"Hanger, Inc."
1698022,842218000.0,"Farmers and Merchants Bancshares, Inc.",FMFG,"Farmers & Merchants Bancshares, Inc.","Farmers & Merchants Bancshares, Inc."
1479681,841028000.0,NUTEX HEALTH INC.,NUTX,Nutex Health Inc.,Nutex Health Inc.
836157,840863000.0,Lindsay Corporation,LNN,LINDSAY CORP,LINDSAY CORP
1820630,840459000.0,Proterra Inc,,,Proterra Inc
1529274,840389000.0,"ALKAMI TECHNOLOGY, INC.",ALKT,"ALKAMI TECHNOLOGY, INC.","ALKAMI TECHNOLOGY, INC."
39677,840233000.0,"AV HOMES, INC.",,,"AV HOMES, INC."
1430592,840136000.0,"FINANCIAL ENGINES, INC.",,,"FINANCIAL ENGINES, INC."
833640,840096000.0,"POWER INTEGRATIONS, INC.",POWI,POWER INTEGRATIONS INC,POWER INTEGRATIONS INC
1689382,838627000.0,Trilogy International Partners Inc.,,,Trilogy International Partners Inc.
784199,838387000.0,"ARTIVION, INC.",AORT,"ARTIVION, INC.","ARTIVION, INC."
1640313,838240000.0,"Amplify Snack Brands, Inc.",,,"Amplify Snack Brands, Inc."
884624,837157000.0,ORTHOFIX MEDICAL INC.,OFIX,Orthofix Medical Inc.,Orthofix Medical Inc.
106618,836520000.0,HANDY & HARMAN LTD.,,,HANDY & HARMAN LTD.
878004,836156130.0,CHUGACH ELECTRIC ASSOCIATION INC,,,CHUGACH ELECTRIC ASSOCIATION INC
1023731,836107000.0,"8x8, INC.",EGHT,8X8 INC /DE/,8X8 INC /DE/
1590877,833268000.0,REGENXBIO Inc.,RGNX,REGENXBIO Inc.,REGENXBIO Inc.
1160951,833183000.0,"Duck Creek Technologies, Inc.",,,"Duck Creek Technologies, Inc."
922487,832485000.0,ROYAL BANCSHARES OF PENNSYLVANIA INC,,,ROYAL BANCSHARES OF PENNSYLVANIA INC
1761612,832184000.0,Bicycle Therapeutics plc,BCYC,BICYCLE THERAPEUTICS PLC,BICYCLE THERAPEUTICS PLC
1721741,830718000.0,"LAZYDAYS HOLDINGS, INC.",,,"LAZYDAYS HOLDINGS, INC."
1550377,830540000.0,"BAKERCORP INTERNATIONAL, INC.",,,"BAKERCORP INTERNATIONAL, INC."
1029730,829936000.0,LADENBURG THALMANN FINANCIAL SERVICES INC.,,,LADENBURG THALMANN FINANCIAL SERVICES INC.
1607678,827851000.0,"Viking Therapeutics, Inc.",VKTX,"Viking Therapeutics, Inc.","Viking Therapeutics, Inc."
1296435,827800000.0,Neenah Inc,,,Neenah Inc
1844224,827698000.0,FREYR Battery,,,FREYR Battery
1426945,826666000.0,"ECHO GLOBAL LOGISTICS, INC.",,,"ECHO GLOBAL LOGISTICS, INC."
868271,826034000.0,"Severn Bancorp, Inc.",,,"Severn Bancorp, Inc."
1825024,825069000.0,Offerpad Solutions Inc.,OPAD,Offerpad Solutions Inc.,Offerpad Solutions Inc.
1365916,824932000.0,"Amyris, Inc.",,,"Amyris, Inc."
1652362,824921000.0,"INFRASTRUCTURE AND ENERGY ALTERNATIVES, INC.",,,"INFRASTRUCTURE AND ENERGY ALTERNATIVES, INC."
1353613,823093765.0,Invesco CurrencyShares Japanese Yen Trust,FXY,Invesco CurrencyShares Japanese Yen Trust,Invesco CurrencyShares Japanese Yen Trust
1770121,822720000.0,"Sana Biotechnology, Inc.",SANA,"Sana Biotechnology, Inc.","Sana Biotechnology, Inc."
1390312,822440000.0,"BANCORP OF NEW JERSEY, INC.",,,"BANCORP OF NEW JERSEY, INC."
1449488,822246000.0,CSI Compressco LP,,,CSI Compressco LP
1737287,821579000.0,"Allogene Therapeutics, Inc.",ALLO,"Allogene Therapeutics, Inc.","Allogene Therapeutics, Inc."
1492422,821390000.0,"APELLIS PHARMACEUTICALS, INC.",,,"APELLIS PHARMACEUTICALS, INC."
863110,819296000.0,ARTESIAN RESOURCES CORP,ARTNA,ARTESIAN RESOURCES CORP,ARTESIAN RESOURCES CORP
1668673,818896000.0,"PetIQ, Inc.",,,"PetIQ, Inc."
902274,818169000.0,LIBBEY INC,,,LIBBEY INC
886171,818123000.0,UNIVERSAL HOSPITAL SERVICES INC,,,UNIVERSAL HOSPITAL SERVICES INC
1453814,817885000.0,"MEDIDATA SOLUTIONS, INC.",,,"MEDIDATA SOLUTIONS, INC."
714284,817721344.0,"SORL AUTO PARTS, INC.",,,"SORL AUTO PARTS, INC."
1626878,816877000.0,XBIOTECH INC.,XBIT,XBiotech Inc.,XBiotech Inc.
1888886,816443000.0,Structure Therapeutics Inc.,GPCR,Structure Therapeutics Inc.,Structure Therapeutics Inc.
1737204,816259000.0,"RIVIERA RESOURCES, INC.",,,"RIVIERA RESOURCES, INC."
1293593,815934000.0,"Synutra International, Inc.",,,"Synutra International, Inc."
1799567,815402000.0,"DoubleDown Interactive Co., Ltd.",DDI,"DoubleDown Interactive Co., Ltd.","DoubleDown Interactive Co., Ltd."
1586454,815172000.0,Prime Meridian Holding Co,,,Prime Meridian Holding Co
1936258,815112000.0,NewAmsterdam Pharma Company N.V.,NAMS,NewAmsterdam Pharma Co N.V.,NewAmsterdam Pharma Co N.V.
1326089,813914000.0,Sundance Energy Inc.,,,Sundance Energy Inc.
1518403,813851000.0,"ALTA MESA HOLDINGS, LP",,,"ALTA MESA HOLDINGS, LP"
1674356,813336892.0,"Terra Property Trust, Inc.",TPTS,"Terra Property Trust, Inc.","Terra Property Trust, Inc."
1622353,812777000.0,"Jernigan Capital, Inc.",,,"Jernigan Capital, Inc."
1739936,810155000.0,Momentive Global Inc.,,,Momentive Global Inc.
1801170,808620000.0,"CLOVER HEALTH INVESTMENTS, CORP. /DE",CLOV,"CLOVER HEALTH INVESTMENTS, CORP. /DE","CLOVER HEALTH INVESTMENTS, CORP. /DE"
855658,808552000.0,Lattice Semiconductor Corp,LSCC,LATTICE SEMICONDUCTOR CORP,LATTICE SEMICONDUCTOR CORP
1092796,808147000.0,"Smith & Wesson Brands, Inc.",SWBI,"SMITH & WESSON BRANDS, INC.","SMITH & WESSON BRANDS, INC."
1348036,807267000.0,"AVALARA, INC.",,,"AVALARA, INC."
1824814,805111000.0,Cognyte Software Ltd.,CGNT,Cognyte Software Ltd.,Cognyte Software Ltd.
1703141,804192000.0,"Despegar.com, Corp.",,,"Despegar.com, Corp."
1487986,803921000.0,"Hawaiian Telcom Holdco, Inc.",,,"Hawaiian Telcom Holdco, Inc."
1680873,802843794.0,HF Foods Group Inc.,HFFG,HF Foods Group Inc.,HF Foods Group Inc.
731012,802200000.0,"HEALTHCARE SERVICES GROUP, INC.",HCSG,HEALTHCARE SERVICES GROUP INC,HEALTHCARE SERVICES GROUP INC
1609550,802193000.0,"Inspire Medical Systems, Inc.",INSP,"Inspire Medical Systems, Inc.","Inspire Medical Systems, Inc."
1443669,802168000.0,"Proto Labs, Inc.",PRLB,Proto Labs Inc,Proto Labs Inc
1088856,801722000.0,CORCEPT THERAPEUTICS INC,CORT,CORCEPT THERAPEUTICS INC,CORCEPT THERAPEUTICS INC
1802883,800715000.0,"Agora, Inc.",API,"Agora, Inc.","Agora, Inc."
1576942,799728000.0,"STITCH FIX, INC.",SFIX,"Stitch Fix, Inc.","Stitch Fix, Inc."
1342338,799634000.0,"Himax Technologies, Inc.",HIMX,"Himax Technologies, Inc.","Himax Technologies, Inc."
25475,799365000.0,CRAWFORD & COMPANY,CRD-A,CRAWFORD & CO,CRAWFORD & CO
1422841,797581000.0,AQUAVENTURE HOLDINGS LTD,,,AQUAVENTURE HOLDINGS LTD
1158114,796850000.0,"Applied Optoelectronics, Inc.",AAOI,"APPLIED OPTOELECTRONICS, INC.","APPLIED OPTOELECTRONICS, INC."
1552198,796474000.0,"WHITEHORSE FINANCE, INC.",WHF,"WhiteHorse Finance, Inc.","WhiteHorse Finance, Inc."
1629137,796099000.0,"Global Blood Therapeutics, Inc.",,,"Global Blood Therapeutics, Inc."
1520300,795823000.0,ASB Bancorp Inc,,,ASB Bancorp Inc
712770,795585000.0,"ONE LIBERTY PROPERTIES, INC.",OLP,ONE LIBERTY PROPERTIES INC,ONE LIBERTY PROPERTIES INC
1635840,795543000.0,"Provident Bancorp, Inc.",,,"Provident Bancorp, Inc."
1023860,795535000.0,STEWARDSHIP FINANCIAL CORP,,,STEWARDSHIP FINANCIAL CORP
1831651,794964000.0,"Shoals Technologies Group, Inc.",SHLS,"Shoals Technologies Group, Inc.","Shoals Technologies Group, Inc."
1860543,794437000.0,"CADRE HOLDINGS, INC.",CDRE,"Cadre Holdings, Inc.","Cadre Holdings, Inc."
1281774,794278000.0,TOWN SPORTS INTERNATIONAL HOLDINGS INC,,,TOWN SPORTS INTERNATIONAL HOLDINGS INC
1342287,794277000.0,General Finance Corporation,,,General Finance Corporation
1403431,794241000.0,"HERITAGE-CRYSTAL CLEAN, INC.",,,"HERITAGE-CRYSTAL CLEAN, INC."
1421461,794203000.0,"INTREPID POTASH, INC.",IPI,"Intrepid Potash, Inc.","Intrepid Potash, Inc."
1391933,792350000.0,"QUAINT OAK BANCORP, INC.",QNTO,"QUAINT OAK BANCORP, INC.","QUAINT OAK BANCORP, INC."
1350653,790293000.0,"ALPHATEC HOLDINGS, INC.",ATEC,"Alphatec Holdings, Inc.","Alphatec Holdings, Inc."
914712,788895000.0,"Steel Connect, Inc.",,,"Steel Connect, Inc."
1527190,788500000.0,"NATIONAL CINEMEDIA, LLC",,,"NATIONAL CINEMEDIA, LLC"
1653087,787648000.0,"Alector, Inc.",ALEC,"Alector, Inc.","Alector, Inc."
1854587,787425000.0,Cellebrite DI Ltd.,CLBT,Cellebrite DI Ltd.,Cellebrite DI Ltd.
6885,786989000.0,STAGE STORES INC,,,STAGE STORES INC
60977,785937000.0,"LYDALL, INC.",,,"LYDALL, INC."
1514128,785583000.0,UNIVERSAL AMERICAN CORP.,,,UNIVERSAL AMERICAN CORP.
26058,784729000.0,CTS CORPORATION,CTS,CTS CORP,CTS CORP
276209,784502000.0,CONNECTICUT WATER SERVICE INC / CT,,,CONNECTICUT WATER SERVICE INC / CT
1745797,784162000.0,"Brigham Minerals, Inc.",,,"Brigham Minerals, Inc."
1651094,783587000.0,"ELEVATE CREDIT, INC.",,,"ELEVATE CREDIT, INC."
851310,783347000.0,HARMONIC INC.,HLIT,HARMONIC INC.,HARMONIC INC.
1853962,782881000.0,I-80 GOLD CORP.,IAUX,i-80 Gold Corp.,i-80 Gold Corp.
8063,782716000.0,ASTRONICS CORPORATION,ATRO,ASTRONICS CORP,ASTRONICS CORP
1604738,782500000.0,ASHFORD INC.,,,ASHFORD INC.
886137,781636000.0,FINISH LINE INC /IN/,,,FINISH LINE INC /IN/
1919369,781633000.0,VISTA CREDIT STRATEGIC LENDING CORP.,,,VISTA CREDIT STRATEGIC LENDING CORP.
1431695,780672000.0,Olo Inc.,,,Olo Inc.
1607310,780380000.0,Mobileye N.V.,,,Mobileye N.V.
1143513,780198000.0,GLADSTONE CAPITAL CORP,GLAD,GLADSTONE CAPITAL CORP,GLADSTONE CAPITAL CORP
1729997,777222000.0,Grayscale® Digital Large Cap Fund LLC,GDLC,Grayscale CoinDesk Crypto 5 ETF,Grayscale CoinDesk Crypto 5 ETF
742126,776400000.0,"US ECOLOGY HOLDINGS, INC.",,,"US ECOLOGY HOLDINGS, INC."
934549,775546000.0,ACACIA RESEARCH CORP,ACTG,ACACIA RESEARCH CORP,ACACIA RESEARCH CORP
920424,775285000.0,VIRTU ITG HOLDINGS LLC,,,VIRTU ITG HOLDINGS LLC
812701,775218000.0,CALGON CARBON Corp,,,CALGON CARBON Corp
1043951,774793051.0,CAMPBELL FUND TRUST,,,CAMPBELL FUND TRUST
1000229,774673000.0,CORE LABORATORIES N.V.,,,CORE LABORATORIES N.V.
1834489,773337000.0,Genius Sports Ltd,GENI,Genius Sports Ltd,Genius Sports Ltd
320431,773284000.0,"UNIFIED GROCERS, INC.",,,"UNIFIED GROCERS, INC."
1712189,771727000.0,TARGET HOSPITALITY CORP.,TH,Target Hospitality Corp.,Target Hospitality Corp.
1729173,771639000.0,Uxin                                             Limited,UXIN,Uxin Ltd,Uxin Ltd
1969302,771514000.0,Pony AI Inc.,PONY,Pony AI Inc.,Pony AI Inc.
1517022,771201000.0,"AKEBIA THERAPEUTICS, INC.",AKBA,"Akebia Therapeutics, Inc.","Akebia Therapeutics, Inc."
1575434,770078000.0,"VERICITY, INC.",,,"VERICITY, INC."
874396,770023000.0,"LIFETIME BRANDS, INC.",LCUT,"LIFETIME BRANDS, INC","LIFETIME BRANDS, INC"
68270,769335000.0,RUBY TUESDAY INC,,,RUBY TUESDAY INC
1109189,768160000.0,"Basic Energy Services, Inc.",,,"Basic Energy Services, Inc."
1823575,766911000.0,"ZeroFox Holdings, Inc.",,,"ZeroFox Holdings, Inc."
1487428,766826000.0,Horizon Technology Finance Corp,HRZN,Horizon Technology Finance Corp,Horizon Technology Finance Corp
33769,766389000.0,BOB EVANS FARMS INC,,,BOB EVANS FARMS INC
1361394,766300000.0,"AFFINION GROUP, INC.",,,"AFFINION GROUP, INC."
1760717,765700000.0,SCIPLAY CORPORATION,,,SCIPLAY CORPORATION
884940,765514000.0,STEIN MART INC,,,STEIN MART INC
1489096,765342000.0,"THERMON GROUP HOLDINGS, INC.",,,"THERMON GROUP HOLDINGS, INC."
1509646,765006000.0,Phoenix New Media Limited,FENG,Phoenix New Media Ltd,Phoenix New Media Ltd
1293282,764717000.0,TechTarget Holdings Inc.,,,TechTarget Holdings Inc.
1720446,763735000.0,ZEPP HEALTH CORP,ZEPP,Zepp Health Corp,Zepp Health Corp
1593548,762378000.0,"PLAYAGS, INC.",,,"PLAYAGS, INC."
1551306,760950000.0,"Progyny, Inc.",PGNY,"Progyny, Inc.","Progyny, Inc."
1488419,760654131.0,"Sino Agro Food, Inc",,,"Sino Agro Food, Inc"
1893325,760412422.0,SCREAMING EAGLE ACQUISITION CORP.,,,SCREAMING EAGLE ACQUISITION CORP.
1099160,760060229.0,"BEASLEY BROADCAST GROUP, INC.",BBGI,BEASLEY BROADCAST GROUP INC,BEASLEY BROADCAST GROUP INC
851520,759430000.0,"EXPONENT, INC.",EXPO,EXPONENT INC,EXPONENT INC
1559053,758035000.0,PROTHENA CORPORATION PUBLIC LIMITED COMPANY,PRTA,PROTHENA CORP PUBLIC LTD CO,PROTHENA CORP PUBLIC LTD CO
1120295,757567000.0,Ixia,,,Ixia
2027537,757438000.0,GOLDMAN SACHS REAL ESTATE FINANCE TRUST INC,,,GOLDMAN SACHS REAL ESTATE FINANCE TRUST INC
1664710,757165000.0,"Keros Therapeutics, Inc.",KROS,"Keros Therapeutics, Inc.","Keros Therapeutics, Inc."
786110,755498000.0,GYMBOREE CORP,,,GYMBOREE CORP
1808865,754991000.0,"iTeos Therapeutics, Inc.",,,"iTeos Therapeutics, Inc."
1270073,754886000.0,"Intercept Pharmaceuticals, Inc.",,,"Intercept Pharmaceuticals, Inc."
1567514,754780000.0,"Intra-Cellular Therapies, Inc.",,,"Intra-Cellular Therapies, Inc."
1754820,754347000.0,"DESKTOP METAL, INC.",,,"DESKTOP METAL, INC."
1582313,754146000.0,XENON PHARMACEUTICALS INC.,XENE,Xenon Pharmaceuticals Inc.,Xenon Pharmaceuticals Inc.
1581760,753579000.0,"Life360, Inc.",LIF,"Life360, Inc.","Life360, Inc."
1520744,753372000.0,Lumos Networks Corp.,,,Lumos Networks Corp.
1504379,752981000.0,CAESARSTONE LTD.,CSTE,Caesarstone Ltd.,Caesarstone Ltd.
1836833,752723000.0,Planet Labs PBC,PL,Planet Labs PBC,Planet Labs PBC
1636422,752286000.0,"HEALTH CATALYST, INC.",HCAT,"Health Catalyst, Inc.","Health Catalyst, Inc."
1122388,751517000.0,ELLIE MAE INC,,,ELLIE MAE INC
1766400,751417000.0,"The Pennant Group, Inc.",PNTG,"Pennant Group, Inc.","Pennant Group, Inc."
1284812,751023000.0,"Cohen & Steers, Inc.",CNS,"COHEN & STEERS, INC.","COHEN & STEERS, INC."
1910950,750999000.0,Atlas Energy Solutions Inc.,,,Atlas Energy Solutions Inc.
1515003,750377000.0,CPI International Holding Corp.,,,CPI International Holding Corp.
1948368,750229000.0,Phillip Street Middle Market Lending Fund LLC,,,Phillip Street Middle Market Lending Fund LLC
798287,749162000.0,PAMT CORP,PAMT,PAMT CORP,PAMT CORP
1261654,748073000.0,UNIVERSAL TECHNICAL INSTITUTE INC,UTI,UNIVERSAL TECHNICAL INSTITUTE INC,UNIVERSAL TECHNICAL INSTITUTE INC
1927958,747849810.0,"AIRO Group Holdings, Inc.",AIRO,"AIRO Group Holdings, Inc.","AIRO Group Holdings, Inc."
58361,747696000.0,"LEE ENTERPRISES, INCORPORATED",LEE,"LEE ENTERPRISES, Inc","LEE ENTERPRISES, Inc"
1452477,746847000.0,Seven Hills Realty Trust,SEVN,Seven Hills Realty Trust,Seven Hills Realty Trust
1056696,744684000.0,"MANHATTAN ASSOCIATES, INC.",MANH,MANHATTAN ASSOCIATES INC,MANHATTAN ASSOCIATES INC
1819881,744260000.0,Paya Holdings Inc.,,,Paya Holdings Inc.
909494,742182000.0,TUCOWS INC,TCX,TUCOWS INC /PA/,TUCOWS INC /PA/
1718852,740773000.0,"PROMETHEUS BIOSCIENCES, INC.",,,"PROMETHEUS BIOSCIENCES, INC."
1404624,738900000.0,"AFFINION GROUP HOLDINGS, INC.",,,"AFFINION GROUP HOLDINGS, INC."
1724755,738862014.0,GreenTree Hospitality Group Ltd.,GHG,GreenTree Hospitality Group Ltd.,GreenTree Hospitality Group Ltd.
69891,737760000.0,National Beverage Corp.,FIZZ,NATIONAL BEVERAGE CORP,NATIONAL BEVERAGE CORP
1607939,737568000.0,"Udemy, Inc.",,,"Udemy, Inc."
774569,737162000.0,CORTLAND BANCORP INC,,,CORTLAND BANCORP INC
896156,737099000.0,Ethan Allen Interiors Inc.,ETD,ETHAN ALLEN INTERIORS INC,ETHAN ALLEN INTERIORS INC
1788999,736911000.0,XPERI INC.,XPER,Xperi Inc.,Xperi Inc.
314203,735622000.0,McEWEN MINING INC.,MUX,McEwen Inc.,McEwen Inc.
1509432,735289000.0,RPX CORP,,,RPX CORP
2059653,734838000.0,"LAKE SHORE BANCORP, INC.",LSBK,"Lake Shore Bancorp, Inc. /MD/","Lake Shore Bancorp, Inc. /MD/"
896264,734526000.0,"USANA HEALTH SCIENCES, INC.",USNA,USANA HEALTH SCIENCES INC,USANA HEALTH SCIENCES INC
1360530,734184000.0,"VITAMIN SHOPPE, INC.",,,"VITAMIN SHOPPE, INC."
1657573,734114000.0,"Xometry, Inc.",XMTR,"Xometry, Inc.","Xometry, Inc."
1553326,732996000.0,"Westbury Bancorp, Inc.",,,"Westbury Bancorp, Inc."
1944831,732486000.0,Willow Tree Capital Corporation,,,Willow Tree Capital Corporation
1838957,732003000.0,ATRenew Inc.,RERE,ATRenew Inc.,ATRenew Inc.
1681689,731900000.0,Bioverativ Inc.,,,Bioverativ Inc.
1540184,731649000.0,"Medallia, Inc.",,,"Medallia, Inc."
1849056,731084000.0,AltC Acquisition Corp.,OKLO,Oklo Inc.,Oklo Inc.
1494582,730629347.0,BOSTON OMAHA CORPORATION,BOC,BOSTON OMAHA Corp,BOSTON OMAHA Corp
1496963,730517000.0,"SQUARESPACE, INC.",,,"SQUARESPACE, INC."
1818794,728992000.0,"Dyne Therapeutics, Inc.",DYN,"Dyne Therapeutics, Inc.","Dyne Therapeutics, Inc."
65596,728048000.0,Siebert Financial Corp.,SIEB,SIEBERT FINANCIAL CORP,SIEBERT FINANCIAL CORP
5981,726313000.0,AMERICAN VANGUARD CORP,AVD,AMERICAN VANGUARD CORP,AMERICAN VANGUARD CORP
1759425,725825000.0,"Mirum Pharmaceuticals, Inc.",MIRM,"Mirum Pharmaceuticals, Inc.","Mirum Pharmaceuticals, Inc."
1275187,724879000.0,"AngioDynamics, Inc",ANGO,ANGIODYNAMICS INC,ANGIODYNAMICS INC
1987221,724187000.0,AMG Comvest Senior Lending Fund,,,AMG Comvest Senior Lending Fund
1009672,723457000.0,CARBO CERAMICS INC,,,CARBO CERAMICS INC
1710350,723419037.0,"BIT DIGITAL, INC.",BTBT,"Bit Digital, Inc","Bit Digital, Inc"
1290476,723270000.0,VILLAGE BANK AND TRUST FINANCIAL CORP.,,,VILLAGE BANK AND TRUST FINANCIAL CORP.
1746618,722922000.0,"REVOLVE GROUP, INC.",RVLV,"Revolve Group, Inc.","Revolve Group, Inc."
844059,722782000.0,"FRP HOLDINGS, INC.",FRPH,"FRP HOLDINGS, INC.","FRP HOLDINGS, INC."
1083643,722171000.0,"Fauquier Bankshares, Inc.",,,"Fauquier Bankshares, Inc."
1708301,722100000.0,BP Midstream Partners LP,,,BP Midstream Partners LP
1734902,722077000.0,Weidai Ltd.,,,Weidai Ltd.
1651235,721415000.0,"Acacia Communications, Inc.",,,"Acacia Communications, Inc."
1730463,720981000.0,Autolus Therapeutics plc,AUTL,Autolus Therapeutics plc,Autolus Therapeutics plc
1661920,720779000.0,Lonestar Resources US Inc.,,,Lonestar Resources US Inc.
1108236,720353000.0,American River Bankshares,,,American River Bankshares
1040799,719883000.0,FOUR OAKS FINCORP INC,,,FOUR OAKS FINCORP INC
1436126,719878000.0,"Mistras Group, Inc.",MG,"Mistras Group, Inc.","Mistras Group, Inc."
1392380,718929000.0,"Gevo, Inc.",GEVO,"Gevo, Inc.","Gevo, Inc."
820600,718855408.0,"Omagine, Inc.",,,"Omagine, Inc."
1377121,718006000.0,"PROTAGONIST THERAPEUTICS, INC.",PTGX,"Protagonist Therapeutics, Inc","Protagonist Therapeutics, Inc"
1633441,717804000.0,Secoo Holding Limited,,,Secoo Holding Limited
2033362,717547463.0,"Audax Private Credit Fund, LLC",,,"Audax Private Credit Fund, LLC"
2009684,717226000.0,Seaport Entertainment Group Inc.,SEG,Seaport Entertainment Group Inc.,Seaport Entertainment Group Inc.
1777835,717093000.0,PERELLA WEINBERG PARTNERS,PWP,Perella Weinberg Partners,Perella Weinberg Partners
1380509,716659000.0,"HFF, Inc.",,,"HFF, Inc."
1752474,714912000.0,KLDiscovery Inc.,,,KLDiscovery Inc.
1644675,714631000.0,Mimecast Ltd,,,Mimecast Ltd
949158,714572000.0,CRAY INC,,,CRAY INC
1617553,714563000.0,"ZIPRECRUITER, INC.",ZIP,"ZIPRECRUITER, INC.","ZIPRECRUITER, INC."
1016178,713624000.0,"CARVER BANCORP, INC.",CARV,CARVER BANCORP INC,CARVER BANCORP INC
850429,712668000.0,Tredegar Corporation,TG,TREDEGAR CORP,TREDEGAR CORP
1779020,712270000.0,"DANIMER SCIENTIFIC, INC.",,,"DANIMER SCIENTIFIC, INC."
1280263,710195000.0,AMBARELLA INC,AMBA,AMBARELLA INC,AMBARELLA INC
1341141,709824000.0,"CATCHMARK TIMBER TRUST, INC.",,,"CATCHMARK TIMBER TRUST, INC."
1156388,708793000.0,BIG 5 SPORTING GOODS CORPORATION,,,BIG 5 SPORTING GOODS CORPORATION
1890107,708558000.0,First Eagle Private Credit Fund,,,First Eagle Private Credit Fund
1636222,708288000.0,WINGSTOP INC.,WING,Wingstop Inc.,Wingstop Inc.
778164,708238000.0,"ALTO INGREDIENTS, INC.",ALTO,"Alto Ingredients, Inc.","Alto Ingredients, Inc."
748790,708068000.0,"GLOBAL CLEAN ENERGY HOLDINGS, INC.",,,"GLOBAL CLEAN ENERGY HOLDINGS, INC."
1768259,706979000.0,Gaotu Techedu Inc.,GOTU,Gaotu Techedu Inc.,Gaotu Techedu Inc.
907242,705786000.0,"MONARCH CASINO & RESORT, INC",MCRI,MONARCH CASINO & RESORT INC,MONARCH CASINO & RESORT INC
1287213,705695000.0,"DOUGLAS DYNAMICS, INC.",PLOW,"DOUGLAS DYNAMICS, INC","DOUGLAS DYNAMICS, INC"
1434316,705561000.0,"FATE THERAPEUTICS, INC.",FATE,FATE THERAPEUTICS INC,FATE THERAPEUTICS INC
1644378,705130000.0,RMR Group Inc.,RMR,RMR GROUP INC.,RMR GROUP INC.
1590560,704964000.0,uniQure N.V.,QURE,uniQure N.V.,uniQure N.V.
1720161,702809497.0,Castor Maritime Inc.,CTRM,Castor Maritime Inc.,Castor Maritime Inc.
1001316,702613000.0,"TG THERAPEUTICS, INC.",TGTX,"TG THERAPEUTICS, INC.","TG THERAPEUTICS, INC."
1385849,702474000.0,ENERGY FUELS INC.,UUUU,ENERGY FUELS INC,ENERGY FUELS INC
1504776,701899000.0,Warby Parker Inc.,WRBY,Warby Parker Inc.,Warby Parker Inc.
1778129,701587000.0,TERRASCEND CORP.,TSNDF,TerrAscend Corp.,TerrAscend Corp.
1991792,701445000.0,"CG Oncology, Inc.",CGON,"CG Oncology, Inc.","CG Oncology, Inc."
1816233,701001000.0,"SHARECARE, INC.",,,"SHARECARE, INC."
1838337,700629976.0,APOLLO STRATEGIC GROWTH CAPITAL II,,,APOLLO STRATEGIC GROWTH CAPITAL II
744187,700596000.0,REX AMERICAN RESOURCES CORPORATION,REX,REX AMERICAN RESOURCES Corp,REX AMERICAN RESOURCES Corp
1830392,700219019.0,Pontem Corp,,,Pontem Corp
1777921,700129000.0,"AvePoint, Inc.",AVPT,"AvePoint, Inc.","AvePoint, Inc."
320575,700102000.0,Pioneer Energy Services LLC,,,Pioneer Energy Services LLC
1341318,699914000.0,"LAKE SHORE BANCORP, INC.",,,"LAKE SHORE BANCORP, INC."
1846069,699562000.0,"Nextdoor Holdings, Inc.",NXDR,"Nextdoor Holdings, Inc.","Nextdoor Holdings, Inc."
724571,699407000.0,FREDS INC,,,FREDS INC
1556766,695637000.0,"Alon USA Partners, LP",,,"Alon USA Partners, LP"
904979,695599000.0,"SHILOH INDUSTRIES, INC.",,,"SHILOH INDUSTRIES, INC."
1581091,695234000.0,"RE/MAX Holdings, Inc.",,,"RE/MAX Holdings, Inc."
1073349,694931000.0,BOTTOMLINE TECHNOLOGIES INC,,,BOTTOMLINE TECHNOLOGIES INC
1628945,694580000.0,Cue Health Inc.,,,Cue Health Inc.
807707,694506000.0,VOXX INTERNATIONAL CORPORATION,,,VOXX INTERNATIONAL CORPORATION
1395585,694185325.0,FIRST TRINITY FINANCIAL CORPORATION,,,FIRST TRINITY FINANCIAL CORPORATION
1673743,693654000.0,"Hinge Health, Inc.",HNGE,"Hinge Health, Inc.","Hinge Health, Inc."
751978,693509000.0,VICOR CORP,VICR,VICOR CORP,VICOR CORP
744218,692407000.0,"Celldex Therapeutics, Inc.",CLDX,"Celldex Therapeutics, Inc.","Celldex Therapeutics, Inc."
1762359,691677000.0,"ACREAGE HOLDINGS, INC.",,,"ACREAGE HOLDINGS, INC."
1666071,691236000.0,"CARDLYTICS, INC.",CDLX,"Cardlytics, Inc.","Cardlytics, Inc."
1853717,690429000.0,Atour Lifestyle Holdings Limited,ATAT,Atour Lifestyle Holdings Ltd,Atour Lifestyle Holdings Ltd
1759774,689822000.0,"POSTAL REALTY TRUST, INC.",PSTL,"Postal Realty Trust, Inc.","Postal Realty Trust, Inc."
890447,689385000.0,"VERTEX ENERGY, INC.",,,"VERTEX ENERGY, INC."
1462418,689212000.0,ALTISOURCE PORTFOLIO SOLUTIONS S.A.,ASPS,ALTISOURCE PORTFOLIO SOLUTIONS S.A.,ALTISOURCE PORTFOLIO SOLUTIONS S.A.
788329,689096000.0,Johnson Outdoors Inc.,JOUT,JOHNSON OUTDOORS INC,JOHNSON OUTDOORS INC
1839412,688927000.0,QUALTEK SERVICES INC.,,,QUALTEK SERVICES INC.
1855457,688681000.0,"KORE Group Holdings, Inc.",,,"KORE Group Holdings, Inc."
1490978,688587000.0,"Schrodinger, Inc.",SDGR,"Schrodinger, Inc.","Schrodinger, Inc."
1758057,687327000.0,"Luminar Technologies, Inc./DE",,,"Luminar Technologies, Inc./DE"
1090061,687300000.0,OMNOVA SOLUTIONS INC,,,OMNOVA SOLUTIONS INC
1574774,685720000.0,"BIOTELEMETRY, INC.",,,"BIOTELEMETRY, INC."
1788060,685340000.0,"Voyager Technologies, Inc./DE",VOYG,"Voyager Technologies, Inc./TX","Voyager Technologies, Inc./TX"
18255,684976000.0,THE CATO CORP,CATO,CATO CORP,CATO CORP
1780652,684961000.0,Canaan Inc.,CAN,Canaan Inc.,Canaan Inc.
1527541,684536000.0,"WHEELER REAL ESTATE INVESTMENT TRUST, INC.",WHLR,"Wheeler Real Estate Investment Trust, Inc.","Wheeler Real Estate Investment Trust, Inc."
1566469,684391000.0,"NantHealth, Inc.",,,"NantHealth, Inc."
1597680,683580000.0,JUMEI INTERNATIONAL HOLDING LTD,,,JUMEI INTERNATIONAL HOLDING LTD
1422143,682425000.0,"KURA ONCOLOGY, INC.",KURA,"Kura Oncology, Inc.","Kura Oncology, Inc."
1358762,682420000.0,REATA PHARMACEUTICALS INC,,,REATA PHARMACEUTICALS INC
878726,681520000.0,TUESDAY MORNING CORP/DE,,,TUESDAY MORNING CORP/DE
1840574,679223000.0,"VERVE THERAPEUTICS, INC.",,,"VERVE THERAPEUTICS, INC."
1737953,678550000.0,"REPLIMUNE GROUP, INC.",REPL,"Replimune Group, Inc.","Replimune Group, Inc."
1514226,676537000.0,"DELTA TUCKER HOLDINGS, INC.",,,"DELTA TUCKER HOLDINGS, INC."
1726189,676126000.0,Puxin Limited,,,Puxin Limited
830122,675794000.0,"VIDLER WATER RESOURCES, INC.",,,"VIDLER WATER RESOURCES, INC."
1422930,675220000.0,"PUBMATIC, INC.",PUBM,"PubMatic, Inc.","PubMatic, Inc."
716634,674989000.0,"Reading International, Inc.",RDI,READING INTERNATIONAL INC,READING INTERNATIONAL INC
1687187,674646000.0,"Ramaco Resources, Inc.",METC,"Ramaco Resources, Inc.","Ramaco Resources, Inc."
1523404,674430000.0,JP Energy Partners LP,,,JP Energy Partners LP
1818502,673375000.0,OppFi Inc.,OPFI,OppFi Inc.,OppFi Inc.
1438533,672585000.0,"TRAVERE THERAPEUTICS, INC.",TVTX,"Travere Therapeutics, Inc.","Travere Therapeutics, Inc."
1811063,672141000.0,Nuvation Bio Inc.,NUVB,Nuvation Bio Inc.,Nuvation Bio Inc.
1575051,671900000.0,Sisecam Resources LP,,,Sisecam Resources LP
722830,671722000.0,"IMMUNOMEDICS, INC.",,,"IMMUNOMEDICS, INC."
829365,670089000.0,Nam Tai Property Inc.,NTPIF,NAM TAI PROPERTY INC.,NAM TAI PROPERTY INC.
1466301,669604000.0,"Clovis Oncology, Inc.",,,"Clovis Oncology, Inc."
1011452,669475349.0,"MEDICAL INFORMATION TECHNOLOGY, INC.",,,"MEDICAL INFORMATION TECHNOLOGY, INC."
1547459,669332000.0,"Natural Grocers by Vitamin Cottage, Inc.",NGVC,"Natural Grocers by Vitamin Cottage, Inc.","Natural Grocers by Vitamin Cottage, Inc."
1423774,668598000.0,"Zuora, Inc",,,"Zuora, Inc"
885740,668344000.0,SAPIENS INTERNATIONAL CORPORATION N.V.,,,SAPIENS INTERNATIONAL CORPORATION N.V.
789933,668021000.0,"NACCO INDUSTRIES, INC.",NC,NACCO INDUSTRIES INC,NACCO INDUSTRIES INC
1410939,666823000.0,"IVERIC bio, Inc.",,,"IVERIC bio, Inc."
1593899,666708000.0,"Atea Pharmaceuticals, Inc.",AVIR,"Atea Pharmaceuticals, Inc.","Atea Pharmaceuticals, Inc."
1468748,666628000.0,KODIAK SCIENCES INC.,KOD,Kodiak Sciences Inc.,Kodiak Sciences Inc.
858655,665802000.0,"HAYNES INTERNATIONAL, INC.",,,"HAYNES INTERNATIONAL, INC."
1816736,665061000.0,"DISC MEDICINE, INC.",IRON,"Disc Medicine, Inc.","Disc Medicine, Inc."
1599298,664168000.0,Summit Therapeutics Inc.,SMMT,Summit Therapeutics Inc.,Summit Therapeutics Inc.
1578932,663742000.0,OCI PARTNERS LP,,,OCI PARTNERS LP
724004,662984000.0,MESA LABORATORIES INC /CO,MLAB,MESA LABORATORIES INC /CO/,MESA LABORATORIES INC /CO/
1341170,662108899.0,EUROSEAS LTD.,ESEA,EUROSEAS LTD.,EUROSEAS LTD.
1914496,661862000.0,"Sculptor Diversified Real Estate Income Trust, Inc.",,,"Sculptor Diversified Real Estate Income Trust, Inc."
1935979,661783000.0,Biohaven Ltd.,BHVN,Biohaven Ltd.,Biohaven Ltd.
1764013,661440000.0,"IMMUNOVANT, INC.",IMVT,"Immunovant, Inc.","Immunovant, Inc."
316300,661414000.0,EXCO RESOURCES INC,,,EXCO RESOURCES INC
1730430,661150000.0,"Kiniksa Pharmaceuticals International, plc",KNSA,"Kiniksa Pharmaceuticals International, plc","Kiniksa Pharmaceuticals International, plc"
1834045,660342000.0,"Vintage Wine Estates, Inc.",,,"Vintage Wine Estates, Inc."
1965052,660070000.0,MARBLEGATE CAPITAL CORPORATION,MGTE,Marblegate Capital Corp,Marblegate Capital Corp
817135,659864000.0,"Alliance HealthCare Services, Inc",,,"Alliance HealthCare Services, Inc"
1603756,659353000.0,"Axonics, Inc.",,,"Axonics, Inc."
1771706,659340259.0,"GOODNESS GROWTH HOLDINGS, INC.",VREOF,Vireo Growth Inc.,Vireo Growth Inc.
1903382,658893000.0,"Bluerock Homes Trust, Inc.",BHM,"Bluerock Homes Trust, Inc.","Bluerock Homes Trust, Inc."
799231,658712000.0,ALMOST FAMILY INC,,,ALMOST FAMILY INC
1031029,658083000.0,"STARTEK, INC.",,,"STARTEK, INC."
318996,657981000.0,KEY ENERGY SERVICES INC,,,KEY ENERGY SERVICES INC
1974640,657772000.0,"Apogee Therapeutics, Inc.",APGE,"Apogee Therapeutics, Inc.","Apogee Therapeutics, Inc."
1860782,656665000.0,"2seventy bio, Inc.",,,"2seventy bio, Inc."
108985,653731000.0,YORK WATER CO,YORW,YORK WATER CO,YORK WATER CO
1957413,653612000.0,"Chijet Motor Company, Inc.",DCX,Digital Currency X Technology Inc.,Digital Currency X Technology Inc.
1007273,653345609.0,Bank of South Carolina Corporation,,,Bank of South Carolina Corporation
1043337,652105000.0,"STONERIDGE, INC.",SRI,STONERIDGE INC,STONERIDGE INC
1841514,652087000.0,"Commonwealth Credit Partners BDC I, Inc.",,,"Commonwealth Credit Partners BDC I, Inc."
1561387,651858000.0,"Benefytt Technologies, Inc.",,,"Benefytt Technologies, Inc."
891482,651537000.0,"FULL HOUSE RESORTS, INC.",FLL,FULL HOUSE RESORTS INC,FULL HOUSE RESORTS INC
1347652,651455794.0,"CORENERGY INFRASTRUCTURE TRUST, INC.",,,"CORENERGY INFRASTRUCTURE TRUST, INC."
1086909,651200000.0,"BROADSOFT, INC.",,,"BROADSOFT, INC."
1479247,651150946.0,United States Commodity Index Funds Trust,USCI,United States Commodity Index Funds Trust,United States Commodity Index Funds Trust
1735858,650629812.0,FAR POINT ACQUISITION CORP,,,FAR POINT ACQUISITION CORP
1609989,650350000.0,"Blue Buffalo Pet Products, Inc.",,,"Blue Buffalo Pet Products, Inc."
1540755,649807000.0,"ANAPLAN, INC.",,,"ANAPLAN, INC."
216085,649049000.0,"HAVERTY FURNITURE COMPANIES, INC",HVT,HAVERTY FURNITURE COMPANIES INC,HAVERTY FURNITURE COMPANIES INC
878526,649012000.0,Natus Medical Inc,,,Natus Medical Inc
1937653,648725000.0,ZYMEWORKS INC.,ZYME,Zymeworks Inc.,Zymeworks Inc.
1617667,648421000.0,Neff Corp,,,Neff Corp
1583744,648413000.0,Arc Logistics Partners LP,,,Arc Logistics Partners LP
1837412,647374000.0,"SOMALOGIC, INC.",,,"SOMALOGIC, INC."
1754170,646671000.0,AERSALE CORPORATION,ASLE,AerSale Corp,AerSale Corp
1642545,646089000.0,"Shockwave Medical, Inc.",,,"Shockwave Medical, Inc."
38984,645500000.0,"REAL INDUSTRY, INC.",,,"REAL INDUSTRY, INC."
1163609,645118473.0,"South Dakota Soybean Processors, LLC",SDSYA,SOUTH DAKOTA SOYBEAN PROCESSORS LLC,SOUTH DAKOTA SOYBEAN PROCESSORS LLC
1742692,644409000.0,InMode Ltd.,INMD,InMode Ltd.,InMode Ltd.
1585023,644191000.0,"COASTWAY BANCORP, INC.",,,"COASTWAY BANCORP, INC."
1094366,643588000.0,RADWARE LTD.,RDWR,RADWARE LTD,RADWARE LTD
1145986,643416000.0,"ASPEN AEROGELS, INC.",ASPN,ASPEN AEROGELS INC,ASPEN AEROGELS INC
830524,643062000.0,CHASE CORPORATION,,,CHASE CORPORATION
1364099,643011000.0,"INNOPHOS HOLDINGS, INC.",,,"INNOPHOS HOLDINGS, INC."
1330622,641927000.0,"KBS Real Estate Investment Trust, Inc.",,,"KBS Real Estate Investment Trust, Inc."
1866633,641518000.0,"Consensus Cloud Solutions, Inc.",CCSI,"Consensus Cloud Solutions, Inc.","Consensus Cloud Solutions, Inc."
1819394,640395000.0,"Matterport, Inc./DE",,,"Matterport, Inc./DE"
1579428,639785000.0,"Axsome Therapeutics, Inc.",AXSM,"Axsome Therapeutics, Inc.","Axsome Therapeutics, Inc."
2040807,639660000.0,"METSERA, INC.",,,"METSERA, INC."
1527032,639407000.0,"New Enterprise Stone & Lime Co., Inc.",,,"New Enterprise Stone & Lime Co., Inc."
1111863,639340000.0,"SIERRA WIRELESS, INC",,,"SIERRA WIRELESS, INC"
1529463,639300000.0,"FTS INTERNATIONAL, INC.",,,"FTS INTERNATIONAL, INC."
1583107,639254000.0,"THERAVANCE BIOPHARMA, INC.",TBPH,"Theravance Biopharma, Inc.","Theravance Biopharma, Inc."
1023313,639160000.0,"Forrester Research, Inc.",FORR,"FORRESTER RESEARCH, INC.","FORRESTER RESEARCH, INC."
1001233,637516000.0,"SANGAMO THERAPEUTICS, INC.",SGMOQ,"SANGAMO THERAPEUTICS, INC","SANGAMO THERAPEUTICS, INC"
2017636,636944000.0,"CCS IX PORTFOLIO HOLDINGS, LLC",,,"CCS IX PORTFOLIO HOLDINGS, LLC"
1819796,636859000.0,GCM Grosvenor Inc.,GCMG,GCM Grosvenor Inc.,GCM Grosvenor Inc.
1838359,636690000.0,"RIGETTI COMPUTING, INC.",RGTI,"Rigetti Computing, Inc.","Rigetti Computing, Inc."
866273,635790000.0,MATRIX SERVICE CO,MTRX,MATRIX SERVICE CO,MATRIX SERVICE CO
1102541,635646000.0,EARTHLINK HOLDINGS CORP.,,,EARTHLINK HOLDINGS CORP.
1592480,634749000.0,"CONTINENTAL BUILDING PRODUCTS, INC.",,,"CONTINENTAL BUILDING PRODUCTS, INC."
914156,634659000.0,"UFP TECHNOLOGIES, INC.",UFPT,UFP TECHNOLOGIES INC,UFP TECHNOLOGIES INC
1347178,634247000.0,VANDA PHARMACEUTICALS INC.,VNDA,Vanda Pharmaceuticals Inc.,Vanda Pharmaceuticals Inc.
1687932,633988000.0,"J.JILL, INC.",JILL,"J.Jill, Inc.","J.Jill, Inc."
1377789,633296000.0,"AVIAT NETWORKS, INC.",AVNW,"AVIAT NETWORKS, INC.","AVIAT NETWORKS, INC."
1784970,633275940.0,Next Technology Holding Inc.,NXTT,Next Technology Holding Inc.,Next Technology Holding Inc.
80035,631461000.0,Preformed Line Products Company,PLPC,PREFORMED LINE PRODUCTS CO,PREFORMED LINE PRODUCTS CO
1667161,631004000.0,"Randolph Bancorp, Inc.",,,"Randolph Bancorp, Inc."
937941,630804000.0,"PCM, INC.",,,"PCM, INC."
788965,630554000.0,Hallador Energy Company,HNRG,HALLADOR ENERGY CO,HALLADOR ENERGY CO
1773427,630242000.0,"SPRINGWORKS THERAPEUTICS, INC.",,,"SPRINGWORKS THERAPEUTICS, INC."
1350381,629283000.0,INNERWORKINGS INC,,,INNERWORKINGS INC
779227,629239000.0,"Steele Bancorp, Inc.",STLE,STEELE BANCORP INC,STEELE BANCORP INC
1720424,628734000.0,HIVE Digital Technologies Ltd.,HIVE,HIVE Digital Technologies Ltd.,HIVE Digital Technologies Ltd.
1786117,628446000.0,"ALPINE INCOME PROPERTY TRUST, INC.",PINE,"Alpine Income Property Trust, Inc.","Alpine Income Property Trust, Inc."
6284,628443000.0,ANALOGIC CORP,,,ANALOGIC CORP
1750593,628016000.0,Fangdd Network Group Ltd.,DUO,Fangdd Network Group Ltd.,Fangdd Network Group Ltd.
1005731,626203000.0,IDT CORPORATION,IDT,IDT CORP,IDT CORP
1614178,626166000.0,"YEXT, INC.",YEXT,"Yext, Inc.","Yext, Inc."
1841175,625905470.0,CoinShares Bitcoin ETF,BRRR,CoinShares Bitcoin ETF,CoinShares Bitcoin ETF
1606366,624752000.0,"EL POLLO LOCO HOLDINGS, INC.",LOCO,"El Pollo Loco Holdings, Inc.","El Pollo Loco Holdings, Inc."
1738827,623400000.0,"KLX ENERGY SERVICES HOLDINGS, INC.",KLXE,"KLX Energy Services Holdings, Inc.","KLX Energy Services Holdings, Inc."
924822,622933000.0,MILLER INDUSTRIES INC /TN/,MLR,MILLER INDUSTRIES INC /TN/,MILLER INDUSTRIES INC /TN/
1654151,622409000.0,"Deciphera Pharmaceuticals, Inc.",,,"Deciphera Pharmaceuticals, Inc."
1580988,622241000.0,"COLE CREDIT PROPERTY TRUST V, INC.",,,"COLE CREDIT PROPERTY TRUST V, INC."
1834253,621649000.0,Smart Share Global Ltd,,,Smart Share Global Ltd
1801661,621295000.0,SKILLZ INC.,FIRY,Firy Inc.,Firy Inc.
1837686,620638000.0,"VIMEO, INC.",,,"VIMEO, INC."
859222,620303594.0,"BAY BANCORP, INC.",,,"BAY BANCORP, INC."
1681206,620051000.0,"NI Holdings, Inc.",NODK,"NI Holdings, Inc.","NI Holdings, Inc."
1372807,619486000.0,Portman Ridge Finance Corporation,BCIC,BCP Investment Corp,BCP Investment Corp
1843862,619330359.0,ELLIOTT OPPORTUNITY II CORP.,,,ELLIOTT OPPORTUNITY II CORP.
1786205,619086000.0,"ARCELLX, INC.",,,"ARCELLX, INC."
1811856,619026000.0,"VIEW, INC.",,,"VIEW, INC."
96869,618541000.0,TEJON RANCH CO,TRC,TEJON RANCH CO,TEJON RANCH CO
1235010,618365000.0,MOMENTA PHARMACEUTICALS INC,,,MOMENTA PHARMACEUTICALS INC
1861974,616339000.0,ECARX Holdings Inc.,ECX,ECARX Holdings Inc.,ECARX Holdings Inc.
1594555,615757000.0,"HV Bancorp, Inc.",,,"HV Bancorp, Inc."
1573221,615641000.0,"TheRealReal, Inc.",REAL,"TheRealReal, Inc.","TheRealReal, Inc."
1201792,615056000.0,"American Public Education, Inc.",APEI,AMERICAN PUBLIC EDUCATION INC,AMERICAN PUBLIC EDUCATION INC
1396033,613953000.0,"LL Flooring Holdings, Inc.",,,"LL Flooring Holdings, Inc."
1637655,613370000.0,Horizon Global Corp,,,Horizon Global Corp
1710072,613334000.0,"Edgewise Therapeutics, Inc.",EWTX,"Edgewise Therapeutics, Inc.","Edgewise Therapeutics, Inc."
1670349,612782000.0,"U.S. Well Services Holdings, LLC",,,"U.S. Well Services Holdings, LLC"
1008579,612678000.0,HIGHLANDS BANKSHARES INC /VA/,,,HIGHLANDS BANKSHARES INC /VA/
820081,611865000.0,CAMBREX CORP,,,CAMBREX CORP
1847367,610925000.0,Alumis Inc.,ALMS,ALUMIS INC.,ALUMIS INC.
1413855,610480000.0,FANHUA INC.,AIFU,AIFU Inc.,AIFU Inc.
1370053,610383000.0,"ANAPTYSBIO, INC.",ANAB,"ANAPTYSBIO, INC","ANAPTYSBIO, INC"
1376227,610073331.0,"United States Natural Gas Fund, LP",UNG,"United States Natural Gas Fund, LP","United States Natural Gas Fund, LP"
72162,609867000.0,"NL INDUSTRIES, INC.",NL,"NLI HOLDINGS, INC.","NLI HOLDINGS, INC."
1841156,609523000.0,"Paymentus Holdings, Inc.",PAY,"Paymentus Holdings, Inc.","Paymentus Holdings, Inc."
1500375,609492000.0,"HOME FEDERAL BANCORP, INC. OF LOUISIANA",HFBL,"Home Federal Bancorp, Inc. of Louisiana","Home Federal Bancorp, Inc. of Louisiana"
1829426,608921722.0,Far Peak Acquisition Corporation,,,Far Peak Acquisition Corporation
1743725,608907000.0,"GRID DYNAMICS HOLDINGS, INC.",GDYN,"GRID DYNAMICS HOLDINGS, INC.","GRID DYNAMICS HOLDINGS, INC."
1323885,608849000.0,"AtriCure, Inc.",ATRC,"AtriCure, Inc.","AtriCure, Inc."
1580808,607915000.0,"A10 NETWORKS, INC.",ATEN,"A10 Networks, Inc.","A10 Networks, Inc."
798783,607540000.0,UNIVERSAL HEALTH REALTY INCOME TRUST,UHT,UNIVERSAL HEALTH REALTY INCOME TRUST,UNIVERSAL HEALTH REALTY INCOME TRUST
82020,607422000.0,UNITED STATES LIME & MINERALS INC,USLM,UNITED STATES LIME & MINERALS INC,UNITED STATES LIME & MINERALS INC
1851112,606984000.0,Riskified Ltd.,RSKD,RISKIFIED LTD.,RISKIFIED LTD.
1053706,606777000.0,"CRA International, Inc.",CRAI,"CRA INTERNATIONAL, INC.","CRA INTERNATIONAL, INC."
1822966,606452000.0,NuScale Power Corporation,SMR,NUSCALE POWER Corp,NUSCALE POWER Corp
1943802,604840000.0,"First Seacoast Bancorp, Inc.",FSEA,"First Seacoast Bancorp, Inc.","First Seacoast Bancorp, Inc."
1785173,603485000.0,"89bio, Inc.",,,"89bio, Inc."
1574596,603189000.0,The New Home Company Inc.,,,The New Home Company Inc.
1674760,602568000.0,Goldman Sachs Private Middle Market Credit LLC,,,Goldman Sachs Private Middle Market Credit LLC
1444380,602408000.0,NEVRO CORP.,,,NEVRO CORP.
1640265,602175000.0,"GPB Holdings II, LP",,,"GPB Holdings II, LP"
1001385,601340000.0,Northwest Pipe Co.,NWPX,"NWPX Infrastructure, Inc.","NWPX Infrastructure, Inc."
1538379,600778000.0,"IBOTTA, INC.",IBTA,"Ibotta, Inc.","Ibotta, Inc."
1169988,600467000.0,"BOINGO WIRELESS, INC.",,,"BOINGO WIRELESS, INC."
1836981,599372000.0,"BigBear.ai Holdings, Inc.",BBAI,"BigBear.ai Holdings, Inc.","BigBear.ai Holdings, Inc."
1056386,599354000.0,Internap Corp,,,Internap Corp
1662524,599250000.0,"Akcea Therapeutics, Inc.",,,"Akcea Therapeutics, Inc."
97517,598176000.0,TEXAS PACIFIC LAND TRUST,,,TEXAS PACIFIC LAND TRUST
1389772,597795000.0,FIRST PRIORITY FINANCIAL CORP.,,,FIRST PRIORITY FINANCIAL CORP.
880117,597603000.0,SANFILIPPO JOHN B & SON INC,JBSS,SANFILIPPO JOHN B & SON INC,SANFILIPPO JOHN B & SON INC
1448397,597565000.0,Seanergy Maritime Holdings Corp.,SHIP,Seanergy Maritime Holdings Corp.,Seanergy Maritime Holdings Corp.
874866,597448000.0,CORVEL CORPORATION,CRVL,CORVEL CORP,CORVEL CORP
935419,597412000.0,"RCI HOSPITALITY HOLDINGS, INC.",RICK,"RCI HOSPITALITY HOLDINGS, INC.","RCI HOSPITALITY HOLDINGS, INC."
1399529,597409000.0,Dicerna Pharmaceuticals Inc,,,Dicerna Pharmaceuticals Inc
1958086,596835000.0,CORE LABORATORIES INC.,CLB,Core Laboratories Inc. /DE/,Core Laboratories Inc. /DE/
1037390,596807000.0,"INDUS REALTY TRUST, INC.",,,"INDUS REALTY TRUST, INC."
1807846,596342000.0,MONEYLION INC.,,,MONEYLION INC.
1395937,596149000.0,"Syndax Pharmaceuticals, Inc.",SNDX,Syndax Pharmaceuticals Inc,Syndax Pharmaceuticals Inc
1290677,595788000.0,"TURNING POINT BRANDS, INC.",TPB,"Turning Point Brands, Inc.","Turning Point Brands, Inc."
1325702,595328000.0,Magnachip Semiconductor Corporation,MX,MAGNACHIP SEMICONDUCTOR Corp,MAGNACHIP SEMICONDUCTOR Corp
1807707,595328000.0,"AppHarvest, Inc.",,,"AppHarvest, Inc."
100726,595207000.0,"UNIFI, INC.",UFI,UNIFI INC,UNIFI INC
1876581,594779126.0,Imperial Petroleum Inc./Marshall Islands,IMPP,Imperial Petroleum Inc./Marshall Islands,Imperial Petroleum Inc./Marshall Islands
1844862,594446000.0,"SOLID POWER, INC.",SLDP,"Solid Power, Inc.","Solid Power, Inc."
1441683,594214000.0,Appian Corporation,APPN,APPIAN CORP,APPIAN CORP
1645569,593978000.0,"DICE THERAPEUTICS, INC.",,,"DICE THERAPEUTICS, INC."
868611,593316000.0,SONIC CORP,,,SONIC CORP
1635261,593086000.0,MSB FINANCIAL CORP,,,MSB FINANCIAL CORP
900349,592705000.0,"PERRY ELLIS INTERNATIONAL, INC",,,"PERRY ELLIS INTERNATIONAL, INC"
1115128,591938000.0,Quotient Technology Inc.,,,Quotient Technology Inc.
1549595,591555000.0,"NURIX THERAPEUTICS, INC.",NRIX,"Nurix Therapeutics, Inc.","Nurix Therapeutics, Inc."
1285819,590969000.0,OMEROS CORPORATION,OMER,OMEROS CORP,OMEROS CORP
1778016,590625000.0,I-MAB,NBP,NovaBridge Biosciences,NovaBridge Biosciences
1050606,590268000.0,"SALEM MEDIA GROUP, INC.",,,"SALEM MEDIA GROUP, INC."
1326003,589060146.0,BLACKROCK CAPITAL INVESTMENT CORPORATION,,,BLACKROCK CAPITAL INVESTMENT CORPORATION
861441,588385437.0,LOCORR FUTURES PORTFOLIO FUND L.P.,,,LOCORR FUTURES PORTFOLIO FUND L.P.
1469510,588373000.0,Resolute Energy Corp,,,Resolute Energy Corp
46129,588347000.0,ALLIED MOTION TECHNOLOGIES INC.,ALNT,ALLIENT INC,ALLIENT INC
885306,586507000.0,CYNOSURE INC,,,CYNOSURE INC
1337298,586505000.0,FUTUREFUEL CORP.,FF,FutureFuel Corp.,FutureFuel Corp.
945114,586500000.0,Global Industrial Company,GIC,GLOBAL INDUSTRIAL Co,GLOBAL INDUSTRIAL Co
1038133,585816000.0,HESKA CORPORATION,,,HESKA CORPORATION
1838162,583885078.0,SLAM CORP.,,,SLAM CORP.
1579252,583836000.0,"JASON INDUSTRIES, INC.",,,"JASON INDUSTRIES, INC."
1846996,583479441.0,MSD ACQUISITION CORP. / NEW,,,MSD ACQUISITION CORP. / NEW
1533526,582600000.0,"GLOBAL BRASS & COPPER HOLDINGS, INC.",,,"GLOBAL BRASS & COPPER HOLDINGS, INC."
1294924,582512000.0,InvenSense Inc,,,InvenSense Inc
895456,582390000.0,"ROCKY BRANDS, INC.",RCKY,"ROCKY BRANDS, INC.","ROCKY BRANDS, INC."
1590750,582324000.0,"Viridian Therapeutics, Inc.\DE",VRDN,"Viridian Therapeutics, Inc.\DE","Viridian Therapeutics, Inc.\DE"
1475274,582007000.0,"RETAILMENOT, INC.",,,"RETAILMENOT, INC."
1479290,581900000.0,"Revance Therapeutics, Inc.",,,"Revance Therapeutics, Inc."
1361983,580980000.0,ORBCOMM Inc.,,,ORBCOMM Inc.
1581908,580854000.0,"Western Refining Logistics, LP",,,"Western Refining Logistics, LP"
743238,580481000.0,"THE SHYFT GROUP, INC.",,,"THE SHYFT GROUP, INC."
1328598,579977177.0,Invesco CurrencyShares Euro Trust,FXE,Invesco CurrencyShares Euro Trust,Invesco CurrencyShares Euro Trust
1840856,579494000.0,"SOUNDHOUND AI, INC.",SOUN,"SOUNDHOUND AI, INC.","SOUNDHOUND AI, INC."
55362,579357948.0,INVESTORS HERITAGE CAPITAL CORP,,,INVESTORS HERITAGE CAPITAL CORP
1643269,579098000.0,"Sumo Logic, Inc.",,,"Sumo Logic, Inc."
1831828,578528000.0,"Vera Therapeutics, Inc.",VERA,"Vera Therapeutics, Inc.","Vera Therapeutics, Inc."
1269021,578483000.0,PORTOLA PHARMACEUTICALS INC,,,PORTOLA PHARMACEUTICALS INC
1811764,578322736.0,POINT BIOPHARMA GLOBAL INC.,,,POINT BIOPHARMA GLOBAL INC.
833795,578213000.0,HOMEFED CORP,,,HOMEFED CORP
1158895,577591000.0,"LEMAITRE VASCULAR, INC.",LMAT,LEMAITRE VASCULAR INC,LEMAITRE VASCULAR INC
897322,575878000.0,Gilat Satellite Networks Ltd.,GILT,GILAT SATELLITE NETWORKS LTD,GILAT SATELLITE NETWORKS LTD
1596856,575866927.0,Leju Holdings Ltd,,,Leju Holdings Ltd
1589526,575450000.0,BLUE BIRD CORPORATION,BLBD,Blue Bird Corp,Blue Bird Corp
1578742,575050000.0,"GPB Automotive Portfolio, LP",,,"GPB Automotive Portfolio, LP"
885508,574821000.0,Stratus Properties Inc.,STRS,STRATUS PROPERTIES INC,STRATUS PROPERTIES INC
1668340,574340000.0,"BANCORP 34, INC.",BCTF,"Bancorp 34, Inc.","Bancorp 34, Inc."
1378774,574263000.0,Sentio Healthcare Properties Inc,,,Sentio Healthcare Properties Inc
1003201,574199000.0,"MMA Capital Holdings, LLC",,,"MMA Capital Holdings, LLC"
1435049,574084000.0,"Chinook Therapeutics, Inc.",,,"Chinook Therapeutics, Inc."
1695295,573559000.0,"Hydrofarm Holdings Group, Inc.",HYFM,"HYDROFARM HOLDINGS GROUP, INC.","HYDROFARM HOLDINGS GROUP, INC."
1657312,572871000.0,Verona Pharma plc,,,Verona Pharma plc
1846068,571776469.0,KHOSLA VENTURES ACQUISITION CO. III,,,KHOSLA VENTURES ACQUISITION CO. III
1982518,570219000.0,Smith Douglas Homes Corp.,SDHC,Smith Douglas Homes Corp.,Smith Douglas Homes Corp.
1723935,570068000.0,Sunlands Technology Group,STG,Sunlands Technology Group,Sunlands Technology Group
1534992,568641000.0,"FIESTA RESTAURANT GROUP, INC.",,,"FIESTA RESTAURANT GROUP, INC."
1823587,568139000.0,Sky Harbour Group Corporation,SKYH,Sky Harbour Group Corp,Sky Harbour Group Corp
1433195,567403000.0,"AppFolio, Inc.",APPF,APPFOLIO INC,APPFOLIO INC
2044820,566713143.0,"VistaOne, L.P.",,,"VistaOne, L.P."
6176,565889000.0,AMPCO PITTSBURGH CORP,AP,AMPCO PITTSBURGH CORP,AMPCO PITTSBURGH CORP
1682220,565661862.0,SACHEM CAPITAL CORP.,SACH,Sachem Capital Corp.,Sachem Capital Corp.
1501078,565222000.0,OCONEE FEDERAL FINANCIAL CORP.,,,OCONEE FEDERAL FINANCIAL CORP.
1512931,564995000.0,MONROE CAPITAL CORPORATION,,,MONROE CAPITAL CORPORATION
1661125,564580000.0,Yintech Investment Holdings Ltd,,,Yintech Investment Holdings Ltd
101984,564159000.0,UNIVERSAL ELECTRONICS INC.,UEIC,UNIVERSAL ELECTRONICS INC,UNIVERSAL ELECTRONICS INC
1954360,563317000.0,Crescent Private Credit Income Corp.,,,Crescent Private Credit Income Corp.
1814974,562841000.0,"BBX Capital, Inc.",BBXIB,"BBX Capital, Inc.","BBX Capital, Inc."
730255,562411000.0,CalAmp Corp.,,,CalAmp Corp.
896493,561514000.0,"HYPERSCALE DATA, INC.",GPUS,"Hyperscale Data, Inc.","Hyperscale Data, Inc."
1789972,561117000.0,"CULLINAN ONCOLOGY, INC.",CGEM,"Cullinan Therapeutics, Inc.","Cullinan Therapeutics, Inc."
1853138,560977962.0,ARES ACQUISITION CORPORATION II,KDK,"Kodiak AI, Inc.","Kodiak AI, Inc."
1837014,560845000.0,"SMARTRENT, INC.",SMRT,"SmartRent, Inc.","SmartRent, Inc."
1639225,560561000.0,"LIVONGO HEALTH, INC.",,,"LIVONGO HEALTH, INC."
1828250,560395521.0,Churchill Capital Corp VI,,,Churchill Capital Corp VI
1005286,559997000.0,"LIFECORE BIOMEDICAL, INC.",LFCR,"LIFECORE BIOMEDICAL, INC. DE","LIFECORE BIOMEDICAL, INC. DE"
1630132,559772000.0,"BOJANGLES', INC.",,,"BOJANGLES', INC."
1992870,559666521.0,Franklin Templeton Digital Holdings Trust,EZBC,Franklin Templeton Digital Holdings Trust,Franklin Templeton Digital Holdings Trust
1368514,558380000.0,"ADMA BIOLOGICS, INC.",ADMA,"ADMA BIOLOGICS, INC.","ADMA BIOLOGICS, INC."
850261,557632000.0,"SORRENTO THERAPEUTICS, INC.",,,"SORRENTO THERAPEUTICS, INC."
1446687,557365000.0,"SILVER STAR PROPERTIES REIT, INC.",,,"SILVER STAR PROPERTIES REIT, INC."
1089511,557245000.0,ALASKA COMMUNICATIONS SYSTEMS GROUP INC,,,ALASKA COMMUNICATIONS SYSTEMS GROUP INC
1162194,556965000.0,STANDARD BIOTOOLS INC.,LAB,STANDARD BIOTOOLS INC.,STANDARD BIOTOOLS INC.
1807046,556845000.0,"Belpointe PREP, LLC",OZ,"Belpointe PREP, LLC","Belpointe PREP, LLC"
1861737,556660000.0,Hesai Group,HSAI,Hesai Group,Hesai Group
1855781,556006111.0,Invesco Galaxy Bitcoin ETF,BTCO,Invesco Galaxy Bitcoin ETF,Invesco Galaxy Bitcoin ETF
2001557,555985000.0,"INNVENTURE, INC.",INV,"Innventure, Inc.","Innventure, Inc."
886744,555198000.0,GERON CORPORATION,GERN,GERON CORP,GERON CORP
315849,555136268.0,SOUTHWEST GEORGIA FINANCIAL CORP,,,SOUTHWEST GEORGIA FINANCIAL CORP
1022469,554693000.0,DELTIC TIMBER CORP,,,DELTIC TIMBER CORP
1803914,554584000.0,"PLBY Group, Inc.",PLBY,"Playboy, Inc.","Playboy, Inc."
1682325,553504760.0,GTY TECHNOLOGY HOLDINGS INC.,,,GTY TECHNOLOGY HOLDINGS INC.
1743415,553261000.0,SCP Private Credit Income BDC LLC,,,SCP Private Credit Income BDC LLC
1282977,552789000.0,"GREENHILL & CO., INC.",,,"GREENHILL & CO., INC."
1436208,551985000.0,Legacy Housing Corporation,LEGH,Legacy Housing Corp,Legacy Housing Corp
1281895,551807000.0,"Rocket Pharmaceuticals, Inc.",RCKT,"ROCKET PHARMACEUTICALS, INC.","ROCKET PHARMACEUTICALS, INC."
1110647,551220000.0,"OCLARO, INC.",,,"OCLARO, INC."
1084765,550512000.0,"RESOURCES CONNECTION, INC.",RGP,"RESOURCES CONNECTION, INC.","RESOURCES CONNECTION, INC."
1878897,550402000.0,DOUGLAS ELLIMAN INC.,DOUG,Douglas Elliman Inc.,Douglas Elliman Inc.
882796,550000000.0,"BioCryst Pharmaceuticals, Inc.",BCRX,BIOCRYST PHARMACEUTICALS INC,BIOCRYST PHARMACEUTICALS INC
1025877,549509000.0,DCB FINANCIAL CORP,,,DCB FINANCIAL CORP
1820144,547620000.0,Grindr Inc.,GRND,Grindr Inc.,Grindr Inc.
1296884,547295000.0,"Lightstone Value Plus REIT I, Inc.",,,"Lightstone Value Plus REIT I, Inc."
1524025,546640000.0,"TILLY’S, INC.",TLYS,"TILLY'S, INC.","TILLY'S, INC."
1834376,546115000.0,InnovAge Holding Corp.,INNV,InnovAge Holding Corp.,InnovAge Holding Corp.
915779,545591000.0,"Daktronics, Inc.",DAKT,DAKTRONICS INC /SD/,DAKTRONICS INC /SD/
1447362,544729000.0,"CASTLE BIOSCIENCES, INC.",CSTL,CASTLE BIOSCIENCES INC,CASTLE BIOSCIENCES INC
1318484,544258000.0,"Citi Trends, Inc.",CTRN,Citi Trends Inc,Citi Trends Inc
1033905,543729000.0,LUMINEX CORP,,,LUMINEX CORP
1580673,543483000.0,"PACIFIC OAK STRATEGIC OPPORTUNITY REIT II, INC.",,,"PACIFIC OAK STRATEGIC OPPORTUNITY REIT II, INC."
1286139,543030000.0,"LegalZoom.com, Inc.",LZ,"LEGALZOOM.COM, INC.","LEGALZOOM.COM, INC."
1793659,543021000.0,"Rush Street Interactive, Inc.",RSI,"Rush Street Interactive, Inc.","Rush Street Interactive, Inc."
1847360,543016000.0,"1895 BANCORP OF WISCONSIN, INC.",BCOW,"1895 Bancorp of Wisconsin, Inc. /MD/","1895 Bancorp of Wisconsin, Inc. /MD/"
1217234,542991000.0,"CAREDX, INC.",CDNA,"CareDx, Inc.","CareDx, Inc."
1736946,542712000.0,"ARLO TECHNOLOGIES, INC.",ARLO,"Arlo Technologies, Inc.","Arlo Technologies, Inc."
1391127,542380000.0,"EDGIO, INC.",,,"EDGIO, INC."
1474627,542095000.0,"Newegg Commerce, Inc.",NEGG,"Newegg Commerce, Inc.","Newegg Commerce, Inc."
1287151,541913000.0,XERIUM TECHNOLOGIES INC,,,XERIUM TECHNOLOGIES INC
2012726,539807000.0,"Fifth District Bancorp, Inc.",FDSB,"Fifth District Bancorp, Inc.","Fifth District Bancorp, Inc."
1362705,539705000.0,Evolve Transition Infrastructure LP,,,Evolve Transition Infrastructure LP
1852575,539689948.0,"Strategic Storage Trust VI, Inc.",SGST,"Strategic Storage Trust VI, Inc.","Strategic Storage Trust VI, Inc."
1725160,539310000.0,"ZENTALIS PHARMACEUTICALS, INC.",ZNTL,"Zentalis Pharmaceuticals, Inc.","Zentalis Pharmaceuticals, Inc."
1636282,538832000.0,"SPYRE THERAPEUTICS, INC.",SYRE,"Spyre Therapeutics, Inc.","Spyre Therapeutics, Inc."
1847590,538245000.0,BOWMAN CONSULTING GROUP LTD.,BWMN,Bowman Consulting Group Ltd.,Bowman Consulting Group Ltd.
1769267,537424000.0,"First Seacoast Bancorp, Inc.",,,"First Seacoast Bancorp, Inc."
2011954,535071000.0,Twin Hospitality Group Inc.,TWNPQ,Twin Hospitality Group Inc.,Twin Hospitality Group Inc.
1495320,535061000.0,"VERA BRADLEY, INC.",VRA,"Vera Bradley, Inc.","Vera Bradley, Inc."
1610618,534327000.0,"Cidara Therapeutics, Inc.",,,"Cidara Therapeutics, Inc."
1894630,533263027.0,"GORES HOLDINGS IX, INC.",,,"GORES HOLDINGS IX, INC."
1567345,530441000.0,"HEMISPHERE MEDIA GROUP, INC.",,,"HEMISPHERE MEDIA GROUP, INC."
1828972,529972000.0,"BuzzFeed, Inc.",BZFD,"BuzzFeed, Inc.","BuzzFeed, Inc."
1652106,529461000.0,"PB BANCORP, INC.",,,"PB BANCORP, INC."
1909747,529341000.0,JUSHI HOLDINGS INC.,JUSH,Jushi Holdings Inc.,Jushi Holdings Inc.
1805521,529288000.0,Faraday Future Intelligent Electric Inc.,FFAI,FARADAY FUTURE INTELLIGENT ELECTRIC INC.,FARADAY FUTURE INTELLIGENT ELECTRIC INC.
1649744,527454000.0,DULUTH HOLDINGS INC.,DLTH,DULUTH HOLDINGS INC.,DULUTH HOLDINGS INC.
1792781,527264000.0,TORRID HOLDINGS INC.,CURV,Torrid Holdings Inc.,Torrid Holdings Inc.
1808665,527170000.0,"ASSERTIO HOLDINGS, INC.",,,"ASSERTIO HOLDINGS, INC."
1946997,526244000.0,"EQT Exeter Real Estate Income Trust, Inc.",,,"EQT Exeter Real Estate Income Trust, Inc."
1494448,525818000.0,"Emergent Capital, Inc.",,,"Emergent Capital, Inc."
1514131,525600000.0,UNITED COMMUNITY BANCORP,,,UNITED COMMUNITY BANCORP
1084991,525526000.0,"NATURAL GAS SERVICES GROUP, INC.",NGS,NATURAL GAS SERVICES GROUP INC,NATURAL GAS SERVICES GROUP INC
1385292,525020000.0,MONOTYPE IMAGING HOLDINGS INC.,,,MONOTYPE IMAGING HOLDINGS INC.
1510580,524304000.0,"Kite Pharma, Inc.",,,"Kite Pharma, Inc."
1860424,523671920.0,Onex Direct Lending BDC Fund,,,Onex Direct Lending BDC Fund
1554859,522597000.0,"SEMLER SCIENTIFIC, INC.",,,"SEMLER SCIENTIFIC, INC."
2052153,522470000.0,Apollo Origination II (UL) Capital Trust,,,Apollo Origination II (UL) Capital Trust
1627487,522395000.0,"FOGO DE CHAO, INC.",,,"FOGO DE CHAO, INC."
1324272,521806000.0,"Ruths Hospitality Group, Inc.",,,"Ruths Hospitality Group, Inc."
1101396,521441000.0,"DELTA APPAREL, INC.",,,"DELTA APPAREL, INC."
1368757,521117000.0,"GTJ REIT, INC.",,,"GTJ REIT, INC."
1162461,520988000.0,"Cutera, Inc.",,,"Cutera, Inc."
1365216,520851000.0,"Sucampo Pharmaceuticals, Inc.",,,"Sucampo Pharmaceuticals, Inc."
1487918,520717000.0,OFS Capital Corporation,OFS,OFS Capital Corp,OFS Capital Corp
1616314,519753000.0,"MEDEQUITIES REALTY TRUST, INC.",,,"MEDEQUITIES REALTY TRUST, INC."
1831915,519476000.0,"CYTEK BIOSCIENCES, INC.",CTKB,"Cytek Biosciences, Inc.","Cytek Biosciences, Inc."
1822523,519176899.0,"AFC GAMMA, INC.",AFCG,Advanced Flower Capital Inc.,Advanced Flower Capital Inc.
1845337,519037000.0,"DAY ONE BIOPHARMACEUTICALS, INC.",,,"DAY ONE BIOPHARMACEUTICALS, INC."
1685715,518392000.0,JAGGED PEAK ENERGY INC.,,,JAGGED PEAK ENERGY INC.
913277,518145000.0,CLARUS CORPORATION,CLAR,Clarus Corp,Clarus Corp
1526243,518029894.0,PERPETUA RESOURCES CORP.,PPTA,PERPETUA RESOURCES CORP.,PERPETUA RESOURCES CORP.
1683695,518015000.0,"INTERNATIONAL MONEY EXPRESS, INC.",IMXI,"International Money Express, Inc.","International Money Express, Inc."
1850270,517996000.0,PROKIDNEY CORP.,PROK,PROKIDNEY CORP.,PROKIDNEY CORP.
1660719,517377000.0,ARALEZ PHARMACEUTICALS INC.,,,ARALEZ PHARMACEUTICALS INC.
1461640,517290000.0,HOMETOWN BANKSHARES CORP,,,HOMETOWN BANKSHARES CORP
1717310,517197097.0,"VENTURE LENDING & LEASING IX, INC.",,,"VENTURE LENDING & LEASING IX, INC."
1846576,517124000.0,"FIGS, Inc.",FIGS,"FIGS, Inc.","FIGS, Inc."
1537028,517001000.0,"Independence Contract Drilling, Inc.",,,"Independence Contract Drilling, Inc."
1564824,516894000.0,Allakos Inc.,,,Allakos Inc.
1459862,515526000.0,abrdn Palladium ETF Trust,PALL,abrdn Palladium ETF Trust,abrdn Palladium ETF Trust
1695963,514920313.0,KORTH DIRECT MORTGAGE INC.,,,KORTH DIRECT MORTGAGE INC.
1761918,514909000.0,"ERASCA, INC.",ERAS,"Erasca, Inc.","Erasca, Inc."
1650664,514321000.0,"Editas Medicine, Inc.",EDIT,"Editas Medicine, Inc.","Editas Medicine, Inc."
1562214,514145000.0,"ZAIS Group Holdings, Inc.",,,"ZAIS Group Holdings, Inc."
1496323,513499000.0,"IGM Biosciences, Inc.",,,"IGM Biosciences, Inc."
1392972,513307000.0,"PROS Holdings, Inc.",,,"PROS Holdings, Inc."
1588978,513054000.0,PROCEPT BIOROBOTICS CORPORATION,PRCT,PROCEPT BioRobotics Corp,PROCEPT BioRobotics Corp
818033,512782000.0,"HERON THERAPEUTICS, INC. /DE/",HRTX,"HERON THERAPEUTICS, INC. /DE/","HERON THERAPEUTICS, INC. /DE/"
1661458,512554000.0,"HIGHLANDS REIT, INC.",,,"HIGHLANDS REIT, INC."
911649,511046000.0,STANDARD DIVERSIFIED INC.,,,STANDARD DIVERSIFIED INC.
1177648,510974000.0,"ENANTA PHARMACEUTICALS, INC.",ENTA,ENANTA PHARMACEUTICALS INC,ENANTA PHARMACEUTICALS INC
2049733,510067000.0,Blackstone Private Real Estate Credit and Income Fund,,,Blackstone Private Real Estate Credit and Income Fund
1354174,509999000.0,"SBT Bancorp, Inc.",,,"SBT Bancorp, Inc."
1510593,509795000.0,Xunlei Ltd,XNET,Xunlei Ltd,Xunlei Ltd
1159281,509734000.0,AlerisLife Inc.,,,AlerisLife Inc.
1865107,509638000.0,a.k.a. Brands Holding Corp.,AKA,A.K.A. BRANDS HOLDING CORP.,A.K.A. BRANDS HOLDING CORP.
1114995,508817000.0,"IMPINJ, INC.",PI,IMPINJ INC,IMPINJ INC
1840225,506849267.0,FUSION ACQUISITION CORP. II,,,FUSION ACQUISITION CORP. II
1794350,506338256.0,Yalla Group Ltd,YALA,Yalla Group Ltd,Yalla Group Ltd
884144,505565000.0,"ASURE SOFTWARE, INC.",ASUR,ASURE SOFTWARE INC,ASURE SOFTWARE INC
1471824,505504344.0,Teucrium Commodity Trust,CANE,Teucrium Commodity Trust,Teucrium Commodity Trust
1812234,505213061.0,Churchill Capital Corp V,,,Churchill Capital Corp V
1280600,504906000.0,ACCELERON PHARMA INC.,,,ACCELERON PHARMA INC.
1637558,504296000.0,CONSOL Coal Resources LP,,,CONSOL Coal Resources LP
1531048,504152000.0,"Inari Medical, Inc.",,,"Inari Medical, Inc."
1672619,503887000.0,"ENLIVEN THERAPEUTICS, INC.",ELVN,"Enliven Therapeutics, Inc.","Enliven Therapeutics, Inc."
1738906,503656000.0,"111, Inc.",YI,"111, Inc.","111, Inc."
1425450,503606000.0,OrthoPediatrics Corp.,KIDS,ORTHOPEDIATRICS CORP,ORTHOPEDIATRICS CORP
1600620,502562000.0,Aurinia Pharmaceuticals Inc.,AUPH,Aurinia Pharmaceuticals Inc.,Aurinia Pharmaceuticals Inc.
1353615,501509014.0,Invesco CurrencyShares Swiss Franc Trust,FXF,Invesco CurrencyShares Swiss Franc Trust,Invesco CurrencyShares Swiss Franc Trust
1072627,501021000.0,KINGSWAY FINANCIAL SERVICES INC.,KWY,KINGSWAY Corp,KINGSWAY Corp
1830210,500920000.0,"Benson Hill, Inc.",,,"Benson Hill, Inc."
1979332,500877000.0,"Central Plains Bancshares, Inc.",CPBI,"Central Plains Bancshares, Inc.","Central Plains Bancshares, Inc."
1031233,500530000.0,PINNACLE BANKSHARES CORPORATION,,,PINNACLE BANKSHARES CORPORATION
1095565,500148000.0,"HealthStream, Inc.",HSTM,HEALTHSTREAM INC,HEALTHSTREAM INC
1551739,499835079.0,"HAMILTON BANCORP, INC.",,,"HAMILTON BANCORP, INC."
1645873,498852000.0,"Modiv Industrial, Inc.",,,"Modiv Industrial, Inc."
1690769,498580000.0,"ALTA MESA RESOURCES, INC. /DE",,,"ALTA MESA RESOURCES, INC. /DE"
852772,498335000.0,DENNY’S CORPORATION,,,DENNY’S CORPORATION
1750153,496472000.0,CANOO INC,,,CANOO INC
103096,495840000.0,TRC COMPANIES INC /DE/,,,TRC COMPANIES INC /DE/
1819790,494994000.0,"TARSUS PHARMACEUTICALS, INC.",TARS,"Tarsus Pharmaceuticals, Inc.","Tarsus Pharmaceuticals, Inc."
746514,494775576.0,New England Realty Associates Limited Partnership,NEN,NEW ENGLAND REALTY ASSOCIATES LIMITED PARTNERSHIP,NEW ENGLAND REALTY ASSOCIATES LIMITED PARTNERSHIP
783412,494721000.0,DAILY JOURNAL CORPORATION,DJCO,DAILY JOURNAL CORP,DAILY JOURNAL CORP
1843973,494216000.0,"flyExclusive, Inc.",FLYX,FLYEXCLUSIVE INC.,FLYEXCLUSIVE INC.
1543916,494180000.0,"ForgeRock, Inc.",,,"ForgeRock, Inc."
1701758,493709000.0,THE LOVESAC COMPANY,LOVE,Lovesac Co,Lovesac Co
1802457,493700000.0,"ORIGIN MATERIALS, INC.",,,"ORIGIN MATERIALS, INC."
784011,493549000.0,POPE RESOURCES LTD PARTNERSHIP,,,POPE RESOURCES LTD PARTNERSHIP
1955010,492457000.0,OHA SENIOR PRIVATE LENDING FUND (U) LLC,,,OHA SENIOR PRIVATE LENDING FUND (U) LLC
1651561,492391000.0,"Tabula Rasa HealthCare, Inc.",,,"Tabula Rasa HealthCare, Inc."
1847903,492127000.0,CENTESSA PHARMACEUTICALS PLC,,,CENTESSA PHARMACEUTICALS PLC
1346610,492117000.0,SOS LIMITED,SOS,SOS Ltd,SOS Ltd
1818331,490942000.0,GeneDx Holdings Corp.,WGS,GeneDx Holdings Corp.,GeneDx Holdings Corp.
1771910,490859000.0,ADC Therapeutics SA,ADCT,ADC Therapeutics SA,ADC Therapeutics SA
832480,488410069.0,UTG INC,UTGN,UTG INC,UTG INC
1726445,487929000.0,"SEER, INC.",SEER,"Seer, Inc.","Seer, Inc."
1751143,487360000.0,"ATLAS TECHNICAL CONSULTANTS, INC.",,,"ATLAS TECHNICAL CONSULTANTS, INC."
1838108,487342053.0,RMG ACQUISITION CORP. III,,,RMG ACQUISITION CORP. III
1301236,487226790.0,SOTHERLY HOTELS INC.,,,SOTHERLY HOTELS INC.
917491,486842000.0,"FARO TECHNOLOGIES, INC.",,,"FARO TECHNOLOGIES, INC."
1615063,486800000.0,"Inspired Entertainment, Inc.",INSE,"Inspired Entertainment, Inc.","Inspired Entertainment, Inc."
1850119,486544000.0,"Century Therapeutics, Inc.",IPSC,"Century Therapeutics, Inc.","Century Therapeutics, Inc."
1370450,484851000.0,"WILLDAN GROUP, INC.",WLDN,"Willdan Group, Inc.","Willdan Group, Inc."
95029,484763000.0,"STURM, RUGER & COMPANY, INC.",RGR,STURM RUGER & CO INC,STURM RUGER & CO INC
1316517,482982276.0,"KANDI TECHNOLOGIES GROUP, INC.",,,"KANDI TECHNOLOGIES GROUP, INC."
1802156,482691000.0,"Xponential Fitness, Inc.",XPOF,"Xponential Fitness, Inc.","Xponential Fitness, Inc."
1789769,482128000.0,"Instil Bio, Inc.",TIL,"Instil Bio, Inc.","Instil Bio, Inc."
1495932,481246000.0,"EXP WORLD HOLDINGS, INC.",AGNT,"AGNT, Inc.","AGNT, Inc."
1512762,480847000.0,"Coherus BioSciences, Inc.",CHRS,"Coherus Oncology, Inc.","Coherus Oncology, Inc."
827809,480782000.0,NOVELION THERAPEUTICS INC.,,,NOVELION THERAPEUTICS INC.
1792509,480585000.0,TriplePoint Private Venture Credit Inc.,,,TriplePoint Private Venture Credit Inc.
1138723,479473000.0,ACCURAY INCORPORATED,ARAY,ACCURAY INC,ACCURAY INC
1617977,478228000.0,"Habit Restaurants, Inc.",,,"Habit Restaurants, Inc."
1785494,477893000.0,Woodbridge Liquidation Trust,WBQNL,Woodbridge Liquidation Trust,Woodbridge Liquidation Trust
1487952,476742000.0,"Vishay Precision Group, Inc.",VPG,"Vishay Precision Group, Inc.","Vishay Precision Group, Inc."
1625278,476000000.0,"NerdWallet, Inc.",NRDS,"NERDWALLET, INC.","NERDWALLET, INC."
1617049,475781000.0,NAVIOS MARITIME MIDSTREAM PARTNERS LP,,,NAVIOS MARITIME MIDSTREAM PARTNERS LP
1844452,475639000.0,"INTUITIVE MACHINES, INC.",LUNR,"Intuitive Machines, Inc.","Intuitive Machines, Inc."
1062822,475625000.0,"Lexicon Pharmaceuticals, Inc.",LXRX,"LEXICON PHARMACEUTICALS, INC.","LEXICON PHARMACEUTICALS, INC."
1524931,474781000.0,"CHUY’S HOLDINGS, INC.",,,"CHUY’S HOLDINGS, INC."
1770088,474759250.0,WiMi Hologram Cloud Inc.,WIMI,WiMi Hologram Cloud Inc.,WiMi Hologram Cloud Inc.
1179500,474511000.0,COMMUNITY FIRST INC,,,COMMUNITY FIRST INC
1759614,474332000.0,Yunji Inc.,YJ,Yunji Inc.,Yunji Inc.
1626450,474056000.0,"BigCommerce Holdings, Inc.",CMRC,"Commerce.com, Inc.","Commerce.com, Inc."
1650648,473637000.0,"4D Molecular Therapeutics, Inc.",FDMT,"4D Molecular Therapeutics, Inc.","4D Molecular Therapeutics, Inc."
1787400,472938000.0,"Nkarta, Inc.",NKTX,"Nkarta, Inc.","Nkarta, Inc."
764401,471892000.0,Insteel Industries Inc.,IIIN,INSTEEL INDUSTRIES INC,INSTEEL INDUSTRIES INC
80172,471858000.0,NATIONAL PRESTO INDUSTRIES INC,NPK,NATIONAL PRESTO INDUSTRIES INC,NATIONAL PRESTO INDUSTRIES INC
1133470,471398000.0,"CALAVO GROWERS, INC.",,,"CALAVO GROWERS, INC."
1290900,470268000.0,"COMMERCIAL VEHICLE GROUP, INC.",CVGI,"Commercial Vehicle Group, Inc.","Commercial Vehicle Group, Inc."
1750264,469873000.0,Puyi Inc.,MAAS,Maase Inc.,Maase Inc.
1171155,469859000.0,"RADIANT LOGISTICS, INC.",RLGT,"RADIANT LOGISTICS, INC","RADIANT LOGISTICS, INC"
1296484,469337000.0,TOP SHIPS INC.,TOPS,TOP SHIPS INC.,TOP SHIPS INC.
1296205,469231000.0,ZAGG INC,,,ZAGG INC
1828318,469112000.0,Enovix Corporation,ENVX,Enovix Corp,Enovix Corp
927720,469044000.0,SPANISH BROADCASTING SYSTEM INC,,,SPANISH BROADCASTING SYSTEM INC
1548309,468426000.0,"SEARS HOMETOWN & OUTLET STORES, INC.",,,"SEARS HOMETOWN & OUTLET STORES, INC."
1615222,467666000.0,"MOODY NATIONAL REIT II, INC.",,,"MOODY NATIONAL REIT II, INC."
1921158,467605000.0,BitFuFu Inc.,FUFU,Bitfufu Inc.,Bitfufu Inc.
1860160,466793000.0,Firefly Aerospace Inc.,FLY,Firefly Aerospace Inc.,Firefly Aerospace Inc.
1437402,466770000.0,"ARDELYX, INC.",ARDX,"ARDELYX, INC.","ARDELYX, INC."
1584549,465285000.0,"VILLAGE FARMS INTERNATIONAL, INC.",VFF,"Village Farms International, Inc.","Village Farms International, Inc."
1009829,464303000.0,"JAKKS PACIFIC, INC.",JAKK,JAKKS PACIFIC INC,JAKKS PACIFIC INC
1849670,464127000.0,"PB BANKSHARES, INC",,,"PB BANKSHARES, INC"
1758530,463952000.0,So-Young International Inc.,SY,So-Young International Inc.,So-Young International Inc.
1305323,463376000.0,ZOVIO INC,,,ZOVIO INC
1739426,463255000.0,Osmotica Pharmaceuticals plc,,,Osmotica Pharmaceuticals plc
1653909,462364000.0,"Allbirds, Inc.",BIRD,"Smartbird, Inc.","Smartbird, Inc."
1661181,461128000.0,ORGANOGENESIS HOLDINGS INC.,ORGO,Organogenesis Holdings Inc.,Organogenesis Holdings Inc.
3545,460753000.0,"ALICO, INC.",ALCO,"ALICO, INC.","ALICO, INC."
1707210,460302000.0,Navios Maritime Containers L.P.,,,Navios Maritime Containers L.P.
1821586,460096000.0,MOONLAKE IMMUNOTHERAPEUTICS,MLTX,MoonLake Immunotherapeutics,MoonLake Immunotherapeutics
1511071,458465000.0,"POAGE BANKSHARES, INC.",,,"POAGE BANKSHARES, INC."
95574,456941000.0,"Superior Group of Companies, Inc.",SGC,"SUPERIOR GROUP OF COMPANIES, INC.","SUPERIOR GROUP OF COMPANIES, INC."
794172,456763000.0,MERIDIAN BIOSCIENCE INC,,,MERIDIAN BIOSCIENCE INC
1842386,456691085.0,VECTOR ACQUISITION CORPORATION II,,,VECTOR ACQUISITION CORPORATION II
1866692,456610000.0,"AMPLITUDE, INC.",AMPL,"Amplitude, Inc.","Amplitude, Inc."
1708176,456296961.0,HALL OF FAME RESORT & ENTERTAINMENT COMPANY,,,HALL OF FAME RESORT & ENTERTAINMENT COMPANY
1552451,456094000.0,"MYOKARDIA, INC.",,,"MYOKARDIA, INC."
105132,455952000.0,WD-40 COMPANY,WDFC,WD 40 CO,WD 40 CO
1820302,455502000.0,"Bakkt Holdings, Inc.",BKKT,"Bakkt, Inc.","Bakkt, Inc."
1073475,455422000.0,CITIZENS FIRST CORP,,,CITIZENS FIRST CORP
1867949,455214325.0,"Chicago Atlantic Real Estate Finance, Inc.",REFI,"Chicago Atlantic Real Estate Finance, Inc.","Chicago Atlantic Real Estate Finance, Inc."
1036030,454791000.0,WAYNE SAVINGS BANCSHARES INC /DE/,,,WAYNE SAVINGS BANCSHARES INC /DE/
1040426,454543000.0,SYNTEL INC,,,SYNTEL INC
1854964,454249000.0,"NewLake Capital Partners, Inc.",NLCP,"NewLake Capital Partners, Inc.","NewLake Capital Partners, Inc."
1490366,454178855.0,CHINA NEW BORUN CORP,,,CHINA NEW BORUN CORP
1981535,453912306.0,"SHARPLINK     GAMING, INC.",SBET,"Sharplink, Inc.","Sharplink, Inc."
1085621,453718000.0,Actua Corp,,,Actua Corp
1348334,453718000.0,BARRACUDA NETWORKS INC,,,BARRACUDA NETWORKS INC
2023658,453587000.0,BICARA THERAPEUTICS INC.,BCAX,Bicara Therapeutics Inc.,Bicara Therapeutics Inc.
1383058,453548425.0,INVESCO DB OIL FUND,DBO,Invesco DB Oil Fund,Invesco DB Oil Fund
880807,452846000.0,American Superconductor Corporation,AMSC,AMERICAN SUPERCONDUCTOR CORP /DE/,AMERICAN SUPERCONDUCTOR CORP /DE/
1689548,452832000.0,"PRAXIS PRECISION MEDICINES, INC.",PRAX,"Praxis Precision Medicines, Inc.","Praxis Precision Medicines, Inc."
1337553,452608000.0,"Aerie Pharmaceuticals, Inc.",,,"Aerie Pharmaceuticals, Inc."
1759546,452312000.0,LORDSTOWN MOTORS CORP.,SNFI,Stark Novus Financial Inc.,Stark Novus Financial Inc.
1821850,452195000.0,Sunlight Financial Holdings Inc.,,,Sunlight Financial Holdings Inc.
40730,452046000.0,MOTORS LIQUIDATION CO,,,MOTORS LIQUIDATION CO
1393434,451333000.0,"Ocular Therapeutix, Inc.",OCUL,"OCULAR THERAPEUTIX, INC","OCULAR THERAPEUTIX, INC"
1644509,451169249.0,Pace Holdings Corp.,,,Pace Holdings Corp.
704562,450785000.0,"AVID BIOSERVICES, INC.",,,"AVID BIOSERVICES, INC."
1768224,450387000.0,ARCTURUS THERAPEUTICS HOLDINGS INC.,ARCT,Arcturus Therapeutics Holdings Inc.,Arcturus Therapeutics Holdings Inc.
834365,450229000.0,"BioLife Solutions, Inc",BLFS,BIOLIFE SOLUTIONS INC,BIOLIFE SOLUTIONS INC
1821769,449441000.0,Navitas Semiconductor Corporation,NVTS,Navitas Semiconductor Corp,Navitas Semiconductor Corp
1434728,449382000.0,"GLOBAL WATER RESOURCES, INC.",GWRS,"Global Water Resources, Inc.","Global Water Resources, Inc."
1787306,449274000.0,"ARCUTIS BIOTHERAPEUTICS, INC.",ARQT,"Arcutis Biotherapeutics, Inc.","Arcutis Biotherapeutics, Inc."
70415,448902000.0,GP STRATEGIES CORP,,,GP STRATEGIES CORP
1689375,448783000.0,"ENTRADA THERAPEUTICS, INC.",TRDA,"Entrada Therapeutics, Inc.","Entrada Therapeutics, Inc."
1175505,448281000.0,"Five Prime Therapeutics, Inc.",,,"Five Prime Therapeutics, Inc."
1387061,447851000.0,"LIGHTSTONE VALUE PLUS REIT V, INC.",,,"LIGHTSTONE VALUE PLUS REIT V, INC."
1402829,447676000.0,"ORION GROUP HOLDINGS, INC.",ORN,Orion Group Holdings Inc,Orion Group Holdings Inc
1294133,447339000.0,"INOGEN, INC.",INGN,Inogen Inc,Inogen Inc
1286613,447321000.0,LINCOLN EDUCATIONAL SERVICES CORPORATION,LINC,LINCOLN EDUCATIONAL SERVICES CORP,LINCOLN EDUCATIONAL SERVICES CORP
1180079,447128000.0,SILVER SPRING NETWORKS INC,,,SILVER SPRING NETWORKS INC
1887944,446799000.0,Shimmick Corporation,SHIM,Shimmick Corp,Shimmick Corp
1759631,446743000.0,HYLIION HOLDINGS CORP.,HYLN,Hyliion Holdings Corp.,Hyliion Holdings Corp.
807863,446715000.0,"MITEK SYSTEMS, INC.",MITK,MITEK SYSTEMS INC,MITEK SYSTEMS INC
1997652,446462000.0,Tamboran Resources Corporation,TBN,Tamboran Resources Corp,Tamboran Resources Corp
1847584,445206000.0,WalkMe Ltd.,,,WalkMe Ltd.
857949,445112535.0,"ENLIGHTIFY, INC.",,,"ENLIGHTIFY, INC."
1116463,445035000.0,"ORASURE TECHNOLOGIES, INC",OSUR,ORASURE TECHNOLOGIES INC,ORASURE TECHNOLOGIES INC
1487101,444392000.0,KEYW HOLDING CORP,,,KEYW HOLDING CORP
1333835,444312000.0,"Casa Systems, Inc.",,,"Casa Systems, Inc."
1850938,444277862.0,"WTI FUND X, INC.",,,"WTI FUND X, INC."
1849466,444082000.0,"Texas Community Bancshares, Inc.",TCBS,"Texas Community Bancshares, Inc.","Texas Community Bancshares, Inc."
1633858,443650195.0,AUDAX CREDIT BDC INC.,,,AUDAX CREDIT BDC INC.
1826889,443395000.0,"The Beachbody Company, Inc.",BODI,"Beachbody Company, Inc.","Beachbody Company, Inc."
1805651,442508000.0,"MarketWise, Inc.",MKTW,"MARKETWISE, INC.","MARKETWISE, INC."
1959568,442274000.0,"Senior Credit Investments, LLC",,,"Senior Credit Investments, LLC"
1499961,440952039.0,MULLEN AUTOMOTIVE INC.,BINI,"BOLLINGER INNOVATIONS, INC.","BOLLINGER INNOVATIONS, INC."
1448301,440911000.0,ANCHOR BANCORP,,,ANCHOR BANCORP
1766368,440581000.0,"Mayville Engineering Company, Inc.",MEC,"Mayville Engineering Company, Inc.","Mayville Engineering Company, Inc."
1819142,440439000.0,SES AI Corporation,SES,SES AI Corp,SES AI Corp
919956,440368000.0,"Diversicare Healthcare Services, Inc.",,,"Diversicare Healthcare Services, Inc."
1743102,437986000.0,Jiayin Group Inc.,JFIN,Jiayin Group Inc.,Jiayin Group Inc.
718937,437781000.0,STAAR Surgical Co,STAA,STAAR SURGICAL CO,STAAR SURGICAL CO
1137091,437682000.0,"Power Solutions International, Inc.",PSIX,"POWER SOLUTIONS INTERNATIONAL, INC.","POWER SOLUTIONS INTERNATIONAL, INC."
34563,436709000.0,FARMER BROTHERS CO,,,FARMER BROTHERS CO
1726978,436587000.0,"GOOSEHEAD INSURANCE, INC.",GSHD,"Goosehead Insurance, Inc.","Goosehead Insurance, Inc."
1819133,436470000.0,"TANGO THERAPEUTICS, INC.",TNGX,"Tango Therapeutics, Inc.","Tango Therapeutics, Inc."
849547,436448000.0,BLACK BOX CORP,,,BLACK BOX CORP
888504,436151000.0,LAYNE CHRISTENSEN CO,,,LAYNE CHRISTENSEN CO
1642985,436113000.0,Mobile Infrastructure Corp,,,Mobile Infrastructure Corp
1847874,436113000.0,Mobile Infrastructure Corp,BEEP,Mobile Infrastructure Corp,Mobile Infrastructure Corp
887359,435608000.0,VERICEL CORPORATION,VCEL,Vericel Corp,Vericel Corp
1500836,434435000.0,"WOLVERINE BANCORP, INC.",,,"WOLVERINE BANCORP, INC."
1742770,434151000.0,"Viomi Technology Co., Ltd",VIOT,"Viomi Technology Co., Ltd","Viomi Technology Co., Ltd"
1572684,434106000.0,"UCP, Inc.",,,"UCP, Inc."
1503274,433582000.0,QUANTERIX CORPORATION,QTRX,Quanterix Corp,Quanterix Corp
1643953,433333000.0,"PURPLE INNOVATION, INC.",PRPL,"Purple Innovation, Inc.","Purple Innovation, Inc."
1823466,433157000.0,"FISCALNOTE HOLDINGS, INC.",NOTE,"FiscalNote Holdings, Inc.","FiscalNote Holdings, Inc."
1855747,432764000.0,"BLEND LABS, INC.",BLND,"Blend Labs, Inc.","Blend Labs, Inc."
1096296,432337102.0,MINERALRITE         CORPORATION,RITE,MINERALRITE Corp,MINERALRITE Corp
1117297,431107000.0,"QuinStreet, Inc.",QNST,"QUINSTREET, INC","QUINSTREET, INC"
1169445,430963000.0,"TRUBRIDGE, INC.",,,"TRUBRIDGE, INC."
1662579,430840000.0,"C4 Therapeutics, Inc.",CCCC,"C4 Therapeutics, Inc.","C4 Therapeutics, Inc."
1579733,430752000.0,"Vital Farms, Inc.",VITL,"Vital Farms, Inc.","Vital Farms, Inc."
1820566,430367000.0,INSPIRATO INCORPORATED,,,INSPIRATO INCORPORATED
719733,430248000.0,KEY TRONIC CORPORATION,KTCC,KEY TRONIC CORP,KEY TRONIC CORP
789132,430078000.0,SPECTRANETICS CORP,,,SPECTRANETICS CORP
1850398,429617526.0,"TC BANCSHARES, INC.",,,"TC BANCSHARES, INC."
1841230,429490739.0,Trine II Acquisition Corp.,,,Trine II Acquisition Corp.
8177,429339000.0,ATLANTIC AMERICAN CORP,AAME,ATLANTIC AMERICAN CORP,ATLANTIC AMERICAN CORP
831547,428768000.0,SPECTRUM PHARMACEUTICALS INC,,,SPECTRUM PHARMACEUTICALS INC
1751692,428009000.0,"1895 Bancorp of Wisconsin, Inc.",,,"1895 Bancorp of Wisconsin, Inc."
1053650,427865000.0,Omega Protein Corp,,,Omega Protein Corp
1840780,426774000.0,Local Bounti Corporation/DE,LOCL,Local Bounti Corporation/DE,Local Bounti Corporation/DE
1728117,426604000.0,"GOSSAMER BIO, INC.",GOSS,"Gossamer Bio, Inc.","Gossamer Bio, Inc."
2028686,426326000.0,SL Investment Fund II LLC,,,SL Investment Fund II LLC
1885522,426234000.0,"NEUMORA THERAPEUTICS, INC.",NMRA,"Neumora Therapeutics, Inc.","Neumora Therapeutics, Inc."
1758009,426084000.0,QUANTUM COMPUTING INC.,QUBT,Quantum Computing Inc.,Quantum Computing Inc.
78749,426046000.0,"AGILYSYS, INC.",AGYS,AGILYSYS INC,AGILYSYS INC
1638058,426000000.0,"ETP Retail Holdings, LLC",,,"ETP Retail Holdings, LLC"
1110611,425473000.0,"ON24, INC.",,,"ON24, INC."
1831840,424949000.0,"Semrush Holdings, Inc.",,,"Semrush Holdings, Inc."
1615165,424752000.0,"Veritone, Inc.",VERI,"Veritone, Inc.","Veritone, Inc."
1976719,424722000.0,"New Mountain Guardian IV Income Fund, L.L.C.",,,"New Mountain Guardian IV Income Fund, L.L.C."
1571498,424589000.0,"EPIZYME, INC.",,,"EPIZYME, INC."
1539894,423577000.0,"Atlas Financial Holdings, Inc.",,,"Atlas Financial Holdings, Inc."
1845799,423229000.0,"Cullman Bancorp, Inc.",CULL,"Cullman Bancorp, Inc. /MD/","Cullman Bancorp, Inc. /MD/"
1606268,422968000.0,"Via Renewables, Inc.",,,"Via Renewables, Inc."
1517375,422934000.0,"SPROUT SOCIAL, INC.",SPT,"Sprout Social, Inc.","Sprout Social, Inc."
1056285,422442000.0,"Kirkland's, Inc.",,,"Kirkland's, Inc."
1733298,422332859.0,Qutoutiao Inc.,,,Qutoutiao Inc.
1595893,422202000.0,"Turning Point Therapeutics, Inc.",,,"Turning Point Therapeutics, Inc."
945699,422081000.0,IXYS CORP /DE/,,,IXYS CORP /DE/
1327318,421687000.0,"TRUECAR, INC.",,,"TRUECAR, INC."
1846253,421212000.0,"OMNIAB, INC.",OABI,"OmniAb, Inc.","OmniAb, Inc."
1482981,421077000.0,"The Vita Coco Company, Inc.",COCO,"Vita Coco Company, Inc.","Vita Coco Company, Inc."
1844270,420996415.0,FTAC ZEUS ACQUISITION CORP.,,,FTAC ZEUS ACQUISITION CORP.
945983,420691000.0,"Climb Global Solutions, Inc.",CLMB,"Climb Global Solutions, Inc.","Climb Global Solutions, Inc."
2022626,420521000.0,"UPSTREAM BIO, INC.",UPB,"Upstream Bio, Inc.","Upstream Bio, Inc."
1723866,420275000.0,"SELECT INTERIOR CONCEPTS, INC.",,,"SELECT INTERIOR CONCEPTS, INC."
1824185,420157231.0,HH&L Acquisition Co.,,,HH&L Acquisition Co.
1772177,419373000.0,"KURA SUSHI USA, INC.",KRUS,"KURA SUSHI USA, INC.","KURA SUSHI USA, INC."
1929017,419146000.0,"Sealy Industrial Partners IV, LP",,,"Sealy Industrial Partners IV, LP"
1826018,418261000.0,"Rover Group, Inc.",,,"Rover Group, Inc."
1015383,418219959.0,"AMMO, INC.",POWW,Outdoor Holding Co,Outdoor Holding Co
2007825,418059568.0,Churchill Capital Corp X/Cayman,INFQ,"Infleqtion, Inc.","Infleqtion, Inc."
1366246,418049000.0,Glu Mobile Inc.,,,Glu Mobile Inc.
1804176,417570000.0,"Butterfly Network, Inc.",BFLY,"Butterfly Network, Inc.","Butterfly Network, Inc."
1828536,416713000.0,"ENERGY VAULT HOLDINGS, INC.",NRGV,"Energy Vault Holdings, Inc.","Energy Vault Holdings, Inc."
1145057,416227000.0,"FORESCOUT TECHNOLOGIES, INC",,,"FORESCOUT TECHNOLOGIES, INC"
909791,415572000.0,ULTRATECH INC,,,ULTRATECH INC
1984086,415231000.0,"Septerna, Inc.",SEPN,"Septerna, Inc.","Septerna, Inc."
1375151,414250000.0,"ZOGENIX, INC.",,,"ZOGENIX, INC."
1070336,413875000.0,ACHILLION PHARMACEUTICALS INC,,,ACHILLION PHARMACEUTICALS INC
1098972,413556000.0,AGENUS INC,AGEN,AGENUS INC,AGENUS INC
1870267,412856000.0,REDWOOD ENHANCED INCOME CORP.,,,REDWOOD ENHANCED INCOME CORP.
855612,412721000.0,ZIX CORP,,,ZIX CORP
1211351,411984000.0,"RTW RETAILWINDS, INC.",,,"RTW RETAILWINDS, INC."
1841209,411981495.0,MicroCloud Hologram Inc.,HOLO,MicroCloud Hologram Inc.,MicroCloud Hologram Inc.
899460,411697000.0,MannKind Corporation,MNKD,MANNKIND CORP,MANNKIND CORP
1973476,410008000.0,North Haven Private Income Fund A LLC,,,North Haven Private Income Fund A LLC
1617798,409511000.0,"PennTex Midstream Partners, LP",,,"PennTex Midstream Partners, LP"
1675033,409326000.0,Great Elm Capital Corp.,GECC,Great Elm Capital Corp.,Great Elm Capital Corp.
1423824,409154000.0,ALDER BIOPHARMACEUTICALS INC,,,ALDER BIOPHARMACEUTICALS INC
1821329,408987286.0,CC NEUBERGER PRINCIPAL HOLDINGS III,,,CC NEUBERGER PRINCIPAL HOLDINGS III
1431959,408917982.0,Meta Materials Inc.,,,Meta Materials Inc.
813298,408843000.0,"DESTINATION XL GROUP, INC.",DXLG,"DESTINATION XL GROUP, INC.","DESTINATION XL GROUP, INC."
1364962,408819000.0,IMPERVA INC,,,IMPERVA INC
1342423,408648000.0,LIMONEIRA COMPANY,LMNR,Limoneira CO,Limoneira CO
1412408,408629000.0,"PHREESIA, INC.",PHR,"Phreesia, Inc.","Phreesia, Inc."
1822359,408263751.0,DocGo Inc.,DCGO,DocGo Inc.,DocGo Inc.
1173420,408261000.0,NOVAGOLD RESOURCES INC.,NG,NOVAGOLD RESOURCES INC,NOVAGOLD RESOURCES INC
1370416,407451000.0,WESTPORT FUEL SYSTEMS INC.,WPRT,WESTPORT FUEL SYSTEMS INC.,WESTPORT FUEL SYSTEMS INC.
1819574,407362000.0,"BARK, INC.",BARK,"Bark, Inc.","Bark, Inc."
1096056,407100000.0,Luxfer Holdings PLC,LXFR,LUXFER HOLDINGS PLC,LUXFER HOLDINGS PLC
1382101,406944000.0,"SUTRO BIOPHARMA, INC.",STRO,"SUTRO BIOPHARMA, INC.","SUTRO BIOPHARMA, INC."
10329,406273000.0,"BASSETT FURNITURE INDUSTRIES, INCORPORATED",BSET,BASSETT FURNITURE INDUSTRIES INC,BASSETT FURNITURE INDUSTRIES INC
827871,406160000.0,"Eagle Pharmaceuticals, Inc.",,,"Eagle Pharmaceuticals, Inc."
912833,406102000.0,WEST MARINE INC,,,WEST MARINE INC
1771908,405374549.0,Haymaker Acquisition Corp. II,,,Haymaker Acquisition Corp. II
352825,405171000.0,L.B. FOSTER COMPANY,FSTR,FOSTER L B CO,FOSTER L B CO
1822462,404883000.0,Foghorn Therapeutics Inc.,FHTX,Foghorn Therapeutics Inc.,Foghorn Therapeutics Inc.
1835814,404847293.0,NORTHERN STAR INVESTMENT CORP. IV,,,NORTHERN STAR INVESTMENT CORP. IV
1835817,404807457.0,NORTHERN STAR INVESTMENT CORP. III,,,NORTHERN STAR INVESTMENT CORP. III
1839175,404668541.0,M3-BRIGADE ACQUISITION II CORP.,,,M3-BRIGADE ACQUISITION II CORP.
876779,404606000.0,MAGIC SOFTWARE ENTERPRISES LTD.,RMTHF,MAGIC SOFTWARE ENTERPRISES LTD,MAGIC SOFTWARE ENTERPRISES LTD
1834518,404303198.0,NORTHERN STAR INVESTMENT CORP. II,,,NORTHERN STAR INVESTMENT CORP. II
1517130,404128713.0,PINGTAN MARINE ENTERPRISE LTD.,,,PINGTAN MARINE ENTERPRISE LTD.
1672985,404085147.0,Conyers Park Acquisition Corp.,,,Conyers Park Acquisition Corp.
1668105,403917000.0,Talend S.A.,,,Talend S.A.
1679082,403521000.0,Myovant Sciences Ltd.,,,Myovant Sciences Ltd.
82166,403257000.0,"RAVEN INDUSTRIES, INC.",,,"RAVEN INDUSTRIES, INC."
1712178,402476000.0,NaaS Technology Inc.,NAAS,NaaS Technology Inc.,NaaS Technology Inc.
764897,402286000.0,"BROAD STREET REALTY, INC.",,,"BROAD STREET REALTY, INC."
1326110,402076000.0,"ImmunityBio, Inc.",IBRX,"ImmunityBio, Inc.","ImmunityBio, Inc."
1752828,401066000.0,Celularity Inc,CELU,Celularity Inc,Celularity Inc
1484504,400999000.0,GIGAMON INC.,,,GIGAMON INC.
1840859,400616290.0,TPG PACE BENEFICIAL II CORP.,,,TPG PACE BENEFICIAL II CORP.
1879016,400471000.0,Ivanhoe Electric Inc.,IE,Ivanhoe Electric Inc.,Ivanhoe Electric Inc.
1484612,400115000.0,"OUTSET MEDICAL, INC.",OM,"Outset Medical, Inc.","Outset Medical, Inc."
1287808,400075000.0,"HILL INTERNATIONAL, INC.",,,"HILL INTERNATIONAL, INC."
1017907,400074000.0,FIRST ACCEPTANCE CORP /DE/,,,FIRST ACCEPTANCE CORP /DE/
1552800,399814000.0,"TILE SHOP HOLDINGS, INC.",TTSH,"TILE SHOP HOLDINGS, INC.","TILE SHOP HOLDINGS, INC."
1641614,399795000.0,CPI Card Group Inc.,PMTS,CPI Card Group Inc.,CPI Card Group Inc.
1748907,399281000.0,ORCHARD THERAPEUTICS PLC,,,ORCHARD THERAPEUTICS PLC
1434418,399130000.0,CONSTELLATION PHARMACEUTICALS INC,,,CONSTELLATION PHARMACEUTICALS INC
55772,398201000.0,"KIMBALL INTERNATIONAL, INC.",,,"KIMBALL INTERNATIONAL, INC."
1828791,397972000.0,Viant Technology Inc.,DSP,Viant Technology Inc.,Viant Technology Inc.
910467,397751947.0,CAMPBELL STRATEGIC ALLOCATION FUND LP,,,CAMPBELL STRATEGIC ALLOCATION FUND LP
1635282,397497000.0,"Rimini Street, Inc.",RMNI,"Rimini Street, Inc.","Rimini Street, Inc."
763532,396362000.0,LSI INDUSTRIES INC.,LYTS,LSI INDUSTRIES INC,LSI INDUSTRIES INC
1709401,394841000.0,"RUBIUS THERAPEUTICS, INC.",,,"RUBIUS THERAPEUTICS, INC."
928465,393915525.0,AMCON DISTRIBUTING CO,DIT,AMCON DISTRIBUTING CO,AMCON DISTRIBUTING CO
1077688,393708000.0,Hooker Furnishings Corporation,HOFT,HOOKER FURNISHINGS Corp,HOOKER FURNISHINGS Corp
33992,393421525.0,"KINGSTONE COMPANIES, INC",KINS,"KINGSTONE COMPANIES, INC.","KINGSTONE COMPANIES, INC."
99302,392536000.0,"TRANSCAT, INC.",TRNS,TRANSCAT INC,TRANSCAT INC
1726293,392242069.0,PURE ACQUISITION CORP.,,,PURE ACQUISITION CORP.
2019793,392133888.0,"XCF GLOBAL, INC.",SAFX,"XCF Global, Inc.","XCF Global, Inc."
2035156,392062332.0,"XCF Global Capital, Inc.",,,"XCF Global Capital, Inc."
930420,392004000.0,Kforce Inc,KFRC,KFORCE INC,KFORCE INC
1469822,391937000.0,"KBS LEGACY PARTNERS APARTMENT REIT, INC.",,,"KBS LEGACY PARTNERS APARTMENT REIT, INC."
74046,391677000.0,OIL-DRI CORPORATION OF AMERICA,ODC,Oil-Dri Corp of America,Oil-Dri Corp of America
1816431,391485000.0,QUANTUM-SI INCORPORATED,QSI,Quantum-Si Inc,Quantum-Si Inc
933034,391454000.0,STRATTEC SECURITY CORP,STRT,STRATTEC SECURITY CORP,STRATTEC SECURITY CORP
1658551,391453000.0,"Amylyx Pharmaceuticals, Inc.",AMLX,"Amylyx Pharmaceuticals, Inc.","Amylyx Pharmaceuticals, Inc."
1365101,391385000.0,Primo Water Corp,,,Primo Water Corp
1120914,391133000.0,"PDF SOLUTIONS, INC.",PDFS,PDF SOLUTIONS INC,PDF SOLUTIONS INC
1227025,390887000.0,NEOPHOTONICS CORP,,,NEOPHOTONICS CORP
1006269,390810000.0,LORAL SPACE & COMMUNICATIONS INC.,,,LORAL SPACE & COMMUNICATIONS INC.
1840920,389835248.0,Tech and Energy Transition Corporation,,,Tech and Energy Transition Corporation
1709164,388950000.0,HAMILTON BEACH BRANDS HOLDING COMPANY,HBB,Hamilton Beach Brands Holding Co,Hamilton Beach Brands Holding Co
1453687,388893000.0,"Cartesian Therapeutics, Inc.",RNAC,"Cartesian Therapeutics, Inc.","Cartesian Therapeutics, Inc."
890066,388441000.0,GLEN BURNIE BANCORP,GLBZ,GLEN BURNIE BANCORP,GLEN BURNIE BANCORP
1289945,388087000.0,"SPOK HOLDINGS, INC",SPOK,"Spok Holdings, Inc","Spok Holdings, Inc"
100378,387696000.0,TWIN DISC INC,TWIN,TWIN DISC INC,TWIN DISC INC
1045742,387464000.0,Live Ventures Incorporated,LIVE,LIVE VENTURES Inc,LIVE VENTURES Inc
1166365,387169000.0,PAPERWEIGHT DEVELOPMENT CORP,,,PAPERWEIGHT DEVELOPMENT CORP
1412347,386907000.0,"WESTMORELAND RESOURCE PARTNERS, LP",,,"WESTMORELAND RESOURCE PARTNERS, LP"
1118417,386829000.0,"MODEL N, INC.",,,"MODEL N, INC."
33002,386650000.0,"ENNIS, INC.",EBF,"ENNIS, INC.","ENNIS, INC."
1035748,386501000.0,Callidus Software Inc.,,,Callidus Software Inc.
2042022,386315316.0,"WHITEFIBER,     INC.",WYFI,"WhiteFiber, Inc.","WhiteFiber, Inc."
1823365,386293000.0,"GENERATIONS BANCORP NY, INC.",GBNY,"Generations Bancorp NY, Inc.","Generations Bancorp NY, Inc."
1939433,385573000.0,"Cohen & Steers Income Opportunities REIT, Inc.",,,"Cohen & Steers Income Opportunities REIT, Inc."
750813,385171000.0,SEITEL INC,,,SEITEL INC
1623526,384508000.0,"Stoke Therapeutics, Inc.",STOK,"Stoke Therapeutics, Inc.","Stoke Therapeutics, Inc."
2178,384159000.0,"ADAMS RESOURCES & ENERGY, INC.",,,"ADAMS RESOURCES & ENERGY, INC."
1734517,384054000.0,"VIELA BIO, INC.",,,"VIELA BIO, INC."
1606180,383884000.0,"AAC Holdings, Inc.",,,"AAC Holdings, Inc."
1550453,383690783.0,"TriLinc Global Impact Fund, LLC",TRLC,TriLinc Global Impact Fund LLC,TriLinc Global Impact Fund LLC
1059562,383632000.0,LMI AEROSPACE INC,,,LMI AEROSPACE INC
1316317,383530000.0,CHINA TECHFAITH WIRELESS COMMUNICATION TECHNOLOGY LTD,,,CHINA TECHFAITH WIRELESS COMMUNICATION TECHNOLOGY LTD
1499807,383525000.0,"K2M GROUP HOLDINGS, INC.",,,"K2M GROUP HOLDINGS, INC."
1517006,383501000.0,"GATOS SILVER, INC.",,,"GATOS SILVER, INC."
928054,383215000.0,FLOTEK INDUSTRIES INC/CN,FTK,FLOTEK INDUSTRIES INC/CN/,FLOTEK INDUSTRIES INC/CN/
1832038,383167000.0,"Invivyd, Inc.",IVVD,"Invivyd, Inc.","Invivyd, Inc."
1528356,383092000.0,Genie Energy Ltd.,GNE,Genie Energy Ltd.,Genie Energy Ltd.
1510487,382736000.0,PRINCIPIA BIOPHARMA INC.,,,PRINCIPIA BIOPHARMA INC.
1044777,382542000.0,OneSpan Inc.,OSPN,OneSpan Inc.,OneSpan Inc.
1826600,382492000.0,"Montauk Renewables, Inc.",MNTK,"Montauk Renewables, Inc.","Montauk Renewables, Inc."
1649904,382481000.0,"RHYTHM PHARMACEUTICALS, INC.",RYTM,"RHYTHM PHARMACEUTICALS, INC.","RHYTHM PHARMACEUTICALS, INC."
1692144,382124126.0,Life Partners Position Holder Trust,,,Life Partners Position Holder Trust
1750284,382002000.0,"OLEMA PHARMACEUTICALS, INC.",OLMA,"Olema Pharmaceuticals, Inc.","Olema Pharmaceuticals, Inc."
896429,381858000.0,"Cantaloupe, Inc.",,,"Cantaloupe, Inc."
1699039,381700000.0,"RANGER ENERGY SERVICES, INC.",RNGR,"Ranger Energy Services, Inc.","Ranger Energy Services, Inc."
36840,381487000.0,"FIRST REAL ESTATE INVESTMENT TRUST OF NEW JERSEY, INC.",FREVS,"FIRST REAL ESTATE INVESTMENT TRUST OF NEW JERSEY, INC.","FIRST REAL ESTATE INVESTMENT TRUST OF NEW JERSEY, INC."
1901606,381232000.0,Golub Capital Direct Lending Unlevered Corporation,,,Golub Capital Direct Lending Unlevered Corporation
1413745,381190000.0,AIRNET TECHNOLOGY INC.,YDKG,Yueda Digital Holding,Yueda Digital Holding
1426332,380403000.0,NGM BIOPHARMACEUTICALS INC,,,NGM BIOPHARMACEUTICALS INC
1824153,380377205.0,Leo Holdings Corp. II,,,Leo Holdings Corp. II
1311605,379978000.0,KLONDEX MINES LTD,,,KLONDEX MINES LTD
1830081,379925966.0,Rumble Inc.,RUM,RUM Group Inc.,RUM Group Inc.
1487843,379711509.0,YANGTZE RIVER PORT AND LOGISTICS LIMITED,,,YANGTZE RIVER PORT AND LOGISTICS LIMITED
1806201,379631000.0,OPEN LENDING CORPORATION,,,OPEN LENDING CORPORATION
1275158,378519000.0,NOODLES & COMPANY,NDLS,NOODLES & Co,NOODLES & Co
1722438,378508000.0,"Doma Holdings, Inc.",,,"Doma Holdings, Inc."
1528061,378363000.0,COMMUNITY CHOICE FINANCIAL INC.,,,COMMUNITY CHOICE FINANCIAL INC.
357020,376627000.0,Xcerra Corporation,,,Xcerra Corporation
1071993,376514000.0,CONTANGO OIL & GAS CO,,,CONTANGO OIL & GAS CO
1604464,376420000.0,"ATARA BIOTHERAPEUTICS, INC.",ATRA,"Atara Biotherapeutics, Inc.","Atara Biotherapeutics, Inc."
1733294,376264000.0,GENERATION BIO CO.,,,GENERATION BIO CO.
1855474,376084893.0,POWER & DIGITAL INFRASTRUCTURE ACQUISITION II CORP.,AIRJW,AirJoule Technologies Corp.,AirJoule Technologies Corp.
1091491,375934000.0,HCSB FINANCIAL CORP,,,HCSB FINANCIAL CORP
1392091,375663000.0,"BLUEKNIGHT ENERGY PARTNERS, L.P.",,,"BLUEKNIGHT ENERGY PARTNERS, L.P."
1676667,374917000.0,"CAROLINA TRUST BANCSHARES, INC.",,,"CAROLINA TRUST BANCSHARES, INC."
1716583,374896000.0,Hyzon Motors Inc.,,,Hyzon Motors Inc.
1597659,374854000.0,HERMITAGE OFFSHORE SERVICES LTD.,,,HERMITAGE OFFSHORE SERVICES LTD.
1854149,374250258.0,Agriculture & Natural Solutions Acquisition Corporation,,,Agriculture & Natural Solutions Acquisition Corporation
1786835,374161456.0,Star Mountain Lower Middle-Market Capital Corp,,,Star Mountain Lower Middle-Market Capital Corp
1581552,374086909.0,"ENERGY 11, L.P.",,,"ENERGY 11, L.P."
1609351,373862795.0,"SPARK THERAPEUTICS, INC.",,,"SPARK THERAPEUTICS, INC."
1619856,373765000.0,"Caribou Biosciences, Inc.",CRBU,"Caribou Biosciences, Inc.","Caribou Biosciences, Inc."
879575,373300000.0,TERRA NITROGEN CO L P /DE,,,TERRA NITROGEN CO L P /DE
1101680,373161000.0,DZS INC.,,,DZS INC.
1235468,372435000.0,"Liquidity Services, Inc.",LQDT,LIQUIDITY SERVICES INC,LIQUIDITY SERVICES INC
1595585,371826000.0,"TRICIDA, INC.",,,"TRICIDA, INC."
1649173,371652384.0,BOULEVARD ACQUISITION CORP. II,,,BOULEVARD ACQUISITION CORP. II
1851194,371400000.0,"Ventyx Biosciences, Inc.",,,"Ventyx Biosciences, Inc."
1297341,371211000.0,KENTUCKY FIRST FEDERAL BANCORP,KFFB,Kentucky First Federal Bancorp,Kentucky First Federal Bancorp
1415301,370782000.0,"Del Frisco's Restaurant Group, Inc.",,,"Del Frisco's Restaurant Group, Inc."
1129260,370455000.0,"VOCERA COMMUNICATIONS, INC.",,,"VOCERA COMMUNICATIONS, INC."
1719489,370173000.0,"KALEYRA, INC.",,,"KALEYRA, INC."
1051627,370072000.0,AXT INC,AXTI,AXT INC,AXT INC
1305168,369281000.0,"ARC DOCUMENT SOLUTIONS, INC.",,,"ARC DOCUMENT SOLUTIONS, INC."
1708441,368781000.0,"Mynd.ai, Inc.",MYND,"Mynd.ai, Inc.","Mynd.ai, Inc."
1679363,368589000.0,"Morphic Holding, Inc.",,,"Morphic Holding, Inc."
931584,368399000.0,UNIVERSAL STAINLESS & ALLOY PRODUCTS INC,,,UNIVERSAL STAINLESS & ALLOY PRODUCTS INC
1403752,368205000.0,Zymeworks BC Inc.,,,Zymeworks BC Inc.
1100441,368031000.0,"RTI SURGICAL, INC.",,,"RTI SURGICAL, INC."
1760173,367955000.0,"SURGALIGN HOLDINGS, INC.",,,"SURGALIGN HOLDINGS, INC."
1744781,367786617.0,Niu Technologies,NIU,Niu Technologies,Niu Technologies
1355754,367500000.0,INSTRUCTURE INC,,,INSTRUCTURE INC
1836176,367147000.0,FATHOM DIGITAL MANUFACTURING CORPORATION,,,FATHOM DIGITAL MANUFACTURING CORPORATION
2031283,367024875.0,Stone Point Credit Income Fund,,,Stone Point Credit Income Fund
1879103,366605000.0,"CFSB Bancorp, Inc.",,,"CFSB Bancorp, Inc."
885462,365691353.0,"Gulf Resources, Inc.",GURE,"GULF RESOURCES, INC.","GULF RESOURCES, INC."
2021042,364483698.0,EQV Ventures Acquisition Corp.,,,EQV Ventures Acquisition Corp.
1808158,364075000.0,Repare Therapeutics Inc.,,,Repare Therapeutics Inc.
1481241,363800000.0,Performance Shipping Inc.,PSHG,Performance Shipping Inc.,Performance Shipping Inc.
1827821,363729000.0,"Forge Global Holdings, Inc.",,,"Forge Global Holdings, Inc."
1841408,363563000.0,Dave Inc./DE,DAVE,Dave Inc./DE,Dave Inc./DE
1529628,363403000.0,"SMART SAND, INC.",SND,"Smart Sand, Inc.","Smart Sand, Inc."
1158420,363277746.0,Green Giant Inc.,,,Green Giant Inc.
1556266,363097798.0,"BAIYU Holdings, Inc.",,,"BAIYU Holdings, Inc."
1326428,363083000.0,"ROAN RESOURCES, INC.",,,"ROAN RESOURCES, INC."
1449732,363036000.0,"WILLBROS GROUP, INC.NEW",,,"WILLBROS GROUP, INC.NEW"
1738758,362749000.0,GLORY STAR NEW MEDIA GROUP HOLDINGS LIMITED,CHR,"Cheer Holding, Inc.","Cheer Holding, Inc."
1429764,362542000.0,BLINK CHARGING CO.,BLNK,Blink Charging Co.,Blink Charging Co.
1065332,362359000.0,NIC Inc.,,,NIC Inc.
1579157,362302000.0,Vince Holding Corp.,VNCE,VINCE HOLDING CORP.,VINCE HOLDING CORP.
1986817,361967135.0,"Gores Holdings X, Inc. / CI",GTEN,"Gores Holdings X, Inc. / CI","Gores Holdings X, Inc. / CI"
2012964,361829319.0,AA Mission Acquisition Corp.,,,AA Mission Acquisition Corp.
1841137,361828816.0,CONYERS PARK III ACQUISITION CORP.,,,CONYERS PARK III ACQUISITION CORP.
1210618,361818000.0,"SPI Energy Co., Ltd.",,,"SPI Energy Co., Ltd."
20629,361361000.0,CSS INDUSTRIES INC,,,CSS INDUSTRIES INC
1823584,361228000.0,ALLIANCE ENTERTAINMENT HOLDING CORPORATION,AENT,ALLIANCE ENTERTAINMENT HOLDING CORP,ALLIANCE ENTERTAINMENT HOLDING CORP
1805077,360995000.0,"EOS ENERGY ENTERPRISES, INC.",EOSE,"Eos Energy Enterprises, Inc.","Eos Energy Enterprises, Inc."
1592560,360829000.0,TCTM KIDS IT EDUCATION INC.,VSA,VisionSys AI Inc,VisionSys AI Inc
1894562,360314000.0,"PRIME MEDICINE, INC.",PRME,"Prime Medicine, Inc.","Prime Medicine, Inc."
1013606,359684000.0,ENDOLOGIX INC /DE/,,,ENDOLOGIX INC /DE/
1826457,359586000.0,"Monte Rosa Therapeutics, Inc.",GLUE,"Monte Rosa Therapeutics, Inc.","Monte Rosa Therapeutics, Inc."
1304492,359577000.0,Anterix Inc.,ATEX,Anterix Inc.,Anterix Inc.
1858351,359472960.0,Iconic Sports Acquisition Corp.,,,Iconic Sports Acquisition Corp.
1500881,359379000.0,ENCORE ENERGY CORP.,EU,enCore Energy Corp.,enCore Energy Corp.
1503802,358172000.0,Karyopharm Therapeutics Inc.,KPTI,Karyopharm Therapeutics Inc.,Karyopharm Therapeutics Inc.
1727196,358168000.0,SCHOLAR ROCK HOLDING CORP,SRRK,Scholar Rock Holding Corp,Scholar Rock Holding Corp
1857410,358045355.0,Investcorp Europe Acquisition Corp I,,,Investcorp Europe Acquisition Corp I
1880441,357665227.0,BATTERY FUTURE ACQUISITION CORP.,,,BATTERY FUTURE ACQUISITION CORP.
907654,357418000.0,"Oruka Therapeutics, Inc.",ORKA,"Oruka Therapeutics, Inc.","Oruka Therapeutics, Inc."
1860871,357138356.0,Tevogen Bio Holdings Inc.,TVGN,Tevogen Inc.,Tevogen Inc.
1851961,357042835.0,Concord Acquisition Corp III,GCTS,"GCT Semiconductor Holding, Inc.","GCT Semiconductor Holding, Inc."
1789029,356632000.0,"AEVA TECHNOLOGIES, INC.",AEVA,"Aeva Technologies, Inc.","Aeva Technologies, Inc."
1802255,356334000.0,"Guardian Pharmacy Services, Inc.",GRDN,"Guardian Pharmacy Services, Inc.","Guardian Pharmacy Services, Inc."
1661059,356168000.0,"NextCure, Inc.",NXTC,"NextCure, Inc.","NextCure, Inc."
1516479,356136000.0,"INSYS THERAPEUTICS, INC.",,,"INSYS THERAPEUTICS, INC."
1730346,355756000.0,"CHARAH SOLUTIONS, INC.",,,"CHARAH SOLUTIONS, INC."
910679,355248000.0,WVS Financial Corp.,,,WVS Financial Corp.
1840161,354809179.0,FOREST ROAD ACQUISITION CORP. II,,,FOREST ROAD ACQUISITION CORP. II
1640266,354760000.0,"Voyager Therapeutics, Inc.",VYGR,"Voyager Therapeutics, Inc.","Voyager Therapeutics, Inc."
867665,354631000.0,ABRAXAS PETROLEUM CORP,,,ABRAXAS PETROLEUM CORP
1885754,354506979.0,MOTIVE CAPITAL CORP II,,,MOTIVE CAPITAL CORP II
1985273,353623350.0,"TOYO Co., Ltd",TOYO,"TOYO Co., Ltd","TOYO Co., Ltd"
1401708,353412000.0,"NS Wind Down Co., Inc.",,,"NS Wind Down Co., Inc."
1729756,352557952.0,FINTECH ACQUISITION CORP. III,,,FINTECH ACQUISITION CORP. III
2036042,352048000.0,"SIONNA THERAPEUTICS, INC.",SION,"Sionna Therapeutics, Inc.","Sionna Therapeutics, Inc."
1823878,352009000.0,"PLAYSTUDIOS, Inc.",MYPS,"PLAYSTUDIOS, Inc.","PLAYSTUDIOS, Inc."
1661460,351837000.0,"Poseida Therapeutics, Inc.",,,"Poseida Therapeutics, Inc."
1898795,351805000.0,"LiveWire Group, Inc.",LVWR,"LiveWire Group, Inc.","LiveWire Group, Inc."
796505,351797000.0,"Clearfield, Inc.",CLFD,"Clearfield, Inc.","Clearfield, Inc."
883945,350710000.0,USA TRUCK INC.,,,USA TRUCK INC.
1849408,350683713.0,ZIMMER ENERGY TRANSITION ACQUISITION CORP.,,,ZIMMER ENERGY TRANSITION ACQUISITION CORP.
1836274,350656275.0,ATLANTIC COASTAL ACQUISITION CORP.,,,ATLANTIC COASTAL ACQUISITION CORP.
1850502,350642439.0,Enphys Acquisition Corp.,,,Enphys Acquisition Corp.
1848731,350628568.0,Glass House Brands Inc.,GLAS,Glass House Brands Inc.,Glass House Brands Inc.
1746473,350613000.0,"PLIANT THERAPEUTICS, INC.",PLRX,"PLIANT THERAPEUTICS, INC.","PLIANT THERAPEUTICS, INC."
1662991,350552000.0,SEZZLE INC.,SEZL,Sezzle Inc.,Sezzle Inc.
1843716,350536227.0,Post Holdings Partnering Corporation,,,Post Holdings Partnering Corporation
1847112,350491959.0,TortoiseEcofin Acquisition Corp. III,,,TortoiseEcofin Acquisition Corp. III
1841610,350404066.0,Ross Acquisition Corp II,,,Ross Acquisition Corp II
1841873,350187282.0,Khosla Ventures Acquisition Co.,,,Khosla Ventures Acquisition Co.
1808805,350052000.0,"NAUTILUS BIOTECHNOLOGY, INC.",NAUT,"Nautilus Biotechnology, Inc.","Nautilus Biotechnology, Inc."
1597313,350019000.0,"ViewRay, Inc.",,,"ViewRay, Inc."
1835881,349930273.0,Tailwind International Acquisition Corp.,,,Tailwind International Acquisition Corp.
1819498,349853466.0,TWELVE SEAS INVESTMENT COMPANY II,,,TWELVE SEAS INVESTMENT COMPANY II
898437,349128000.0,"Anika Therapeutics, Inc.",ANIK,"Anika Therapeutics, Inc.","Anika Therapeutics, Inc."
1846163,348982359.0,TIO TECH A,,,TIO TECH A
855654,348936000.0,"ImmunoGen, Inc.",,,"ImmunoGen, Inc."
1705338,348871000.0,Spark Networks SE,,,Spark Networks SE
1609809,348784000.0,"SERES THERAPEUTICS, INC.",MCRB,"Seres Therapeutics, Inc.","Seres Therapeutics, Inc."
1847891,348536442.0,ACROPOLIS INFRASTRUCTURE ACQUISITION CORP.,,,ACROPOLIS INFRASTRUCTURE ACQUISITION CORP.
1055726,348533302.0,"Inovio Pharmaceuticals, Inc.",INO,"INOVIO PHARMACEUTICALS, INC.","INOVIO PHARMACEUTICALS, INC."
1787791,348446377.0,"Juniper Industrial Holdings, Inc.",,,"Juniper Industrial Holdings, Inc."
1769318,348389695.0,"Thunder Bridge Acquisition II, LTD",,,"Thunder Bridge Acquisition II, LTD"
1932737,347272000.0,NWTN Inc.,AIIO,ROBO.AI INC.,ROBO.AI INC.
1434868,347085000.0,"Esperion Therapeutics, Inc.",,,"Esperion Therapeutics, Inc."
2012139,346971000.0,Fortress Private Lending Fund,,,Fortress Private Lending Fund
1796280,346857000.0,"ORIC Pharmaceuticals, Inc.",ORIC,"Oric Pharmaceuticals, Inc.","Oric Pharmaceuticals, Inc."
1705843,346198000.0,"Cibus, Inc.",CBUS,"Cibus, Inc.","Cibus, Inc."
1816613,345941000.0,Markforged Holding Corporation,,,Markforged Holding Corporation
720858,345824000.0,INVESTORS TITLE CO,ITIC,INVESTORS TITLE CO,INVESTORS TITLE CO
1901037,345800563.0,Stellus Private Credit BDC,,,Stellus Private Credit BDC
1842937,345562000.0,HENNESSY CAPITAL INVESTMENT CORP. VI,,,HENNESSY CAPITAL INVESTMENT CORP. VI
1848364,345498604.0,Logistics Innovation Technologies Corp.,,,Logistics Innovation Technologies Corp.
724742,345324000.0,TRINITY PLACE HOLDINGS INC.,TPHS,Trinity Place Holdings Inc.,Trinity Place Holdings Inc.
1360214,345033000.0,"HARROW, INC.",HROW,"HARROW, INC.","HARROW, INC."
1783875,344732000.0,4FRONT VENTURES CORP.,,,4FRONT VENTURES CORP.
1867096,344522000.0,"XERIS BIOPHARMA HOLDINGS, INC.",XERS,"Xeris Biopharma Holdings, Inc.","Xeris Biopharma Holdings, Inc."
1022705,344279000.0,TESCO CORP,,,TESCO CORP
1689813,344264000.0,Biohaven Pharmaceutical Holding Company Ltd.,,,Biohaven Pharmaceutical Holding Company Ltd.
1805385,344249000.0,"EVOLV TECHNOLOGIES HOLDINGS, INC.",EVLV,"Evolv Technologies Holdings, Inc.","Evolv Technologies Holdings, Inc."
1275229,344227000.0,"GENERAL MOLY, INC",,,"GENERAL MOLY, INC"
1799290,344165084.0,Ebang International Holdings Inc.,EBON,Ebang International Holdings Inc.,Ebang International Holdings Inc.
1882607,344081483.0,"ALPINE SUMMIT ENERGY PARTNERS, INC.",,,"ALPINE SUMMIT ENERGY PARTNERS, INC."
1667633,343593000.0,"Forty Seven, Inc.",,,"Forty Seven, Inc."
56868,343026000.0,PrimeEnergy Resources Corporation,PNRG,PRIMEENERGY RESOURCES CORP,PRIMEENERGY RESOURCES CORP
1606163,342980000.0,"LIMBACH HOLDINGS, INC.",LMB,"Limbach Holdings, Inc.","Limbach Holdings, Inc."
2007596,342849000.0,"TWFG, Inc.",TWFG,"TWFG, Inc.","TWFG, Inc."
1403853,342604000.0,"Nuverra Environmental Solutions, Inc.",,,"Nuverra Environmental Solutions, Inc."
899394,342507000.0,"HARBOR DIVERSIFIED, INC.",,,"HARBOR DIVERSIFIED, INC."
1052595,341899000.0,RED LION HOTELS CORP,,,RED LION HOTELS CORP
719866,341571000.0,ARCTIC CAT INC,,,ARCTIC CAT INC
1819584,341312000.0,Volta Inc.,,,Volta Inc.
1501989,341282000.0,"CytomX Therapeutics, Inc.",CTMX,"CytomX Therapeutics, Inc.","CytomX Therapeutics, Inc."
1807120,341137000.0,"Design Therapeutics, Inc.",DSGN,"Design Therapeutics, Inc.","Design Therapeutics, Inc."
1428522,340282000.0,"RADIUS HEALTH, INC.",,,"RADIUS HEALTH, INC."
2050260,340222000.0,"TPG Private Equity Opportunities, L.P.",,,"TPG Private Equity Opportunities, L.P."
1842916,340189913.0,Forum Merger IV Corp,,,Forum Merger IV Corp
1426800,339907000.0,"ASSEMBLY BIOSCIENCES, INC.",ASMB,"ASSEMBLY BIOSCIENCES, INC.","ASSEMBLY BIOSCIENCES, INC."
1770141,339804000.0,"UpHealth, Inc.",,,"UpHealth, Inc."
906780,339758000.0,EMPIRE RESORTS INC,,,EMPIRE RESORTS INC
1975218,339757354.0,NABORS ENERGY TRANSITION CORP. II,,,NABORS ENERGY TRANSITION CORP. II
1320854,339255000.0,"FREIGHTCAR AMERICA, INC",RAIL,"FreightCar America, Inc.","FreightCar America, Inc."
1337117,339235000.0,ITURAN LOCATION AND CONTROL LTD.,ITRN,Ituran Location & Control Ltd.,Ituran Location & Control Ltd.
1094392,338699000.0,RUDOLPH TECHNOLOGIES INC,,,RUDOLPH TECHNOLOGIES INC
1396279,338290000.0,"HHGREGG, INC.",,,"HHGREGG, INC."
1000045,337841000.0,OLD MARKET CAPITAL CORPORATION,OMCC,OLD MARKET CAPITAL Corp,OLD MARKET CAPITAL Corp
1891027,337004000.0,"MNTN, Inc.",MNTN,"MNTN, Inc.","MNTN, Inc."
1693415,336201000.0,"Translate Bio, Inc.",,,"Translate Bio, Inc."
1468327,336200000.0,"RENT THE RUNWAY, INC.",RENT,"Rent the Runway, Inc.","Rent the Runway, Inc."
1933414,335724000.0,"MINERALYS THERAPEUTICS, INC.",MLYS,"Mineralys Therapeutics, Inc.","Mineralys Therapeutics, Inc."
1804583,335367000.0,Cloopen     Group Holding Limited,RAASY,Cloopen Group Holding Ltd,Cloopen Group Holding Ltd
1819974,334693000.0,"SkyWater Technology, Inc.",,,"SkyWater Technology, Inc."
1775734,334506000.0,Beneficient,BENF,Beneficient,Beneficient
1442836,334340000.0,"Mersana Therapeutics, Inc.",,,"Mersana Therapeutics, Inc."
1532288,334155000.0,"Armstrong Energy, Inc.",,,"Armstrong Energy, Inc."
1806310,333331000.0,"Taysha Gene Therapies, Inc.",TSHA,"Taysha Gene Therapies, Inc.","Taysha Gene Therapies, Inc."
1117171,333094266.0,"CBAK ENERGY TECHNOLOGY, INC.",,,"CBAK ENERGY TECHNOLOGY, INC."
1078207,333066000.0,BOWFLEX INC.,,,BOWFLEX INC.
1452751,333020000.0,Nimble Storage Inc,,,Nimble Storage Inc
1850787,332899000.0,"Kayne DL 2021, Inc.",,,"Kayne DL 2021, Inc."
1195734,332879000.0,Potbelly Corporation,,,Potbelly Corporation
1484565,332306000.0,SOLENO THERAPEUTICS INC,,,SOLENO THERAPEUTICS INC
1843162,331750419.0,SILVER SPIKE INVESTMENT CORP.,LIEN,"Chicago Atlantic BDC, Inc.","Chicago Atlantic BDC, Inc."
1576169,331683000.0,"BENEFITFOCUS, INC.",,,"BENEFITFOCUS, INC."
1800392,330813625.0,MicroAlgo Inc.,MLGO,MicroAlgo Inc.,MicroAlgo Inc.
1772757,330725000.0,DRAFTKINGS INC.,,,DRAFTKINGS INC.
1720580,330690000.0,"Adicet Bio, Inc",ACET,"Adicet Bio, Inc.","Adicet Bio, Inc."
18172,330326000.0,A. M. CASTLE & CO.,,,A. M. CASTLE & CO.
1781753,330012000.0,"Youdao, Inc.",DAO,"Youdao, Inc.","Youdao, Inc."
1674632,329971000.0,"Beta Bionics, Inc.",BBNX,"Beta Bionics, Inc.","Beta Bionics, Inc."
1825473,329802135.0,PROSPECTOR CAPITAL CORP.,,,PROSPECTOR CAPITAL CORP.
1688757,329668000.0,Establishment Labs Holdings Inc.,ESTA,ESTABLISHMENT LABS HOLDINGS INC.,ESTABLISHMENT LABS HOLDINGS INC.
1124796,329233000.0,"NLIGHT, INC.",LASR,"NLIGHT, INC.","NLIGHT, INC."
1621227,328916000.0,ADAPTIMMUNE THERAPEUTICS PLC,ADAPY,Adaptimmune Therapeutics PLC,Adaptimmune Therapeutics PLC
1399935,328608000.0,FRANCESCA'S HOLDINGS CORP,,,FRANCESCA'S HOLDINGS CORP
1119769,328385000.0,CERAGON NETWORKS LTD.,CRNT,CERAGON NETWORKS LTD,CERAGON NETWORKS LTD
1259429,327994435.0,OXFORD SQUARE CAPITAL CORP.,OXSQ,Oxford Square Capital Corp.,Oxford Square Capital Corp.
1850906,327975000.0,"Singular Genomics Systems, Inc.",,,"Singular Genomics Systems, Inc."
1383084,327696688.0,INVESCO DB BASE METALS FUND,DBB,INVESCO DB BASE METALS FUND,INVESCO DB BASE METALS FUND
1302028,326954000.0,"MANITEX INTERNATIONAL, INC.",,,"MANITEX INTERNATIONAL, INC."
1388133,326954000.0,ShoreTel Inc,,,ShoreTel Inc
1692427,326827000.0,"NCS Multistage Holdings, Inc.",NCSM,"NCS Multistage Holdings, Inc.","NCS Multistage Holdings, Inc."
106532,326620000.0,WEYCO GROUP INC,WEYS,WEYCO GROUP INC,WEYCO GROUP INC
1941131,326259921.0,Toro Corp.,TORO,TORO CORP.,TORO CORP.
1839998,326228000.0,"American Oncology Network, Inc.",,,"American Oncology Network, Inc."
1690585,326076000.0,"Dianthus Therapeutics, Inc.",DNTH,"Dianthus Therapeutics, Inc. /DE/","Dianthus Therapeutics, Inc. /DE/"
1648955,325859105.0,Capitol Acquisition Corp. III,,,Capitol Acquisition Corp. III
1172358,325632000.0,"DORCHESTER MINERALS, L.P.",DMLP,"DORCHESTER MINERALS, L.P.","DORCHESTER MINERALS, L.P."
1330421,325193000.0,BAZAARVOICE INC,,,BAZAARVOICE INC
1779128,325025000.0,"BLADE AIR MOBILITY, INC.",SRTA,"Strata Critical Medical, Inc.","Strata Critical Medical, Inc."
1825367,324776000.0,"RayzeBio, Inc.",,,"RayzeBio, Inc."
1069533,324757993.0,"RGC RESOURCES, INC.",RGCO,RGC RESOURCES INC,RGC RESOURCES INC
1840317,324041674.0,PLUM ACQUISITION CORP. I,VEEA,VEEA INC.,VEEA INC.
1735438,323887646.0,MEIRAGTX HOLDINGS PLC,MGTX,MeiraGTx Holdings plc,MeiraGTx Holdings plc
1086434,323831000.0,AUDIOCODES LTD,AUDC,AUDIOCODES LTD,AUDIOCODES LTD
753568,323511000.0,EXAR CORPORATION,,,EXAR CORPORATION
1667939,323310000.0,"FSB BANCORP, INC.",,,"FSB BANCORP, INC."
1517401,323002000.0,PEAK RESORTS INC,,,PEAK RESORTS INC
1622879,322882733.0,"Medicine Man Technologies, Inc.",,,"Medicine Man Technologies, Inc."
1036188,322804000.0,QAD Inc.,,,QAD Inc.
1031623,322408000.0,"Gulf Island Fabrication, Inc.",,,"Gulf Island Fabrication, Inc."
1709941,322148000.0,"BIOAGE LABS, INC.",BIOA,"BioAge Labs, Inc.","BioAge Labs, Inc."
1815776,321902000.0,"GRAPHITE BIO, INC.",LENZ,"LENZ Therapeutics, Inc.","LENZ Therapeutics, Inc."
1816581,321840000.0,"Ouster, Inc.",OUST,"Ouster, Inc.","Ouster, Inc."
1697818,321516000.0,iClick Interactive Asia Group Ltd,AMBR,Amber International Holding Ltd,Amber International Holding Ltd
1863127,321499000.0,"TYRA BIOSCIENCES, INC.",TYRA,"Tyra Biosciences, Inc.","Tyra Biosciences, Inc."
1843205,321268748.0,Jaws Hurricane Acquisition Corp,,,Jaws Hurricane Acquisition Corp
1837248,321059910.0,Sustainable Development Acquisition I Corp.,,,Sustainable Development Acquisition I Corp.
1672688,321008000.0,ABSCI CORP,ABSI,Absci Corp,Absci Corp
1758021,320963000.0,Karat Packaging Inc.,KRT,Karat Packaging Inc.,Karat Packaging Inc.
2045458,320468976.0,Stonepeak-Plus Infrastructure Fund LP,,,Stonepeak-Plus Infrastructure Fund LP
1831363,320415000.0,"Terns Pharmaceuticals, Inc.",,,"Terns Pharmaceuticals, Inc."
1831283,319960000.0,LianBio,LIANY,LianBio,LianBio
1962918,319923000.0,"ACELYRIN, INC.",,,"ACELYRIN, INC."
1324189,319880000.0,Orchids Paper Products CO /DE,,,Orchids Paper Products CO /DE
1484949,319318759.0,"JACKSONVILLE BANCORP, INC.",,,"JACKSONVILLE BANCORP, INC."
1691507,319294000.0,"Community First Bancshares, Inc.",,,"Community First Bancshares, Inc."
1542299,318632000.0,"Georgetown Bancorp, Inc.",,,"Georgetown Bancorp, Inc."
1728205,318546000.0,Piedmont Lithium Inc.,,,Piedmont Lithium Inc.
1753539,318245958.0,BLACKSKY TECHNOLOGY INC,BKSY,BlackSky Technology Inc.,BlackSky Technology Inc.
1113809,318238000.0,"Build-A-Bear Workshop, Inc.",BBW,BUILD-A-BEAR WORKSHOP INC,BUILD-A-BEAR WORKSHOP INC
1767258,318071000.0,"XPEL, INC.",XPEL,"XPEL, Inc.","XPEL, Inc."
925528,317853000.0,HUDSON TECHNOLOGIES INC /NY,HDSN,HUDSON TECHNOLOGIES INC /NY,HUDSON TECHNOLOGIES INC /NY
1474439,317544000.0,"TELENAV, INC.",,,"TELENAV, INC."
1888012,317211000.0,"HILLEVAX, INC.",,,"HILLEVAX, INC."
1333170,317207000.0,"NxStage Medical, Inc.",,,"NxStage Medical, Inc."
1460329,317093000.0,"FLUENT, INC.",FLNT,"Fluent, Inc.","Fluent, Inc."
1826000,316662000.0,"Latch, Inc.",LTCH,"Latch, Inc.","Latch, Inc."
910329,316213000.0,"Medifast, Inc.",MED,MEDIFAST INC,MEDIFAST INC
1930313,315299257.0,"PONO CAPITAL TWO, INC.",SBC,SBC Medical Group Holdings Inc,SBC Medical Group Holdings Inc
1784254,315150000.0,MEDIACO HOLDING INC.,MDIA,Mediaco Holding Inc.,Mediaco Holding Inc.
1834032,314588465.0,CONSTELLATION ACQUISITION CORP I,CSTAF,Constellation Acquisition Corp I,Constellation Acquisition Corp I
1838163,314188855.0,BRAND ENGAGEMENT NETWORK INC.,BNAI,Brand Engagement Network Inc.,Brand Engagement Network Inc.
1821534,313706000.0,"Exodus Movement, Inc.",EXOD,"Exodus Movement, Inc.","Exodus Movement, Inc."
1671858,313472000.0,"ARS Pharmaceuticals, Inc.",SPRY,"ARS Pharmaceuticals, Inc.","ARS Pharmaceuticals, Inc."
866609,313216000.0,ION Geophysical Corporation,,,ION Geophysical Corporation
1434842,312881000.0,Forbes Energy Services Ltd.,,,Forbes Energy Services Ltd.
1823652,312875000.0,"EVE HOLDING, INC.",EVEX,"Eve Holding, Inc.","Eve Holding, Inc."
880460,312800000.0,"Perfumania Holdings, Inc.",,,"Perfumania Holdings, Inc."
868725,312717000.0,"RENTECH, INC.",,,"RENTECH, INC."
1557883,312601000.0,"Dermira, Inc.",,,"Dermira, Inc."
1125345,312501000.0,"MACROGENICS, INC.",MGNX,MACROGENICS INC,MACROGENICS INC
1745032,312385762.0,"LODGING FUND REIT III, INC.",,,"LODGING FUND REIT III, INC."
1502292,312350000.0,Conifer Holdings Inc.,PRHI,"Presurance Holdings, Inc.","Presurance Holdings, Inc."
1244937,312302000.0,ENERNOC INC,,,ENERNOC INC
1759008,311657995.0,"CARLOTZ, INC.",,,"CARLOTZ, INC."
315374,311510000.0,"Hurco Companies, Inc.",HURC,HURCO COMPANIES INC,HURCO COMPANIES INC
1180145,311506000.0,"CARDIOVASCULAR SYSTEMS, INC.",,,"CARDIOVASCULAR SYSTEMS, INC."
1860879,311080023.0,Rigel Resource Acquisition Corp,,,Rigel Resource Acquisition Corp
1870925,310979805.0,Enterprise 4.0 Technology Acquisition Corp.,,,Enterprise 4.0 Technology Acquisition Corp.
1856696,310974802.0,Ahren Acquisition Corp.,,,Ahren Acquisition Corp.
1873441,310902625.0,BLOCKCHAIN COINVESTORS ACQUISITION CORP. I,,,BLOCKCHAIN COINVESTORS ACQUISITION CORP. I
728387,310725000.0,"Perspective Therapeutics, Inc.",CATX,"Perspective Therapeutics, Inc.","Perspective Therapeutics, Inc."
1661998,310567000.0,Q32 Bio Inc.,QTTB,Q32 Bio Inc.,Q32 Bio Inc.
1893219,310560681.0,Atlantic Coastal Acquisition Corp. II,ABPO,"Abpro Holdings, Inc.","Abpro Holdings, Inc."
1838814,310462121.0,JUNIPER II CORP.,,,JUNIPER II CORP.
1024126,310441000.0,"PERNIX THERAPEUTICS HOLDINGS, INC.",,,"PERNIX THERAPEUTICS HOLDINGS, INC."
1885461,310398693.0,ShoulderUp Technology Acquisition Corp.,,,ShoulderUp Technology Acquisition Corp.
1393883,310095000.0,"DHI Group, Inc.",DHX,"DHI GROUP, INC.","DHI GROUP, INC."
76267,310044000.0,PARK AEROSPACE CORP.,PKE,PARK AEROSPACE CORP,PARK AEROSPACE CORP
103872,309979000.0,"VOLT INFORMATION SCIENCES, INC.",,,"VOLT INFORMATION SCIENCES, INC."
1300699,309932000.0,"ATHENEX, INC.",,,"ATHENEX, INC."
1832950,309369883.0,"KERNEL GROUP HOLDINGS, INC",,,"KERNEL GROUP HOLDINGS, INC"
1111485,309009000.0,"RxSight, Inc.",RXST,"RxSight, Inc.","RxSight, Inc."
1848948,308854832.0,10X CAPITAL VENTURE ACQUISITION CORP. III,,,10X CAPITAL VENTURE ACQUISITION CORP. III
1173489,308442000.0,"CEVA, INC.",CEVA,CEVA INC,CEVA INC
1501756,308372000.0,"Adverum Biotechnologies, Inc.",,,"Adverum Biotechnologies, Inc."
1707502,308292000.0,Solid Biosciences Inc.,SLDB,Solid Biosciences Inc.,Solid Biosciences Inc.
1105472,308059000.0,SONUS NETWORKS INC,,,SONUS NETWORKS INC
795212,307810000.0,Kaspien Holdings Inc.,,,Kaspien Holdings Inc.
1983514,307660000.0,LGAM Private Credit LLC,,,LGAM Private Credit LLC
1411690,307502000.0,"Bionano Genomics, Inc.",BNGO,"Bionano Genomics, Inc.","Bionano Genomics, Inc."
1856589,307472200.0,M3-BRIGADE ACQUISITION III CORP.,,,M3-BRIGADE ACQUISITION III CORP.
1903870,307164000.0,FORAFRIC GLOBAL PLC,AFRI,Forafric Global PLC,Forafric Global PLC
65312,307028000.0,"EVI Industries, Inc.",EVI,"EVI INDUSTRIES, INC.","EVI INDUSTRIES, INC."
1490349,306810232.0,PHENIXFIN CORPORATION,PFX,PhenixFIN Corp,PhenixFIN Corp
1616291,306503589.0,Jupai Holdings Limited,,,Jupai Holdings Limited
1810182,306489000.0,ALX ONCOLOGY HOLDINGS INC,ALXO,ALX ONCOLOGY HOLDINGS INC,ALX ONCOLOGY HOLDINGS INC
1310114,306090000.0,"Concentrix SREV, Inc.",,,"Concentrix SREV, Inc."
1941536,305979000.0,"BRIDGER AEROSPACE GROUP HOLDINGS, INC.",BAER,"Bridger Aerospace Group Holdings, Inc.","Bridger Aerospace Group Holdings, Inc."
881524,305776000.0,VIVUS INC,,,VIVUS INC
1840904,305441000.0,ATAI Life Sciences N.V.,,,ATAI Life Sciences N.V.
1409916,305435000.0,NOBILIS HEALTH CORP.,,,NOBILIS HEALTH CORP.
2048948,305117828.0,New Providence Acquisition Corp. III/Cayman,NPAC,New Providence Acquisition Corp. III/Cayman,New Providence Acquisition Corp. III/Cayman
1831979,304784000.0,GLOBAL PARTNER ACQUISITION CORP II,SDST,Stardust Power Inc.,Stardust Power Inc.
1382911,304589000.0,"Orexigen Therapeutics, Inc.",,,"Orexigen Therapeutics, Inc."
896841,304293000.0,"AVID TECHNOLOGY, INC.",,,"AVID TECHNOLOGY, INC."
1589094,304188000.0,"RIGHTSIDE GROUP, LTD.",,,"RIGHTSIDE GROUP, LTD."
1834336,304153886.0,FinServ Acquisition Corp. II,,,FinServ Acquisition Corp. II
1838293,304140870.0,CATCHA INVESTMENT CORP,,,CATCHA INVESTMENT CORP
1842295,303519000.0,"MAZE THERAPEUTICS, INC.",MAZE,"Maze Therapeutics, Inc.","Maze Therapeutics, Inc."
1643154,303467000.0,"IANTHUS CAPITAL HOLDINGS, INC.",ITHUF,"iANTHUS CAPITAL HOLDINGS, INC.","iANTHUS CAPITAL HOLDINGS, INC."
1834526,303423881.0,GP-Act III Acquisition Corp.,GPAT,GP-Act III Acquisition Corp.,GP-Act III Acquisition Corp.
1826669,303273119.0,GX ACQUISITION CORP. II,,,GX ACQUISITION CORP. II
2055459,303255804.0,REPUBLIC DIGITAL ACQUISITION COMPANY,RDAG,Republic Digital Acquisition Co,Republic Digital Acquisition Co
2006291,303150506.0,Churchill Capital Corp IX/Cayman,,,Churchill Capital Corp IX/Cayman
1611115,302971000.0,"Omada Health, Inc.",OMDA,"Omada Health, Inc.","Omada Health, Inc."
2033122,302746091.0,BERTO ACQUISITION CORP.,TACO,Berto Acquisition Corp.,Berto Acquisition Corp.
2057043,302730914.0,WEN ACQUISITION CORP,WENN,WEN Acquisition Corp,WEN Acquisition Corp
1477200,302701000.0,Rocket Fuel Inc.,,,Rocket Fuel Inc.
2010930,302617303.0,CENTURION ACQUISITION CORP.,ALFUU,Centurion Acquisition Corp.,Centurion Acquisition Corp.
783005,302067000.0,EMMIS COMMUNICATIONS CORP,,,EMMIS COMMUNICATIONS CORP
1484778,301948000.0,ThredUp Inc.,TDUP,ThredUp Inc.,ThredUp Inc.
2016072,301869159.0,M3-BRIGADE ACQUISITION V CORP.,VLOS,Velos Acquisition I Corp.,Velos Acquisition I Corp.
1785041,301832445.0,CHP MERGER CORP.,,,CHP MERGER CORP.
7039,301819000.0,Trecora Resources,,,Trecora Resources
943184,301671000.0,"EVER-GLORY INTERNATIONAL GROUP, INC.",,,"EVER-GLORY INTERNATIONAL GROUP, INC."
1751700,301537266.0,"TEB Bancorp, Inc.",,,"TEB Bancorp, Inc."
1093082,301500000.0,"HUTTIG BUILDING PRODUCTS, INC.",,,"HUTTIG BUILDING PRODUCTS, INC."
1314102,301147000.0,"EyePoint Pharmaceuticals, Inc.",EYPT,"EyePoint, Inc.","EyePoint, Inc."
1622229,300810000.0,"COGENT BIOSCIENCES, INC.",COGT,"Cogent Biosciences, Inc.","Cogent Biosciences, Inc."
1675192,300531696.0,Ottawa Bancorp Inc,,,Ottawa Bancorp Inc
55234,300499198.0,KENILWORTH SYSTEMS CORPORATION,GAMG,"Global Asset Management Group, Inc.","Global Asset Management Group, Inc."
1431372,300204000.0,GASTAR EXPLORATION INC.,,,GASTAR EXPLORATION INC.
1847345,300182005.0,PowerUp Acquisition Corp.,ASBP,"Aspire Biopharma Holdings, Inc.","Aspire Biopharma Holdings, Inc."
1638290,299757000.0,"MasterCraft Boat Holdings, Inc.",MCFT,"MasterCraft Boat Holdings, Inc.","MasterCraft Boat Holdings, Inc."
1089907,299621000.0,SWK HOLDINGS CORPORATION,SWKHL,SWK Holdings Corp,SWK Holdings Corp
1645666,299568000.0,"Kezar Life Sciences, Inc.",,,"Kezar Life Sciences, Inc."
1817229,299366000.0,VOR BIOPHARMA INC.,VOR,Vor Biopharma Inc.,Vor Biopharma Inc.
785557,299341000.0,DLH Holdings Corp.,DLHC,DLH Holdings Corp.,DLH Holdings Corp.
1517496,299134000.0,BIT Mining Limited,SLAIY,SOLAI Ltd,SOLAI Ltd
1610682,299115000.0,USD Partners LP,,,USD Partners LP
2072421,299060000.0,"Seneca Bancorp, Inc.",SNNF,"Seneca Bancorp, Inc.","Seneca Bancorp, Inc."
1856242,298948558.0,C5 Acquisition Corporation,,,C5 Acquisition Corporation
1631650,298789000.0,"AIMMUNE THERAPEUTICS, INC.",,,"AIMMUNE THERAPEUTICS, INC."
33488,298718000.0,ESCALADE INC,ESCA,ESCALADE INC,ESCALADE INC
1923840,298675000.0,"THIRD HARMONIC BIO, INC.",,,"THIRD HARMONIC BIO, INC."
1845368,298599516.0,HCM ACQUISITION CORP,,,HCM ACQUISITION CORP
1783328,298561000.0,"TScan Therapeutics, Inc.",TCRX,"TScan Therapeutics, Inc.","TScan Therapeutics, Inc."
1862490,298275000.0,Tritium DCFC Limited,,,Tritium DCFC Limited
86264,298254000.0,Carbon Energy Corp,,,Carbon Energy Corp
1894057,298145947.0,PAPAYA GROWTH OPPORTUNITY CORP. I,,,PAPAYA GROWTH OPPORTUNITY CORP. I
1436975,297873000.0,"Lightstone Value Plus REIT II, Inc.",,,"Lightstone Value Plus REIT II, Inc."
313716,297550000.0,HARDINGE INC,,,HARDINGE INC
1404644,297316000.0,Neurogene Inc.,NGNE,Neurogene Inc.,Neurogene Inc.
1858684,297057720.0,ST Energy Transition I Ltd.,,,ST Energy Transition I Ltd.
1863218,296437000.0,Shengfeng Development Limited,SFWL,SHENGFENG DEVELOPMENT Ltd,SHENGFENG DEVELOPMENT Ltd
1472012,296290000.0,"IMMUNOME, INC.",IMNM,Immunome Inc.,Immunome Inc.
1841338,296178212.0,"CIIG CAPITAL PARTNERS II, INC.",,,"CIIG CAPITAL PARTNERS II, INC."
1871638,296011458.0,BurTech Acquisition Corp.,BZAI,"Blaize Holdings, Inc.","Blaize Holdings, Inc."
1681087,295313000.0,"TECTONIC THERAPEUTIC, INC.",TECX,"Tectonic Therapeutic, Inc.","Tectonic Therapeutic, Inc."
1509470,295053224.0,SuRo Capital Corp.,NSLR,Neostellar Capital Corp.,Neostellar Capital Corp.
1741830,294938000.0,"Kronos Bio, Inc.",,,"Kronos Bio, Inc."
2029976,294924698.0,K&F GROWTH ACQUISITION CORP. II,KFII,K&F GROWTH ACQUISITION CORP. II,K&F GROWTH ACQUISITION CORP. II
1429260,294301000.0,"Fortress Biotech, Inc.",FBIO,"Fortress Biotech, Inc.","Fortress Biotech, Inc."
913165,294209000.0,EXACTECH INC,,,EXACTECH INC
881890,293991000.0,ABAXIS INC,,,ABAXIS INC
1761510,293978000.0,TILT Holdings Inc.,,,TILT Holdings Inc.
1763731,293706691.0,Replay Acquisition Corp.,,,Replay Acquisition Corp.
1816590,293536000.0,COMPASS PATHWAYS PLC,CMPS,COMPASS Pathways plc,COMPASS Pathways plc
1604868,293442000.0,GROWGENERATION CORP.,GRWG,GrowGeneration Corp.,GrowGeneration Corp.
1953926,293085000.0,"Zenas BioPharma, Inc.",ZBIO,"Zenas BioPharma, Inc.","Zenas BioPharma, Inc."
1870258,293002456.0,MELI Kaszek Pioneer Corp,,,MELI Kaszek Pioneer Corp
1527753,292700000.0,"Personalis, Inc.",PSNL,"Personalis, Inc.","Personalis, Inc."
1709017,292218000.0,"FFBW, INC.",,,"FFBW, INC."
1787384,292218000.0,"FFBW, INC. /MD/",,,"FFBW, INC. /MD/"
1728041,291775463.0,CF FINANCE ACQUISITION CORP.,,,CF FINANCE ACQUISITION CORP.
1831006,291566253.0,BLUERIVER ACQUISITION CORP.,,,BLUERIVER ACQUISITION CORP.
1080657,291351654.0,"Presidio Property Trust, Inc.",SQFT,"Presidio Property Trust, Inc.","Presidio Property Trust, Inc."
1376339,291109000.0,"MIMEDX GROUP, INC.",MDXG,"MIMEDX GROUP, INC.","MIMEDX GROUP, INC."
1841125,291067513.0,GOLDEN ARROW MERGER CORP.,,,GOLDEN ARROW MERGER CORP.
1835972,290960247.0,ARROWROOT ACQUISITION CORP.,,,ARROWROOT ACQUISITION CORP.
1739614,290875000.0,"Inhibrx, Inc.",,,"Inhibrx, Inc."
1841024,290741991.0,L Catterton Asia Acquisition Corp,,,L Catterton Asia Acquisition Corp
1781115,290226192.0,Alussa Energy Acquisition Corp.,,,Alussa Energy Acquisition Corp.
1703785,290205000.0,Falcon Minerals Corp,,,Falcon Minerals Corp
18396,289292000.0,CDI CORP,,,CDI CORP
1402281,289201000.0,Erin Energy Corp.,,,Erin Energy Corp.
1680232,288469695.0,"STRATEGIC STORAGE TRUST IV, INC.",,,"STRATEGIC STORAGE TRUST IV, INC."
1055454,287607000.0,SCHOOL SPECIALTY INC,,,SCHOOL SPECIALTY INC
1845550,287503867.0,PLUM ACQUISITION CORP. III,,,PLUM ACQUISITION CORP. III
1523854,287103940.0,"WEST END INDIANA BANCSHARES, INC.",,,"WEST END INDIANA BANCSHARES, INC."
1117480,286770000.0,"Chimerix, Inc.",,,"Chimerix, Inc."
1626199,286686000.0,"ALPINE IMMUNE SCIENCES, INC.",,,"ALPINE IMMUNE SCIENCES, INC."
1287098,286653000.0,"MaxCyte, Inc.",MXCT,"MAXCYTE, INC.","MAXCYTE, INC."
1865506,286152445.0,ZEO ENERGY CORP.,ZEO,Zeo Energy Corp.,Zeo Energy Corp.
1862327,286150923.0,INFINITE ACQUISITION CORP.,,,INFINITE ACQUISITION CORP.
1852940,285957989.0,GOGREEN INVESTMENTS CORPORATION,,,GOGREEN INVESTMENTS CORPORATION
1842659,285735367.0,CORSAIR PARTNERING CORP,,,CORSAIR PARTNERING CORP
1854458,285684168.0,NABORS ENERGY TRANSITION CORP.,,,NABORS ENERGY TRANSITION CORP.
2012593,285495000.0,"Rapport Therapeutics, Inc.",RAPP,"Rapport Therapeutics, Inc.","Rapport Therapeutics, Inc."
1848020,285272023.0,BLACK MOUNTAIN ACQUISITION CORP.,,,BLACK MOUNTAIN ACQUISITION CORP.
1528115,285096000.0,"ANNEXON, INC.",ANNX,"Annexon, Inc.","Annexon, Inc."
2013792,285041969.0,"EWSB BANCORP, INC",EWSB,"EWSB Bancorp, Inc. /MD/","EWSB Bancorp, Inc. /MD/"
1851959,284852550.0,CONCORD ACQUISITION CORP II,CNDA,Concord Acquisition Corp II,Concord Acquisition Corp II
1560241,284831000.0,"G1 THERAPEUTICS, INC.",,,"G1 THERAPEUTICS, INC."
2026448,284571000.0,Principal Credit Real Estate Income Trust,,,Principal Credit Real Estate Income Trust
1515156,284541000.0,"ARQ, INC.",ARQ,"Arq, Inc.","Arq, Inc."
1865407,284420630.0,Kensington Capital Acquisition Corp. V,,,Kensington Capital Acquisition Corp. V
1631574,284250000.0,WAVE LIFE SCIENCES LTD.,WVE,"Wave Life Sciences, Inc.","Wave Life Sciences, Inc."
1481512,284152000.0,"RA PHARMACEUTICALS, INC.",,,"RA PHARMACEUTICALS, INC."
1603993,283419781.0,"NISUN INTERNATIONAL ENTERPRISE DEVELOPMENT GROUP CO., LTD",AIOS,AIOS Tech Inc.,AIOS Tech Inc.
1834543,283271195.0,BLACKROCK DIRECT LENDING CORP.,,,BLACKROCK DIRECT LENDING CORP.
1518419,282983000.0,QUARTERHILL INC.,,,QUARTERHILL INC.
1720353,282666833.0,Nebula Acquisition Corp,,,Nebula Acquisition Corp
37472,282486000.0,"FLEXSTEEL INDUSTRIES, INC.",FLXS,FLEXSTEEL INDUSTRIES INC,FLEXSTEEL INDUSTRIES INC
1454789,281924000.0,"Astria Therapeutics, Inc.",,,"Astria Therapeutics, Inc."
2034037,281309388.0,SIDDHI ACQUISITION CORP,SDHI,Siddhi Acquisition Corp (Cayman Islands),Siddhi Acquisition Corp (Cayman Islands)
2009183,281076666.0,Titan Acquisition Corp,TACH,Titan Acquisition Corp.,Titan Acquisition Corp.
1830188,281066000.0,"UNITED HOMES GROUP, INC.",,,"UNITED HOMES GROUP, INC."
31107,280662976.0,The Eastern Company,EML,EASTERN CO,EASTERN CO
1842609,280397520.0,Jaws Juggernaut Acquisition Corp,,,Jaws Juggernaut Acquisition Corp
1827899,280118377.0,CROWN PROPTECH ACQUISITIONS,CPTKW,Crown PropTech Acquisitions,Crown PropTech Acquisitions
1843370,279704543.0,bleuacacia ltd,,,bleuacacia ltd
1684144,279610000.0,ZOMEDICA CORP.,ZOMDF,Zomedica Corp.,Zomedica Corp.
1275477,279488948.0,"BIMINI CAPITAL MANAGEMENT, INC.",BMNM,"BIMINI CAPITAL MANAGEMENT, INC.","BIMINI CAPITAL MANAGEMENT, INC."
1869673,279195780.0,Berenson Acquisition Corp. I,,,Berenson Acquisition Corp. I
1998387,279160000.0,5C Lending Partners Corp.,,,5C Lending Partners Corp.
1655780,279112000.0,Jack Cooper Holdings Corp.,,,Jack Cooper Holdings Corp.
1838831,279103308.0,DISRUPTIVE ACQUISITION CORPORATION I,,,DISRUPTIVE ACQUISITION CORPORATION I
1835800,279031672.0,PIVOTAL INVESTMENT CORPORATION III,,,PIVOTAL INVESTMENT CORPORATION III
1858848,278945000.0,"TENAYA THERAPEUTICS, INC.",TNYA,"Tenaya Therapeutics, Inc.","Tenaya Therapeutics, Inc."
1982701,278868832.0,AB Private Lending Fund,,,AB Private Lending Fund
1627282,278834000.0,CALIBERCOS INC.,CWD,CaliberCos Inc.,CaliberCos Inc.
1797768,278826000.0,KINNATE BIOPHARMA INC.,,,KINNATE BIOPHARMA INC.
2049662,278821421.0,Cartesian Growth Corp III,FAC,Factorial Energy Inc.,Factorial Energy Inc.
1289237,278391000.0,"U. S. PREMIUM BEEF, LLC",,,"U. S. PREMIUM BEEF, LLC"
1769768,278063374.0,E-Home Household Service Holdings Ltd,EJH,E-Home Household Service Holdings Ltd,E-Home Household Service Holdings Ltd
1936804,277529000.0,SunCar Technology Group Inc.,SDA,SunCar Technology Group Inc.,SunCar Technology Group Inc.
1490630,277441000.0,RHINO RESOURCE PARTNERS LP,,,RHINO RESOURCE PARTNERS LP
1104349,277313000.0,CAPELLA EDUCATION CO,,,CAPELLA EDUCATION CO
915358,277203177.0,"SIGMATRON INTERNATIONAL, INC.",,,"SIGMATRON INTERNATIONAL, INC."
1291361,277185000.0,Syneron Medical Ltd.,,,Syneron Medical Ltd.
1754068,277079000.0,"KALARIS THERAPEUTICS, INC.",KLRS,"Kalaris Therapeutics, Inc.","Kalaris Therapeutics, Inc."
1723580,276780000.0,"BURGERFI INTERNATIONAL, INC.",,,"BURGERFI INTERNATIONAL, INC."
2034268,276414155.0,"CANTOR EQUITY PARTNERS III, INC.",,,"CANTOR EQUITY PARTNERS III, INC."
1527709,276286000.0,"Mid-Con Energy Partners, LP",,,"Mid-Con Energy Partners, LP"
1881592,275976000.0,"NSTS Bancorp, Inc.",NSTS,"NSTS Bancorp, Inc.","NSTS Bancorp, Inc."
1447028,275919000.0,Arbutus Biopharma Corporation,ABUS,Arbutus Biopharma Corp,Arbutus Biopharma Corp
1841383,275771052.0,Levere Holdings Corp.,,,Levere Holdings Corp.
870826,274780000.0,"Legacy IMBDS, Inc.",,,"Legacy IMBDS, Inc."
1223786,274630000.0,"NuStar GP Holdings, LLC",,,"NuStar GP Holdings, LLC"
1849548,274317751.0,ONYX ACQUISITION CO. I,,,ONYX ACQUISITION CO. I
1083490,274094594.0,SUNRISE REAL ESTATE GROUP INC,SRRE,SUNRISE REAL ESTATE GROUP INC,SUNRISE REAL ESTATE GROUP INC
1527762,274045064.0,Mercurity Fintech Holding Inc.,CD,Chaince Digital Holdings Inc.,Chaince Digital Holdings Inc.
1592379,273872000.0,"Papa Murphy's Holdings, Inc.",,,"Papa Murphy's Holdings, Inc."
1849867,273785000.0,"CATALYST BANCORP, INC.",CLST,"Catalyst Bancorp, Inc.","Catalyst Bancorp, Inc."
1701114,273407000.0,"Blue Apron Holdings, Inc.",,,"Blue Apron Holdings, Inc."
1720420,273215000.0,IBEX LIMITED,IBEX,IBEX Ltd,IBEX Ltd
1698538,273078407.0,"Strategic Student & Senior Housing Trust, Inc.",STSR,"Strategic Student & Senior Housing Trust, Inc.","Strategic Student & Senior Housing Trust, Inc."
1027838,273048000.0,"Tactile Systems Technology, Inc.",TCMD,TACTILE SYSTEMS TECHNOLOGY INC,TACTILE SYSTEMS TECHNOLOGY INC
1078099,272721000.0,"MEET GROUP, INC.",,,"MEET GROUP, INC."
909108,272663950.0,"DIAMOND HILL INVESTMENT GROUP, INC.",,,"DIAMOND HILL INVESTMENT GROUP, INC."
1823144,272600000.0,"CompoSecure, Inc.",GPGI,"GPGI, Inc.","GPGI, Inc."
1785279,272284000.0,"Metagenomi, Inc.",MGX,"Metagenomi Therapeutics, Inc.","Metagenomi Therapeutics, Inc."
1100412,272202000.0,ARRAY BIOPHARMA INC,,,ARRAY BIOPHARMA INC
71557,271955881.0,"NUVERA COMMUNICATIONS, INC.",NUVR,"Nuvera Communications, Inc.","Nuvera Communications, Inc."
1613780,271725000.0,DBV Technologies S.A.,DBVT,DBV Technologies S.A.,DBV Technologies S.A.
1852889,271607619.0,INVESTCORP INDIA ACQUISITION CORP,,,INVESTCORP INDIA ACQUISITION CORP
1108967,271571000.0,"Orbital Infrastructure Group, Inc.",,,"Orbital Infrastructure Group, Inc."
1880968,271471615.0,"Sound Point Acquisition Corp I, Ltd",,,"Sound Point Acquisition Corp I, Ltd"
1640455,271312000.0,"JOUNCE THERAPEUTICS, INC.",,,"JOUNCE THERAPEUTICS, INC."
1844363,271019888.0,ROCKET INTERNET GROWTH OPPORTUNITIES CORP.,,,ROCKET INTERNET GROWTH OPPORTUNITIES CORP.
1652923,270575000.0,"AveXis, Inc.",,,"AveXis, Inc."
1699382,270308000.0,"PMV PHARMACEUTICALS, INC.",PMVP,"PMV Pharmaceuticals, Inc.","PMV Pharmaceuticals, Inc."
1828185,270205000.0,BARINTHUS BIOTHERAPEUTICS PLC,BRNS,Barinthus Biotherapeutics plc.,Barinthus Biotherapeutics plc.
1853021,270191265.0,METALS ACQUISITION CORP,,,METALS ACQUISITION CORP
1397702,269685000.0,"SILK ROAD MEDICAL, INC.",,,"SILK ROAD MEDICAL, INC."
1868279,269506000.0,"ARRIVENT BIOPHARMA, INC.",AVBP,"ArriVent BioPharma, Inc.","ArriVent BioPharma, Inc."
1738177,269462000.0,CAMBIUM NETWORKS CORP,CMBMF,Cambium Networks Corp,Cambium Networks Corp
1827506,269295000.0,"Tourmaline Bio, Inc.",,,"Tourmaline Bio, Inc."
1734875,269218000.0,"Mid-Southern Bancorp, Inc.",,,"Mid-Southern Bancorp, Inc."
95953,269043000.0,Ascent Industries Co.,ACNT,ASCENT INDUSTRIES CO.,ASCENT INDUSTRIES CO.
29332,268987000.0,"THE DIXIE GROUP, INC.",DXYN,DIXIE GROUP INC,DIXIE GROUP INC
2013744,268957000.0,BITWISE ETHEREUM ETF,ETHW,Bitwise Ethereum ETF,Bitwise Ethereum ETF
1905824,268906000.0,PIMCO Capital Solutions BDC Corp.,,,PIMCO Capital Solutions BDC Corp.
1600890,268646000.0,"MELROSE BANCORP, INC.",,,"MELROSE BANCORP, INC."
1198415,268564665.0,"ALTEGRIS WINTON FUTURES FUND, L.P.",,,"ALTEGRIS WINTON FUTURES FUND, L.P."
1847241,268217415.0,PROJECT ENERGY REIMAGINED ACQUISITION CORP.,,,PROJECT ENERGY REIMAGINED ACQUISITION CORP.
1707919,267848316.0,CENNTRO INC.,CENN,Cenntro Inc.,Cenntro Inc.
1851266,267451764.0,LF Capital Acquisition Corp. II,,,LF Capital Acquisition Corp. II
1424879,267249966.0,"Moody National REIT I, Inc.",,,"Moody National REIT I, Inc."
1877184,266296000.0,"Kestra Medical Technologies, Ltd.",KMTS,"KESTRA MEDICAL TECHNOLOGIES, LTD.","KESTRA MEDICAL TECHNOLOGIES, LTD."
1673772,266209000.0,"RAPT THERAPEUTICS, INC.",,,"RAPT THERAPEUTICS, INC."
25743,265985637.0,"TherapeuticsMD, Inc.",TXMD,"TherapeuticsMD, Inc.","TherapeuticsMD, Inc."
1852207,265820211.0,BOLD EAGLE ACQUISITION CORP.,BEAG,Bold Eagle Acquisition Corp.,Bold Eagle Acquisition Corp.
1879297,265456284.0,LAMF GLOBAL VENTURES CORP. I,,,LAMF GLOBAL VENTURES CORP. I
1813814,265091000.0,Mind Medicine (MindMed) Inc.,DFTX,"Definium Therapeutics, Inc.","Definium Therapeutics, Inc."
2006815,264824119.0,Voyager Acquisition Corp./Cayman Islands,,,Voyager Acquisition Corp./Cayman Islands
1865697,264369467.0,GENESIS GROWTH TECH ACQUISITION CORP.,,,GENESIS GROWTH TECH ACQUISITION CORP.
1853580,264135562.0,PERCEPTION CAPITAL CORP. III,,,PERCEPTION CAPITAL CORP. III
1923622,263456000.0,PGIM Private Credit Fund,PGIM,PGIM Private Credit Fund,PGIM Private Credit Fund
1866757,262574000.0,"Brilliant Earth Group, Inc.",BRLT,"Brilliant Earth Group, Inc.","Brilliant Earth Group, Inc."
1836100,262288567.0,GOAL ACQUISITIONS CORP.,,,GOAL ACQUISITIONS CORP.
1041379,262200000.0,"Popeyes Louisiana Kitchen, Inc.",,,"Popeyes Louisiana Kitchen, Inc."
701288,262031000.0,Atrion Corporation,,,Atrion Corporation
1810140,261914000.0,1847 GOEDEKER INC.,,,1847 GOEDEKER INC.
1799191,261665000.0,"ONCOLOGY INSTITUTE, INC.",STLN,"Starling Oncology, Inc.","Starling Oncology, Inc."
1066923,261661030.0,Future FinTech Group Inc.,FTFT,Future FinTech Group Inc.,Future FinTech Group Inc.
1882198,260691306.0,ATHENA TECHNOLOGY ACQUISITION CORP. II,ATEK,Athena Technology Acquisition Corp. II,Athena Technology Acquisition Corp. II
1789760,260476700.0,CIIG MERGER CORP.,,,CIIG MERGER CORP.
1216752,260157000.0,PIONEER FINANCIAL SERVICES INC,,,PIONEER FINANCIAL SERVICES INC
2026478,259797788.0,NEWSMAX INC.,NMAX,Newsmax Inc.,Newsmax Inc.
1835378,259605000.0,Innovid Corp.,,,Innovid Corp.
1556364,259562455.0,"OWENS REALTY MORTGAGE, INC.",,,"OWENS REALTY MORTGAGE, INC."
1267813,259518000.0,"MARINUS PHARMACEUTICALS, INC.",,,"MARINUS PHARMACEUTICALS, INC."
1861121,259151606.0,EVE MOBILITY ACQUISITION CORP,,,EVE MOBILITY ACQUISITION CORP
2028707,259087950.0,Bleichroeder Acquisition Corp. I,MRLN,"Merlin, Inc.","Merlin, Inc."
1849475,258931117.0,NEWCOURT ACQUISITION CORP,,,NEWCOURT ACQUISITION CORP
1837929,258664674.0,NEW PROVIDENCE ACQUISITION CORP. II,,,NEW PROVIDENCE ACQUISITION CORP. II
1966494,258605000.0,"CARGO Therapeutics, Inc.",,,"CARGO Therapeutics, Inc."
1437557,258599000.0,"LILIS ENERGY, INC.",,,"LILIS ENERGY, INC."
1620463,258153000.0,"Athira Pharma, Inc.",LONA,"LeonaBio, Inc.","LeonaBio, Inc."
1828852,258097000.0,"MONDEE HOLDINGS, INC.",,,"MONDEE HOLDINGS, INC."
1876714,258040715.0,Growth for Good Acquisition Corp,,,Growth for Good Acquisition Corp
928340,257503568.0,CONSOLIDATED WATER CO. LTD.,CWCO,Consolidated Water Co. Ltd.,Consolidated Water Co. Ltd.
1819576,257410000.0,LIQUIDIA CORPORATION,LQDA,Liquidia Corp,Liquidia Corp
830748,257335000.0,"PACIFIC OFFICE PROPERTIES TRUST, INC.",,,"PACIFIC OFFICE PROPERTIES TRUST, INC."
1783183,257178000.0,"PHATHOM PHARMACEUTICALS, INC.",PHAT,"Phathom Pharmaceuticals, Inc.","Phathom Pharmaceuticals, Inc."
1375796,256850000.0,"TELARIA, INC.",,,"TELARIA, INC."
1865631,256743000.0,NextNav Inc.,NN,NEXTNAV INC.,NEXTNAV INC.
2012318,256730373.0,INFLECTION POINT ACQUISITION CORP. III,,,INFLECTION POINT ACQUISITION CORP. III
1001258,256500000.0,ASTA FUNDING INC,,,ASTA FUNDING INC
2012706,256488444.0,"SUNRISE REALTY TRUST, INC.",SUNS,"Sunrise Realty Trust, Inc.","Sunrise Realty Trust, Inc."
1625641,256322000.0,"CS Disco, Inc.",LAW,"CS Disco, Inc.","CS Disco, Inc."
1434647,256277000.0,"ZEVRA THERAPEUTICS, INC.",ZVRA,"ZEVRA THERAPEUTICS, INC.","ZEVRA THERAPEUTICS, INC."
1816017,255985000.0,"SPIRE GLOBAL, INC.",SPIR,"Spire Global, Inc.","Spire Global, Inc."
1498576,255916000.0,ChinaCache     International Holdings Ltd.,,,ChinaCache     International Holdings Ltd.
1776903,255871438.0,Netfin Acquisition Corp.,,,Netfin Acquisition Corp.
1531978,255786000.0,"Paragon 28, Inc.",,,"Paragon 28, Inc."
1889123,255664716.0,FTAC EMERALD ACQUISITION CORP.,FLD,"Fold Holdings, Inc.","Fold Holdings, Inc."
1835654,255433000.0,Innoviz Technologies Ltd.,INVZ,Innoviz Technologies Ltd.,Innoviz Technologies Ltd.
2042182,255300758.0,OYSTER ENTERPRISES II ACQUISITION CORP,OYSE,Oyster Enterprises II Acquisition Corp,Oyster Enterprises II Acquisition Corp
1970509,255097143.0,HAYMAKER ACQUISITION CORP. 4,,,HAYMAKER ACQUISITION CORP. 4
2053799,255060174.0,Kochav Defense Acquisition Corp.,KCHV,Kochav Defense Acquisition Corp.,Kochav Defense Acquisition Corp.
275053,254875000.0,"NATURE’S SUNSHINE PRODUCTS, INC.",NATR,NATURES SUNSHINE PRODUCTS INC,NATURES SUNSHINE PRODUCTS INC
1308711,254845000.0,"Behringer Harvard Opportunity REIT I, Inc.",,,"Behringer Harvard Opportunity REIT I, Inc."
1723648,254804334.0,"LIVEVOX HOLDINGS, INC.",,,"LIVEVOX HOLDINGS, INC."
2050501,254639362.0,Blue Water Acquisition Corp. III,BLUW,Blue Water Acquisition Corp. III,Blue Water Acquisition Corp. III
1865975,254624832.0,AfterNext HealthTech Acquisition Corp.,,,AfterNext HealthTech Acquisition Corp.
1557746,254596000.0,"Aclaris Therapeutics, Inc.",ACRS,"Aclaris Therapeutics, Inc.","Aclaris Therapeutics, Inc."
1294250,254518000.0,"RAND LOGISTICS, INC.",,,"RAND LOGISTICS, INC."
2034313,254511616.0,Oxley     Bridge Acquisition Limited,OBA,Oxley Bridge Acquisition Ltd,Oxley Bridge Acquisition Ltd
2040381,254332127.0,Pioneer Acquisition I Corp,PACH,Pioneer Acquisition I Corp,Pioneer Acquisition I Corp
1845013,254136756.0,HEALTHWELL ACQUISITION CORP. I,,,HEALTHWELL ACQUISITION CORP. I
1850272,253998122.0,SOCIAL CAPITAL SUVRETTA HOLDINGS CORP. IV,,,SOCIAL CAPITAL SUVRETTA HOLDINGS CORP. IV
1850271,253995545.0,SOCIAL CAPITAL SUVRETTA HOLDINGS CORP. II,,,SOCIAL CAPITAL SUVRETTA HOLDINGS CORP. II
1795251,253933000.0,Nano-X Imaging Ltd.,NNOX,Nano-X Imaging Ltd.,Nano-X Imaging Ltd.
1842644,253843356.0,SILVERSPAC INC.,,,SILVERSPAC INC.
1774155,253616835.0,BTRS HOLDINGS INC.,,,BTRS HOLDINGS INC.
2025608,253487986.0,Soulpower Acquisition Corporation,SOUL,Soulpower Acquisition Corp.,Soulpower Acquisition Corp.
1821812,253440543.0,Stratim Cloud Acquisition Corp.,,,Stratim Cloud Acquisition Corp.
1808997,253162000.0,"American Outdoor Brands, Inc.",AOUT,"American Outdoor Brands, Inc.","American Outdoor Brands, Inc."
1779474,253076692.0,"WM TECHNOLOGY, INC.",MAPS,"WM TECHNOLOGY, INC.","WM TECHNOLOGY, INC."
1845022,253039000.0,"Couchbase, Inc.",,,"Couchbase, Inc."
1601347,252933000.0,"PILGRIM BANCSHARES, INC.",,,"PILGRIM BANCSHARES, INC."
1401667,252790000.0,"PUMA BIOTECHNOLOGY, INC.",PBYI,"PUMA BIOTECHNOLOGY, INC.","PUMA BIOTECHNOLOGY, INC."
2056634,252606972.0,ProCap Acquisition Corp,PCAP,ProCap Acquisition Corp,ProCap Acquisition Corp
1410098,252599103.0,CORMEDIX INC.,CRMD,CorMedix Inc.,CorMedix Inc.
2056263,252552771.0,COLUMBUS CIRCLE CAPITAL CORP I,,,COLUMBUS CIRCLE CAPITAL CORP I
2039497,252500000.0,"Resolute Holdings Management, Inc.",RHLD,"Resolute Holdings Management, Inc.","Resolute Holdings Management, Inc."
886136,252394000.0,"SAGA COMMUNICATIONS, INC",SGA,SAGA COMMUNICATIONS INC,SAGA COMMUNICATIONS INC
716314,252339000.0,GRAHAM CORP,GHM,GRAHAM CORP,GRAHAM CORP
1785424,252271455.0,"KATAPULT HOLDINGS, INC.",KPLT,"Katapult Holdings, Inc.","Katapult Holdings, Inc."
16099,252248000.0,"LUBY’S, INC.",,,"LUBY’S, INC."
1708405,251929000.0,TREMONT MORTGAGE TRUST,,,TREMONT MORTGAGE TRUST
1653247,251473784.0,WAITR HOLDINGS INC.,,,WAITR HOLDINGS INC.
1496383,251417464.0,"Ilustrato Pictures International, Inc.",,,"Ilustrato Pictures International, Inc."
1579823,251130000.0,"NewAge, Inc.",,,"NewAge, Inc."
1852633,251106671.0,BANYAN ACQUISITION CORP.,,,BANYAN ACQUISITION CORP.
1178711,251079000.0,"PARATEK PHARMACEUTICALS, INC.",,,"PARATEK PHARMACEUTICALS, INC."
1671854,251047116.0,Saban Capital Acquisition Corp.,,,Saban Capital Acquisition Corp.
1162112,250980000.0,"RigNet, Inc.",,,"RigNet, Inc."
1200375,250393000.0,"Codexis, Inc.",CDXS,"CODEXIS, INC.","CODEXIS, INC."
1077618,250384000.0,OPTIBASE LTD.,,,OPTIBASE LTD.
1566895,250151000.0,"nCino OpCo, Inc.",,,"nCino OpCo, Inc."
1028215,249919000.0,KMG CHEMICALS INC,,,KMG CHEMICALS INC
1555177,249904000.0,EMERGE ENERGY SERVICES LP,,,EMERGE ENERGY SERVICES LP
1818383,249418000.0,"MediaAlpha, Inc.",MAX,"MediaAlpha, Inc.","MediaAlpha, Inc."
892222,249385000.0,"CRAFT BREW ALLIANCE, INC.",,,"CRAFT BREW ALLIANCE, INC."
1530979,249028000.0,"The Honest Company, Inc.",HNST,"Honest Company, Inc.","Honest Company, Inc."
1718405,248954000.0,HYCROFT MINING HOLDING CORPORATION,HYMC,HYCROFT MINING HOLDING CORP,HYCROFT MINING HOLDING CORP
771999,248915000.0,"DSS, INC.",DSS,"DSS, INC.","DSS, INC."
1762322,248018000.0,"SHIFT TECHNOLOGIES, INC.",,,"SHIFT TECHNOLOGIES, INC."
1596946,247955000.0,QUOTIENT LIMITED,,,QUOTIENT LIMITED
1617227,247912000.0,"J. Alexander’s Holdings, Inc.",,,"J. Alexander’s Holdings, Inc."
1581874,247376246.0,"TERRA SECURED INCOME FUND 5, LLC",,,"TERRA SECURED INCOME FUND 5, LLC"
1766682,246825000.0,CCF HOLDINGS LLC,,,CCF HOLDINGS LLC
837852,246783000.0,"IDEANOMICS, INC.",,,"IDEANOMICS, INC."
1891856,246327000.0,"GEN Restaurant Group, Inc.",GENK,"GEN Restaurant Group, Inc.","GEN Restaurant Group, Inc."
318306,246233000.0,ABEONA THERAPEUTICS INC.,ABEO,ABEONA THERAPEUTICS INC.,ABEONA THERAPEUTICS INC.
1866390,246110000.0,BABYLON HOLDINGS LIMITED,,,BABYLON HOLDINGS LIMITED
1842731,246045000.0,Similarweb Ltd.,SMWB,SIMILARWEB LTD.,SIMILARWEB LTD.
1980845,245550000.0,enGene Holdings Inc.,ENGN,enGene Therapeutics Inc.,enGene Therapeutics Inc.
1012477,245482000.0,AVADEL PHARMACEUTICALS PLC,,,AVADEL PHARMACEUTICALS PLC
1858327,245178900.0,"DMY TECHNOLOGY GROUP, INC. VI",,,"DMY TECHNOLOGY GROUP, INC. VI"
1831964,245094305.0,NORTHERN REVIVAL ACQUISITION CORPORATION,,,NORTHERN REVIVAL ACQUISITION CORPORATION
1862463,244853424.0,Insight Acquisition Corp. /DE,AMOD,"ALPHA MODUS HOLDINGS, INC.","ALPHA MODUS HOLDINGS, INC."
2035173,244574924.0,RENATUS TACTICAL ACQUISITION CORP I,RTAC,Renatus Tactical Acquisition Corp I,Renatus Tactical Acquisition Corp I
1450704,244539413.0,"VIVAKOR, INC.",VIVK,"Vivakor, Inc.","Vivakor, Inc."
1556263,244486000.0,"Syros Pharmaceuticals, Inc.",,,"Syros Pharmaceuticals, Inc."
1001115,244109000.0,GEOSPACE TECHNOLOGIES CORPORATION,GEOS,GEOSPACE TECHNOLOGIES CORP,GEOSPACE TECHNOLOGIES CORP
2061473,244048675.0,Perimeter Acquisition Corp. I,PMTR,Perimeter Acquisition Corp. I,Perimeter Acquisition Corp. I
1787297,243549000.0,"PASSAGE BIO, INC.",PASG,"Passage BIO, Inc.","Passage BIO, Inc."
1172136,243424332.0,US GEOTHERMAL INC,,,US GEOTHERMAL INC
1371489,243028000.0,Information Services Group Inc.,III,Information Services Group Inc.,Information Services Group Inc.
1593812,243008359.0,VAULTED GOLD BULLION TRUST,,,VAULTED GOLD BULLION TRUST
1433714,242784000.0,"CASTLIGHT HEALTH, INC.",,,"CASTLIGHT HEALTH, INC."
1555279,242587000.0,908 DEVICES INC,MASS,908 Devices Inc.,908 Devices Inc.
36369,242299477.0,FIRST HARTFORD CORP,,,FIRST HARTFORD CORP
1779523,242222009.0,"Muzinich BDC, Inc.",,,"Muzinich BDC, Inc."
1505952,242116000.0,"DOMO, INC.",DOMO,"DOMO, INC.","DOMO, INC."
1770501,242045523.0,Venu Holding Corporation,VENU,Venu Holding Corp,Venu Holding Corp
2015955,242004824.0,LIONHEART HOLDINGS,CUB,Lionheart Holdings,Lionheart Holdings
880771,241898000.0,SCICLONE PHARMACEUTICALS INC,,,SCICLONE PHARMACEUTICALS INC
2034269,241822232.0,"CANTOR EQUITY PARTNERS II, INC.",,,"CANTOR EQUITY PARTNERS II, INC."
1787005,241801561.0,"CINCINNATI BANCORP, INC.",,,"CINCINNATI BANCORP, INC."
1848437,241533221.0,CARTICA ACQUISITION CORP,,,CARTICA ACQUISITION CORP
1562151,241497000.0,"CRIMSON WINE GROUP, LTD.",CWGL,"Crimson Wine Group, Ltd","Crimson Wine Group, Ltd"
1640428,241419000.0,"EverQuote, Inc.",EVER,"EverQuote, Inc.","EverQuote, Inc."
1849737,241327491.0,PATRIA LATIN AMERICAN OPPORTUNITY ACQUISITION CORP.,,,PATRIA LATIN AMERICAN OPPORTUNITY ACQUISITION CORP.
2015502,241152118.0,Launch One Acquisition Corp.,LPAAU,Launch One Acquisition Corp.,Launch One Acquisition Corp.
1897463,241028593.0,GRAF GLOBAL CORP.,TONT,Graf Global Corp.,Graf Global Corp.
1885444,240824366.0,KNIGHTSWAN ACQUISITION CORPORATION,,,KNIGHTSWAN ACQUISITION CORPORATION
2014982,240822286.0,SIM Acquisition Corp. I,SIMAU,SIM Acquisition Corp. I,SIM Acquisition Corp. I
1843388,240804000.0,"Virgin Orbit Holdings, Inc.",,,"Virgin Orbit Holdings, Inc."
1656634,240754000.0,"Gritstone bio, Inc.",,,"Gritstone bio, Inc."
1871745,240632028.0,DIRECT SELLING ACQUISITION CORP.,,,DIRECT SELLING ACQUISITION CORP.
1889112,240596307.0,CARTESIAN GROWTH CORPORATION II,RENEF,Cartesian Growth Corp II,Cartesian Growth Corp II
1704235,240529000.0,Quintana Energy Services Inc.,,,Quintana Energy Services Inc.
1570562,240442000.0,"EVOLUS, INC.",EOLS,"Evolus, Inc.","Evolus, Inc."
2019804,240431477.0,HCM II ACQUISITION CORP.,IMSR,Terrestrial Energy Inc. /DE/,Terrestrial Energy Inc. /DE/
1843714,240381208.0,ANDRETTI ACQUISITION CORP.,ZPTA,"Zapata Quantum, Inc.","Zapata Quantum, Inc."
2035428,240366000.0,"FRANKLIN BSP REAL ESTATE DEBT, INC",,,"FRANKLIN BSP REAL ESTATE DEBT, INC"
1493761,240181000.0,TURTLE BEACH CORPORATION,TBCH,Turtle Beach Corp,Turtle Beach Corp
1356949,240148000.0,HOUSTON WIRE & CABLE COMPANY,,,HOUSTON WIRE & CABLE COMPANY
1826492,240137000.0,Gracell Biotechnologies Inc.,,,Gracell Biotechnologies Inc.
1856995,240070259.0,MOUNTAIN & CO. I ACQUISITION CORP.,,,MOUNTAIN & CO. I ACQUISITION CORP.
2025341,240066728.0,Andretti Acquisition Corp. II,POLE,Andretti Acquisition Corp. II,Andretti Acquisition Corp. II
738214,240016000.0,"AEMETIS, INC",AMTX,"AEMETIS, INC","AEMETIS, INC"
1843993,239923284.0,"THUNDER BRIDGE CAPITAL PARTNERS IV, INC.",,,"THUNDER BRIDGE CAPITAL PARTNERS IV, INC."
1367832,239799000.0,AURORA DIAGNOSTICS HOLDINGS LLC,,,AURORA DIAGNOSTICS HOLDINGS LLC
1355848,239585000.0,"KARTOON STUDIOS, INC.",TOON,"Kartoon Studios, Inc.","Kartoon Studios, Inc."
1843477,239570602.0,SPRING VALLEY ACQUISITION CORP. II,,,SPRING VALLEY ACQUISITION CORP. II
1860482,239519132.0,TALON 1 ACQUISITION CORP.,,,TALON 1 ACQUISITION CORP.
1578348,239360417.0,"INVESTCORP CREDIT MANAGEMENT BDC, INC.",ICMB,"Investcorp Credit Management BDC, Inc.","Investcorp Credit Management BDC, Inc."
1857518,239360238.0,Jaguar Global Growth Corporation I,,,Jaguar Global Growth Corporation I
1847351,239351513.0,Beard Energy Transition Acquisition Corp.,,,Beard Energy Transition Acquisition Corp.
943861,239318000.0,GOODRICH PETROLEUM CORPORATION,,,GOODRICH PETROLEUM CORPORATION
2023676,239314095.0,Launch Two Acquisition Corp.,LPBB,Launch Two Acquisition Corp.,Launch Two Acquisition Corp.
1857803,239137709.0,DP CAP ACQUISITION CORP I,,,DP CAP ACQUISITION CORP I
2031561,239113110.0,ALDEL FINANCIAL II INC.,ALDF,Aldel Financial II Inc.,Aldel Financial II Inc.
1850699,238858934.0,7 ACQUISITION CORPORATION,,,7 ACQUISITION CORPORATION
1835385,238834800.0,"MARATHON BANCORP, INC.",MBBC,"Marathon Bancorp, Inc. /MD/","Marathon Bancorp, Inc. /MD/"
1854480,238831185.0,FOCUS IMPACT ACQUISITION CORP.,DEVSF,DevvStream Corp.,DevvStream Corp.
1879221,238698279.0,UTA Acquisition Corporation,,,UTA Acquisition Corporation
1713923,238691000.0,Jianpu Technology Inc.,AIJTY,Jianpu Technology Inc.,Jianpu Technology Inc.
1786255,238677000.0,"ICOSAVAX, INC.",,,"ICOSAVAX, INC."
1853928,238656259.0,ANTHEMIS DIGITAL ACQUISITIONS I CORP,,,ANTHEMIS DIGITAL ACQUISITIONS I CORP
2039058,238635251.0,JACKSON ACQUISITION COMPANY II,JACS,Jackson Acquisition Co II,Jackson Acquisition Co II
1852749,238544571.0,ExcelFin Acquisition Corp.,,,ExcelFin Acquisition Corp.
1894176,238544406.0,COHEN CIRCLE ACQUISITION CORP. I,,,COHEN CIRCLE ACQUISITION CORP. I
1853594,238527679.0,SCULPTOR ACQUISITION CORP I,,,SCULPTOR ACQUISITION CORP I
1776932,238475011.0,MEDMEN ENTERPRISES INC.,,,MEDMEN ENTERPRISES INC.
1860514,238448139.0,ROTH CH ACQUISITION CO.,,,ROTH CH ACQUISITION CO.
1378950,238399000.0,"CARPARTS.COM, INC.",PRTS,"CarParts.com, Inc.","CarParts.com, Inc."
1865248,238379299.0,Capitalworks Emerging Markets Acquisition Corp,CMCAF,Piermont Valley Acquisition Corp,Piermont Valley Acquisition Corp
1879814,238368211.0,TLGY Acquisition Corp,,,TLGY Acquisition Corp
1870143,238350858.0,PERCEPTION CAPITAL CORP. IV,,,PERCEPTION CAPITAL CORP. IV
1856653,238324586.0,BioPlus Acquisition Corp.,,,BioPlus Acquisition Corp.
1865200,238262965.0,Southport Acquisition Corporation,ANGX,"Angel Studios, Inc.","Angel Studios, Inc."
1845149,238234726.0,Chain Bridge I,CBRRF,Chain Bridge I,Chain Bridge I
1854275,238208934.0,INNOVATIVE INTERNATIONAL ACQUISITION CORP.,ZCAR,"Zoomcar Holdings, Inc.","Zoomcar Holdings, Inc."
1357874,238169000.0,"Precision BioSciences, Inc.",DTIL,PRECISION BIOSCIENCES INC,PRECISION BIOSCIENCES INC
1854795,238025021.0,Integrated Rail and Resources Acquisition Corp.,,,Integrated Rail and Resources Acquisition Corp.
1852016,237965034.0,ALTENERGY ACQUISITION CORP.,AEAE,AltEnergy Acquisition Corp,AltEnergy Acquisition Corp
1875943,237760344.0,VMG Consumer Acquisition Corp.,,,VMG Consumer Acquisition Corp.
1856724,237713295.0,BULLPEN PARLAY ACQUISITION COMPANY,,,BULLPEN PARLAY ACQUISITION COMPANY
2029492,237676418.0,MOUNTAIN LAKE ACQUISITION CORP.,,,MOUNTAIN LAKE ACQUISITION CORP.
886206,237429000.0,FRANKLIN COVEY CO.,FC,FRANKLIN COVEY CO,FRANKLIN COVEY CO
320121,237397000.0,TELOS CORPORATION,TLS,TELOS CORP,TELOS CORP
2029023,237235415.0,GSR III Acquisition Corp.,,,GSR III Acquisition Corp.
1853436,237097060.0,Mercato Partners Acquisition Corporation,,,Mercato Partners Acquisition Corporation
2032528,237013428.0,Roman DBDR Acquisition Corp. II,DRDB,Roman DBDR Acquisition Corp. II,Roman DBDR Acquisition Corp. II
929545,236941000.0,"Condor Hospitality Trust, Inc.",,,"Condor Hospitality Trust, Inc."
1847577,236908540.0,Learn CW Investment Corp,,,Learn CW Investment Corp
2028516,236897701.0,Archimedes Tech SPAC Partners II Co.,ATII,Archimedes Tech SPAC Partners II Co.,Archimedes Tech SPAC Partners II Co.
1438731,236882000.0,"ALJ Regional Holdings, Inc.",,,"ALJ Regional Holdings, Inc."
1695357,236856000.0,"Provention Bio, Inc.",,,"Provention Bio, Inc."
1852736,236779577.0,TRISTAR ACQUISITION I CORP.,,,TRISTAR ACQUISITION I CORP.
2048951,236694681.0,Live Oak Acquisition Corp. V,TMS,Teamshares Inc,Teamshares Inc
1352081,236441636.0,"CARDINAL ETHANOL, LLC",,,"CARDINAL ETHANOL, LLC"
1050007,236205000.0,NUTRACEUTICAL INTERNATIONAL CORP,,,NUTRACEUTICAL INTERNATIONAL CORP
1784567,236166400.0,"Harbor Custom Development, Inc.",,,"Harbor Custom Development, Inc."
1540013,236092000.0,Quipt Home Medical Corp.,,,Quipt Home Medical Corp.
1550913,235992178.0,"MacKenzie Realty Capital, Inc.",MKZR,"MacKenzie Realty Capital, Inc.","MacKenzie Realty Capital, Inc."
1610532,235836000.0,"HORTONWORKS, INC.",,,"HORTONWORKS, INC."
1122063,235435000.0,"FTE NETWORKS, INC.",,,"FTE NETWORKS, INC."
1010086,235330216.0,SIGA TECHNOLOGIES INC,SIGA,SIGA TECHNOLOGIES INC,SIGA TECHNOLOGIES INC
1586049,235252000.0,OXFORD IMMUNOTEC GLOBAL PLC,,,OXFORD IMMUNOTEC GLOBAL PLC
2028614,235205692.0,DRUGS MADE IN AMERICA ACQUISITION CORP.,DMAA,Drugs Made In America Acquisition Corp.,Drugs Made In America Acquisition Corp.
1472494,235119050.0,"United States Brent Oil Fund, LP",BNO,"United States Brent Oil Fund, LP","United States Brent Oil Fund, LP"
1979306,235087073.0,"ANDALUSIAN CREDIT COMPANY, LLC",,,"ANDALUSIAN CREDIT COMPANY, LLC"
1853044,235076820.0,"Aeries Technology, Inc.",AERT,"Aeries Technology, Inc.","Aeries Technology, Inc."
1069530,234834000.0,"Cassava Sciences, Inc.",FLNA,"FILANA THERAPEUTICS, INC.","FILANA THERAPEUTICS, INC."
1852019,234668588.0,IX ACQUISITION CORP.,,,IX ACQUISITION CORP.
2047497,234521938.0,Rithm Acquisition Corp.,RAC,Rithm Acquisition Corp.,Rithm Acquisition Corp.
2025401,234318313.0,FIFTH ERA ACQUISITION CORP I,FERA,Fifth Era Acquisition Corp I,Fifth Era Acquisition Corp I
1487839,233637175.0,Luokung Technology Corp.,,,Luokung Technology Corp.
1841144,233587141.0,HAWKS ACQUISITION CORP,,,HAWKS ACQUISITION CORP
1843091,233582264.0,VALOR LATITUDE ACQUISITION CORP.,,,VALOR LATITUDE ACQUISITION CORP.
2030663,233575462.0,Sizzle Acquisition Corp. II,SZZL,Sizzle Acquisition Corp. II,Sizzle Acquisition Corp. II
1136294,233535000.0,"NOS4-1, INC.",,,"NOS4-1, INC."
1825962,233338881.0,QUADRO ACQUISITION ONE CORP.,,,QUADRO ACQUISITION ONE CORP.
1346830,232959000.0,"CARA THERAPEUTICS, INC.",TVRD,"Tvardi Therapeutics, Inc.","Tvardi Therapeutics, Inc."
2044009,232905857.0,Armada Acquisition Corp. II,XRPN,Armada Acquisition Corp. II,Armada Acquisition Corp. II
709283,232397000.0,Quantum Corporation,QMCO,QUANTUM CORP /DE/,QUANTUM CORP /DE/
2058359,232310661.0,Cal Redwood Acquisition Corp.,CRAQ,Cal Redwood Acquisition Corp.,Cal Redwood Acquisition Corp.
2060337,232243008.0,Jena Acquisition Corporation II,JENA,JENA ACQUISITION Corp II,JENA ACQUISITION Corp II
1932770,231939000.0,QuantaSing Group Limited,HERE,Here Group Ltd,Here Group Ltd
86115,231828000.0,SAFEGUARD SCIENTIFICS INC,SFES,SAFEGUARD SCIENTIFICS INC,SAFEGUARD SCIENTIFICS INC
1854863,231606891.0,Blue Whale Acquisition Corp I,,,Blue Whale Acquisition Corp I
1923891,231532212.0,NANO     NUCLEAR ENERGY INC.,NNE,Nano Nuclear Energy Inc.,Nano Nuclear Energy Inc.
1776111,231522000.0,"MBX Biosciences, Inc.",MBX,"MBX Biosciences, Inc.","MBX Biosciences, Inc."
1261379,231294886.0,FRONTIER FUNDS,,,FRONTIER FUNDS
1635626,231181668.0,Equitable Financial Corp.,,,Equitable Financial Corp.
1861541,231085639.0,PEGASUS DIGITAL MOBILITY ACQUISITION CORP.,,,PEGASUS DIGITAL MOBILITY ACQUISITION CORP.
1459839,230921000.0,"SI-BONE, Inc.",SIBN,"SI-BONE, Inc.","SI-BONE, Inc."
1892747,230791634.0,VALUENCE MERGER CORP. I,VMCAF,Valuence Merger Corp. I,Valuence Merger Corp. I
1845123,230768608.0,Swiftmerge Acquisition Corp.,ANNA,"AleAnna, Inc.","AleAnna, Inc."
1145765,230758101.0,GLOBAL MACRO TRUST,,,GLOBAL MACRO TRUST
1586105,230387000.0,Zyla Life Sciences,,,Zyla Life Sciences
1598674,230318000.0,CASPER SLEEP INC.,,,CASPER SLEEP INC.
1884516,230279000.0,DRILLING TOOLS INTERNATIONAL CORPORATION,DTI,Drilling Tools International Corp,Drilling Tools International Corp
1792267,230162000.0,Burning Rock Biotech Limited,BNR,Burning Rock Biotech Ltd,Burning Rock Biotech Ltd
2025396,229887000.0,VINE HILL CAPITAL INVESTMENT CORP.,,,VINE HILL CAPITAL INVESTMENT CORP.
1844280,229804021.0,"Thorne HealthTech, Inc.",,,"Thorne HealthTech, Inc."
927355,229737400.0,TESSCO Technologies Incorporated,,,TESSCO Technologies Incorporated
1852495,229635335.0,Jackson Acquisition Company,,,Jackson Acquisition Company
2033991,229064833.0,Texas Ventures Acquisition III Corp,TVA,Texas Ventures Acquisition III Corp,Texas Ventures Acquisition III Corp
1462633,228880000.0,"Jive Software, Inc.",,,"Jive Software, Inc."
1680581,228838000.0,"FULCRUM THERAPEUTICS, INC.",FULC,"Fulcrum Therapeutics, Inc.","Fulcrum Therapeutics, Inc."
1838987,228183000.0,"COMPLETE SOLARIA, INC.",SPWR,SunPower Inc.,SunPower Inc.
1858258,227910897.0,FRANKLIN TEMPLETON HOLDINGS TRUST,FGDL,Franklin Templeton Holdings Trust,Franklin Templeton Holdings Trust
1313275,227813000.0,BRIGHTCOVE INC,,,BRIGHTCOVE INC
1641281,227807000.0,"Bolt Biotherapeutics, Inc.",BOLT,"Bolt Biotherapeutics, Inc.","Bolt Biotherapeutics, Inc."
1652926,227632000.0,"Resource Apartment REIT III, Inc.",,,"Resource Apartment REIT III, Inc."
1725134,227621000.0,"Digital Media Solutions, Inc.",,,"Digital Media Solutions, Inc."
1386164,226569381.0,CERES ABINGDON L.P.,,,CERES ABINGDON L.P.
1994702,226508000.0,"Kyverna Therapeutics, Inc.",KYTX,"Kyverna Therapeutics, Inc.","Kyverna Therapeutics, Inc."
798081,226304000.0,"Lakeland Industries, Inc.",LAKE,LAKELAND INDUSTRIES INC,LAKELAND INDUSTRIES INC
1419600,226262000.0,"Flexion Therapeutics, Inc.",,,"Flexion Therapeutics, Inc."
1524223,226211000.0,"MANNING & NAPIER, INC.",,,"MANNING & NAPIER, INC."
1689657,226094000.0,PhenomeX Inc.,,,PhenomeX Inc.
1744494,226010880.0,"Advent Technologies Holdings, Inc.",ADNH,"ADVENT TECHNOLOGIES HOLDINGS, INC.","ADVENT TECHNOLOGIES HOLDINGS, INC."
1502519,225990669.0,"ICON ECI FUND FIFTEEN, L.P.",,,"ICON ECI FUND FIFTEEN, L.P."
1852061,225869764.0,GENERATION ASIA I ACQUISITION LIMITED,,,GENERATION ASIA I ACQUISITION LIMITED
1826892,225736000.0,"BIOATLA, INC.",BCAB,"BioAtla, Inc.","BioAtla, Inc."
1430306,225690000.0,TONIX PHARMACEUTICALS HOLDING CORP.,TNXP,Tonix Pharmaceuticals Holding Corp.,Tonix Pharmaceuticals Holding Corp.
1861449,225656000.0,"Bird Global, Inc.",,,"Bird Global, Inc."
1891101,225334000.0,BRC Inc.,BRCC,BRC Inc.,BRC Inc.
1988280,225296734.0,MANULIFE PRIVATE CREDIT FUND,,,MANULIFE PRIVATE CREDIT FUND
1839824,225275300.0,FAST ACQUISITION CORP. II,,,FAST ACQUISITION CORP. II
1847152,225222756.0,SKYDECK ACQUISITION CORP.,,,SKYDECK ACQUISITION CORP.
1759138,224500000.0,"CABALETTA BIO, INC.",CABA,"Cabaletta Bio, Inc.","Cabaletta Bio, Inc."
1716338,224165000.0,Pintec Technology Holdings Limited,JF,J & Friends Holdings Ltd,J & Friends Holdings Ltd
1798749,223968000.0,"Aerovate Therapeutics, Inc.",JBIO,"Jade Biosciences, Inc.","Jade Biosciences, Inc."
2034334,223948762.0,ARTIUS II ACQUISITION INC.,,,ARTIUS II ACQUISITION INC.
1501796,223935000.0,"AURA BIOSCIENCES, INC.",AURA,"Aura Biosciences, Inc.","Aura Biosciences, Inc."
1848861,223672996.0,HEALTHCARE AI ACQUISITION CORP.,,,HEALTHCARE AI ACQUISITION CORP.
791908,223456000.0,XOMA ROYALTY CORPORATION,,,XOMA ROYALTY CORPORATION
1703647,223218000.0,"Korro Bio, Inc.",KRRO,"Korro Bio, Inc.","Korro Bio, Inc."
1825079,223063000.0,"Velo3D, Inc.",VELO,"Velo3D, Inc.","Velo3D, Inc."
1853397,223004418.0,ZALATORIS II ACQUISITION CORP.,,,ZALATORIS II ACQUISITION CORP.
1366744,222959992.0,"HOMELAND ENERGY SOLUTIONS, LLC",,,"HOMELAND ENERGY SOLUTIONS, LLC"
2054174,222775003.0,CRANE HARBOR ACQUISITION CORP.,,,CRANE HARBOR ACQUISITION CORP.
1847355,222740675.0,TARGET GLOBAL ACQUISITION I CORP.,,,TARGET GLOBAL ACQUISITION I CORP.
1745020,222447000.0,"THESEUS PHARMACEUTICALS, INC.",,,"THESEUS PHARMACEUTICALS, INC."
1142412,222188000.0,MISSION BROADCASTING INC,,,MISSION BROADCASTING INC
1379527,221416935.0,WisdomTree Continuous Commodity Index Master Fund,,,WisdomTree Continuous Commodity Index Master Fund
2064307,221000000.0,ContextLogic Holdings Inc.,LOGC,ContextLogic Holdings Inc.,ContextLogic Holdings Inc.
875657,220961000.0,ULTRALIFE CORPORATION,ULBI,ULTRALIFE CORP,ULTRALIFE CORP
1696088,220519827.0,"ENERGY RESOURCES 12, L.P",,,"ENERGY RESOURCES 12, L.P"
1678660,220500000.0,PRELUDE THERAPEUTICS INC,PRLD,Prelude Therapeutics Inc,Prelude Therapeutics Inc
1742089,220401579.0,"CBM BANCORP, INC.",,,"CBM BANCORP, INC."
1830749,220358000.0,Achilles Therapeutics plc,,,Achilles Therapeutics plc
64472,220156000.0,GENCOR INDUSTRIES INC,GENC,GENCOR INDUSTRIES INC,GENCOR INDUSTRIES INC
1813452,220062663.0,Planet 13 Holdings Inc.,PLNH,Planet 13 Holdings Inc.,Planet 13 Holdings Inc.
1026655,219924000.0,"Core Molding Technologies, Inc.",CMT,CORE MOLDING TECHNOLOGIES INC,CORE MOLDING TECHNOLOGIES INC
1479526,219900673.0,"CHINA MODERN AGRICULTURAL INFORMATION, INC.",,,"CHINA MODERN AGRICULTURAL INFORMATION, INC."
1849580,219373270.0,WAVERLEY CAPITAL ACQUISITION CORP. 1,,,WAVERLEY CAPITAL ACQUISITION CORP. 1
39092,219078000.0,"FRIEDMAN INDUSTRIES, INCORPORATED",FRD,FRIEDMAN INDUSTRIES INC,FRIEDMAN INDUSTRIES INC
1805890,219064000.0,Fusion Pharmaceuticals Inc.,,,Fusion Pharmaceuticals Inc.
1726548,218979000.0,BC Partners Lending Corporation,,,BC Partners Lending Corporation
1912461,218781844.0,SK GROWTH OPPORTUNITIES CORPORATION,,,SK GROWTH OPPORTUNITIES CORPORATION
1036848,218736100.0,MEGA MATRIX CORP.,,,MEGA MATRIX CORP.
784539,218560000.0,EACO CORP,EACO,EACO CORP,EACO CORP
1020214,218092000.0,CERUS CORPORATION,CERS,CERUS CORP,CERUS CORP
1753673,217775000.0,SCIENJOY HOLDING CORPORATION,SJ,Scienjoy Holding Corp,Scienjoy Holding Corp
1843988,217688355.0,two,,,two
917523,217499000.0,"REVOLUTION LIGHTING TECHNOLOGIES, INC.",,,"REVOLUTION LIGHTING TECHNOLOGIES, INC."
1835597,217440000.0,PEPGEN INC.,PEPG,PepGen Inc.,PepGen Inc.
1840353,217189502.0,TWIN RIDGE CAPITAL ACQUISITION CORP.,,,TWIN RIDGE CAPITAL ACQUISITION CORP.
92679,217143000.0,Sparton Corp.,,,Sparton Corp.
1421517,217039000.0,"Energy Recovery, Inc.",ERII,"Energy Recovery, Inc.","Energy Recovery, Inc."
2061379,217031875.0,LIGHTWAVE ACQUISITION CORP.,LWAC,LightWave Acquisition Corp.,LightWave Acquisition Corp.
1856028,216955981.0,"Stronghold Digital Mining, Inc.",,,"Stronghold Digital Mining, Inc."
355019,216908000.0,FONAR CORPORATION,,,FONAR CORPORATION
1851909,216798844.0,Compass Digital Acquisition Corp.,,,Compass Digital Acquisition Corp.
1907085,216408000.0,Oddity Tech Ltd,ODD,Oddity Tech Ltd,Oddity Tech Ltd
2036060,216372290.0,"SECURITY MIDWEST BANCORP, INC.",SBMW,"Security Midwest Bancorp, Inc.","Security Midwest Bancorp, Inc."
1722964,216366000.0,"Y-MABS THERAPEUTICS, INC.",,,"Y-MABS THERAPEUTICS, INC."
916793,216197000.0,SILICOM LTD.,SILC,SILICOM LTD.,SILICOM LTD.
2002038,215966714.0,LEGATO MERGER CORP. III,,,LEGATO MERGER CORP. III
1348911,215505000.0,"KALVISTA PHARMACEUTICALS, INC.",,,"KALVISTA PHARMACEUTICALS, INC."
1790625,215239000.0,"AgileThought, Inc.",,,"AgileThought, Inc."
1594879,215219000.0,"ZOE'S KITCHEN, INC.",,,"ZOE'S KITCHEN, INC."
1365767,215169000.0,ALLOT LTD.,ALLT,Allot Ltd.,Allot Ltd.
1843588,215013000.0,REE Automotive Ltd.,REEAF,REE Automotive Ltd.,REE Automotive Ltd.
1557142,214798000.0,"Kadmon Holdings, Inc.",,,"Kadmon Holdings, Inc."
1827980,214730000.0,"EMBARK TECHNOLOGY, INC.",,,"EMBARK TECHNOLOGY, INC."
1571329,214710000.0,Logan Ridge Finance Corporation,,,Logan Ridge Finance Corporation
1415336,214345000.0,Zeltiq Aesthetics Inc,,,Zeltiq Aesthetics Inc
1832483,214315000.0,SERVE ROBOTICS INC.,SERV,Serve Robotics Inc. /DE/,Serve Robotics Inc. /DE/
1549966,214249000.0,Silvercrest Asset Management Group Inc.,SAMG,Silvercrest Asset Management Group Inc.,Silvercrest Asset Management Group Inc.
1488613,214035000.0,"FOUNDATION MEDICINE, INC.",,,"FOUNDATION MEDICINE, INC."
1850051,214034334.0,INTELLIGENT MEDICINE ACQUISITION CORP.,,,INTELLIGENT MEDICINE ACQUISITION CORP.
1603978,213840772.0,"AquaBounty Technologies, Inc.",AQB,AQUABOUNTY TECHNOLOGIES INC,AQUABOUNTY TECHNOLOGIES INC
808439,213635000.0,TAT TECHNOLOGIES LTD,TATT,TAT TECHNOLOGIES LTD,TAT TECHNOLOGIES LTD
45919,213437000.0,"HARTE HANKS, INC.",HHS,HARTE HANKS INC,HARTE HANKS INC
1108320,213379000.0,SMTC CORP,,,SMTC CORP
1310383,213303000.0,"SUMMIT HEALTHCARE REIT, INC.",,,"SUMMIT HEALTHCARE REIT, INC."
1851277,213177000.0,Carlyle Secured Lending III,,,Carlyle Secured Lending III
1272754,213095000.0,"T Bancshares, Inc.",,,"T Bancshares, Inc."
1531177,213073000.0,"SIGHT SCIENCES, INC.",SGHT,"Sight Sciences, Inc.","Sight Sciences, Inc."
1836478,212580670.0,AVALON ACQUISITION INC.,,,AVALON ACQUISITION INC.
1855555,212437412.0,ACCRETION ACQUISITION CORP.,,,ACCRETION ACQUISITION CORP.
1470099,212430000.0,"MobileIron, Inc.",,,"MobileIron, Inc."
1359555,212393000.0,Pendrell Corp,,,Pendrell Corp
353184,212361000.0,"AIR T, INC.",AIRT,AIR T INC,AIR T INC
723603,212140000.0,CULP INC,CULP,CULP INC,CULP INC
2007919,212118000.0,"INHIBRX BIOSCIENCES, INC.",INBX,"Inhibrx Biosciences, Inc.","Inhibrx Biosciences, Inc."
1782223,211379000.0,"Pyxis Oncology, Inc.",PYXS,"Pyxis Oncology, Inc.","Pyxis Oncology, Inc."
1095315,211336000.0,"PFSweb, Inc.",,,"PFSweb, Inc."
721693,210683160.0,SMART POWERR CORP.,CREG,Smart Powerr Corp.,Smart Powerr Corp.
1437925,210274502.0,"Golden Matrix Group, Inc.",MRDN,Meridian Holdings Inc./NV,Meridian Holdings Inc./NV
1733443,210245000.0,"Chosen, Inc.",,,"Chosen, Inc."
1476840,210241000.0,"EXPENSIFY, INC.",EXFY,"Expensify, Inc.","Expensify, Inc."
1708715,210238000.0,Seneca Financial Corp.,,,Seneca Financial Corp.
1062292,210186000.0,XO GROUP INC.,,,XO GROUP INC.
1160791,210098000.0,GOLD RESOURCE CORP,,,GOLD RESOURCE CORP
1848756,210012487.0,PYROPHYTE ACQUISITION CORP.,,,PYROPHYTE ACQUISITION CORP.
2020354,209786000.0,West Bay BDC LLC,,,West Bay BDC LLC
2015947,209469723.0,SILVERBOX CORP IV,SBXD,SilverBox Corp IV,SilverBox Corp IV
1862935,209298900.0,INFINT ACQUISITION CORPORATION,CURR,Currenc Group Inc.,Currenc Group Inc.
1851230,209135662.0,Crescera Capital Acquisition Corp.,,,Crescera Capital Acquisition Corp.
1340652,209083000.0,"ChemoCentryx, Inc.",,,"ChemoCentryx, Inc."
1741231,208767000.0,"TATTOOED CHEF, INC.",,,"TATTOOED CHEF, INC."
1668243,208717000.0,UroGen Pharma Ltd.,URGN,UroGen Pharma Ltd.,UroGen Pharma Ltd.
1493566,208596000.0,"Otonomy, Inc.",,,"Otonomy, Inc."
1839990,208511564.0,Artemis Strategic Investment Corp,,,Artemis Strategic Investment Corp
1358190,208377618.0,"IT TECH PACKAGING, INC.",ITP,"IT TECH PACKAGING, INC.","IT TECH PACKAGING, INC."
1609151,208349000.0,"Weave Communications, Inc.",WEAV,"Weave Communications, Inc.","Weave Communications, Inc."
1563880,208339000.0,"TREVI THERAPEUTICS, INC.",TRVI,"Trevi Therapeutics, Inc.","Trevi Therapeutics, Inc."
1856774,208297153.0,Games & Esports Experience Acquisition Corp.,,,Games & Esports Experience Acquisition Corp.
2023730,208260475.0,GigCapital7 Corp.,HDRN,"Hadron Energy, Inc.","Hadron Energy, Inc."
1750019,208236000.0,TCR2 Therapeutics Inc.,,,TCR2 Therapeutics Inc.
726514,208036000.0,ELECTRO SCIENTIFIC INDUSTRIES INC,,,ELECTRO SCIENTIFIC INDUSTRIES INC
1967656,207906000.0,"PFS Bancorp, Inc.",PFSB,"PFS Bancorp, Inc.","PFS Bancorp, Inc."
1848821,207857000.0,Global Technology Acquisition Corp. I,,,Global Technology Acquisition Corp. I
1861107,207689000.0,"CeriBell, Inc.",CBLL,"Ceribell, Inc.","Ceribell, Inc."
1844635,207688104.0,CORAZON CAPITAL V838 MONOCEROS CORP,,,CORAZON CAPITAL V838 MONOCEROS CORP
1858503,207538370.0,GREEN VISOR FINANCIAL TECHNOLOGY ACQUISITION CORP. I,,,GREEN VISOR FINANCIAL TECHNOLOGY ACQUISITION CORP. I
1876716,207504476.0,ASPAC II Acquisition Corp.,ASCBF,ASPAC II Acquisition Corp.,ASPAC II Acquisition Corp.
1856161,207466287.0,PEARL HOLDINGS ACQUISITION CORP,,,PEARL HOLDINGS ACQUISITION CORP
1883788,207355603.0,"DIH HOLDING US, INC.",,,"DIH HOLDING US, INC."
1868640,207291404.0,VAHANNA TECH EDGE ACQUISITION I CORP.,RDZN,Roadzen Inc.,Roadzen Inc.
1881462,207199000.0,Spree Acquisition Corp. 1 Limited,,,Spree Acquisition Corp. 1 Limited
1823000,207063380.0,CONX CORP.,,,CONX CORP.
1326190,206928000.0,"ALTIMMUNE, INC.",ALT,"Altimmune, Inc.","Altimmune, Inc."
352998,206905000.0,"TELIGENT, INC.",,,"TELIGENT, INC."
2043699,206856000.0,NEWHOLD INVESTMENT CORP III,NHIC,NewHold Investment Corp. III,NewHold Investment Corp. III
1034842,206736000.0,"RIGEL PHARMACEUTICALS, INC.",RIGL,RIGEL PHARMACEUTICALS INC,RIGEL PHARMACEUTICALS INC
1731388,206631415.0,EuroDry Ltd.,EDRY,EuroDry Ltd.,EuroDry Ltd.
1630627,206443000.0,"TREACE MEDICAL CONCEPTS, INC.",TMCI,"TREACE MEDICAL CONCEPTS, INC.","TREACE MEDICAL CONCEPTS, INC."
1872302,206427090.0,Nano Labs Ltd,NA,Nano Labs Ltd,Nano Labs Ltd
1844981,206195454.0,DIGIASIA CORP.,,,DIGIASIA CORP.
1432133,206171000.0,"Kaltura, Inc.",KLTR,KALTURA INC,KALTURA INC
1636050,206059000.0,Sio Gene Therapies Inc.,,,Sio Gene Therapies Inc.
1942722,205976120.0,"BGO Industrial Real Estate Income Trust, Inc.",,,"BGO Industrial Real Estate Income Trust, Inc."
915778,205925000.0,"DSP GROUP, INC.",,,"DSP GROUP, INC."
1720893,205853000.0,"BioXcel Therapeutics, Inc.",BTAI,"BioXcel Therapeutics, Inc.","BioXcel Therapeutics, Inc."
1042074,205727000.0,"CymaBay Therapeutics, Inc.",,,"CymaBay Therapeutics, Inc."
1846975,205597299.0,SDCL EDGE Acquisition Corporation,,,SDCL EDGE Acquisition Corporation
1513818,205570000.0,"Aravive, Inc.",,,"Aravive, Inc."
1019272,205550000.0,EMPIRE RESOURCES INC /NEW/,,,EMPIRE RESOURCES INC /NEW/
805928,205453000.0,"AXOGEN, INC.",AXGN,"Axogen, Inc.","Axogen, Inc."
1839608,205419000.0,"GETAROUND, INC.",,,"GETAROUND, INC."
1680367,205324000.0,"Shattuck Labs, Inc.",STTK,"Shattuck Labs, Inc.","Shattuck Labs, Inc."
1574963,205085000.0,"World Point Terminals, LP",,,"World Point Terminals, LP"
1916608,204949000.0,TCW Star Direct Lending LLC,,,TCW Star Direct Lending LLC
1582086,204700000.0,BLUE CAPITAL REINSURANCE HOLDINGS LTD.,,,BLUE CAPITAL REINSURANCE HOLDINGS LTD.
1551693,204404000.0,"PROJECT SAGE OLDCO, INC.",,,"PROJECT SAGE OLDCO, INC."
1522767,204373000.0,MARIMED INC.,MRMD,MARIMED INC.,MARIMED INC.
1104358,204319000.0,BROADVIEW NETWORKS HOLDINGS INC,,,BROADVIEW NETWORKS HOLDINGS INC
1863181,204313446.0,HOME PLATE ACQUISITION CORP.,,,HOME PLATE ACQUISITION CORP.
1818382,204302000.0,"Humacyte, Inc.",HUMA,"Humacyte, Inc.","Humacyte, Inc."
1830795,204207681.0,QUANTUM FINTECH ACQUISITION CORPORATION,,,QUANTUM FINTECH ACQUISITION CORPORATION
1963088,204207681.0,"AtlasClear Holdings, Inc",ATCH,"AtlasClear Holdings, Inc.","AtlasClear Holdings, Inc."
1862068,204029000.0,"Rubicon Technologies, Inc.",,,"Rubicon Technologies, Inc."
1863294,203855661.0,DA32 LIFE SCIENCE TECH ACQUISITION CORP.,,,DA32 LIFE SCIENCE TECH ACQUISITION CORP.
1731831,203820000.0,"EIDOS THERAPEUTICS, INC.",,,"EIDOS THERAPEUTICS, INC."
1843121,203759547.0,MAGNUM OPUS ACQUISITION LIMITED,,,MAGNUM OPUS ACQUISITION LIMITED
894871,203719000.0,"The Arena Group Holdings, Inc.",PAAI,"Paradium.AI, Inc.","Paradium.AI, Inc."
2027708,203667834.0,"CANTOR EQUITY PARTNERS I, INC.",CEPO,"Cantor Equity Partners I, Inc.","Cantor Equity Partners I, Inc."
779544,203633000.0,ARK RESTAURANTS CORP.,ARKR,ARK RESTAURANTS CORP,ARK RESTAURANTS CORP
1855693,203561210.0,FRONTIER INVESTMENT CORP,,,FRONTIER INVESTMENT CORP
1848323,203350253.0,LIVE OAK CRESTVIEW CLIMATE ACQUISITION CORP.,,,LIVE OAK CRESTVIEW CLIMATE ACQUISITION CORP.
1847416,203332786.0,Orion Biotech Opportunities Corp.,,,Orion Biotech Opportunities Corp.
1872228,203139389.0,THAYER VENTURES ACQUISITION CORPORATION II,TVAI,Thayer Ventures Acquisition Corp II,Thayer Ventures Acquisition Corp II
1461119,203095269.0,CRH Medical Corp,,,CRH Medical Corp
1666384,203069000.0,"AG Twin Brook BDC, Inc.",,,"AG Twin Brook BDC, Inc."
2059654,202970429.0,Blue Acquisition Corp/Cayman,BACC,Blue Acquisition Corp/Cayman,Blue Acquisition Corp/Cayman
1732409,202961000.0,Grayscale® Bitcoin Cash Trust (BCH),BCHG,Grayscale Bitcoin Cash Trust (BCH),Grayscale Bitcoin Cash Trust (BCH)
1374684,202938000.0,"MULESOFT, INC",,,"MULESOFT, INC"
1716188,202631737.0,"SSB Bancorp, Inc.",,,"SSB Bancorp, Inc."
1766146,202135464.0,UNION ACQUISITION CORP. II,,,UNION ACQUISITION CORP. II
1651944,202075000.0,"DERMTECH, INC.",,,"DERMTECH, INC."
790715,201807000.0,SIGMA DESIGNS INC,,,SIGMA DESIGNS INC
1514732,201655000.0,"SAExploration Holdings, Inc.",,,"SAExploration Holdings, Inc."
1659494,201359000.0,51Talk Online Education Group,COE,51Talk Online Education Group,51Talk Online Education Group
1639669,201121196.0,ELECTRUM SPECIAL ACQUISITION CORP,,,ELECTRUM SPECIAL ACQUISITION CORP
1131324,201114000.0,"GENOMIC HEALTH, INC.",,,"GENOMIC HEALTH, INC."
1351285,201107000.0,ROSETTA STONE INC,,,ROSETTA STONE INC
1703038,200823000.0,NRC GROUP HOLDINGS CORP.,,,NRC GROUP HOLDINGS CORP.
1870940,200759000.0,"AirSculpt Technologies, Inc.",AIRS,"Airsculpt Technologies, Inc.","Airsculpt Technologies, Inc."
1850529,200720710.0,HEARTLAND MEDIA ACQUISITION CORP.,,,HEARTLAND MEDIA ACQUISITION CORP.
1822711,200621000.0,"PARDES BIOSCIENCES, INC.",,,"PARDES BIOSCIENCES, INC."
1057379,200516000.0,"Hackett Group, Inc.",HCKT,"HACKETT GROUP, INC.","HACKETT GROUP, INC."
2057030,200493271.0,AXIOM INTELLIGENCE ACQUISITION CORP 1,AXIN,Axiom Intelligence Acquisition Corp 1,Axiom Intelligence Acquisition Corp 1
1641197,200424658.0,EASTERLY ACQUISITION CORP.,,,EASTERLY ACQUISITION CORP.
1827087,200393000.0,"VIGIL NEUROSCIENCE, INC.",,,"VIGIL NEUROSCIENCE, INC."
1852931,199770000.0,NewHold Investment Corp. II,,,NewHold Investment Corp. II
1007587,199757000.0,"KVH Industries, Inc.",KVHI,KVH INDUSTRIES INC \DE\,KVH INDUSTRIES INC \DE\
1738021,199645000.0,"Compass Therapeutics, Inc.",CMPX,"Compass Therapeutics, Inc.","Compass Therapeutics, Inc."
1399249,199452000.0,"PZENA INVESTMENT MANAGEMENT, INC.",,,"PZENA INVESTMENT MANAGEMENT, INC."
1877561,199231389.0,"NRI Real Estate Investment and Technology, Inc.",,,"NRI Real Estate Investment and Technology, Inc."
2029769,199175668.0,OAKTREE ACQUISITION CORP. III LIFE SCIENCES,OACC,Oaktree Acquisition Corp. III Life Sciences,Oaktree Acquisition Corp. III Life Sciences
835887,198986000.0,Progenics Pharmaceuticals Inc,,,Progenics Pharmaceuticals Inc
751365,198641000.0,VIRCO MFG. CORPORATION,VIRC,VIRCO MFG CORPORATION,VIRCO MFG CORPORATION
69633,198141000.0,"NAPCO SECURITY TECHNOLOGIES, INC",NSSC,"NAPCO SECURITY TECHNOLOGIES, INC","NAPCO SECURITY TECHNOLOGIES, INC"
43350,197424000.0,GAS NATURAL INC.,,,GAS NATURAL INC.
1869105,197390337.0,HELIX ACQUISITION CORP. II,BBOT,"BridgeBio Oncology Therapeutics, Inc.","BridgeBio Oncology Therapeutics, Inc."
1856961,197089953.0,Blue Ocean Acquisition Corp,,,Blue Ocean Acquisition Corp
1978811,196719000.0,"Gouverneur Bancorp, Inc.",GOVB,"Gouverneur Bancorp, Inc./MD/","Gouverneur Bancorp, Inc./MD/"
1576885,196587000.0,"Acumen Pharmaceuticals, Inc.",ABOS,"Acumen Pharmaceuticals, Inc.","Acumen Pharmaceuticals, Inc."
315131,196522699.0,PHX MINERALS INC.,,,PHX MINERALS INC.
1716947,196511899.0,"Ensysce Biosciences, Inc.",ENSC,"Ensysce Biosciences, Inc.","Ensysce Biosciences, Inc."
1092289,196393000.0,TRANSATLANTIC PETROLEUM LTD.,,,TRANSATLANTIC PETROLEUM LTD.
1526119,196264000.0,"Verastem, Inc.",VSTM,"Verastem, Inc.","Verastem, Inc."
355948,195835000.0,RICHARDSON ELECTRONICS LTD/DE,RELL,"RICHARDSON ELECTRONICS, LTD.","RICHARDSON ELECTRONICS, LTD."
1600641,195796000.0,"1stdibs.com, Inc",DIBS,"1stdibs.com, Inc.","1stdibs.com, Inc."
1532346,195715000.0,"Atreca, Inc.",,,"Atreca, Inc."
946563,195665665.0,"Retractable Technologies, Inc.",RVP,RETRACTABLE TECHNOLOGIES INC,RETRACTABLE TECHNOLOGIES INC
1863006,195659000.0,Valens Semiconductor Ltd.,VLN,Valens Semiconductor Ltd.,Valens Semiconductor Ltd.
1875493,195515665.0,CSLM ACQUISITION CORP.,,,CSLM ACQUISITION CORP.
1302573,195482000.0,ONCOMED PHARMACEUTICALS INC,,,ONCOMED PHARMACEUTICALS INC
1624512,195395000.0,BOXLIGHT CORPORATION,BOXL,Boxlight Corp,Boxlight Corp
1563756,195316139.0,"Lightstone Value Plus REIT III, Inc.",,,"Lightstone Value Plus REIT III, Inc."
1846416,195290441.0,HENNESSY CAPITAL INVESTMENT CORP. VII,HVII,Hennessy Capital Investment Corp. VII,Hennessy Capital Investment Corp. VII
1468910,194790171.0,MILLBURN MULTI-MARKETS FUND L.P.,,,MILLBURN MULTI-MARKETS FUND L.P.
1419625,194782000.0,Apptio Inc,,,Apptio Inc
1859807,194736486.0,NORTHVIEW ACQUISITION CORP.,PFSA,"Profusa, Inc.","Profusa, Inc."
1474903,194673000.0,"BGSF, INC.",BGSF,"BGSF, INC.","BGSF, INC."
1496443,193896201.0,"PAYSIGN, INC.",PAYS,"Paysign, Inc.","Paysign, Inc."
1383055,193798351.0,INVESCO DB GOLD FUND,,,INVESCO DB GOLD FUND
1308858,193730000.0,Dryships Inc.,,,Dryships Inc.
1127537,193676000.0,PULMONX CORPORATION,LUNG,Pulmonx Corp,Pulmonx Corp
55529,193486000.0,KEWAUNEE SCIENTIFIC CORP /DE/,KEQU,KEWAUNEE SCIENTIFIC CORP /DE/,KEWAUNEE SCIENTIFIC CORP /DE/
1383062,193340798.0,INVESCO DB ENERGY FUND,DBE,Invesco DB Energy Fund,Invesco DB Energy Fund
1814423,193326000.0,iHuman Inc.,IH,iHuman Inc.,iHuman Inc.
1562622,193320916.0,CAVENDISH FUTURES FUND LLC,,,CAVENDISH FUTURES FUND LLC
93676,193111000.0,The L.S. Starrett Company,,,The L.S. Starrett Company
1413898,192731000.0,DallasNews CORPORATION,,,DallasNews CORPORATION
1768446,192386000.0,"ELIEM THERAPEUTICS, INC.",CLYM,"Climb Bio, Inc.","Climb Bio, Inc."
1681903,192162211.0,"ICC Holdings, Inc.",,,"ICC Holdings, Inc."
1840292,191619000.0,"Heliogen, Inc.",,,"Heliogen, Inc."
1409269,191127000.0,VENUS CONCEPT INC.,,,VENUS CONCEPT INC.
1380106,190650000.0,"Rapid Micro Biosystems, Inc.",RPID,"RAPID MICRO BIOSYSTEMS, INC.","RAPID MICRO BIOSYSTEMS, INC."
1838672,190604000.0,"AdTheorent Holding Company, Inc.",,,"AdTheorent Holding Company, Inc."
1835615,190584205.0,"MEIHUA INTERNATIONAL MEDICAL TECHNOLOGIES cO., LTD.",MHUAF,"Meihua International Medical Technologies Co., Ltd.","Meihua International Medical Technologies Co., Ltd."
1023459,190461000.0,"Simulations Plus, Inc.",SLP,"Simulations Plus, Inc.","Simulations Plus, Inc."
713425,190064000.0,"LOGILITY SUPPLY CHAIN SOLUTIONS, INC.",,,"LOGILITY SUPPLY CHAIN SOLUTIONS, INC."
1819493,189936000.0,"XOS, INC.",XOS,"Xos, Inc.","Xos, Inc."
1060349,189886000.0,"GAMCO INVESTORS, INC. ET AL",,,"GAMCO INVESTORS, INC. ET AL"
883943,189406000.0,CHRISTOPHER & BANKS CORP,,,CHRISTOPHER & BANKS CORP
1357971,189121088.0,Energy Services of America Corporation,ESOA,Energy Services of America CORP,Energy Services of America CORP
277375,189080632.0,DELTA NATURAL GAS CO INC,,,DELTA NATURAL GAS CO INC
914122,188990000.0,"PERMA-PIPE INTERNATIONAL HOLDINGS, INC.",PPIH,"Perma-Pipe International Holdings, Inc.","Perma-Pipe International Holdings, Inc."
1717452,188827000.0,"Odonate Therapeutics, Inc.",,,"Odonate Therapeutics, Inc."
1527599,188574000.0,"SYNLOGIC, INC.",SYBX,"SYNLOGIC, INC.","SYNLOGIC, INC."
1431766,188547000.0,FSP 303 EAST WACKER DRIVE CORP.,,,FSP 303 EAST WACKER DRIVE CORP.
1010134,188439000.0,ICTS INTERNATIONAL N.V.,ICTSF,ICTS INTERNATIONAL N V,ICTS INTERNATIONAL N V
1839519,188243516.0,CF ACQUISITION CORP. VII,,,CF ACQUISITION CORP. VII
825410,187752000.0,LANDAUER INC,,,LANDAUER INC
799165,187666000.0,DAWSON GEOPHYSICAL COMPANY,DWSN,DAWSON GEOPHYSICAL CO,DAWSON GEOPHYSICAL CO
1750155,187642000.0,"Charlotte's Web Holdings, Inc.",CWBHF,"Charlotte's Web Holdings, Inc.","Charlotte's Web Holdings, Inc."
1383057,187336224.0,INVESCO DB PRECIOUS METALS FUND,DBP,Invesco DB Precious Metals Fund,Invesco DB Precious Metals Fund
1705181,187327000.0,Grayscale Ethereum Classic Trust (ETC),ETCG,Grayscale Ethereum Classic Trust (ETC),Grayscale Ethereum Classic Trust (ETC)
1507986,187210000.0,JetPay Corp,,,JetPay Corp
1714798,187102000.0,Prevail Therapeutics Inc.,,,Prevail Therapeutics Inc.
1264587,186979004.0,STEMLINE THERAPEUTICS INC,,,STEMLINE THERAPEUTICS INC
1640043,186593000.0,PYXIS TANKERS INC.,PXS,Pyxis Tankers Inc.,Pyxis Tankers Inc.
1755237,186478000.0,"CYCLERION THERAPEUTICS, INC.",CYCN,"Korsana Biosciences, Inc.","Korsana Biosciences, Inc."
1462056,186045000.0,"BACKBLAZE, INC.",BLZE,"Backblaze, Inc.","Backblaze, Inc."
1840425,185415021.0,BELLEVUE LIFE SCIENCES ACQUISITION CORP.,OSRH,"OSR Health, Inc.","OSR Health, Inc."
1550695,185078000.0,"PERFORMANT HEALTHCARE, INC.",,,"PERFORMANT HEALTHCARE, INC."
1729149,184603000.0,"Viemed Healthcare, Inc.",VMD,"VIEMED HEALTHCARE, INC.","VIEMED HEALTHCARE, INC."
1422142,184237000.0,"Aadi Bioscience, Inc.",WHWK,"Whitehawk Therapeutics, Inc.","Whitehawk Therapeutics, Inc."
1603454,183592000.0,Celcuity Inc.,CELC,Celcuity Inc.,Celcuity Inc.
1538927,183035000.0,"FORMA THERAPEUTICS HOLDINGS, INC.",,,"FORMA THERAPEUTICS HOLDINGS, INC."
1588972,182997000.0,"Societal CDMO, Inc.",,,"Societal CDMO, Inc."
1103021,182905000.0,"BioDelivery Sciences International, Inc.",,,"BioDelivery Sciences International, Inc."
1855175,182888000.0,"Contineum Therapeutics, Inc.",CTNM,"Contineum Therapeutics, Inc.","Contineum Therapeutics, Inc."
1425287,182742475.0,WORKHORSE GROUP INC.,WKHS,Workhorse Group Inc.,Workhorse Group Inc.
1835512,182654000.0,TERRAN ORBITAL CORPORATION,,,TERRAN ORBITAL CORPORATION
1631256,182241000.0,"KBS GROWTH & INCOME REIT, INC.",,,"KBS GROWTH & INCOME REIT, INC."
808326,181768000.0,EMCORE CORPORATION,,,EMCORE CORPORATION
23111,181619000.0,COMPUTER TASK GROUP INC,,,COMPUTER TASK GROUP INC
1442236,181491049.0,QUEST RESOURCE HOLDING CORPORATION,QRHC,Quest Resource Holding Corp,Quest Resource Holding Corp
944508,181480000.0,"INVENTURE FOODS, INC.",,,"INVENTURE FOODS, INC."
2028935,181457121.0,FACT II ACQUISITION CORP.,FACT,FACT II Acquisition Corp.,FACT II Acquisition Corp.
1341235,181291657.0,"ALDEYRA THERAPEUTICS, INC.",ALDX,"Aldeyra Therapeutics, Inc.","Aldeyra Therapeutics, Inc."
1637736,181246429.0,ELECTRAMECCANICA VEHICLES CORP.,,,ELECTRAMECCANICA VEHICLES CORP.
1781174,181226000.0,"Acrivon Therapeutics, Inc.",ACRV,"Acrivon Therapeutics, Inc.","Acrivon Therapeutics, Inc."
1854270,180792000.0,"Senti Biosciences, Inc.",SNTI,"Senti Biosciences Holdings, Inc.","Senti Biosciences Holdings, Inc."
1862993,180695192.0,AP Acquisition Corp,,,AP Acquisition Corp
1739410,180435000.0,RALLYBIO CORPORATION,RLYB,Rallybio Corp,Rallybio Corp
1801417,179842619.0,BYNORDIC ACQUISITION CORPORATION,BYNO,byNordic Acquisition Corp,byNordic Acquisition Corp
1970622,179701000.0,"USA Rare Earth, Inc.",USAR,"USA Rare Earth, Inc.","USA Rare Earth, Inc."
1165002,179678000.0,"WESTWOOD HOLDINGS GROUP, INC.",WHG,WESTWOOD HOLDINGS GROUP INC,WESTWOOD HOLDINGS GROUP INC
1662253,179603662.0,Tiberius Acquisition Corp,,,Tiberius Acquisition Corp
1553830,179497000.0,"Citizens Independent Bancorp, Inc.",,,"Citizens Independent Bancorp, Inc."
2028027,179480894.0,Newbury Street II Acquisition Corp,NTWO,Newbury Street II Acquisition Corp,Newbury Street II Acquisition Corp
1782303,179453000.0,"BOUNDLESS BIO, INC.",BOLD,"Boundless Bio, Inc.","Boundless Bio, Inc."
1852973,179449742.0,Borealis Foods Inc.,BRLS,Borealis Foods Inc.,Borealis Foods Inc.
880432,179187902.0,"MISONIX, INC.",,,"MISONIX, INC."
1841586,179153691.0,"INDUSTRIAL TECH ACQUISITIONS II, INC.",,,"INDUSTRIAL TECH ACQUISITIONS II, INC."
1857855,179089740.0,Finnovate Acquisition Corp.,,,Finnovate Acquisition Corp.
1868573,179080853.0,APx Acquisition Corp. I,,,APx Acquisition Corp. I
1894951,178880786.0,GLOBAL BLOCKCHAIN ACQUISITION CORP.,,,GLOBAL BLOCKCHAIN ACQUISITION CORP.
1611988,178798861.0,Fifth Street Asset Management Inc.,,,Fifth Street Asset Management Inc.
1030471,178703000.0,UTStarcom Holdings Corp.,UTSI,UTSTARCOM HOLDINGS CORP.,UTSTARCOM HOLDINGS CORP.
1863719,178655328.0,Everest Consolidator Acquisition Corporation,,,Everest Consolidator Acquisition Corporation
1604627,178573000.0,"KUSHCO HOLDINGS, INC.",,,"KUSHCO HOLDINGS, INC."
1049606,178544000.0,COMPX INTERNATIONAL INC,CIX,COMPX INTERNATIONAL INC,COMPX INTERNATIONAL INC
1763197,178460376.0,ECMOHO Ltd,,,ECMOHO Ltd
1527728,178359885.0,RENOVARO INC.,LNAI,Lunai Bioworks Inc.,Lunai Bioworks Inc.
1883984,178315000.0,"ALTERNUS CLEAN ENERGY, INC.",ALCE,Aedis Energy Inc.,Aedis Energy Inc.
1926599,178181374.0,TRANSLATIONAL DEVELOPMENT ACQUISITION CORP.,TDAC,Translational Development Acquisition Corp.,Translational Development Acquisition Corp.
2030482,178144787.0,PLUM ACQUISITION CORP. IV,PLMK,"Plum Acquisition Corp, IV","Plum Acquisition Corp, IV"
1883962,177952835.0,ALSP ORCHID ACQUISITION CORPORATION I,,,ALSP ORCHID ACQUISITION CORPORATION I
1576914,177723000.0,MIX TELEMATICS LIMITED,,,MIX TELEMATICS LIMITED
1616543,177673000.0,"SENSEONICS HOLDINGS, INC.",SENS,"Senseonics Holdings, Inc.","Senseonics Holdings, Inc."
1485538,177643037.0,Ossen Innovation Co. Ltd.,,,Ossen Innovation Co. Ltd.
1173204,177116000.0,Cineverse Corp.,CNVS,Cineverse Corp.,Cineverse Corp.
1967306,176958175.0,"Mercer Bancorp, Inc.",MSBB,"Mercer Bancorp, Inc.","Mercer Bancorp, Inc."
1843724,176856000.0,"LanzaTech Global, Inc.",LNZA,"LanzaTech Global, Inc.","LanzaTech Global, Inc."
1846750,176820523.0,ZALATORIS ACQUISITION CORP.,,,ZALATORIS ACQUISITION CORP.
1757399,176732000.0,TUFIN SOFTWARE TECHNOLOGIES LTD.,,,TUFIN SOFTWARE TECHNOLOGIES LTD.
1647338,176627000.0,GRIDSUM HOLDING INC.,,,GRIDSUM HOLDING INC.
1708493,176604000.0,"Harpoon Therapeutics, Inc.",,,"Harpoon Therapeutics, Inc."
876378,176249000.0,"Asensus Surgical, Inc.",,,"Asensus Surgical, Inc."
1826671,176235605.0,"Near Intelligence, Inc.",,,"Near Intelligence, Inc."
1907108,176068000.0,"LEXEO THERAPEUTICS, INC.",LXEO,"Lexeo Therapeutics, Inc.","Lexeo Therapeutics, Inc."
1711933,176031000.0,"Akoya Biosciences, Inc.",,,"Akoya Biosciences, Inc."
896985,175987000.0,Destination Maternity Corp,,,Destination Maternity Corp
1725872,175930853.0,"BM TECHNOLOGIES, INC.",,,"BM TECHNOLOGIES, INC."
1732406,175867000.0,Grayscale® Litecoin Trust (LTC),LTCN,Grayscale Litecoin Trust (LTC),Grayscale Litecoin Trust (LTC)
1844211,175601511.0,B. Riley Principal 250 Merger Corp.,,,B. Riley Principal 250 Merger Corp.
1340476,175563000.0,DIRTT ENVIRONMENTAL SOLUTIONS LTD,DRTTF,DIRTT ENVIRONMENTAL SOLUTIONS LTD,DIRTT ENVIRONMENTAL SOLUTIONS LTD
1509261,175490000.0,"REZOLUTE, INC.",RZLT,"Rezolute, Inc.","Rezolute, Inc."
1838000,175488391.0,CLEAN ENERGY SPECIAL SITUATIONS CORP.,,,CLEAN ENERGY SPECIAL SITUATIONS CORP.
1873324,175398054.0,PEPPERLIME HEALTH ACQUISITION CORPORATION,,,PEPPERLIME HEALTH ACQUISITION CORPORATION
1828989,175120307.0,PANACEA ACQUISITION CORP. II,,,PANACEA ACQUISITION CORP. II
2052161,175068185.0,REAL ASSET ACQUISITION CORP.,,,REAL ASSET ACQUISITION CORP.
2052162,175066597.0,DIGITAL ASSET ACQUISITION CORP.,DAAQ,Digital Asset Acquisition Corp.,Digital Asset Acquisition Corp.
2064658,174915330.0,Yorkville Acquisition Corp.,MCGA,Yorkville Acquisition Corp.,Yorkville Acquisition Corp.
2045473,174808739.0,Copley Acquisition Corp,COPL,Copley Acquisition Corp,Copley Acquisition Corp
1764301,174793982.0,SC Health Corp,,,SC Health Corp
1126234,174747000.0,"LUMOS PHARMA, INC.",,,"LUMOS PHARMA, INC."
1814329,174699000.0,"ASTRA SPACE, INC.",,,"ASTRA SPACE, INC."
1082506,174671000.0,"GREAT ELM CAPITAL GROUP, INC.",,,"GREAT ELM CAPITAL GROUP, INC."
1793497,174573082.0,VS Trust,UVIX,VS Trust,VS Trust
1543268,174567411.0,Bit Brother Limited,,,Bit Brother Limited
1005699,174517000.0,MAGICJACK VOCALTEC LTD,,,MAGICJACK VOCALTEC LTD
1773087,174370847.0,Tuscan Holdings Corp. II,,,Tuscan Holdings Corp. II
1781162,174207811.0,Momentus Inc.,MNTS,Momentus Inc.,Momentus Inc.
1183765,174202000.0,"Molecular Templates, Inc.",,,"Molecular Templates, Inc."
1841761,174045000.0,"Grove Collaborative Holdings, Inc.",GROV,"Grove Collaborative Holdings, Inc.","Grove Collaborative Holdings, Inc."
1777946,173902304.0,"IronNet, Inc.",,,"IronNet, Inc."
1798562,173694000.0,TMC the metals Co Inc.,TMC,TMC the metals Co Inc.,TMC the metals Co Inc.
1819438,173553000.0,"ESS Tech, Inc.",GWH,"ESS Tech, Inc.","ESS Tech, Inc."
1129155,173245000.0,MARINE PRODUCTS CORPORATION,,,MARINE PRODUCTS CORPORATION
1821788,173190124.0,HORIZON ACQUISITION CORPORATION II,,,HORIZON ACQUISITION CORPORATION II
1001902,173059000.0,"INTEVAC, INC.",,,"INTEVAC, INC."
1494650,172650000.0,"OPTINOSE, INC.",,,"OPTINOSE, INC."
1835579,172259000.0,"IKENA ONCOLOGY, INC.",IMA,"ImageneBio, Inc.","ImageneBio, Inc."
1851908,171735496.0,BLACK SPADE ACQUISITION CO,,,BLACK SPADE ACQUISITION CO
2028699,171492779.0,Dynamix Corporation,DYNC,Dynamix Corp,Dynamix Corp
1375205,171335000.0,UR-ENERGY INC.,URG,UR-ENERGY INC,UR-ENERGY INC
2098,170869000.0,ACME UNITED CORP,ACU,ACME UNITED CORP,ACME UNITED CORP
1845618,170676292.0,Bilander Acquisition Corp.,,,Bilander Acquisition Corp.
845698,170589898.0,GRANT PARK FUTURES FUND LIMITED PARTNERSHIP,,,GRANT PARK FUTURES FUND LIMITED PARTNERSHIP
1760542,170454000.0,HOOKIPA PHARMA INC.,,,HOOKIPA PHARMA INC.
1162556,170300000.0,DOVER DOWNS GAMING & ENTERTAINMENT INC,,,DOVER DOWNS GAMING & ENTERTAINMENT INC
1972529,170214195.0,Armlogi Holding Corp.,BTOC,Armlogi Holding Corp.,Armlogi Holding Corp.
924717,169822000.0,SURMODICS INC,,,SURMODICS INC
1831096,169690000.0,"Great Elm Group, Inc.",GEG,"Great Elm Group, Inc.","Great Elm Group, Inc."
1874218,169625495.0,REVELSTONE CAPITAL ACQUISITION CORP.,,,REVELSTONE CAPITAL ACQUISITION CORP.
1040130,169614000.0,"PETMED EXPRESS, INC.",PETS,PETMED EXPRESS INC,PETMED EXPRESS INC
14177,169611000.0,BRIDGFORD FOODS CORPORATION,BRID,BRIDGFORD FOODS CORP,BRIDGFORD FOODS CORP
1817241,169391000.0,"Artiva Biotherapeutics, Inc.",ARTV,"Artiva Biotherapeutics, Inc.","Artiva Biotherapeutics, Inc."
1843100,169320758.0,Schultze Special Purpose Acquisition Corp. II,,,Schultze Special Purpose Acquisition Corp. II
1584751,169290000.0,Talis Biomedical Corporation,,,Talis Biomedical Corporation
1448431,169265000.0,OptimizeRx Corporation,OPRX,OptimizeRx Corp,OptimizeRx Corp
2016221,168908363.0,Melar Acquisition Corp. I/Cayman,MACI,Melar Acquisition Corp. I/Cayman,Melar Acquisition Corp. I/Cayman
1059272,168885000.0,"bebe stores, inc.",,,"bebe stores, inc."
1496671,168768000.0,"CALITHERA BIOSCIENCES, INC.",,,"CALITHERA BIOSCIENCES, INC."
1277250,168454000.0,"Charge Enterprises, Inc.",,,"Charge Enterprises, Inc."
839470,168408000.0,"WESTWATER RESOURCES, INC.",WWR,"WESTWATER RESOURCES, INC.","WESTWATER RESOURCES, INC."
1253689,167969679.0,"GlycoMimetics, Inc.",CBIO,"CRESCENT BIOPHARMA, INC.","CRESCENT BIOPHARMA, INC."
1614818,167848523.0,CardConnect Corp.,,,CardConnect Corp.
1826681,167625000.0,Sarcos Technology and Robotics Corporation,PDYN,Palladyne AI Corp.,Palladyne AI Corp.
1297830,167623826.0,China Finance Online Co. LTD,,,China Finance Online Co. LTD
1587246,167512000.0,"Cypress Environmental Partners, L.P.",,,"Cypress Environmental Partners, L.P."
1780201,167204000.0,"Lulu’s Fashion Lounge Holdings, Inc.",LVLU,"Lulu's Fashion Lounge Holdings, Inc.","Lulu's Fashion Lounge Holdings, Inc."
1395848,167202000.0,ADESTO TECHNOLOGIES CORP,,,ADESTO TECHNOLOGIES CORP
1353611,167024308.0,Invesco CurrencyShares® British Pound Sterling Trust,FXB,Invesco CurrencyShares British Pound Sterling Trust,Invesco CurrencyShares British Pound Sterling Trust
1495479,166762000.0,"BRAVO BRIO RESTAURANT GROUP, INC.",,,"BRAVO BRIO RESTAURANT GROUP, INC."
1701541,166385000.0,"BLACK DIAMOND THERAPEUTICS, INC.",BDTX,"Black Diamond Therapeutics, Inc.","Black Diamond Therapeutics, Inc."
1102392,166242000.0,"Royal Energy Resources, Inc.",,,"Royal Energy Resources, Inc."
844143,166171000.0,CENTRIC BRANDS INC.,,,CENTRIC BRANDS INC.
844161,166016000.0,APEX GLOBAL BRANDS INC.,,,APEX GLOBAL BRANDS INC.
1273636,165952000.0,APPLIED GENETIC TECHNOLOGIES CORP,,,APPLIED GENETIC TECHNOLOGIES CORP
1850391,165906168.0,WISDOMTREE BITCOIN FUND,BTCW,WisdomTree Bitcoin Fund,WisdomTree Bitcoin Fund
1846084,165499000.0,GLOBAL CROSSING AIRLINES GROUP INC.,JETMF,Global Crossing Airlines Group Inc.,Global Crossing Airlines Group Inc.
1023364,165281000.0,"AutoWeb, Inc.",,,"AutoWeb, Inc."
1479615,165233000.0,Silence Therapeutics plc,SLN,Silence Therapeutics plc,Silence Therapeutics plc
1322505,165069000.0,"ALBIREO PHARMA, INC.",,,"ALBIREO PHARMA, INC."
1259515,165058000.0,Control4 Corp,,,Control4 Corp
1633932,165003340.0,ESSA Pharma Inc.,,,ESSA Pharma Inc.
1123494,164870000.0,"HARVARD BIOSCIENCE, INC.",HBIO,HARVARD BIOSCIENCE INC,HARVARD BIOSCIENCE INC
1523836,164813000.0,"LightInTheBox Holding Co., Ltd.",LITB,"LightInTheBox Holding Co., Ltd.","LightInTheBox Holding Co., Ltd."
72444,164085000.0,"Vaxart, Inc.",VXRT,"Vaxart, Inc.","Vaxart, Inc."
1301501,163925000.0,"Achaogen, Inc.",,,"Achaogen, Inc."
1844971,163767000.0,Greenidge Generation Holdings Inc.,VIP,Vulcan Infrastructure & Power Inc.,Vulcan Infrastructure & Power Inc.
1160308,163765000.0,Savara Inc,SVRA,Savara Inc,Savara Inc
1368308,163331750.0,"HIGHPOWER INTERNATIONAL, INC.",,,"HIGHPOWER INTERNATIONAL, INC."
1733257,162939000.0,"FINCH THERAPEUTICS GROUP, INC.",,,"FINCH THERAPEUTICS GROUP, INC."
1016546,162939000.0,ALTAIR NANOTECHNOLOGIES INC,,,ALTAIR NANOTECHNOLOGIES INC
1328143,162158000.0,"Adamas Pharmaceuticals, Inc.",,,"Adamas Pharmaceuticals, Inc."
1876945,161927000.0,Gold Flora Corporation,,,Gold Flora Corporation
1176309,161684000.0,ORAMED PHARMACEUTICALS INC.,ORMP,ORAMED PHARMACEUTICALS INC.,ORAMED PHARMACEUTICALS INC.
1022652,161373000.0,INSEEGO CORP.,INSG,INSEEGO CORP.,INSEEGO CORP.
1534287,161330465.0,BioAmber Inc.,,,BioAmber Inc.
1852332,161243995.0,Banner Acquisition Corp.,,,Banner Acquisition Corp.
889123,161150000.0,REDWOOD MORTGAGE INVESTORS VIII,,,REDWOOD MORTGAGE INVESTORS VIII
1912847,161081000.0,United Maritime Corp,USEA,United Maritime Corp,United Maritime Corp
1626853,161078000.0,Majesco,,,Majesco
888471,160896066.0,NESTOR PARTNERS,,,NESTOR PARTNERS
1501697,160698000.0,"X4 PHARMACEUTICALS, INC.",XFOR,"X4 Pharmaceuticals, Inc","X4 Pharmaceuticals, Inc"
1829322,160643833.0,SIZZLE ACQUISITION CORP.,,,SIZZLE ACQUISITION CORP.
1355042,160568939.0,China Auto Logistics Inc,,,China Auto Logistics Inc
1006655,160252000.0,EVOLUTION PETROLEUM CORP,EPM,EVOLUTION PETROLEUM CORP,EVOLUTION PETROLEUM CORP
1785530,160245000.0,"WEREWOLF THERAPEUTICS, INC.",HOWL,"Werewolf Therapeutics, Inc.","Werewolf Therapeutics, Inc."
1817868,160162502.0,Jupiter Acquisition Corporation,,,Jupiter Acquisition Corporation
1718108,159910000.0,"SURFACE ONCOLOGY, INC.",,,"SURFACE ONCOLOGY, INC."
1046327,159754000.0,"RealNetworks, Inc.",,,"RealNetworks, Inc."
1025362,159706000.0,GOLDEN QUEEN MINING CO LTD,,,GOLDEN QUEEN MINING CO LTD
1325676,159663135.0,CERES TACTICAL COMMODITY L.P.,,,CERES TACTICAL COMMODITY L.P.
1066656,159386905.0,CERES CLASSIC L.P.,,,CERES CLASSIC L.P.
1464521,159363000.0,"Heartflow, Inc.",HTFL,"Heartflow, Inc.","Heartflow, Inc."
1611852,158956571.0,"Roan Holdings Group Co., Ltd.",,,"Roan Holdings Group Co., Ltd."
944130,158021000.0,"MINISTRY PARTNERS INVESTMENT COMPANY, LLC",,,"MINISTRY PARTNERS INVESTMENT COMPANY, LLC"
1145255,158005000.0,"HENNESSY ADVISORS, INC.",HNNA,HENNESSY ADVISORS INC,HENNESSY ADVISORS INC
1778982,157979000.0,Huize Holding Limited,HUIZ,Huize Holding Ltd,Huize Holding Ltd
1999480,157877000.0,"Alto Neuroscience, Inc.",ANRO,"Alto Neuroscience, Inc.","Alto Neuroscience, Inc."
1855644,157805000.0,ZURA BIO LIMITED,ZURA,Zura Bio Ltd,Zura Bio Ltd
1841004,157696260.0,ALTIMAR ACQUISITION CORP. III,,,ALTIMAR ACQUISITION CORP. III
1491778,157394000.0,"Angie's List, Inc.",,,"Angie's List, Inc."
1359931,156933000.0,"Protara Therapeutics, Inc.",TARA,"Protara Therapeutics, Inc.","Protara Therapeutics, Inc."
1752039,156620361.0,"Positive Physicians Holdings, Inc.",,,"Positive Physicians Holdings, Inc."
1424844,156552000.0,"SOUTHWEST IOWA RENEWABLE ENERGY, LLC",,,"SOUTHWEST IOWA RENEWABLE ENERGY, LLC"
1757715,156439000.0,"Aterian, Inc.",ATER,"Aterian, Inc.","Aterian, Inc."
1156174,156406527.0,"LAKE AREA CORN PROCESSORS, LLC",,,"LAKE AREA CORN PROCESSORS, LLC"
1803901,156254000.0,"TALKSPACE, INC.",,,"TALKSPACE, INC."
1334478,155422000.0,"NCI, Inc.",,,"NCI, Inc."
1636651,155265814.0,Ovid Therapeutics Inc.,OVID,Ovid Therapeutics Inc.,Ovid Therapeutics Inc.
1021096,155224030.0,"Troika Media Group, Inc.",,,"Troika Media Group, Inc."
1412270,155224000.0,CARE.COM INC,,,CARE.COM INC
1735041,155115341.0,GREENLAND TECHNOLOGIES HOLDING CORPORATION,GTEC,Greenland Technologies Holding Corp.,Greenland Technologies Holding Corp.
764195,155086000.0,VBI Vaccines Inc/BC,,,VBI Vaccines Inc/BC
1635484,154973794.0,Cincinnati Bancorp,,,Cincinnati Bancorp
1370702,154789000.0,QUANTENNA COMMUNICATIONS INC,,,QUANTENNA COMMUNICATIONS INC
1479419,154323000.0,"KALA BIO, Inc.",KALA,"KALA BIO, Inc.","KALA BIO, Inc."
2033593,154275586.0,STELLAR V CAPITAL CORP.,SVCC,Stellar V Capital Corp. (Cayman Islands),Stellar V Capital Corp. (Cayman Islands)
1096376,154240000.0,NUTRI SYSTEM INC /DE/,,,NUTRI SYSTEM INC /DE/
1776909,154113000.0,CuriosityStream Inc.,CURI,CuriosityStream Inc.,CuriosityStream Inc.
1844817,154004109.0,Armada Acquisition Corp. I,,,Armada Acquisition Corp. I
1820175,153981976.0,OCA Acquisition Corp.,,,OCA Acquisition Corp.
865058,153934000.0,"NATIONAL SECURITY GROUP, INC",,,"NATIONAL SECURITY GROUP, INC"
1036044,153876000.0,"IDENTIV, INC.",INVE,"Identiv, Inc.","Identiv, Inc."
1750106,153490336.0,ALSET EHOME INTERNATIONAL INC.,AEI,Alset Inc.,Alset Inc.
1662244,153232000.0,"Cyteir Therapeutics, Inc.",,,"Cyteir Therapeutics, Inc."
1743745,153202000.0,"GREENLANE HOLDINGS, INC.",GNLN,"Greenlane Holdings, Inc.","Greenlane Holdings, Inc."
1720025,153169556.0,ALLEGRO MERGER CORP.,,,ALLEGRO MERGER CORP.
1502377,153137683.0,"Contango Ore, Inc.",CTGO,Contango Silver & Gold Inc.,Contango Silver & Gold Inc.
1781193,153051000.0,QUHUO Ltd,QH,QUHUO Ltd,QUHUO Ltd
1815086,153050975.0,BRIDGETOWN HOLDINGS LIMITED,,,BRIDGETOWN HOLDINGS LIMITED
1082324,152975000.0,VirnetX Holding Corp,VHC,VirnetX Holding Corp,VirnetX Holding Corp
1553643,152905179.0,"RELMADA THERAPEUTICS, INC.",RLMD,"RELMADA THERAPEUTICS, INC.","RELMADA THERAPEUTICS, INC."
1847440,152820389.0,Coliseum Acquisition Corp.,,,Coliseum Acquisition Corp.
1124105,152646000.0,"Gyre Therapeutics, Inc.",GYRE,"GYRE THERAPEUTICS, INC.","GYRE THERAPEUTICS, INC."
1857662,152502182.0,AXONPRIME INFRASTRUCTURE ACQUISITION CORP,,,AXONPRIME INFRASTRUCTURE ACQUISITION CORP
2059033,152404055.0,FIGX Capital Acquisition Corp.,FIGX,FIGX Capital Acquisition Corp.,FIGX Capital Acquisition Corp.
1818838,152399845.0,Adagene Inc.,ADAG,Adagene Inc.,Adagene Inc.
1846968,152392570.0,CASCADIA ACQUISITION CORP.,,,CASCADIA ACQUISITION CORP.
1604477,152350000.0,SQZ BIOTECHNOLOGIES COMPANY,,,SQZ BIOTECHNOLOGIES COMPANY
1850902,152261000.0,"ALPHA TEKNOVA, INC.",TKNO,"Alpha Teknova, Inc.","Alpha Teknova, Inc."
1100397,152193828.0,"AYALA PHARMACEUTICALS, INC.",,,"AYALA PHARMACEUTICALS, INC."
2052547,152164103.0,EGH ACQUISITION CORP.,EGHA,EGH Acquisition Corp.,EGH Acquisition Corp.
1852432,152143908.0,ARYA SCIENCES ACQUISITION CORP V,,,ARYA SCIENCES ACQUISITION CORP V
1825480,151988000.0,"Poshmark, Inc.",,,"Poshmark, Inc."
1646188,151950806.0,ONDAS HOLDINGS INC.,ONDS,Ondas Inc.,Ondas Inc.
787253,151939000.0,NATURAL ALTERNATIVES INTERNATIONAL INC,NAII,NATURAL ALTERNATIVES INTERNATIONAL INC,NATURAL ALTERNATIVES INTERNATIONAL INC
1865494,151805000.0,"IO BIOTECH, INC.",IOBTQ,"IO Biotech, Inc.","IO Biotech, Inc."
1838821,151775343.0,ARYA SCIENCES ACQUISITION CORP IV,,,ARYA SCIENCES ACQUISITION CORP IV
276720,151739000.0,PURE CYCLE CORPORATION,PCYO,PURE CYCLE CORP,PURE CYCLE CORP
1373707,151710000.0,TETRAPHASE PHARMACEUTICALS INC,,,TETRAPHASE PHARMACEUTICALS INC
1509190,151406000.0,"ARATANA THERAPEUTICS, INC.",,,"ARATANA THERAPEUTICS, INC."
1290149,151328000.0,"SIERRA ONCOLOGY, INC.",,,"SIERRA ONCOLOGY, INC."
1463361,151221000.0,"UNITY BIOTECHNOLOGY, INC.",,,"UNITY BIOTECHNOLOGY, INC."
1817825,151170000.0,STEELE CREEK CAPITAL CORPORATION,,,STEELE CREEK CAPITAL CORPORATION
1083220,151120000.0,"XCEL BRANDS, INC.",XELB,"XCel Brands, Inc.","XCel Brands, Inc."
1239819,151007000.0,LUNA INNOVATIONS INC,,,LUNA INNOVATIONS INC
1821424,150549000.0,UCOMMUNE INTERNATIONAL LTD,UK,Ucommune International Ltd,Ucommune International Ltd
1327688,150095000.0,"Ooma, Inc.",OOMA,OOMA INC,OOMA INC
1374690,149988000.0,"Larimar Therapeutics, Inc.",LRMR,"Larimar Therapeutics, Inc.","Larimar Therapeutics, Inc."
1036262,149653000.0,inTEST Corporation,INTT,INTEST CORP,INTEST CORP
1477246,149519815.0,S&W SEED CO,,,S&W SEED CO
1862461,149433000.0,THE REAL BROKERAGE INC.,,,THE REAL BROKERAGE INC.
12040,149172000.0,"FLANIGAN'S ENTERPRISES, INC.",BDL,FLANIGANS ENTERPRISES INC,FLANIGANS ENTERPRISES INC
1870129,148968685.0,ROSE HILL ACQUISITION CORPORATION,,,ROSE HILL ACQUISITION CORPORATION
2028177,148785000.0,Youlife Group Inc.,YOUL,Youlife Group Inc.,Youlife Group Inc.
1746037,148776423.0,ARYA SCIENCES ACQUISITION CORP.,,,ARYA SCIENCES ACQUISITION CORP.
1842498,148646000.0,OTONOMO TECHNOLOGIES LTD.,,,OTONOMO TECHNOLOGIES LTD.
1822691,148598000.0,"GreenLight Biosciences Holdings, PBC",,,"GreenLight Biosciences Holdings, PBC"
1849280,148515062.0,G SQUARED ASCEND II INC.,,,G SQUARED ASCEND II INC.
1040470,148508000.0,AEHR TEST SYSTEMS,AEHR,AEHR TEST SYSTEMS,AEHR TEST SYSTEMS
1383149,148474368.0,INVESCO DB US DOLLAR INDEX BEARISH FUND,UDN,INVESCO DB US DOLLAR INDEX BEARISH FUND,INVESCO DB US DOLLAR INDEX BEARISH FUND
1526796,148416000.0,"Ignite Restaurant Group, Inc.",,,"Ignite Restaurant Group, Inc."
1387713,148374000.0,"NEULION, INC.",,,"NEULION, INC."
1314052,148371922.0,ANAVEX LIFE SCIENCES CORP.,AVXL,ANAVEX LIFE SCIENCES CORP.,ANAVEX LIFE SCIENCES CORP.
1397047,148289510.0,"FLEXSHOPPER, INC.",,,"FLEXSHOPPER, INC."
1117057,148253449.0,PLANET GREEN HOLDINGS CORP.,PLAG,Planet Green Holdings Corp.,Planet Green Holdings Corp.
1120970,148216957.0,COMSTOCK INC.,LODE,Comstock Inc.,Comstock Inc.
717720,148203000.0,"VALUE LINE, INC.",VALU,VALUE LINE INC,VALUE LINE INC
1869824,148107770.0,Seaport Global Acquisition II Corp.,,,Seaport Global Acquisition II Corp.
1671941,148091638.0,"ANGEL STUDIOS, INC.",,,"ANGEL STUDIOS, INC."
912061,148051000.0,NATURAL HEALTH TRENDS CORP.,NHTC,NATURAL HEALTH TRENDS CORP,NATURAL HEALTH TRENDS CORP
1066194,148005000.0,eGain Corporation,EGAN,EGAIN Corp,EGAIN Corp
1271214,147902000.0,"Intersect ENT, Inc.",,,"Intersect ENT, Inc."
1114925,147785000.0,"LANTRONIX, INC.",LTRX,LANTRONIX INC,LANTRONIX INC
1262104,147599000.0,"MEI Pharma, Inc.",LITS,"Lite Strategy, Inc.","Lite Strategy, Inc."
1740547,147551000.0,UROVANT SCIENCES LTD.,,,UROVANT SCIENCES LTD.
2044635,147503737.0,GESHER ACQUISITION CORP. II,GSHR,Gesher Acquisition Corp. II,Gesher Acquisition Corp. II
1774857,147475000.0,"AARDVARK THERAPEUTICS, INC.",AARD,"Aardvark Therapeutics, Inc.","Aardvark Therapeutics, Inc."
1400482,147383000.0,KUBOTA PHARMACEUTICAL HOLDINGS CO LTD,,,KUBOTA PHARMACEUTICAL HOLDINGS CO LTD
1637761,147165000.0,SeaSpine Holdings Corp,,,SeaSpine Holdings Corp
1089872,146981000.0,"GAIA, INC",GAIA,"GAIA, INC","GAIA, INC"
1836056,146977000.0,Ambrx Biopharma Inc.,,,Ambrx Biopharma Inc.
1990550,146977000.0,"Ambrx Biopharma, Inc.",,,"Ambrx Biopharma, Inc."
1578809,146949000.0,Enzymotec Ltd.,,,Enzymotec Ltd.
1169652,146867000.0,CHANNELADVISOR CORP,,,CHANNELADVISOR CORP
1913838,146860016.0,"VWF Bancorp, Inc.",VWFB,"VWF Bancorp, Inc.","VWF Bancorp, Inc."
1799448,146693000.0,"Aligos Therapeutics, Inc.",ALGS,"Aligos Therapeutics, Inc.","Aligos Therapeutics, Inc."
1494558,146628000.0,Ambow Education Holding Ltd.,AMBO,Ambow Education Holding Ltd.,Ambow Education Holding Ltd.
1397403,146266000.0,IMH Financial Corp,,,IMH Financial Corp
1850838,145998000.0,"Omega Therapeutics, Inc.",,,"Omega Therapeutics, Inc."
1543418,145995000.0,TRILOGY METALS INC.,TMQ,Trilogy Metals Inc.,Trilogy Metals Inc.
2041047,145652820.0,DUNE ACQUISITION CORPORATION II,CCAQ,COLLECTIVE ACQUISITION CORP.,COLLECTIVE ACQUISITION CORP.
1606698,145632214.0,"Alpine 4 Holdings, Inc.",,,"Alpine 4 Holdings, Inc."
1671818,145586000.0,"ONCORUS, INC.",,,"ONCORUS, INC."
2024899,145499166.0,"Monroe Federal Bancorp, Inc.",MFBI,"Monroe Federal Bancorp, Inc.","Monroe Federal Bancorp, Inc."
1581720,145312000.0,"Loxo Oncology, Inc.",,,"Loxo Oncology, Inc."
1583513,145128000.0,"STG Group, Inc.",,,"STG Group, Inc."
1557421,144914000.0,"IGNYTA, INC.",,,"IGNYTA, INC."
1404281,144909000.0,"ELEDON PHARMACEUTICALS, INC.",ELDN,"Eledon Pharmaceuticals, Inc.","Eledon Pharmaceuticals, Inc."
872248,144860000.0,PETROQUEST ENERGY INC,,,PETROQUEST ENERGY INC
1340127,144759000.0,Carbonite Inc,,,Carbonite Inc
1850266,144557000.0,"Akili, Inc.",,,"Akili, Inc."
1120370,144540000.0,"BROADWIND, INC.",BWEN,"BROADWIND, INC.","BROADWIND, INC."
1453593,144101605.0,"Xtant Medical Holdings, Inc.",XTNT,"Xtant Medical Holdings, Inc.","Xtant Medical Holdings, Inc."
1578505,144074000.0,"HOME BANCORP WISCONSIN, INC.",,,"HOME BANCORP WISCONSIN, INC."
1874315,143855000.0,Satellogic Inc.,SATL,Satellogic Inc.,Satellogic Inc.
1544400,143622923.0,NFiniTi inc.,,,NFiniTi inc.
1802749,143559000.0,"Lightning eMotors, Inc.",,,"Lightning eMotors, Inc."
1209709,143536465.0,CERES TACTICAL SYSTEMATIC L.P.,,,CERES TACTICAL SYSTEMATIC L.P.
1458962,143515000.0,"MINDBODY, Inc.",,,"MINDBODY, Inc."
1382231,143499421.0,FORTEM RESOURCES INC.,,,FORTEM RESOURCES INC.
1235007,143494354.0,ENDOCYTE INC,,,ENDOCYTE INC
1883799,143212356.0,JUPITER     WELLNESS ACQUISITION CORP.,,,JUPITER     WELLNESS ACQUISITION CORP.
1720725,143209000.0,"Oyster Point Pharma, Inc.",,,"Oyster Point Pharma, Inc."
8146,143149000.0,"AstroNova, Inc.",,,"AstroNova, Inc."
1699018,142788000.0,"EAGLE FINANCIAL BANCORP, INC.",,,"EAGLE FINANCIAL BANCORP, INC."
1788717,142706000.0,F45 Training Holdings Inc.,,,F45 Training Holdings Inc.
876343,142572000.0,"Lineage Cell Therapeutics, Inc.",LCTX,"Lineage Cell Therapeutics, Inc.","Lineage Cell Therapeutics, Inc."
1821468,142162000.0,17 Education & Technology Group Inc.,YQ,17 Education & Technology Group Inc.,17 Education & Technology Group Inc.
1628738,142057000.0,"Audentes Therapeutics, Inc.",,,"Audentes Therapeutics, Inc."
1951222,142020000.0,SEALSQ Corp,LAES,SEALSQ Corp,SEALSQ Corp
1619312,141698000.0,"Lightstone Value Plus REIT IV, Inc.",LTSV,"Lightstone Value Plus REIT IV, Inc.","Lightstone Value Plus REIT IV, Inc."
1405528,141659167.0,"United States 12 Month Oil Fund, LP",USL,"United States 12 Month Oil Fund, LP","United States 12 Month Oil Fund, LP"
1662684,141463212.0,"KULR TECHNOLOGY GROUP, INC.",KULR,"KULR Technology Group, Inc.","KULR Technology Group, Inc."
1385818,141436000.0,"AYTU BIOPHARMA, INC.",AYTU,"AYTU BIOPHARMA, INC","AYTU BIOPHARMA, INC"
1114220,141427000.0,KERYX BIOPHARMACEUTICALS INC,,,KERYX BIOPHARMACEUTICALS INC
70487,141387000.0,National Research Corporation,NRC,NRC HEALTH,NRC HEALTH
719209,141272000.0,ISRAMCO INC,,,ISRAMCO INC
1583648,141097000.0,"PALVELLA THERAPEUTICS, INC.",PVLA,"PALVELLA THERAPEUTICS, INC.","PALVELLA THERAPEUTICS, INC."
319815,140874000.0,MAXWELL TECHNOLOGIES INC,,,MAXWELL TECHNOLOGIES INC
6207,140660000.0,AMREP Corp.,AXR,AMREP CORP.,AMREP CORP.
65770,140617000.0,"MicroVision, Inc.",MVIS,"MICROVISION, INC.","MICROVISION, INC."
1432150,140435000.0,"GigPeak, Inc.",,,"GigPeak, Inc."
1868395,140351000.0,Planet Image International Limited,YIBO,Planet Image International Ltd,Planet Image International Ltd
1812173,140291000.0,VICARIOUS SURGICAL INC.,RBOT,Vicarious Surgical Inc.,Vicarious Surgical Inc.
1626971,140150000.0,"Corvus Pharmaceuticals, Inc.",CRVS,"Corvus Pharmaceuticals, Inc.","Corvus Pharmaceuticals, Inc."
1609234,140056000.0,"AMERICAN REALTY CAPITAL HEALTHCARE TRUST III, INC.",,,"AMERICAN REALTY CAPITAL HEALTHCARE TRUST III, INC."
1577134,139784954.0,"Terra Income Fund 6, LLC",,,"Terra Income Fund 6, LLC"
1412095,139717000.0,"TROOPS, Inc.",TROO,"Troops, Inc. /Cayman Islands/","Troops, Inc. /Cayman Islands/"
1320760,139470000.0,"TSS, INC.",TSSI,"TSS, Inc.","TSS, Inc."
1784851,139256207.0,"Shapeways Holdings, Inc.",,,"Shapeways Holdings, Inc."
1713863,139236000.0,"RAFAEL HOLDINGS, INC.",RFL,"Rafael Holdings, Inc.","Rafael Holdings, Inc."
1693011,139195000.0,"INOZYME PHARMA, INC.",,,"INOZYME PHARMA, INC."
1840233,139165000.0,"Xilio Therapeutics, Inc.",XLO,"Xilio Therapeutics, Inc.","Xilio Therapeutics, Inc."
2014337,138967733.0,Texxon Holding Limited,NPT,Texxon Holding Ltd,Texxon Holding Ltd
1512927,138892796.0,"CHINA UNITED INSURANCE SERVICE, INC.",,,"CHINA UNITED INSURANCE SERVICE, INC."
1353538,138824000.0,"Appgate, Inc.",,,"Appgate, Inc."
100716,138222205.0,Unico American Corporation,,,Unico American Corporation
1895597,138190000.0,Intchains Group Limited,ICG,Intchains Group Ltd,Intchains Group Ltd
1634432,137531000.0,STRONGBRIDGE BIOPHARMA plc,,,STRONGBRIDGE BIOPHARMA plc
1367920,137471000.0,"Concert Pharmaceuticals, Inc.",,,"Concert Pharmaceuticals, Inc."
1400118,137407000.0,Sagimet Biosciences Inc.,SGMT,Sagimet Biosciences Inc.,Sagimet Biosciences Inc.
1415624,137379000.0,YuMe Inc,,,YuMe Inc
1407973,137285000.0,"Sonendo, Inc.",SONX,"Sonendo, Inc.","Sonendo, Inc."
1826660,137024190.0,WETOUCH TECHNOLOGY INC.,WETH,Wetouch Technology Inc.,Wetouch Technology Inc.
1206942,136940318.0,"GOLDEN GRAIN ENERGY, LLC",,,"GOLDEN GRAIN ENERGY, LLC"
1141197,136818000.0,PEDEVCO CORP.,PED,PEDEVCO CORP,PEDEVCO CORP
1781446,136806000.0,GAUZY LTD.,GAUZ,Gauzy Ltd.,Gauzy Ltd.
1372414,136483000.0,"Aerohive Networks, Inc.",,,"Aerohive Networks, Inc."
727273,136379000.0,Cadiz Inc.,CDZI,CADIZ INC,CADIZ INC
1745317,136175000.0,"VELODYNE LIDAR, INC.",,,"VELODYNE LIDAR, INC."
1582982,136174000.0,"CARECLOUD, INC.",CCLD,"CareCloud, Inc.","CareCloud, Inc."
1546381,135980000.0,"RLJ ENTERTAINMENT, INC.",,,"RLJ ENTERTAINMENT, INC."
1921865,135914492.0,ASP Isotopes Inc.,ASPI,ASP Isotopes Inc.,ASP Isotopes Inc.
1868269,135786357.0,Chenghe Acquisition I Co.,,,Chenghe Acquisition I Co.
1311230,135709000.0,"TerraVia Holdings, Inc.",,,"TerraVia Holdings, Inc."
1606645,135635000.0,Foamix Pharmaceuticals Ltd.,,,Foamix Pharmaceuticals Ltd.
700841,135586000.0,"RCM Technologies, Inc.",RCMT,"RCM TECHNOLOGIES, INC.","RCM TECHNOLOGIES, INC."
1724979,135180000.0,Rain Oncology Inc.,,,Rain Oncology Inc.
1737339,135011000.0,Aurora Mobile Limited,JG,Aurora Mobile Ltd,Aurora Mobile Ltd
1351636,134776000.0,"SoundThinking, Inc.",SSTI,"SOUNDTHINKING, INC.","SOUNDTHINKING, INC."
1227636,134650000.0,"NEURONETICS, INC.",STIM,"Neuronetics, Inc.","Neuronetics, Inc."
727207,134424000.0,"ACCELERATE DIAGNOSTICS, INC.",,,"ACCELERATE DIAGNOSTICS, INC."
1828161,134398000.0,"FTC SOLAR, INC.",FTCI,"FTC Solar, Inc.","FTC Solar, Inc."
1637921,134327068.0,FULING GLOBAL INC.,,,FULING GLOBAL INC.
1588084,134132004.0,TANTECH HOLDINGS LTD,TANH,TANTECH HOLDINGS LTD,TANTECH HOLDINGS LTD
1833769,134051000.0,"Hyperfine, Inc.",HYPR,"Hyperfine, Inc.","Hyperfine, Inc."
350846,133969284.0,SUPREME INDUSTRIES INC,,,SUPREME INDUSTRIES INC
1781983,133607885.0,"Aprea Therapeutics, Inc.",APRE,"Aprea Therapeutics, Inc.","Aprea Therapeutics, Inc."
1133869,133569011.0,"CAPRICOR THERAPEUTICS, INC.",CAPR,"CAPRICOR THERAPEUTICS, INC.","CAPRICOR THERAPEUTICS, INC."
1522860,133440000.0,"Acutus Medical, Inc.",,,"Acutus Medical, Inc."
1818644,133340000.0,"AEYE, INC.",LIDR,"AEye, Inc.","AEye, Inc."
1218683,133329065.0,Mawson Infrastructure Group Inc.,BGDE,"Big Digital Energy, Inc.","Big Digital Energy, Inc."
1546609,133220000.0,"MVP REIT, Inc.",,,"MVP REIT, Inc."
1394156,133181847.0,"Diversified Restaurant Holdings, Inc.",,,"Diversified Restaurant Holdings, Inc."
1754824,133061140.0,SCHULTZE SPECIAL PURPOSE ACQUISITION CORP.,,,SCHULTZE SPECIAL PURPOSE ACQUISITION CORP.
1598646,132942889.0,"Minerva Neurosciences, Inc.",NERV,"Minerva Neurosciences, Inc.","Minerva Neurosciences, Inc."
69422,132792000.0,THE INTERGROUP CORPORATION,INTG,INTERGROUP CORP,INTERGROUP CORP
1016169,132751000.0,"Antares Pharma, Inc.",,,"Antares Pharma, Inc."
1365742,132731371.0,"Acorn International, Inc.",,,"Acorn International, Inc."
1819404,132692000.0,NERDY INC.,NRDY,Nerdy Inc.,Nerdy Inc.
903651,132623000.0,INNODATA INC,INOD,INNODATA INC,INNODATA INC
1584754,132260000.0,"AKOUSTIS TECHNOLOGIES, INC.",,,"AKOUSTIS TECHNOLOGIES, INC."
920465,132247000.0,LA JOLLA PHARMACEUTICAL CO,,,LA JOLLA PHARMACEUTICAL CO
1719395,132078000.0,"EARGO, INC.",,,"EARGO, INC."
1874495,132043138.0,FORBION EUROPEAN ACQUISITION CORP.,,,FORBION EUROPEAN ACQUISITION CORP.
1358403,132037000.0,"Bellicum Pharmaceuticals, Inc.",,,"Bellicum Pharmaceuticals, Inc."
1742056,132031000.0,LAIX Inc.,,,LAIX Inc.
1071411,131956239.0,"FUSION CONNECT, INC.",,,"FUSION CONNECT, INC."
1466815,131940000.0,"Cambium Learning Group, Inc.",,,"Cambium Learning Group, Inc."
47307,131927359.0,Crawford United Corporation,,,Crawford United Corporation
1102432,131745476.0,"Viking Energy Group, Inc.",,,"Viking Energy Group, Inc."
1359687,131652338.0,"SOUTH 8 ENERGY, LLC",,,"SOUTH 8 ENERGY, LLC"
1446371,131497000.0,"Strategic Realty Trust, Inc.",,,"Strategic Realty Trust, Inc."
1871149,131439000.0,"THE REAL GOOD FOOD COMPANY, INC.",,,"THE REAL GOOD FOOD COMPANY, INC."
1700175,131432000.0,"HERITAGE NOLA BANCORP, INC.",,,"HERITAGE NOLA BANCORP, INC."
1865861,131411000.0,Cactus Acquisition Corp. 1 Ltd,,,Cactus Acquisition Corp. 1 Ltd
1617291,131311000.0,MB Bancorp Inc,,,MB Bancorp Inc
2032379,131216755.0,WILLOW LANE ACQUISITION CORP.,,,WILLOW LANE ACQUISITION CORP.
1828377,131156000.0,FORTITUDE GOLD CORPORATION,FTCO,Fortitude Gold Corp,Fortitude Gold Corp
1377848,131086803.0,"ICON Leasing Fund Twelve, LLC",,,"ICON Leasing Fund Twelve, LLC"
1463972,131072251.0,VUZIX CORPORATION,VUZI,Vuzix Corp,Vuzix Corp
1785592,130850974.0,MERIDA MERGER CORP. I,,,MERIDA MERGER CORP. I
1779476,130831000.0,36Kr Holdings Inc.,KRKR,36Kr Holdings Inc.,36Kr Holdings Inc.
1701756,130629000.0,SADOT GROUP INC.,SDOT,Sadot Group Inc.,Sadot Group Inc.
1754323,130588110.0,"Powerbridge Technologies Co., Ltd.",,,"Powerbridge Technologies Co., Ltd."
15847,130283000.0,BUTLER NATIONAL CORPORATION,BUKS,BUTLER NATIONAL CORP,BUTLER NATIONAL CORP
1675634,130251000.0,"SHIFTPIXY, INC.",,,"SHIFTPIXY, INC."
1831978,130082389.0,Newbury Street Acquisition Corporation,,,Newbury Street Acquisition Corporation
1841258,129752775.0,European Biotech Acquisition Corp.,,,European Biotech Acquisition Corp.
1577603,129565775.0,"DELANCO BANCORP, INC.",,,"DELANCO BANCORP, INC."
720500,129537000.0,AMTECH SYSTEMS INC,ASYS,AMTECH SYSTEMS INC,AMTECH SYSTEMS INC
42316,129367178.0,GOLDFIELD CORP,,,GOLDFIELD CORP
1840439,129307000.0,"Biomea Fusion, Inc.",BMEA,"Biomea Fusion, Inc.","Biomea Fusion, Inc."
2049595,129263000.0,BlackRock Monticello Debt Real Estate Investment Trust,,,BlackRock Monticello Debt Real Estate Investment Trust
1936224,128983000.0,Surf Air Mobility Inc.,SRFM,SURF AIR MOBILITY INC.,SURF AIR MOBILITY INC.
1950572,128598345.0,BIP Ventures Evergreen BDC,,,BIP Ventures Evergreen BDC
1881551,128580035.0,NUBIA BRAND INTERNATIONAL CORP.,STI,Solidion Technology Inc.,Solidion Technology Inc.
1600065,128521000.0,"MW Bancorp, Inc.",,,"MW Bancorp, Inc."
1224133,128272000.0,"Marchex, Inc.",MCHX,MARCHEX INC,MARCHEX INC
1463913,128261665.0,US ALLIANCE CORPORATION,,,US ALLIANCE CORPORATION
873044,128185000.0,RADISYS CORP,,,RADISYS CORP
1038222,128144541.0,"REIS, INC.",,,"REIS, INC."
90168,128140000.0,"SIFCO Industries, Inc.",SIF,SIFCO INDUSTRIES INC,SIFCO INDUSTRIES INC
1405503,127971000.0,"China Digital TV Holding Co., Ltd.",,,"China Digital TV Holding Co., Ltd."
1852353,127825912.0,Dakota Gold Corp.,DC,Dakota Gold Corp.,Dakota Gold Corp.
1280776,127753000.0,"IMMUNIC, INC.",IMUX,"IMMUNIC, INC.","IMMUNIC, INC."
1506251,127676859.0,"Citius Pharmaceuticals, Inc.",CTXR,"Citius Pharmaceuticals, Inc.","Citius Pharmaceuticals, Inc."
1943289,127629000.0,"Silvaco Group, Inc.",SVCO,"Silvaco Group, Inc.","Silvaco Group, Inc."
2023153,127053800.0,HOMESTOLIFE LTD,HTLM,HomesToLife Ltd,HomesToLife Ltd
896494,127049000.0,Senstar Technologies Ltd.,,,Senstar Technologies Ltd.
875622,126653268.0,BIOSPECIFICS TECHNOLOGIES CORP,,,BIOSPECIFICS TECHNOLOGIES CORP
1534120,126583000.0,"AVALO THERAPEUTICS, INC.",AVTX,"Avalo Therapeutics, Inc.","Avalo Therapeutics, Inc."
1819113,126448000.0,"SCIENCE 37 HOLDINGS, INC.",,,"SCIENCE 37 HOLDINGS, INC."
1692830,126276000.0,"SATSUMA PHARMACEUTICALS, INC.",,,"SATSUMA PHARMACEUTICALS, INC."
1133062,126032000.0,JANEL CORPORATION,JANL,JANEL CORP,JANEL CORP
891293,125925000.0,CTI BIOPHARMA CORP,,,CTI BIOPHARMA CORP
728447,125721000.0,"EVO Transportation & Energy Services, Inc.",,,"EVO Transportation & Energy Services, Inc."
1113148,125655000.0,"Infinity Pharmaceuticals, Inc.",,,"Infinity Pharmaceuticals, Inc."
2031069,125633163.0,Hashdex Nasdaq Crypto Index US ETF,NCIQ,Hashdex Nasdaq CME Crypto Index ETF,Hashdex Nasdaq CME Crypto Index ETF
1007330,125466000.0,"PRGX GLOBAL, INC.",,,"PRGX GLOBAL, INC."
1615153,125397000.0,"Fenix Parts, Inc.",,,"Fenix Parts, Inc."
1705402,125230014.0,AGM GROUP HOLDINGS INC.,AGMH,"AGM GROUP HOLDINGS, INC.","AGM GROUP HOLDINGS, INC."
40570,125156000.0,GEE GROUP INC.,JOB,GEE Group Inc.,GEE Group Inc.
1823882,125095000.0,Airspan Networks Holdings Inc.,,,Airspan Networks Holdings Inc.
1595097,125085000.0,"CORBUS PHARMACEUTICALS HOLDINGS, INC.",CRBP,"Corbus Pharmaceuticals Holdings, Inc.","Corbus Pharmaceuticals Holdings, Inc."
2009714,124942403.0,TMD ENERGY LIMITED,TMDE,TMD Energy Ltd,TMD Energy Ltd
1235912,124937000.0,"CVRx, Inc",CVRX,"CVRx, Inc.","CVRx, Inc."
1412486,124883000.0,"Cocrystal Pharma, Inc.",COCP,"Cocrystal Pharma, Inc.","Cocrystal Pharma, Inc."
1701108,124802000.0,"SPERO THERAPEUTICS, INC.",SPRO,"Spero Therapeutics, Inc.","Spero Therapeutics, Inc."
1600847,124773000.0,GAMIDA CELL LTD.,,,GAMIDA CELL LTD.
887396,124659000.0,EMPIRE PETROLEUM CORPORATION,EP,EMPIRE PETROLEUM CORP,EMPIRE PETROLEUM CORP
1662774,124370000.0,"QUINCE THERAPEUTICS, INC.",QNCX,"Quince Therapeutics, Inc.","Quince Therapeutics, Inc."
1604950,124195000.0,scPharmaceuticals Inc.,,,scPharmaceuticals Inc.
949961,123912000.0,"Income Opportunity Realty Investors, Inc.",IOR,INCOME OPPORTUNITY REALTY INVESTORS INC /TX/,INCOME OPPORTUNITY REALTY INVESTORS INC /TX/
892986,123891000.0,WARREN RESOURCES INC,,,WARREN RESOURCES INC
706698,123874000.0,UTAH MEDICAL PRODUCTS INC,UTMD,UTAH MEDICAL PRODUCTS INC,UTAH MEDICAL PRODUCTS INC
1726126,123862243.0,EPSILON ENERGY LTD.,EPSN,Epsilon Energy Ltd.,Epsilon Energy Ltd.
1775194,123806844.0,"UPEXI, INC.",UPXI,"UPEXI, INC.","UPEXI, INC."
1868912,123783000.0,"ENFUSION, INC.",,,"ENFUSION, INC."
1667944,123647347.0,"WCF BANCORP, INC.",,,"WCF BANCORP, INC."
1488039,123532000.0,"Atossa Therapeutics, Inc.",ATOS,"ATOSSA THERAPEUTICS, INC.","ATOSSA THERAPEUTICS, INC."
1408443,123428000.0,MILESTONE PHARMACEUTICALS INC.,MIST,Milestone Pharmaceuticals Inc.,Milestone Pharmaceuticals Inc.
1563577,123376000.0,"GALERA THERAPEUTICS, INC.",,,"GALERA THERAPEUTICS, INC."
1656536,123373000.0,"Decibel Therapeutics, Inc.",,,"Decibel Therapeutics, Inc."
1692415,123086281.0,"CO-DIAGNOSTICS, INC.",CODX,"Co-Diagnostics, Inc.","Co-Diagnostics, Inc."
1899287,123041000.0,"AMPRIUS TECHNOLOGIES, INC.",AMPX,"Amprius Technologies, Inc.","Amprius Technologies, Inc."
1839530,122841000.0,"XBP Europe Holdings, Inc.",XBP,"XBP Global Holdings, Inc.","XBP Global Holdings, Inc."
1544227,122543000.0,"Tempest Therapeutics, Inc.",TPST,"Tempest Therapeutics, Inc.","Tempest Therapeutics, Inc."
1617669,122536805.0,"UNIQUE FABRICATING, INC.",,,"UNIQUE FABRICATING, INC."
1611110,122369000.0,MEDLEY MANAGEMENT INC.,,,MEDLEY MANAGEMENT INC.
1790340,122367283.0,Immuneering Corporation,IMRX,Immuneering Corp,Immuneering Corp
2012807,122255599.0,RF ACQUISITION CORP II,RFAI,RF Acquisition Corp II,RF Acquisition Corp II
1998781,122176971.0,IB ACQUISITION CORP.,IBAC,IB Acquisition Corp.,IB Acquisition Corp.
1582244,121798122.0,Corning Natural Gas Holding Corporation,,,Corning Natural Gas Holding Corporation
1635650,121422000.0,GREEN PLAINS PARTNERS LP,,,GREEN PLAINS PARTNERS LP
1672754,121407570.0,Rich Uncles Real Estate Investment Trust I,,,Rich Uncles Real Estate Investment Trust I
748268,121367851.0,"Red Cat Holdings, Inc.",RCAT,"Red Cat Holdings, Inc.","Red Cat Holdings, Inc."
1536577,120962000.0,Medley LLC,,,Medley LLC
1856948,120939257.0,CHENGHE ACQUISITION CO.,,,CHENGHE ACQUISITION CO.
1288359,120745000.0,OTELCO INC.,,,OTELCO INC.
1682149,120690000.0,DATAVAULT AI INC.,DVLT,Datavault AI Inc.,Datavault AI Inc.
1855450,120666593.0,LAVA MEDTECH ACQUISITION CORP.,,,LAVA MEDTECH ACQUISITION CORP.
1895251,120365084.0,"THE SUSTAINABLE GREEN TEAM, LTD.",,,"THE SUSTAINABLE GREEN TEAM, LTD."
1625101,120251000.0,"Pulse Biosciences, Inc.",PLSE,"PULSE BIOSCIENCES, INC.","PULSE BIOSCIENCES, INC."
1871321,120149000.0,Alpha Tau Medical Ltd.,DRTS,Alpha Tau Medical Ltd.,Alpha Tau Medical Ltd.
1305253,120139000.0,"EIGER BIOPHARMACEUTICALS, INC.",,,"EIGER BIOPHARMACEUTICALS, INC."
1178727,119987435.0,COMSOVEREIGN HOLDING CORP.,,,COMSOVEREIGN HOLDING CORP.
1181749,119962454.0,"GRANITE FALLS ENERGY, LLC",,,"GRANITE FALLS ENERGY, LLC"
1172631,119940000.0,"SUNWORKS, INC.",,,"SUNWORKS, INC."
1877557,119794791.0,INTEGRATED WELLNESS ACQUISITION CORP,,,INTEGRATED WELLNESS ACQUISITION CORP
1690881,119732000.0,"ASV HOLDINGS, INC.",,,"ASV HOLDINGS, INC."
1880151,119670332.0,Liberty Resources Acquisition Corp.,,,Liberty Resources Acquisition Corp.
1748621,119530814.0,ALBERTON ACQUISITION CORPORATION,,,ALBERTON ACQUISITION CORPORATION
1004724,119486000.0,"Regional Health Properties, Inc.",RHEP,"REGIONAL HEALTH PROPERTIES, INC","REGIONAL HEALTH PROPERTIES, INC"
1889450,119474609.0,FUTURETECH II ACQUISITION CORP.,,,FUTURETECH II ACQUISITION CORP.
1648893,119302000.0,NUVECTRA CORP,,,NUVECTRA CORP
1901886,119266406.0,Aura FAT Projects Acquisition Corp,,,Aura FAT Projects Acquisition Corp
1451512,119250000.0,"UNRIVALED BRANDS, INC.",,,"UNRIVALED BRANDS, INC."
1865191,119244269.0,TG Venture Acquisition Corp.,,,TG Venture Acquisition Corp.
1885998,119215181.0,ROTH CH ACQUISITION V CO.,,,ROTH CH ACQUISITION V CO.
1382943,119214242.0,"PREDICTIVE TECHNOLOGY GROUP, INC.",,,"PREDICTIVE TECHNOLOGY GROUP, INC."
1533998,119191000.0,DARIOHEALTH CORP.,DRIO,DarioHealth Corp.,DarioHealth Corp.
1852407,119034334.0,FINTECH ECOSYSTEM DEVELOPMENT CORP.,,,FINTECH ECOSYSTEM DEVELOPMENT CORP.
946486,118975000.0,"Windtree Therapeutics, Inc.",WINT,WINDTREE THERAPEUTICS INC /DE/,WINDTREE THERAPEUTICS INC /DE/
2020385,118952783.0,Tavia Acquisition Corp.,TAVI,Tavia Acquisition Corp.,Tavia Acquisition Corp.
1850262,118899719.0,INTEGRAL ACQUISITION CORPORATION 1,,,INTEGRAL ACQUISITION CORPORATION 1
2035644,118829722.0,Range Capital Acquisition Corp.,RANG,Range Capital Acquisition Corp.,Range Capital Acquisition Corp.
1864032,118829028.0,AULT DISRUPTIVE TECHNOLOGIES CORPORATION,,,AULT DISRUPTIVE TECHNOLOGIES CORPORATION
1838128,118823000.0,LOWELL FARMS INC.,,,LOWELL FARMS INC.
1875257,118714652.0,LIV CAPITAL ACQUISITION CORP. II,,,LIV CAPITAL ACQUISITION CORP. II
1888734,118698177.0,GLOBALINK INVESTMENT INC.,,,GLOBALINK INVESTMENT INC.
1900679,118543290.0,Technology & Telecommunication Acquisition Corporation,TETEF,Technology & Telecommunication Acquisition Corp,Technology & Telecommunication Acquisition Corp
1859007,118506271.0,"ZYVERSA THERAPEUTICS, INC.",ZVSA,"ZyVersa Therapeutics, Inc.","ZyVersa Therapeutics, Inc."
1900402,118464460.0,EVERGREEN CORPORATION,,,EVERGREEN CORPORATION
1829802,118375000.0,"Sensei Biotherapeutics, Inc.",FTH,"Faeth Therapeutics, Inc.","Faeth Therapeutics, Inc."
1865111,118339807.0,ALPHA STAR ACQUISITION CORPORATION,ALSAF,Alpha Star Acquisition Corp,Alpha Star Acquisition Corp
1860788,118333419.0,VanEck Ethereum ETF,ETHV,VanEck Ethereum ETF,VanEck Ethereum ETF
101594,118320000.0,US ENERGY CORP,BSIN,BIG SKY INDUSTRIAL INC.,BIG SKY INDUSTRIAL INC.
1868419,118286967.0,WESTERN ACQUISITION VENTURES CORP.,CYCU,"Cycurion, Inc.","Cycurion, Inc."
1907223,118246636.0,REDWOODS ACQUISITION CORP.,GRML,Greenland Mines Ltd,Greenland Mines Ltd
1764711,118196601.0,PROFICIENT ALPHA ACQUISITION CORP,,,PROFICIENT ALPHA ACQUISITION CORP
1865701,118133929.0,KEYARCH ACQUISITION CORPORATION,,,KEYARCH ACQUISITION CORPORATION
1724542,118109430.0,CLPS Incorporation,CLPS,CLPS Inc,CLPS Inc
1847607,118089038.0,RF Acquisition Corp.,,,RF Acquisition Corp.
1353612,118009062.0,Invesco CURRENCYSHARES CANADIAN DOLLAR TRUST,FXC,Invesco CurrencyShares Canadian Dollar Trust,Invesco CurrencyShares Canadian Dollar Trust
1866547,117915033.0,AETHERIUM ACQUISITION CORP.,,,AETHERIUM ACQUISITION CORP.
1393359,117850930.0,MAN FRM MANAGED FUTURES STRATEGIES LLC,,,MAN FRM MANAGED FUTURES STRATEGIES LLC
889348,117791895.0,"CPI AEROSTRUCTURES, INC.",CVU,CPI AEROSTRUCTURES INC,CPI AEROSTRUCTURES INC
1555074,117647000.0,ALTISOURCE ASSET MANAGEMENT CORPORATION,,,ALTISOURCE ASSET MANAGEMENT CORPORATION
1888654,117607000.0,"5E ADVANCED MATERIALS, INC.",FEAM,"5E Advanced Materials, Inc.","5E Advanced Materials, Inc."
1651286,117448401.0,"STEADFAST APARTMENT REIT III, INC.",,,"STEADFAST APARTMENT REIT III, INC."
1907730,116982661.0,Yotta Acquisition Corporation,,,Yotta Acquisition Corporation
1865045,116946189.0,Fat Projects Acquisition Corp,,,Fat Projects Acquisition Corp
1882464,116891816.0,METAL     SKY STAR ACQUISITION CORPORATION,MSSAF,Metal Sky Star Acquisition Corp,Metal Sky Star Acquisition Corp
872912,116876000.0,"DELCATH SYSTEMS, INC.",DCTH,"DELCATH SYSTEMS, INC.","DELCATH SYSTEMS, INC."
1707303,116846586.0,DOGNESS (INTERNATIONAL) CORPORATION,DOGZ,Dogness (International) Corp,Dogness (International) Corp
1444192,116801000.0,Acasti Pharma Inc.,GRCE,"Grace Therapeutics, Inc.","Grace Therapeutics, Inc."
1835416,116795605.0,Moringa Acquisition Corp,,,Moringa Acquisition Corp
316253,116782000.0,"ENZO BIOCHEM, INC.",,,"ENZO BIOCHEM, INC."
1560046,116757454.0,"SQN AIF IV, L.P.",,,"SQN AIF IV, L.P."
1868516,116648221.0,"StratCap Digital Infrastructure REIT, Inc.",,,"StratCap Digital Infrastructure REIT, Inc."
1407583,116563473.0,BUNKER HILL MINING CORP.,BHLL,Bunker Hill Mining Corp.,Bunker Hill Mining Corp.
846475,116466000.0,"Zynex, Inc.",,,"Zynex, Inc."
1534969,116329000.0,"SERA PROGNOSTICS, INC.",SERA,"SERA PROGNOSTICS, INC.","SERA PROGNOSTICS, INC."
1213037,116191000.0,"Cardiff Oncology, Inc.",CRDF,"Cardiff Oncology, Inc.","Cardiff Oncology, Inc."
1019671,116067000.0,SEACHANGE INTERNATIONAL INC,,,SEACHANGE INTERNATIONAL INC
1659352,115962000.0,"Codiak BioSciences, Inc.",,,"Codiak BioSciences, Inc."
1667011,115516000.0,"Arteris, Inc.",AIP,"Arteris, Inc.","Arteris, Inc."
1698530,115263000.0,"EXICURE, INC.",XCUR,"EXICURE, INC.","EXICURE, INC."
1764974,114938000.0,Turnstone Biologics Corp.,,,Turnstone Biologics Corp.
1347123,114930318.0,"EBR SYSTEMS, INC.",NONE.,"EBR Systems, Inc.","EBR Systems, Inc."
1672909,114930206.0,Canterbury Park Holding Corporation,CPHC,Canterbury Park Holding Corp,Canterbury Park Holding Corp
1807389,114884694.0,"POP CULTURE GROUP CO., LTD",CPOP,"Pop Culture Group Co., Ltd","Pop Culture Group Co., Ltd"
1500123,114670232.0,ITEM 9 LABS CORP.,,,ITEM 9 LABS CORP.
1429560,114654000.0,"TREVENA, INC.",,,"TREVENA, INC."
1347858,114651000.0,"22nd Century Group, Inc.",XXII,"22nd Century Group, Inc.","22nd Century Group, Inc."
1309132,114624231.0,Aspect FuturesAccess LLC,,,Aspect FuturesAccess LLC
1437786,114495000.0,Immune Design Corp.,,,Immune Design Corp.
1485003,114365000.0,Carisma Therapeutics Inc.,,,Carisma Therapeutics Inc.
1388320,114192000.0,"ACTINIUM PHARMACEUTICALS, INC.",ATNM,"Actinium Pharmaceuticals, Inc.","Actinium Pharmaceuticals, Inc."
1446806,114131272.0,"ICON Equipment & Corporate Infrastructure Fund Fourteen, L.P.",,,"ICON Equipment & Corporate Infrastructure Fund Fourteen, L.P."
1528287,114106000.0,"NEUROPACE, INC.",NPCE,NeuroPace Inc,NeuroPace Inc
1886268,114085934.0,SHUAA Partners Acquisition Corp I,,,SHUAA Partners Acquisition Corp I
1561743,114024000.0,"KINDRED BIOSCIENCES, INC.",,,"KINDRED BIOSCIENCES, INC."
1692345,113846620.0,"PROCACCIANTI HOTEL REIT, INC.",PRXA,"PROCACCIANTI HOTEL REIT, INC.","PROCACCIANTI HOTEL REIT, INC."
1824734,113841000.0,"Berkshire Grey, Inc.",,,"Berkshire Grey, Inc."
1438231,113777000.0,Digimarc CORP,,,Digimarc CORP
88790,113593000.0,INTRICON         CORPORATION,,,INTRICON         CORPORATION
1210708,113231000.0,"HUDSON GLOBAL, INC.",STRR,"Star Equity Holdings, Inc.","Star Equity Holdings, Inc."
861838,113231000.0,"Aceragen, Inc.",,,"Aceragen, Inc."
49728,113046000.0,IEC ELECTRONICS CORP,,,IEC ELECTRONICS CORP
826326,113029000.0,"ARC GROUP WORLDWIDE, INC.",,,"ARC GROUP WORLDWIDE, INC."
825324,112886000.0,Good Times Restaurants Inc.,GTIM,Good Times Restaurants Inc.,Good Times Restaurants Inc.
1305773,112810000.0,"Conformis, Inc.",,,"Conformis, Inc."
39020,112799000.0,"FREQUENCY ELECTRONICS, INC.",FEIM,FREQUENCY ELECTRONICS INC,FREQUENCY ELECTRONICS INC
1783407,112559000.0,Sound Group Inc.,SOGP,Sound Group Inc.,Sound Group Inc.
1937987,112270000.0,"FALCON’S BEYOND GLOBAL, INC.",FBYD,"Falcon's Beyond Global, Inc.","Falcon's Beyond Global, Inc."
1956744,112196561.0,"SRM Entertainment, Inc.",TRON,Tron Inc.,Tron Inc.
1816723,112150000.0,Graphex Group Limited,,,Graphex Group Limited
1253176,111890000.0,"Vapotherm, Inc.",,,"Vapotherm, Inc."
2043759,111884013.0,LAGO Evergreen Credit,,,LAGO Evergreen Credit
350868,111730000.0,"ITERIS, INC.",,,"ITERIS, INC."
1819253,111645000.0,biote Corp.,BTMD,biote Corp.,biote Corp.
1487371,111473000.0,"GENMARK DIAGNOSTICS, INC.",,,"GENMARK DIAGNOSTICS, INC."
1053369,111339370.0,ELITE PHARMACEUTICALS INC /NV/,ELTP,ELITE PHARMACEUTICALS INC /NV/,ELITE PHARMACEUTICALS INC /NV/
1654948,111116000.0,"HARTMAN vREIT XXI, INC.",,,"HARTMAN vREIT XXI, INC."
1472091,110914447.0,PDS BIOTECHNOLOGY CORPORATION,PDSB,PDS Biotechnology Corp,PDS Biotechnology Corp
793306,110818000.0,Blue Dolphin Energy Company,BDCO,BLUE DOLPHIN ENERGY CO,BLUE DOLPHIN ENERGY CO
1691936,110509722.0,"STRYVE FOODS, INC.",,,"STRYVE FOODS, INC."
1314223,110489088.0,"AMBER ROAD, INC.",,,"AMBER ROAD, INC."
1437226,110392000.0,"MASTECH DIGITAL, INC.",MHH,"Mastech Digital, Inc.","Mastech Digital, Inc."
1884046,110348803.0,SPARK I ACQUISITION CORPORATION,SPKL,Spark I Acquisition Corp,Spark I Acquisition Corp
1251769,110231000.0,"Apollo Endosurgery, Inc.",,,"Apollo Endosurgery, Inc."
1816937,110082000.0,BOXABL Inc.,,,BOXABL Inc.
1327273,109968000.0,"Lyra Therapeutics, Inc.",,,"Lyra Therapeutics, Inc."
1530766,109721000.0,"BioSig Technologies, Inc.",STEX,Streamex Corp.,Streamex Corp.
916529,109410336.0,AROTECH CORP,,,AROTECH CORP
1667840,109390000.0,"Best Hometown Bancorp, Inc.",,,"Best Hometown Bancorp, Inc."
12239,109338000.0,AIKIDO PHARMA INC.,DOMH,Dominari Holdings Inc.,Dominari Holdings Inc.
1230058,109187000.0,"Kaanapali Land, LLC",KANP,KAANAPALI LAND LLC,KAANAPALI LAND LLC
1843248,109158375.0,"Global System Dynamics, Inc.",,,"Global System Dynamics, Inc."
1107421,109114000.0,"Alaunos Therapeutics, Inc.",TCRT,"Alaunos Therapeutics, Inc.","Alaunos Therapeutics, Inc."
1615055,109068000.0,IsoPlexis Corporation,,,IsoPlexis Corporation
1901799,109053000.0,Bitcoin Depot Inc.,,,Bitcoin Depot Inc.
1346302,108987000.0,XERIS PHARMACEUTICALS INC,,,XERIS PHARMACEUTICALS INC
1009759,108858000.0,"CAPSTONE GREEN ENERGY HOLDINGS, INC.",CEPL,"Capstone Energy Plus, Inc.","Capstone Energy Plus, Inc."
1108205,108848000.0,"Curis, Inc.",CRIS,CURIS INC,CURIS INC
1372299,108632000.0,"OCUGEN, INC.",OCGN,"Ocugen, Inc.","Ocugen, Inc."
1708341,108576901.0,"ALLIED ESPORTS ENTERTAINMENT, INC.",AIFA,"All In FutureTech Alliance, Inc.","All In FutureTech Alliance, Inc."
1265572,108383000.0,KONA GRILL INC,,,KONA GRILL INC
1088034,108351847.0,"USIO, INC.",USIO,"Usio, Inc.","Usio, Inc."
1637715,108182000.0,"RENEO PHARMACEUTICALS, INC.",OKUR,"OnKure Therapeutics, Inc.","OnKure Therapeutics, Inc."
1665300,108080000.0,Phunware Inc.,PHUN,"Phunware, Inc.","Phunware, Inc."
1856725,108027000.0,"RANI THERAPEUTICS HOLDINGS, INC.",RANI,"Rani Therapeutics Holdings, Inc.","Rani Therapeutics Holdings, Inc."
1893311,107963021.0,LUXURBAN HOTELS INC.,,,LUXURBAN HOTELS INC.
1419041,107783000.0,"FORTE BIOSCIENCES, INC.",,,"FORTE BIOSCIENCES, INC."
1801777,107446000.0,APPLIED MOLECULAR TRANSPORT INC.,,,APPLIED MOLECULAR TRANSPORT INC.
1874259,107337758.0,Maxpro Capital Acquisition Corp.,,,Maxpro Capital Acquisition Corp.
1805526,107230000.0,JANOVER INC.,DFDV,DeFi Development Corp.,DeFi Development Corp.
845289,107097000.0,"HARVEST NATURAL RESOURCES, INC.",,,"HARVEST NATURAL RESOURCES, INC."
1389002,107093000.0,Marin Software Incorporated,,,Marin Software Incorporated
1780731,107022374.0,"Global Internet of People, Inc.",EPOW,E-Power Inc.,E-Power Inc.
1839132,106928000.0,Movella Holdings Inc.,,,Movella Holdings Inc.
1866838,106895054.0,INCEPTION GROWTH ACQUISITION LIMITED,,,INCEPTION GROWTH ACQUISITION LIMITED
1605888,106763640.0,SeqLL Inc.,CIRC,CIRCLE8 GROUP INC,CIRCLE8 GROUP INC
838875,106600616.0,"WILLAMETTE VALLEY VINEYARDS, INC.",WVVI,WILLAMETTE VALLEY VINEYARDS INC,WILLAMETTE VALLEY VINEYARDS INC
1119774,106525000.0,Compugen Ltd,CGEN,COMPUGEN LTD,COMPUGEN LTD
1674365,106479000.0,APTINYX INC.,,,APTINYX INC.
1325618,106447489.0,IRADIMED CORPORATION,IRMD,IRADIMED CORP,IRADIMED CORP
1851657,106399000.0,"VAXXINITY, INC.",,,"VAXXINITY, INC."
1963685,106325000.0,RICHTECH ROBOTICS INC.,RR,RICHTECH ROBOTICS INC.,RICHTECH ROBOTICS INC.
707388,106263000.0,"Star Equity Holdings, Inc.",,,"Star Equity Holdings, Inc."
1881741,106076198.0,AROGO CAPITAL ACQUISITION CORP.,,,AROGO CAPITAL ACQUISITION CORP.
1769725,106004000.0,"EUREKA HOMESTEAD BANCORP, INC.",,,"EUREKA HOMESTEAD BANCORP, INC."
1841387,105968000.0,"CANDEL THERAPEUTICS, INC.",CADL,"Candel Therapeutics, Inc.","Candel Therapeutics, Inc."
1842556,105963996.0,HNR ACQUISITION CORP,EONR,EON Resources Inc.,EON Resources Inc.
1958713,105939801.0,NFT Limited,MI,NFT Ltd,NFT Ltd
1126741,105911000.0,GSI TECHNOLOGY INC,GSIT,GSI TECHNOLOGY INC,GSI TECHNOLOGY INC
34956,105857000.0,"TENAX THERAPEUTICS, INC.",TENX,"TENAX THERAPEUTICS, INC.","TENAX THERAPEUTICS, INC."
864240,105837000.0,"Sypris Solutions, Inc.",SYPR,SYPRIS SOLUTIONS INC,SYPRIS SOLUTIONS INC
1368365,105699000.0,"Remark Holdings, Inc.",,,"Remark Holdings, Inc."
1852440,105451924.0,Jianzhi Education Technology Group Company Limited,JZ,Jianzhi Education Technology Group Co Ltd,Jianzhi Education Technology Group Co Ltd
1883983,105192121.0,Vision Sensing Acquisition Corp.,,,Vision Sensing Acquisition Corp.
1867066,105160000.0,JOURNEY MEDICAL CORPORATION,DERM,Journey Medical Corp,Journey Medical Corp
1651721,104962278.0,"GENERATION INCOME PROPERTIES, INC.",GIPR,"GENERATION INCOME PROPERTIES, INC.","GENERATION INCOME PROPERTIES, INC."
69733,104930000.0,"NATHAN’S FAMOUS, INC.",NATH,"NATHANS FAMOUS, INC.","NATHANS FAMOUS, INC."
1554875,104902000.0,"Tintri, Inc.",,,"Tintri, Inc."
1720116,104834000.0,"RED VIOLET, INC.",RDVT,"Red Violet, Inc.","Red Violet, Inc."
1017968,104805000.0,EDGEWATER TECHNOLOGY INC/DE/,,,EDGEWATER TECHNOLOGY INC/DE/
1865120,104553953.0,Broad Capital Acquisition Corp,,,Broad Capital Acquisition Corp
1825249,104549809.0,CF ACQUISITION CORP. IV,,,CF ACQUISITION CORP. IV
1087294,104549283.0,CUMBERLAND PHARMACEUTICALS INC.,CPIX,CUMBERLAND PHARMACEUTICALS INC,CUMBERLAND PHARMACEUTICALS INC
1931691,104502717.0,Mobiv Acquisition Corp,,,Mobiv Acquisition Corp
1777319,104496815.0,"CISO GLOBAL, INC.",CISO,"CISO Global, Inc.","CISO Global, Inc."
1865602,104488263.0,"CANTOR EQUITY PARTNERS, INC.",,,"CANTOR EQUITY PARTNERS, INC."
1476963,104396912.0,"Scorpius Holdings, Inc.",,,"Scorpius Holdings, Inc."
1855885,104194119.0,SIGNAL HILL ACQUISITION CORP.,,,SIGNAL HILL ACQUISITION CORP.
1561627,104178000.0,ExOne Co,,,ExOne Co
1775085,103988552.0,China Liberal Education Holdings Limited,,,China Liberal Education Holdings Limited
1372183,103849684.0,"NextPlay Technologies, Inc.",,,"NextPlay Technologies, Inc."
1277998,103593153.0,MANUFACTURED HOUSING PROPERTIES INC.,,,MANUFACTURED HOUSING PROPERTIES INC.
948708,103581000.0,"SMITH MICRO SOFTWARE, INC.",SMSI,"SMITH MICRO SOFTWARE, INC.","SMITH MICRO SOFTWARE, INC."
1681941,103371975.0,iFresh Inc.,,,iFresh Inc.
1805087,103324000.0,"Gelesis Holdings, Inc.",,,"Gelesis Holdings, Inc."
1140102,103283000.0,"HIREQUEST, INC.",HQI,"HireQuest, Inc.","HireQuest, Inc."
1644482,103218000.0,"NEW BANCORP, INC.",,,"NEW BANCORP, INC."
908256,103209000.0,CHINA ENTERPRISES LTD,,,CHINA ENTERPRISES LTD
1478121,103122000.0,PFENEX INC.,,,PFENEX INC.
1799332,103080000.0,GAN LIMITED,,,GAN LIMITED
1521945,102925390.0,"Prospect Floating Rate and Alternative Income Fund, Inc.",,,"Prospect Floating Rate and Alternative Income Fund, Inc."
1317945,102783000.0,"Omega Flex, Inc.",OFLX,"Omega Flex, Inc.","Omega Flex, Inc."
31667,102752300.0,EDUCATIONAL DEVELOPMENT CORPORATION,EDUC,EDUCATIONAL DEVELOPMENT CORP,EDUCATIONAL DEVELOPMENT CORP
1824893,102696000.0,"Surrozen, Inc./DE",SRZN,"Surrozen, Inc./DE","Surrozen, Inc./DE"
895051,102631000.0,"CASI PHARMACEUTICALS, INC.",,,"CASI PHARMACEUTICALS, INC."
1880438,102560000.0,"AN2 Therapeutics, Inc.",ANTX,"AN2 Therapeutics, Inc.","AN2 Therapeutics, Inc."
1040161,102323000.0,"PIXELWORKS, INC",PXLW,"PIXELWORKS, INC","PIXELWORKS, INC"
1948455,102217131.0,Ispire Technology Inc.,ISPR,Ispire Technology Inc.,Ispire Technology Inc.
1849294,102143840.0,FORTUNE RISE ACQUISITION CORPORATION,,,FORTUNE RISE ACQUISITION CORPORATION
1353614,101956052.0,Invesco CURRENCYSHARES AUSTRALIAN DOLLAR TRUST,FXA,Invesco CurrencyShares Australian Dollar Trust,Invesco CurrencyShares Australian Dollar Trust
1734262,101836660.0,CooTek(Cayman)Inc.,,,CooTek(Cayman)Inc.
1644903,101796640.0,"cbdMD, Inc.",YCBD,"cbdMD, Inc.","cbdMD, Inc."
1314772,101737000.0,"SUMMER INFANT,     INC.",,,"SUMMER INFANT,     INC."
1580063,101727000.0,"Biora Therapeutics, Inc.",,,"Biora Therapeutics, Inc."
1788028,101693635.0,"JASPER THERAPEUTICS, INC.",JSPR,"Jasper Therapeutics, Inc.","Jasper Therapeutics, Inc."
1710340,101676000.0,"ETON PHARMACEUTICALS, INC.",ETON,"Eton Pharmaceuticals, Inc.","Eton Pharmaceuticals, Inc."
1339970,101534000.0,"ATYR PHARMA, INC.",ATYR,aTYR PHARMA INC,aTYR PHARMA INC
863894,101273636.0,VERU INC.,VERU,VERU INC.,VERU INC.
1365038,101252000.0,LEAF GROUP LTD.,,,LEAF GROUP LTD.
1912582,101240621.0,FEUTUNE LIGHT ACQUISITION CORPORATION,AIEV,"Thunder Power Holdings, Inc.","Thunder Power Holdings, Inc."
1769624,101221333.0,AGBA Acquisition Ltd,ILLR,Triller Group Inc.,Triller Group Inc.
1664127,101017623.0,"ALTITUDE INTERNATIONAL HOLDINGS, INC.",,,"ALTITUDE INTERNATIONAL HOLDINGS, INC."
1016838,101004000.0,RADCOM LTD,RDCM,RADCOM LTD,RADCOM LTD
1337013,100849000.0,"INFUSYSTEM HOLDINGS, INC.",INFU,"InfuSystem Holdings, Inc","InfuSystem Holdings, Inc"
1505512,100661000.0,Regulus Therapeutics Inc.,,,Regulus Therapeutics Inc.
882361,100476000.0,APTOSE BIOSCIENCES INC.,,,APTOSE BIOSCIENCES INC.
1642380,100091000.0,Oncocyte Corporation,IMDX,Insight Molecular Diagnostics Inc.,Insight Molecular Diagnostics Inc.
1427925,99993000.0,"TALPHERA, INC.",TLPH,"TALPHERA, INC.","TALPHERA, INC."
1808898,99592000.0,BENITEC BIOPHARMA INC.,BNTC,Benitec Biopharma Inc.,Benitec Biopharma Inc.
1854963,99451937.0,"SHF Holdings, Inc.",SHFS,"SHF Holdings, Inc.","SHF Holdings, Inc."
1985375,99398285.0,"Muzinich Corporate Lending Income Fund, Inc.",,,"Muzinich Corporate Lending Income Fund, Inc."
875582,99303381.0,NORTHERN TECHNOLOGIES INTERNATIONAL CORPORATION,NTIC,NORTHERN TECHNOLOGIES INTERNATIONAL CORP,NORTHERN TECHNOLOGIES INTERNATIONAL CORP
1084554,98968970.0,LIGHTBRIDGE CORPORATION,LTBR,LIGHTBRIDGE Corp,LIGHTBRIDGE Corp
1854139,98932000.0,Zevia PBC,ZVIA,Zevia PBC,Zevia PBC
1880343,98929692.0,"FRESH VINE WINE, INC.",AMZE,"AMAZE HOLDINGS, INC.","AMAZE HOLDINGS, INC."
1339469,98826000.0,"CHIASMA, INC",,,"CHIASMA, INC"
714256,98767645.0,SANARA MEDTECH INC.,SMTI,Sanara MedTech Inc.,Sanara MedTech Inc.
1620664,98562742.0,"China Customer Relations Centers, Inc.",,,"China Customer Relations Centers, Inc."
814586,98267000.0,"LIFEWAY FOODS, INC.",LWAY,"Lifeway Foods, Inc.","Lifeway Foods, Inc."
1762303,98264000.0,"AVITA MEDICAL, INC.",RCEL,"AVITA Medical, Inc.","AVITA Medical, Inc."
1672326,97938911.0,"YUMA ENERGY, INC.",,,"YUMA ENERGY, INC."
875355,97924000.0,"Lendway, Inc.",TULP,"BLOOMIA HOLDINGS, INC.","BLOOMIA HOLDINGS, INC."
1419275,97657000.0,RYVYL Inc.,RTB,"RTB Digital, Inc.","RTB Digital, Inc."
1810031,97390000.0,Freeline Therapeutics Holdings plc,,,Freeline Therapeutics Holdings plc
1378624,97324300.0,"CELLULAR BIOMEDICINE GROUP, INC.",,,"CELLULAR BIOMEDICINE GROUP, INC."
1782037,97299285.0,MingZhu Logistics Holdings Ltd,YGMZF,MingZhu Logistics Holdings Ltd,MingZhu Logistics Holdings Ltd
1105533,97204391.0,ARGOS THERAPEUTICS INC,,,ARGOS THERAPEUTICS INC
906193,97162000.0,KEY TECHNOLOGY INC,,,KEY TECHNOLOGY INC
1420529,97114228.0,ATA Creativity Global,AACG,ATA Creativity Global,ATA Creativity Global
1052354,96721385.0,MAN AHL DIVERSIFIED I LP,MADL,MAN AHL DIVERSIFIED I LP,MAN AHL DIVERSIFIED I LP
1818844,96692527.0,"Virios Therapeutics, Inc.",DWTX,"Dogwood Therapeutics, Inc.","Dogwood Therapeutics, Inc."
1043186,96580000.0,"Stabilis Solutions, Inc.",SLNG,"Stabilis Solutions, Inc.","Stabilis Solutions, Inc."
1023844,96501000.0,NATIONAL HOLDINGS CORP,,,NATIONAL HOLDINGS CORP
1922331,96293292.0,GLOBAL STAR ACQUISITION INC.,,,GLOBAL STAR ACQUISITION INC.
1962738,96234000.0,"CASI PHARMACEUTICALS, INC.",CASIF,"CASI Pharmaceuticals, Inc.","CASI Pharmaceuticals, Inc."
1061027,95991000.0,"Viracta Therapeutics, Inc.",,,"Viracta Therapeutics, Inc."
921114,95834000.0,"ARMATA PHARMACEUTICALS, INC.",ARMP,"Armata Pharmaceuticals, Inc.","Armata Pharmaceuticals, Inc."
1819615,95717000.0,Clever Leaves Holdings Inc.,,,Clever Leaves Holdings Inc.
1814114,95572000.0,"Orchestra BioMed Holdings, Inc.",OBIO,"Orchestra BioMed Holdings, Inc.","Orchestra BioMed Holdings, Inc."
1592407,95475550.0,Sugar Creek Financial Corp./MD/,,,Sugar Creek Financial Corp./MD/
1828608,95338823.0,Compute Health Acquisition Corp.,,,Compute Health Acquisition Corp.
724910,95244562.0,NVE Corp,NVEC,NVE CORP /NEW/,NVE CORP /NEW/
1835567,95129000.0,"Pear Therapeutics, Inc.",,,"Pear Therapeutics, Inc."
1878074,94817270.0,BLUE WORLD ACQUISITION CORPORATION,,,BLUE WORLD ACQUISITION CORPORATION
926423,94714000.0,"MIND Technology, Inc.",MIND,"MIND TECHNOLOGY, INC","MIND TECHNOLOGY, INC"
862861,94686000.0,ALT5 SIGMA CORPORATION,AIFC,AI Financial Corp,AI Financial Corp
1004989,94598000.0,"SPAR Group, Inc.",SGRP,"SPAR Group, Inc.","SPAR Group, Inc."
1392363,94578660.0,"CHINA ADVANCED CONSTRUCTION MATERIALS GROUP, INC",,,"CHINA ADVANCED CONSTRUCTION MATERIALS GROUP, INC"
1633070,94359000.0,AXCELLA HEALTH INC.,,,AXCELLA HEALTH INC.
1895249,94222525.0,Monterey Capital Acquisition Corporation,CNTM,"ConnectM Technology Solutions, Inc.","ConnectM Technology Solutions, Inc."
1783032,94161000.0,"ELEVATION ONCOLOGY, INC.",,,"ELEVATION ONCOLOGY, INC."
1641640,94113000.0,Nabriva Therapeutics plc,,,Nabriva Therapeutics plc
1375686,94107319.0,"THT HEAT TRANSFER TECHNOLOGY, INC.",,,"THT HEAT TRANSFER TECHNOLOGY, INC."
1575428,93937975.0,"STRATEGIC STORAGE GROWTH TRUST, INC.",,,"STRATEGIC STORAGE GROWTH TRUST, INC."
1592288,93865000.0,"Dimension Therapeutics, Inc.",,,"Dimension Therapeutics, Inc."
1398733,93698000.0,"Aquestive Therapeutics, Inc.",AQST,"Aquestive Therapeutics, Inc.","Aquestive Therapeutics, Inc."
1281845,93493789.0,"UNIQUE LOGISTICS INTERNATIONAL, INC.",,,"UNIQUE LOGISTICS INTERNATIONAL, INC."
1612630,93490377.0,Joint Corp,JYNT,JOINT Corp,JOINT Corp
1408278,93399000.0,"Synacor, Inc.",,,"Synacor, Inc."
1039280,93001049.0,"NETSOL TECHNOLOGIES, INC.",NTWK,NETSOL TECHNOLOGIES INC,NETSOL TECHNOLOGIES INC
1439725,92906000.0,"Biodesix, Inc.",BDSX,BIODESIX INC,BIODESIX INC
1591890,92862000.0,FUNDAMENTAL     GLOBAL INC.,FGNX,FG Nexus Inc.,FG Nexus Inc.
1590695,92826000.0,"Twinlab Consolidated Holdings, Inc.",,,"Twinlab Consolidated Holdings, Inc."
911216,92755563.0,"PALATIN TECHNOLOGIES, INC.",PTN,PALATIN TECHNOLOGIES INC,PALATIN TECHNOLOGIES INC
1591956,92556000.0,Sphere 3D Corp.,ANY,Sphere 3D Corp.,Sphere 3D Corp.
1460602,92495000.0,ORGENESIS INC.,,,ORGENESIS INC.
1680048,92422000.0,"Mustang Bio, Inc.",MBIO,"MUSTANG BIO, INC.","MUSTANG BIO, INC."
54187,92179918.0,MAYS J W INC,MAYS,MAYS J W INC,MAYS J W INC
1057083,92166000.0,PC TEL INC,,,PC TEL INC
1739174,92121000.0,BiomX Inc.,PHGE,BiomX Inc.,BiomX Inc.
64463,91952000.0,"SOLUNA HOLDINGS, INC.",SLNH,"Soluna Holdings, Inc","Soluna Holdings, Inc"
1363958,91906628.0,"Western Capital Resources, Inc.",,,"Western Capital Resources, Inc."
1571398,91896855.0,Vecta Inc.,,,Vecta Inc.
1671584,91858000.0,APTEVO THERAPEUTICS INC.,APVO,Aptevo Therapeutics Inc.,Aptevo Therapeutics Inc.
836690,91784588.0,"INNOVATIVE SOLUTIONS AND SUPPORT, INC.",IA,INNOVATIVE SOLUTIONS & SUPPORT INC,INNOVATIVE SOLUTIONS & SUPPORT INC
1851484,91709079.0,TenX Keane Acquisition,CTOR,"CITIUS ONCOLOGY, INC.","CITIUS ONCOLOGY, INC."
1386570,91525000.0,"NIAGEN BIOSCIENCE, INC.",NAGE,"Niagen Bioscience, Inc.","Niagen Bioscience, Inc."
870753,91478000.0,NUMEREX CORP /PA/,,,NUMEREX CORP /PA/
2017526,91402832.0,Perceptive Capital Solutions Corp,FRNM,"Freenome, Inc.","Freenome, Inc."
1645460,91283000.0,"Cue Biopharma, Inc.",CUE,"Cue Biopharma, Inc.","Cue Biopharma, Inc."
1445283,91140000.0,"KINETA, INC./DE",,,"KINETA, INC./DE"
1696558,91133505.0,"Jerash Holdings (US), Inc.",JRSH,"Jerash Holdings (US), Inc.","Jerash Holdings (US), Inc."
1694665,90920000.0,"EVELO BIOSCIENCES, INC.",,,"EVELO BIOSCIENCES, INC."
1467652,90873000.0,"NEOS THERAPEUTICS, INC.",,,"NEOS THERAPEUTICS, INC."
1095348,90689000.0,O2MICRO INTERNATIONAL LTD,,,O2MICRO INTERNATIONAL LTD
1311828,90449057.0,"Independence Bancshares, Inc.",,,"Independence Bancshares, Inc."
1467154,90330000.0,"NVN Liquidation, Inc.",,,"NVN Liquidation, Inc."
891532,90208000.0,"PERMA FIX ENVIRONMENTAL SERVICES, INC",PESI,PERMA FIX ENVIRONMENTAL SERVICES INC,PERMA FIX ENVIRONMENTAL SERVICES INC
1853920,90119270.0,VISCOGLIOSI BROTHERS ACQUISITION CORP.,,,VISCOGLIOSI BROTHERS ACQUISITION CORP.
1951067,90103636.0,C3IS INC.,CISS,C3is Inc.,C3is Inc.
1775898,90097000.0,UCLOUDLINK GROUP INC.,UCL,uCloudlink Group Inc.,uCloudlink Group Inc.
24104,89983000.0,CONTINENTAL MATERIALS CORP,,,CONTINENTAL MATERIALS CORP
1347613,89852000.0,"SYNERGY PHARMACEUTICALS, INC.",,,"SYNERGY PHARMACEUTICALS, INC."
1914023,89848407.0,ACRI CAPITAL ACQUISITION CORPORATION,,,ACRI CAPITAL ACQUISITION CORPORATION
1061069,89750000.0,AVALON HOLDINGS CORPORATION,AWX,AVALON HOLDINGS CORP,AVALON HOLDINGS CORP
1569329,89691000.0,"YOUNGEVITY INTERNATIONAL, INC.",,,"YOUNGEVITY INTERNATIONAL, INC."
1492674,89568000.0,"T2 BIOSYSTEMS, INC.",,,"T2 BIOSYSTEMS, INC."
1611231,89315000.0,"MAXPOINT INTERACTIVE, INC.",,,"MAXPOINT INTERACTIVE, INC."
1897245,89297234.0,HWH     INTERNATIONAL INC.,HWH,HWH International Inc.,HWH International Inc.
1500412,89163000.0,"Ambiq Micro, Inc.",AMBQ,"Ambiq Micro, Inc.","Ambiq Micro, Inc."
1847986,89105000.0,DRAGONFLY ENERGY HOLDINGS CORP.,DFLI,Dragonfly Energy Holdings Corp.,Dragonfly Energy Holdings Corp.
1853112,89099189.0,GENESIS UNICORN CAPITAL CORP.,,,GENESIS UNICORN CAPITAL CORP.
1371451,88892206.0,"HIGHWATER ETHANOL, LLC",,,"HIGHWATER ETHANOL, LLC"
1750149,88853230.0,"INHIBIKASE THERAPEUTICS, INC.",IKT,"Inhibikase Therapeutics, Inc.","Inhibikase Therapeutics, Inc."
1499717,88841000.0,"STAFFING 360 SOLUTIONS, INC.",,,"STAFFING 360 SOLUTIONS, INC."
2030829,88731359.0,PANTAGES CAPITAL ACQUSITION Corp,PGAC,PANTAGES CAPITAL ACQUISITION Corp,PANTAGES CAPITAL ACQUISITION Corp
1882963,88637755.0,AIB ACQUISITION CORPORATION,,,AIB ACQUISITION CORPORATION
1890671,88619227.0,DUET ACQUISITION CORP.,,,DUET ACQUISITION CORP.
1445499,88550000.0,IMPEL PHARMACEUTICALS INC,,,IMPEL PHARMACEUTICALS INC
1690842,88487000.0,GRANITESHARES PLATINUM TRUST,PLTM,GraniteShares Platinum Trust,GraniteShares Platinum Trust
1274737,88310000.0,EXAGEN INC.,XGN,EXAGEN INC.,EXAGEN INC.
1814067,88286038.0,"Lixiang Education Holding Co., Ltd.",LXEH,Lixiang Education Holding Co. Ltd.,Lixiang Education Holding Co. Ltd.
928953,88261000.0,Pillarstone Capital REIT,,,Pillarstone Capital REIT
1486299,88176134.0,"RENMIN TIANLI GROUP, INC.",,,"RENMIN TIANLI GROUP, INC."
2028355,88127668.0,MAYWOOD ACQUISITION CORP.,IPEX,Inflection Point Acquisition Corp. V,Inflection Point Acquisition Corp. V
840715,88124000.0,CLEARONE INC,CLRO,CLEARONE INC,CLEARONE INC
1855447,88078000.0,"Tigo Energy, Inc.",TYGO,"TIGO ENERGY, INC.","TIGO ENERGY, INC."
1322554,87996000.0,Xactly Corp,,,Xactly Corp
1654595,87915404.0,"Medalist Diversified REIT, Inc.",MDRR,"Medalist Diversified, Inc.","Medalist Diversified, Inc."
1487198,87834620.0,"ASPEN GROUP, INC.",,,"ASPEN GROUP, INC."
771266,87832272.0,KOPIN CORPORATION,KOPN,KOPIN CORP,KOPIN CORP
1178253,87810000.0,"SCYNEXIS, Inc.",SCYX,SCYNEXIS INC,SCYNEXIS INC
2024459,87792497.0,Charlton Aria Acquisition Corporation,CHAR,Charlton Aria Acquisition Corp,Charlton Aria Acquisition Corp
1621443,87764596.0,"ZYNERBA PHARMACEUTICALS, INC.",,,"ZYNERBA PHARMACEUTICALS, INC."
849145,87686000.0,HERITAGE GLOBAL INC.,HGBL,Heritage Global Inc.,Heritage Global Inc.
868278,87648000.0,"PROPHASE LABS, INC.",PRPH,"ProPhase Labs, Inc.","ProPhase Labs, Inc."
1971543,87555000.0,Mural Oncology plc,,,Mural Oncology plc
2037431,87312564.0,Pelican Acquisition Corporation,,,Pelican Acquisition Corporation
1821323,87278000.0,"Sigilon Therapeutics, Inc.",,,"Sigilon Therapeutics, Inc."
1842952,87152101.0,CONTEXT THERAPEUTICS INC.,CNTX,Context Therapeutics Inc.,Context Therapeutics Inc.
1396878,87046675.0,"United States Gasoline Fund, LP",UGA,"United States Gasoline Fund, LP","United States Gasoline Fund, LP"
1296774,86862304.0,The9 LTD,NCTY,The9 LTD,The9 LTD
1806524,86634384.0,Lion Group Holding Ltd.,LGHL,Lion Group Holding Ltd,Lion Group Holding Ltd
1820190,86527000.0,Scilex Holding Company,SCLX,Scilex Holding Co,Scilex Holding Co
1553404,86393619.0,Pacific Green Technologies Inc.,,,Pacific Green Technologies Inc.
1913577,86279436.0,Denali Capital Acquisition Corp.,SMNR,"Semnur Pharmaceuticals, Inc.","Semnur Pharmaceuticals, Inc."
1785056,86240000.0,INTERACTIVE STRENGTH INC.,TRNR,"Interactive Strength, Inc.","Interactive Strength, Inc."
1532619,86196923.0,POWER REIT,PW,Power REIT,Power REIT
1452872,86081618.0,"ARC Group, Inc.",,,"ARC Group, Inc."
1082038,86020000.0,DURECT CORP,,,DURECT CORP
1413263,85798498.0,"CHINA JO-JO DRUGSTORES, INC.",,,"CHINA JO-JO DRUGSTORES, INC."
1495231,85674890.0,"IZEA WORLDWIDE, INC.",IZEA,"IZEA Worldwide, Inc.","IZEA Worldwide, Inc."
1683553,85648000.0,"Spruce Biosciences, Inc.",SPRB,"SPRUCE BIOSCIENCES, INC.","SPRUCE BIOSCIENCES, INC."
1381074,85473000.0,Baijiayun Group Ltd,RTCJF,Baijiayun Group Ltd,Baijiayun Group Ltd
1618798,85265000.0,"BEN FRANKLIN FINANCIAL, INC.",,,"BEN FRANKLIN FINANCIAL, INC."
740664,85140000.0,R F INDUSTRIES LTD,RFIL,R F INDUSTRIES LTD,R F INDUSTRIES LTD
1604191,85058951.0,"Entero Therapeutics, Inc.",GRDX,GridAI Technologies Corp.,GridAI Technologies Corp.
1539029,84813000.0,"Clearside Biomedical, Inc.",,,"Clearside Biomedical, Inc."
1811216,84801943.0,Baosheng Media Group Holdings Ltd,BAOS,Baosheng Media Group Holdings Ltd,Baosheng Media Group Holdings Ltd
719135,84745000.0,Apyx Medical Corp,APYX,Apyx Medical Corp,Apyx Medical Corp
1576873,84457791.0,AMERICAN     BATTERY TECHNOLOGY COMPANY,ABAT,AMERICAN BATTERY TECHNOLOGY Co,AMERICAN BATTERY TECHNOLOGY Co
2047455,84285996.0,Quartzsea Acquisition Corporation,QSEA,Quartzsea Acquisition Corp,Quartzsea Acquisition Corp
1382574,84178330.0,"SCIENTURE HOLDINGS, INC.",SCNX,"Scienture Holdings, Inc.","Scienture Holdings, Inc."
1239188,84094772.0,GENERAL STEEL HOLDINGS INC,,,GENERAL STEEL HOLDINGS INC
1623595,84048000.0,"ATLAS ENERGY GROUP, LLC",,,"ATLAS ENERGY GROUP, LLC"
1668370,83916996.0,"TOUGHBUILT INDUSTRIES, INC.",,,"TOUGHBUILT INDUSTRIES, INC."
1563699,83878000.0,COVISINT CORP,,,COVISINT CORP
1697851,83840000.0,"REKOR SYSTEMS, INC.",REKR,"Rekor Systems, Inc.","Rekor Systems, Inc."
1903464,83616150.0,AIMFINITY INVESTMENT CORP. I,,,AIMFINITY INVESTMENT CORP. I
1852117,83586000.0,Rockley Photonics Holdings Limited,,,Rockley Photonics Holdings Limited
1412067,83265000.0,"Cascadian Therapeutics, Inc.",,,"Cascadian Therapeutics, Inc."
1041024,83153638.0,"ROCKWELL MEDICAL, INC.",RMTI,"ROCKWELL MEDICAL, INC.","ROCKWELL MEDICAL, INC."
1300734,83072708.0,"SHINECO, INC",,,"SHINECO, INC"
1476170,82982000.0,Unilife Corp,,,Unilife Corp
1410428,82807000.0,"XWELL, Inc.",XWEL,"XWELL, Inc.","XWELL, Inc."
1009891,82800000.0,AIR INDUSTRIES GROUP,AIRI,AIR INDUSTRIES GROUP,AIR INDUSTRIES GROUP
1835268,82725000.0,Connect Biopharma Holdings Limited,CNTB,Connect Biopharma Holdings Ltd,Connect Biopharma Holdings Ltd
701719,82715760.0,Envela Corporation,ELA,Envela Corp,Envela Corp
839087,82582000.0,VASO CORPORATION,VASO,VASO Corp,VASO Corp
1169245,82494000.0,"PhaseBio Pharmaceuticals, Inc.",,,"PhaseBio Pharmaceuticals, Inc."
1211759,82488000.0,CONNECTURE INC,,,CONNECTURE INC
1017673,82466000.0,DOVER MOTORSPORTS INC,,,DOVER MOTORSPORTS INC
847464,82446764.0,"SPRING PHARMACEUTICAL GROUP, INC.",,,"SPRING PHARMACEUTICAL GROUP, INC."
1383701,82323840.0,Histogen Inc.,,,Histogen Inc.
1751299,82306000.0,"KALEIDO BIOSCIENCES, INC.",,,"KALEIDO BIOSCIENCES, INC."
1906364,82295308.0,FG MERGER II CORP.,BXBL,BOXABL Inc.,BOXABL Inc.
1006281,82247000.0,"Protalix BioTherapeutics, Inc.",PLX,"Protalix BioTherapeutics, Inc.","Protalix BioTherapeutics, Inc."
1711754,81795000.0,INMUNE BIO INC.,INMB,"Inmune Bio, Inc.","Inmune Bio, Inc."
1700844,81745666.0,EvoAir Holdings Inc.,EVOH,EvoAir Holdings Inc.,EvoAir Holdings Inc.
1903392,81557355.0,CLIMATEROCK,CLRCF,ClimateRock,ClimateRock
1584584,81554976.0,"AXIOM HOLDINGS, INC.",,,"AXIOM HOLDINGS, INC."
889971,81505766.0,"LIGHTPATH TECHNOLOGIES, INC.",LPTH,LIGHTPATH TECHNOLOGIES INC,LIGHTPATH TECHNOLOGIES INC
1274792,81483000.0,MERRIMACK PHARMACEUTICALS INC,,,MERRIMACK PHARMACEUTICALS INC
1743340,81473000.0,TuanChe Ltd,TC,Token Cat Ltd,Token Cat Ltd
1850079,81362000.0,Telesis Bio Inc.,,,Telesis Bio Inc.
1276531,81182776.0,"SCIENTIFIC ENERGY, INC.",,,"SCIENTIFIC ENERGY, INC."
1566044,81159000.0,VYNE THERAPEUTICS INC.,YARW,"Yarrow Bioscience, Inc.","Yarrow Bioscience, Inc."
1790169,80987000.0,Flora Growth Corp.,ZSTK,ZeroStack Corp.,ZeroStack Corp.
1753162,80446000.0,FATHOM HOLDINGS INC.,FTHM,Fathom Holdings Inc.,Fathom Holdings Inc.
1072725,80268951.0,GOLD RESERVE LTD.,GDRZF,GOLD RESERVE LTD,GOLD RESERVE LTD
1866226,80193219.0,Welsbach Technology Metals Acquisition Corp.,EMAT,Evolution Metals & Technologies Corp.,Evolution Metals & Technologies Corp.
909724,80111000.0,"Tandy Leather Factory, Inc.",TLF,TANDY LEATHER FACTORY INC,TANDY LEATHER FACTORY INC
1920294,80101992.0,Rezolve AI plc,RZLV,REZOLVE AI PLC,REZOLVE AI PLC
1665658,80020000.0,"COMMERCEHUB, INC.",,,"COMMERCEHUB, INC."
918580,79999000.0,GAMING PARTNERS INTERNATIONAL CORP,,,GAMING PARTNERS INTERNATIONAL CORP
1673481,79380253.0,Lottery.com Inc.,SEGG,Sports Entertainment Gaming Global Corp,Sports Entertainment Gaming Global Corp
1226616,79205174.0,MEDICINOVA INC,MNOV,MEDICINOVA INC,MEDICINOVA INC
33533,79116564.0,ESPEY MFG & ELECTRONICS CORP.,ESP,ESPEY MFG & ELECTRONICS CORP,ESPEY MFG & ELECTRONICS CORP
1869467,79018000.0,OCEANPAL INC.,SVRN,OceanPal Inc.,OceanPal Inc.
1438423,78922000.0,"Everspin Technologies, Inc.",MRAM,EVERSPIN TECHNOLOGIES INC.,EVERSPIN TECHNOLOGIES INC.
1427570,78778000.0,RESHAPE LIFESCIENCES INC.,HIND,"Vyome Holdings, Inc","Vyome Holdings, Inc"
1568385,78647503.0,"BRIGHT MOUNTAIN MEDIA, INC.",BMTM,"Bright Mountain Media, Inc.","Bright Mountain Media, Inc."
1106644,78520140.0,"CHINA PHARMA HOLDINGS, INC.",CPHI,"CHINA PHARMA HOLDINGS, INC.","CHINA PHARMA HOLDINGS, INC."
1572702,78500000.0,"ATLAS GROWTH PARTNERS, L.P.",,,"ATLAS GROWTH PARTNERS, L.P."
1080056,78463112.0,"THESTREET, INC.",,,"THESTREET, INC."
1746466,78421000.0,"Equillium, Inc.",EQ,"Equillium, Inc.","Equillium, Inc."
1361025,78082000.0,DCP Holding CO,,,DCP Holding CO
1678022,78060196.0,"Newater Technology, Inc.",,,"Newater Technology, Inc."
1650575,78030000.0,"BORQS TECHNOLOGIES, INC.",BRQSF,"Borqs Technologies, Inc.","Borqs Technologies, Inc."
1832148,77997000.0,SLR HC BDC LLC,,,SLR HC BDC LLC
1157075,77950534.0,"PHARMACYTE BIOTECH, INC.",PMCB,"PharmaCyte Biotech, Inc.","PharmaCyte Biotech, Inc."
1448038,77920000.0,REDWOOD MORTGAGE INVESTORS IX,RWDMU,Redwood Mortgage Investors IX,Redwood Mortgage Investors IX
1134115,77901555.0,INTERNATIONAL TOWER HILL MINES LTD,THM,INTERNATIONAL TOWER HILL MINES LTD,INTERNATIONAL TOWER HILL MINES LTD
1699350,77829000.0,"Shoulder Innovations, Inc.",SI,"SHOULDER INNOVATIONS, INC.","SHOULDER INNOVATIONS, INC."
1417754,77477264.0,LiNiu Technology Group,,,LiNiu Technology Group
1719714,77413000.0,MEREO BIOPHARMA GROUP PLC,MREO,Mereo BioPharma Group plc,Mereo BioPharma Group plc
1449792,77408000.0,"PIONEER POWER SOLUTIONS, INC.",PPSI,"PIONEER POWER SOLUTIONS, INC.","PIONEER POWER SOLUTIONS, INC."
1595353,77139000.0,GALMED PHARMACEUTICALS LTD.,EOCN,Galmed Pharmaceuticals Ltd.,Galmed Pharmaceuticals Ltd.
1473334,77043687.0,"Nova LifeStyle, Inc.",XMAX,XMax Inc.,XMax Inc.
1982444,76990482.0,Baird Medical Investment Holdings Limited,BDMD,Baird Medical Investment Holdings Ltd,Baird Medical Investment Holdings Ltd
1759783,76969000.0,EHang Holdings Limited,EH,EHang Holdings Ltd,EHang Holdings Ltd
1869601,76944986.0,EMBRACE CHANGE ACQUISITION CORP.,EMCGF,Embrace Change Acquisition Corp.,Embrace Change Acquisition Corp.
920532,76881000.0,POINTER TELOCATION LTD,,,POINTER TELOCATION LTD
1034760,76576077.0,WIDEPOINT CORPORATION,WYY,WIDEPOINT CORP,WIDEPOINT CORP
1847513,76500154.0,CORNER GROWTH ACQUISITION CORP. 2,,,CORNER GROWTH ACQUISITION CORP. 2
1014111,76400000.0,"GLASSBRIDGE ENTERPRISES, INC.",,,"GLASSBRIDGE ENTERPRISES, INC."
1080340,76280001.0,"MANHATTAN BRIDGE CAPITAL, INC.",LOAN,"MANHATTAN BRIDGE CAPITAL, INC","MANHATTAN BRIDGE CAPITAL, INC"
1497253,76131000.0,"Organovo Holdings, Inc.",VIVS,"VivoSim Labs, INC.","VivoSim Labs, INC."
1011060,76124458.0,Nordicus     Partners Corporation,NORD,Nordicus Partners Corp,Nordicus Partners Corp
25895,76023000.0,"Crown Crafts, Inc.",CRWS,CROWN CRAFTS INC,CROWN CRAFTS INC
2024460,75900620.0,ChampionsGate Acquisition Corporation,CHPG,ChampionsGate Acquisition Corp,ChampionsGate Acquisition Corp
1861841,75835000.0,Arbe Robotics Ltd.,ARBE,Arbe Robotics Ltd.,Arbe Robotics Ltd.
1561180,75712515.0,PETROTEQ ENERGY INC.,,,PETROTEQ ENERGY INC.
1640967,75675000.0,Rise Companies Corp.,,,Rise Companies Corp.
1282224,75376832.0,"DOLPHIN ENTERTAINMENT, INC.",DLPN,"Dolphin Entertainment, Inc.","Dolphin Entertainment, Inc."
1818089,75166727.0,BLUESCAPE OPPORTUNITIES ACQUISITION CORP.,,,BLUESCAPE OPPORTUNITIES ACQUISITION CORP.
1095146,75014000.0,Athena Bitcoin Global,ABIT,Athena Bitcoin Global,Athena Bitcoin Global
1841800,74933000.0,"Nogin, Inc.",,,"Nogin, Inc."
722313,74825000.0,NORTECH SYSTEMS INCORPORATED,NSYS,NORTECH SYSTEMS INC,NORTECH SYSTEMS INC
22701,74695487.0,"Communications Systems, Inc.",SUNE,"SUNation Energy, Inc.","SUNation Energy, Inc."
1616741,74588000.0,"PATRIOT TRANSPORTATION HOLDING, INC.",,,"PATRIOT TRANSPORTATION HOLDING, INC."
1375557,74416000.0,"Guidance Software, Inc.",,,"Guidance Software, Inc."
1607962,74236000.0,Lifeward Ltd.,LFWD,Lifeward Ltd.,Lifeward Ltd.
1461219,74111369.0,GRAHAM ALTERNATIVE INVESTMENT FUND I LLC,,,GRAHAM ALTERNATIVE INVESTMENT FUND I LLC
1651987,74003000.0,"CENTRAL FEDERAL BANCSHARES, INC",,,"CENTRAL FEDERAL BANCSHARES, INC"
1641631,73959000.0,"Beyond Air, Inc.",XAIR,"Beyond Air, Inc.","Beyond Air, Inc."
1611277,73682997.0,"HELIX TECHNOLOGIES, INC.",,,"HELIX TECHNOLOGIES, INC."
1353282,73580357.0,MANAGED FUTURES PREMIER WARRINGTON L.P.,,,MANAGED FUTURES PREMIER WARRINGTON L.P.
948320,73564702.0,"LIFEMD, INC.",LFMD,"LifeMD, Inc.","LifeMD, Inc."
2000775,73502321.0,Black Hawk Acquisition Corporation,BKHA,Black Hawk Acquisition Corp,Black Hawk Acquisition Corp
1512138,73397337.0,"Great Basin Scientific, Inc.",,,"Great Basin Scientific, Inc."
894237,73375302.0,COGENTIX MEDICAL INC /DE/,,,COGENTIX MEDICAL INC /DE/
1442620,73373881.0,"RECON TECHNOLOGY, LTD",RCON,"Recon Technology, Ltd","Recon Technology, Ltd"
1892292,73339754.0,Maison Solutions Inc.,MSS,Maison Solutions Inc.,Maison Solutions Inc.
1901203,73321319.0,Iron Horse Acquisitions Corp.,UCFI,CN Healthy Food Tech Group Corp.,CN Healthy Food Tech Group Corp.
1800315,73188000.0,"GALECTO, INC.",DMRA,"Damora Therapeutics, Inc.","Damora Therapeutics, Inc."
884269,73165000.0,"ALPHA PRO TECH, LTD.",APT,ALPHA PRO TECH LTD,ALPHA PRO TECH LTD
1889983,73127796.0,KEEN VISION ACQUISITION CORPORATION,KVACF,Keen Vision Acquisition Corp.,Keen Vision Acquisition Corp.
1046995,73107000.0,eMagin Corporation,,,eMagin Corporation
1021270,73081000.0,"BBQ HOLDINGS, INC.",,,"BBQ HOLDINGS, INC."
320017,73034000.0,"LISATA THERAPEUTICS, INC.",LSTA,"LISATA THERAPEUTICS, INC.","LISATA THERAPEUTICS, INC."
1556898,72940000.0,"Techpoint, Inc.",,,"Techpoint, Inc."
1886894,72772571.0,"SNAIL, INC.",SNAL,"Snail, Inc.","Snail, Inc."
1441693,72717000.0,MARRONE BIO INNOVATIONS INC.,,,MARRONE BIO INNOVATIONS INC.
768411,72599000.0,CyberOptics Corporation,,,CyberOptics Corporation
2029471,72575385.0,Heidmar Maritime Holdings Corp.,HMR,Heidmar Maritime Holdings Corp.,Heidmar Maritime Holdings Corp.
1815566,72380837.0,"Infobird Co., Ltd",IFBD,"Infobird Co., Ltd","Infobird Co., Ltd"
1850059,72365816.0,Flag Ship Acquisition Corporation,FSHP,Flag Ship Acquisition Corp,Flag Ship Acquisition Corp
2017950,72123644.0,DT Cloud Star Acquisition Corporation,DTSQ,DT Cloud Star Acquisition Corp,DT Cloud Star Acquisition Corp
1374128,72089000.0,ENTELLUS MEDICAL INC,,,ENTELLUS MEDICAL INC
1807893,71981163.0,"Standard Premium Finance Holdings, Inc.",SPFX,"STANDARD PREMIUM FINANCE HOLDINGS, INC.","STANDARD PREMIUM FINANCE HOLDINGS, INC."
1572384,71966505.0,PHOENIX RISING COMPANIES,,,PHOENIX RISING COMPANIES
849146,71958000.0,LIFEVANTAGE CORP,LFVN,Lifevantage Corp,Lifevantage Corp
1829966,71955885.0,"EBET, Inc.",,,"EBET, Inc."
1590496,71939730.0,AERKOMM INC.,,,AERKOMM INC.
894158,71861000.0,"THERIVA BIOLOGICS, INC.",TOVX,"Theriva Biologics, Inc.","Theriva Biologics, Inc."
1360886,71817000.0,"OSIRIS THERAPEUTICS, INC.",,,"OSIRIS THERAPEUTICS, INC."
946454,71753000.0,FG GROUP HOLDINGS INC.,,,FG GROUP HOLDINGS INC.
1864943,71701684.0,FGI Industries Ltd.,FGI,FGI Industries Ltd.,FGI Industries Ltd.
96536,71618120.0,"TAYLOR DEVICES, INC.",TAYD,"TAYLOR DEVICES, INC.","TAYLOR DEVICES, INC."
1621832,71529000.0,"AQUA METALS, INC.",AQMS,"Aqua Metals, Inc.","Aqua Metals, Inc."
1967397,71467000.0,LZ TECHNOLOGY HOLDINGS LIMITED,LZMH,LZ Technology Holdings Ltd,LZ Technology Holdings Ltd
1845942,71466678.0,BANNIX ACQUISITION CORP.,,,BANNIX ACQUISITION CORP.
1075736,71363000.0,"Crexendo, Inc.",CXDO,"Crexendo, Inc.","Crexendo, Inc."
1956648,71356693.0,CO2 ENERGY TRANSITION CORP.,NOEM,CO2 Energy Transition Corp.,CO2 Energy Transition Corp.
1309082,71340189.0,"Camber Energy, Inc.",CEIN,"CAMBER ENERGY, INC.","CAMBER ENERGY, INC."
1805594,71202486.0,Jowell Global Ltd.,JWEL,Jowell Global Ltd.,Jowell Global Ltd.
1937891,71192414.0,ALPHAVEST ACQUISITION CORP,AMCI,AMC Robotics Corp,AMC Robotics Corp
1056358,71188000.0,"MANNATECH, INCORPORATED",MTEX,MANNATECH INC,MANNATECH INC
1735948,71139994.0,GREENBROOK TMS INC.,,,GREENBROOK TMS INC.
1867287,71098044.0,Lakeshore Acquisition II Corp.,,,Lakeshore Acquisition II Corp.
1894370,71017774.0,Hainan Manaslu Acquisition Corp.,,,Hainan Manaslu Acquisition Corp.
1554923,70992805.0,Aina Le'a Inc.,,,Aina Le'a Inc.
320340,70928000.0,CORECARD CORPORATION,,,CORECARD CORPORATION
1946021,70926038.0,HORIZON SPACE ACQUISITION I CORP.,HSPOF,Horizon Space Acquisition I Corp.,Horizon Space Acquisition I Corp.
2032950,70917131.0,HORIZON SPACE ACQUISITION II CORP.,,,HORIZON SPACE ACQUISITION II CORP.
2018529,70822381.0,Intercont (Cayman) Limited,NCT,Intercont (Cayman) Ltd,Intercont (Cayman) Ltd
1687277,70795244.0,"RETO ECO-SOLUTIONS, INC.",RETO,"ReTo Eco-Solutions, Inc.","ReTo Eco-Solutions, Inc."
1868775,70786433.0,ASPAC I Acquisition Corp.,,,ASPAC I Acquisition Corp.
1758736,70774000.0,Molecular Data Inc.,,,Molecular Data Inc.
1929589,70735000.0,MariaDB plc,,,MariaDB plc
1882078,70639796.0,ARISZ ACQUISITION CORP.,,,ARISZ ACQUISITION CORP.
1832168,70616000.0,"Longboard Pharmaceuticals, Inc.",,,"Longboard Pharmaceuticals, Inc."
2049248,70547755.0,Lakeshore Acquisition III Corp.,LCCC,Lakeshore Acquisition III Corp.,Lakeshore Acquisition III Corp.
1320350,70414000.0,"LENSAR, INC.",LNSR,"LENSAR, Inc.","LENSAR, Inc."
86759,70411000.0,SANTA FE FINANCIAL CORP,,,SANTA FE FINANCIAL CORP
819926,70365255.0,SHARING ECONOMY INTERNATIONAL INC.,SEII,SHARING ECONOMY INTERNATIONAL INC.,SHARING ECONOMY INTERNATIONAL INC.
1509745,70353000.0,"Leap Therapeutics, Inc.",CYPH,CYPHERPUNK TECHNOLOGIES INC.,CYPHERPUNK TECHNOLOGIES INC.
1105101,70327000.0,GIGAMEDIA Ltd,GIGM,GIGAMEDIA Ltd,GIGAMEDIA Ltd
1853047,70320965.0,HUDSON ACQUISITION I CORP.,,,HUDSON ACQUISITION I CORP.
1267602,70229000.0,"ALIMERA SCIENCES, INC.",,,"ALIMERA SCIENCES, INC."
1434388,70056018.0,"Wonhe High-Tech International, Inc.",,,"Wonhe High-Tech International, Inc."
1676163,69977771.0,"SS INNOVATIONS INTERNATIONAL, INC.",SSII,"SS Innovations International, Inc.","SS Innovations International, Inc."
1819175,69922540.0,Prime Impact Acquisition I,,,Prime Impact Acquisition I
1457612,69896000.0,"GENOCEA BIOSCIENCES, INC.",,,"GENOCEA BIOSCIENCES, INC."
1800637,69687000.0,AGRIFY CORPORATION,RYM,"RYTHM, Inc.","RYTHM, Inc."
1060409,69666332.0,"SUNVESTA, INC.",,,"SUNVESTA, INC."
1836754,69205138.0,LEGACY EDUCATION INC.,LGCY,Legacy Education Inc.,Legacy Education Inc.
890264,69074000.0,EXA CORP,,,EXA CORP
1409375,69038000.0,"Orion Energy Systems, Inc.",OESX,"ORION ENERGY SYSTEMS, INC.","ORION ENERGY SYSTEMS, INC."
356037,68974000.0,CSP Inc.,CSPI,CSP INC /MA/,CSP INC /MA/
1411685,68924000.0,"Vistagen Therapeutics, Inc.",VTGN,"Vistagen Therapeutics, Inc.","Vistagen Therapeutics, Inc."
1452965,68900000.0,"MINERVA SURGICAL, INC.",,,"MINERVA SURGICAL, INC."
1661779,68855925.0,"StartEngine Crowdfunding, Inc.",,,"StartEngine Crowdfunding, Inc."
1330436,68842067.0,LIQUIDIA TECHNOLOGIES INC,,,LIQUIDIA TECHNOLOGIES INC
1708527,68841000.0,Elutia Inc.,ELUT,ELUTIA INC.,ELUTIA INC.
1841425,68726638.0,"Verde Clean Fuels, Inc.",VGAS,"Verde Clean Fuels, Inc.","Verde Clean Fuels, Inc."
1260990,68651000.0,"Oncternal Therapeutics, Inc.",,,"Oncternal Therapeutics, Inc."
1002135,68627000.0,"WESTELL TECHNOLOGIES, INC.",,,"WESTELL TECHNOLOGIES, INC."
1610940,68576852.0,Amplify Commodity Trust,BDRY,Amplify Commodity Trust,Amplify Commodity Trust
1534708,68571000.0,"BEELINE HOLDINGS, INC.",BLNE,"Beeline Holdings, Inc.","Beeline Holdings, Inc."
1660334,68424000.0,Verrica Pharmaceuticals Inc.,VRCA,Verrica Pharmaceuticals Inc.,Verrica Pharmaceuticals Inc.
84112,68212000.0,"GEORGE RISK INDUSTRIES, INC.",RSKIA,"GEORGE RISK INDUSTRIES, INC.","GEORGE RISK INDUSTRIES, INC."
1474167,68038621.0,Cosmos Health Inc.,COSM,Cosmos Health Inc.,Cosmos Health Inc.
1544190,67971000.0,"SHEPHERD’S FINANCE, LLC",,,"SHEPHERD’S FINANCE, LLC"
1561921,67922000.0,"TELA Bio, Inc.",TELA,"TELA Bio, Inc.","TELA Bio, Inc."
1855557,67843780.0,HONGLI GROUP INC.,HLP,Hongli Group Inc.,Hongli Group Inc.
1953984,67791000.0,"Binah Capital Group, Inc.",BCG,"Binah Capital Group, Inc.","Binah Capital Group, Inc."
1325740,67777000.0,"ADVANCED     BIOENERGY, LLC",,,"ADVANCED     BIOENERGY, LLC"
1491487,67751063.0,"TAKUNG ART CO., LTD",,,"TAKUNG ART CO., LTD"
1031235,67661343.0,"GLOBAL SELF STORAGE, INC.",SELF,"Global Self Storage, Inc.","Global Self Storage, Inc."
1596812,67642000.0,ENLIVEX THERAPEUTICS LTD.,ENLV,Enlivex Ltd.,Enlivex Ltd.
1269190,67541872.0,EMERGING CTA PORTFOLIO LP,,,EMERGING CTA PORTFOLIO LP
749038,67434000.0,"CCUR HOLDINGS, INC.",,,"CCUR HOLDINGS, INC."
1085243,67369972.0,"VIRTRA, INC.",VTSI,"VirTra, Inc","VirTra, Inc"
1282631,67323000.0,NETLIST INC,NLST,NETLIST INC,NETLIST INC
1133311,67274000.0,Travelzoo,TZOO,TRAVELZOO,TRAVELZOO
1839360,67238000.0,FAZE HOLDINGS INC.,,,FAZE HOLDINGS INC.
1104855,67229000.0,"SUPPORT.COM, INC.",,,"SUPPORT.COM, INC."
1876766,67207000.0,Lichen China Limited,LICN,Lichen International Ltd,Lichen International Ltd
1938338,67136972.0,GLOBALTECH CORPORATION,GLTKD,GlobalTech Corp,GlobalTech Corp
1858180,67122199.0,Prime Number Acquisition I Corp.,,,Prime Number Acquisition I Corp.
1036141,67057000.0,CORREVIO PHARMA CORP.,,,CORREVIO PHARMA CORP.
1015155,66930014.0,"Charles & Colvard, Ltd.",,,"Charles & Colvard, Ltd."
887226,66856000.0,PERCEPTRON INC/MI,,,PERCEPTRON INC/MI
1659323,66833000.0,Iterum Therapeutics plc,,,Iterum Therapeutics plc
1518487,66733028.0,China Xuefeng Environmental Engineering Inc.,,,China Xuefeng Environmental Engineering Inc.
1491419,66570000.0,"LIVEONE, INC.",LVO,"LiveOne, Inc.","LiveOne, Inc."
1529113,66473000.0,"XTI AEROSPACE, INC.",XTIA,"XTI Aerospace, Inc.","XTI Aerospace, Inc."
843006,66325000.0,ACCESS Newswire Inc.,ACCS,ACCESS Newswire Inc.,ACCESS Newswire Inc.
20639,66202000.0,AMBASE CORPORATION,ABCP,AmBase Corp,AmBase Corp
914577,66104000.0,TRANS WORLD CORP,,,TRANS WORLD CORP
1746468,66071605.0,EdtechX Holdings Acquisition Corp.,,,EdtechX Holdings Acquisition Corp.
1356093,66015000.0,"CREATIVE REALITIES, INC.",CREX,"CREATIVE REALITIES, INC.","CREATIVE REALITIES, INC."
72205,65986392.0,NOBILITY HOMES INC,NOBH,NOBILITY HOMES INC,NOBILITY HOMES INC
1172706,65766021.0,"UNIROYAL GLOBAL ENGINEERED PRODUCTS, INC.",,,"UNIROYAL GLOBAL ENGINEERED PRODUCTS, INC."
1316016,65709000.0,AQUANTIA CORP,,,AQUANTIA CORP
925306,65697229.0,MORGAN STANLEY SMITH BARNEY SPECTRUM TECHNICAL LP,,,MORGAN STANLEY SMITH BARNEY SPECTRUM TECHNICAL LP
1915380,65507954.0,"DMY SQUARED TECHNOLOGY GROUP, INC.",,,"DMY SQUARED TECHNOLOGY GROUP, INC."
1291855,65479000.0,SUPERCOM LTD.,SPCB,SuperCom Ltd,SuperCom Ltd
1847064,65454999.0,"PSQ Holdings, Inc.",PSQH,"PSQ Holdings, Inc.","PSQ Holdings, Inc."
1299969,65240000.0,"Comstock Holding Companies, Inc.",CHCI,"Comstock Holding Companies, Inc.","Comstock Holding Companies, Inc."
1025561,65045491.0,SHARPLINK GAMING LTD.,,,SHARPLINK GAMING LTD.
761238,64915000.0,RADA ELECTRONIC INDUSTRIES LTD.,,,RADA ELECTRONIC INDUSTRIES LTD.
862692,64888054.0,"CRYO-CELL INTERNATIONAL, INC.",CCEL,CRYO CELL INTERNATIONAL INC,CRYO CELL INTERNATIONAL INC
825411,64843000.0,"SEVCON, INC.",,,"SEVCON, INC."
278165,64811000.0,OMNIQ CORP.,OMQS,OMNIQ Corp.,OMNIQ Corp.
924383,64464000.0,Genasys Inc.,GNSS,Genasys Inc.,Genasys Inc.
1598981,64439039.0,SKYX PLATFORMS CORP.,SKYX,SKYX Platforms Corp.,SKYX Platforms Corp.
1024672,64420000.0,Eltek Ltd.,ELTK,ELTEK LTD,ELTEK LTD
1589149,64122691.0,"Greenwave Technology Solutions, Inc.",GWAV,"Greenwave Technology Solutions, Inc.","Greenwave Technology Solutions, Inc."
1941506,64014677.0,"ZJK Industrial Co., Ltd.",ZJK,"ZJK Industrial Co., Ltd.","ZJK Industrial Co., Ltd."
1401395,63968188.0,NEPTUNE WELLNESS SOLUTIONS INC.,,,NEPTUNE WELLNESS SOLUTIONS INC.
1261249,63866000.0,"Agile Therapeutics, Inc.",,,"Agile Therapeutics, Inc."
1461237,63861796.0,GRAHAM ALTERNATIVE INVESTMENT FUND II LLC,,,GRAHAM ALTERNATIVE INVESTMENT FUND II LLC
792161,63856000.0,"ROYAL HAWAIIAN ORCHARDS, L.P.",,,"ROYAL HAWAIIAN ORCHARDS, L.P."
1623590,63825261.0,FINTECH SCION LIMITED,,,FINTECH SCION LIMITED
797542,63695000.0,VIEWBIX INC.,QXL,QUANTUM X LABS INC.,QUANTUM X LABS INC.
1399855,63587000.0,"NATIONAL AMERICAN UNIVERSITY HOLDINGS, INC.",,,"NATIONAL AMERICAN UNIVERSITY HOLDINGS, INC."
1816708,63543000.0,"OWLET, INC.",OWLT,"Owlet, Inc.","Owlet, Inc."
1934642,63517689.0,"MDB CAPITAL HOLDINGS, LLC",MDBH,"MDB Capital Holdings, LLC","MDB Capital Holdings, LLC"
744825,63494000.0,AMERICAN SHARED HOSPITAL SERVICES,AMS,AMERICAN SHARED HOSPITAL SERVICES,AMERICAN SHARED HOSPITAL SERVICES
81955,63481192.0,RAND CAPITAL CORPORATION,RAND,RAND CAPITAL CORP,RAND CAPITAL CORP
1540684,63316494.0,ATLAS LITHIUM CORPORATION,ATLX,Atlas Lithium Corp,Atlas Lithium Corp
1175151,63231530.0,CYTOSORBENTS CORPORATION,CTSO,Cytosorbents Corp,Cytosorbents Corp
1615219,63214979.0,"SALARIUS PHARMACEUTICALS, INC.",DCOY,Decoy Therapeutics Inc.,Decoy Therapeutics Inc.
2014254,63119628.0,FST Corp.,KBSX,FST Corp.,FST Corp.
873799,62974449.0,MORGAN STANLEY SMITH BARNEY SPECTRUM SELECT LP,,,MORGAN STANLEY SMITH BARNEY SPECTRUM SELECT LP
1117733,62920000.0,CAFEPRESS INC.,,,CAFEPRESS INC.
1286964,62870565.0,"HERON LAKE BIOENERGY, LLC",,,"HERON LAKE BIOENERGY, LLC"
1285550,62869000.0,"CLEARPOINT NEURO, INC.",CLPT,"ClearPoint Neuro, Inc.","ClearPoint Neuro, Inc."
1374328,62847000.0,"FitLife Brands, Inc.",FTLF,"FITLIFE BRANDS, INC.","FITLIFE BRANDS, INC."
1890361,62776001.0,ASPAC III Acquisition Corp.,ASPC,ASPAC III Acquisition Corp.,ASPAC III Acquisition Corp.
799698,62769784.0,LadRx Corporation,,,LadRx Corporation
1649989,62688430.0,"Outlook Therapeutics, Inc.",OTLK,"Outlook Therapeutics, Inc.","Outlook Therapeutics, Inc."
1092662,62611405.0,"CHEMBIO DIAGNOSTICS, INC.",,,"CHEMBIO DIAGNOSTICS, INC."
2020987,62473352.0,YHN Acquisition I Limited,YHNA,YHN Acquisition I Ltd,YHN Acquisition I Ltd
1656328,62377000.0,"SIENNA BIOPHARMACEUTICALS, INC.",,,"SIENNA BIOPHARMACEUTICALS, INC."
2024203,62363183.0,Cayson Acquisition Corp,CAPN,Cayson Acquisition Corp,Cayson Acquisition Corp
1446714,62200779.0,"Macquarie Equipment Leasing Fund, LLC",,,"Macquarie Equipment Leasing Fund, LLC"
1618697,62145000.0,GUGGENHEIM CREDIT INCOME FUND,,,GUGGENHEIM CREDIT INCOME FUND
1830072,62057327.0,iPower Inc.,IPW,iPower Inc.,iPower Inc.
1572616,62006000.0,"Fractyl Health, Inc.",GUTS,"FRACTYL HEALTH, INC.","FRACTYL HEALTH, INC."
1015739,61984000.0,"AWARE, INC.",AWRE,AWARE INC /MA/,AWARE INC /MA/
1334325,61913058.0,"CODA OCTOPUS GROUP, INC.",CODA,"Coda Octopus Group, Inc.","Coda Octopus Group, Inc."
908315,61842200.0,WINMARK CORPORATION,WINA,WINMARK CORP,WINMARK CORP
2028201,61836356.0,Columbus Acquisition Corp/Cayman Islands,COLA,Columbus Acquisition Corp/Cayman Islands,Columbus Acquisition Corp/Cayman Islands
75340,61743000.0,"P&F INDUSTRIES, INC.",,,"P&F INDUSTRIES, INC."
1386044,61671209.0,"FREEDOM HOLDINGS, INC.",TAAG,"Awareness Group, Inc.","Awareness Group, Inc."
1008586,61521000.0,STREAMLINE HEALTH SOLUTIONS INC.,,,STREAMLINE HEALTH SOLUTIONS INC.
1519472,61478228.0,"SolarMax Technology, Inc.",SMXT,"SolarMax Technology, Inc.","SolarMax Technology, Inc."
1448597,61384964.0,AUGUSTA GOLD CORP.,,,AUGUSTA GOLD CORP.
1141240,61367000.0,LIQUIDMETAL TECHNOLOGIES INC,LQMT,LIQUIDMETAL TECHNOLOGIES INC,LIQUIDMETAL TECHNOLOGIES INC
1684693,61301000.0,SOL-GEL TECHNOLOGIES LTD.,SLGL,Sol-Gel Technologies Ltd.,Sol-Gel Technologies Ltd.
1872525,61215000.0,"STRAN & COMPANY, INC.",SWAGW,"Stran & Company, Inc.","Stran & Company, Inc."
788920,61192000.0,"PRO-DEX, INC.",PDEX,PRO DEX INC,PRO DEX INC
1822145,61174000.0,VENTOUX CCM ACQUISITION CORP.,,,VENTOUX CCM ACQUISITION CORP.
1572552,61010000.0,"Asterias Biotherapeutics, Inc.",,,"Asterias Biotherapeutics, Inc."
2010653,61009715.0,FUTURE VISION II ACQUISITION CORP.,FVN,Future Vision II Acquisition Corp.,Future Vision II Acquisition Corp.
1054721,61008000.0,BSQUARE CORP/WA,,,BSQUARE CORP/WA
1084577,60828000.0,CYREN LTD.,,,CYREN LTD.
1935172,60584144.0,XIAO-I CORPORATION,AIXI,Xiao-I Corp,Xiao-I Corp
1840748,60547000.0,LAVA Therapeutics NV,,,LAVA Therapeutics NV
2186,60426000.0,BK Technologies Corporation,BKTI,BK Technologies Corp,BK Technologies Corp
1393020,60335000.0,"Invuity, Inc.",,,"Invuity, Inc."
2000410,60322004.0,Eureka Acquisition Corp,EURK,Eureka Acquisition Corp,Eureka Acquisition Corp
1706524,60294487.0,"URBAN-GRO, INC.",FLZH,"Flash Sports & Media Holdings, Inc.","Flash Sports & Media Holdings, Inc."
1634379,60281000.0,"Metacrine, Inc.",,,"Metacrine, Inc."
1583771,60244452.0,"Hepion Pharmaceuticals, Inc.",HEPA,"Hepion Pharmaceuticals, Inc.","Hepion Pharmaceuticals, Inc."
1787803,60147336.0,Meiwu Technology Co Ltd,WNW,Meiwu Technology Co Ltd,Meiwu Technology Co Ltd
883107,59956000.0,NANOPHASE TECHNOLOGIES Corp,SLSN,"SOLESENCE, INC.","SOLESENCE, INC."
1158780,59927000.0,PLURI INC.,PLUR,Pluri Inc.,Pluri Inc.
1863460,59854796.0,PHP Ventures Acquisition Corp.,,,PHP Ventures Acquisition Corp.
79661,59704000.0,"PORTSMOUTH SQUARE, INC",PRSI,PORTSMOUTH SQUARE INC,PORTSMOUTH SQUARE INC
2018145,59640556.0,RISING DRAGON ACQUISITION CORP.,RDAC,Rising Dragon Acquisition Corp.,Rising Dragon Acquisition Corp.
1858007,59533110.0,GOLDENSTONE ACQUISITION LIMITED,GDST,Chi Special Acquisition Corp.,Chi Special Acquisition Corp.
822370,59456000.0,"Emmaus Life Sciences, Inc.",EMMA,"Emmaus Life Sciences, Inc.","Emmaus Life Sciences, Inc."
879796,59383000.0,ARI NETWORK SERVICES INC /WI,,,ARI NETWORK SERVICES INC /WI
1929231,59305317.0,PLUTONIAN ACQUISITION CORP.,,,PLUTONIAN ACQUISITION CORP.
1796129,59286000.0,"Vincerx Pharma, Inc.",,,"Vincerx Pharma, Inc."
1378140,59043000.0,"Ocean Power Technologies, Inc.",OPTT,"Ocean Power Technologies, Inc.","Ocean Power Technologies, Inc."
32621,59009000.0,EMERSON RADIO CORP,MSN,EMERSON RADIO CORP,EMERSON RADIO CORP
1481028,59004953.0,"SUNHYDROGEN, INC.",HYSR,"SUNHYDROGEN, INC.","SUNHYDROGEN, INC."
1035354,58947000.0,"Eloxx Pharmaceuticals, Inc.",ELOX,"Eloxx Pharmaceuticals, Inc.","Eloxx Pharmaceuticals, Inc."
1086303,58937106.0,Heyu Biological Technology Corp,HCIL,"Hongchang International Co., Ltd","Hongchang International Co., Ltd"
949858,58935000.0,"Achieve Life Sciences, Inc.",ACHV,"ACHIEVE LIFE SCIENCES, INC.","ACHIEVE LIFE SCIENCES, INC."
1494891,58852000.0,"Sensus Healthcare, Inc.",SRTS,"Sensus Healthcare, Inc.","Sensus Healthcare, Inc."
1763950,58836321.0,Lantern Pharma Inc.,LTRN,Lantern Pharma Inc.,Lantern Pharma Inc.
1759136,58815689.0,Blue Hat Interactive Entertainment Technology,BHATF,Blue Hat Interactive Entertainment Technology,Blue Hat Interactive Entertainment Technology
1060426,58724488.0,"AOXING PHARMACEUTICAL COMPANY, INC.",,,"AOXING PHARMACEUTICAL COMPANY, INC."
2036973,58684239.0,UY Scuti Acquisition Corp.,UYSC,UY Scuti Acquisition Corp.,UY Scuti Acquisition Corp.
1995574,58668000.0,Icon Energy Corp,ICON,Icon Energy Corp,Icon Energy Corp
1097792,58640941.0,"Ominto, Inc.",,,"Ominto, Inc."
1499785,58629500.0,Tengjun Biotechnology Corp.,,,Tengjun Biotechnology Corp.
1594337,58623000.0,"Corium International, Inc.",,,"Corium International, Inc."
1892492,58600599.0,EIGHTCO HOLDINGS INC.,ORBS,Eightco Holdings Inc.,Eightco Holdings Inc.
1362925,58583602.0,Planet Payment Inc,,,Planet Payment Inc
1472343,58561000.0,"SORRENTO TECH, INC.",,,"SORRENTO TECH, INC."
944480,58509000.0,"GSE SYSTEMS, INC.",,,"GSE SYSTEMS, INC."
1350420,58412847.0,"LINCOLNWAY ENERGY, LLC",,,"LINCOLNWAY ENERGY, LLC"
809933,58390000.0,ECOLOGY & ENVIRONMENT INC,,,ECOLOGY & ENVIRONMENT INC
831609,58311404.0,C21 Investments Inc.,CWLXF,C21 Investments Inc.,C21 Investments Inc.
1069394,58234048.0,FLEXIBLE SOLUTIONS INTERNATIONAL INC.,FSI,FLEXIBLE SOLUTIONS INTERNATIONAL INC,FLEXIBLE SOLUTIONS INTERNATIONAL INC
1438943,58217492.0,"RANGE IMPACT, INC.",RNGE,"RANGE IMPACT, INC.","RANGE IMPACT, INC."
1880613,58126000.0,"DIRECT DIGITAL HOLDINGS, INC.",DRCT,"Direct Digital Holdings, Inc.","Direct Digital Holdings, Inc."
1753648,58105294.0,8i Enterprises Acquisition Corp.,,,8i Enterprises Acquisition Corp.
1788841,58100748.0,"Helbiz, Inc.",MCOM,micromobility.com Inc.,micromobility.com Inc.
893821,58046000.0,ATTUNITY LTD,,,ATTUNITY LTD
1065078,57969000.0,"NETWORK-1 TECHNOLOGIES, INC.",NTIP,"NETWORK-1 TECHNOLOGIES, INC.","NETWORK-1 TECHNOLOGIES, INC."
846913,57788000.0,"FUEL TECH, INC.",FTEK,"FUEL TECH, INC.","FUEL TECH, INC."
1316644,57777000.0,"AeroGrow International, Inc.",,,"AeroGrow International, Inc."
2053927,57751032.0,WINTERGREEN ACQUISITION CORP.,WTG,Wintergreen Acquisition Corp.,Wintergreen Acquisition Corp.
1030192,57699260.0,"Idaho Strategic Resources, Inc.",IDR,"Idaho Strategic Resources, Inc.","Idaho Strategic Resources, Inc."
1958399,57580549.0,"Huachen AI Parking Management Technology Holding Co., Ltd",HCAI,"Huachen AI Parking Management Technology Holding Co., Ltd","Huachen AI Parking Management Technology Holding Co., Ltd"
821995,57571000.0,JUNIPER PHARMACEUTICALS INC,,,JUNIPER PHARMACEUTICALS INC
1539850,57526357.0,"STARCO BRANDS, INC",STCB,"Starco Brands, Inc.","Starco Brands, Inc."
1420565,57479000.0,"Rein Therapeutics, Inc.",RNTX,"Rein Therapeutics, Inc.","Rein Therapeutics, Inc."
1682593,57475000.0,"COMMUNITY SAVINGS BANCORP, INC.",,,"COMMUNITY SAVINGS BANCORP, INC."
1659617,57422000.0,"MOLECULIN BIOTECH, INC.",MBRX,"Moleculin Biotech, Inc.","Moleculin Biotech, Inc."
1736874,57192281.0,HL Acquisitions Corp.,,,HL Acquisitions Corp.
1748252,57151876.0,DD3 Acquisition Corp.,,,DD3 Acquisition Corp.
1703497,57147898.0,"YOGAWORKS, INC.",,,"YOGAWORKS, INC."
1354866,57049000.0,BYRNA TECHNOLOGIES INC.,BYRN,Byrna Technologies Inc.,Byrna Technologies Inc.
2051587,56979956.0,BEST SPAC I ACQUISITION CORP.,BSAA,BEST SPAC I Acquisition Corp.,BEST SPAC I Acquisition Corp.
1342958,56668062.0,"DIGITAL ALLY, INC.",KUST,"KUSTOM ENTERTAINMENT, INC.","KUSTOM ENTERTAINMENT, INC."
874292,56626502.0,"ADDVANTAGE TECHNOLOGIES GROUP, INC.",,,"ADDVANTAGE TECHNOLOGIES GROUP, INC."
1469443,56574000.0,"Arcadia Biosciences, Inc.",RKDA,"Arcadia Biosciences, Inc.","Arcadia Biosciences, Inc."
1590383,56540047.0,"RENOVARE ENVIRONMENTAL, INC.",,,"RENOVARE ENVIRONMENTAL, INC."
1426011,56490541.0,TALON REAL ESTATE HOLDING CORP.,,,TALON REAL ESTATE HOLDING CORP.
1558583,56408032.0,"ARCIMOTO, INC.",,,"ARCIMOTO, INC."
1394056,56364571.0,"One Stop Systems, Inc.",OSS,"ONE STOP SYSTEMS, INC.","ONE STOP SYSTEMS, INC."
887969,56260000.0,MRV COMMUNICATIONS INC,,,MRV COMMUNICATIONS INC
1964664,56243000.0,ORIENTAL RISE HOLDINGS LIMITED,ORISF,ORIENTAL RISE HOLDINGS Ltd,ORIENTAL RISE HOLDINGS Ltd
1874097,56180914.0,CYNGN INC.,CYN,Cyngn Inc.,Cyngn Inc.
1273988,56159781.0,FUTUREWORLD CORP.,,,FUTUREWORLD CORP.
1503658,56133810.0,LiquidValue Development Inc.,WNHK,"Winning Catering Group, Inc.","Winning Catering Group, Inc."
1487782,56066809.0,"Reven Housing REIT, Inc.",,,"Reven Housing REIT, Inc."
1272842,56063503.0,"AIRGAIN, INC.",AIRG,AIRGAIN INC,AIRGAIN INC
1590715,55916349.0,AMERICAN RESOURCES CORPORATION,AREC,American Resources Corp,American Resources Corp
1602409,55708451.0,"FINGERMOTION, INC.",FNGR,"FingerMotion, Inc.","FingerMotion, Inc."
1861063,55700859.0,AQUARON ACQUISITION CORP.,,,AQUARON ACQUISITION CORP.
1713539,55682000.0,Kaixin Holdings,KXIN,Kaixin Holdings,Kaixin Holdings
1664106,55660000.0,"LOGICBIO THERAPEUTICS, INC.",,,"LOGICBIO THERAPEUTICS, INC."
1682639,55659636.0,"EYENOVIA, INC.",HYPD,"HYPERION DEFI, INC.","HYPERION DEFI, INC."
1505611,55557000.0,"DECISIONPOINT SYSTEMS, INC.",,,"DECISIONPOINT SYSTEMS, INC."
1178697,55459000.0,"Sonim Technologies, Inc.",SONM,"DNA X, Inc.","DNA X, Inc."
1126115,55369563.0,"LZG INTERNATIONAL, INC.",,,"LZG INTERNATIONAL, INC."
50471,55329047.0,"PARK CITY GROUP, INC.",TRAK,"ReposiTrak, Inc.","ReposiTrak, Inc."
1939780,55282000.0,U Power Limited,UCAR,U Power Ltd,U Power Ltd
844856,55255030.0,HEALTHIER CHOICES MANAGEMENT CORP.,HCMC,Healthier Choices Management Corp.,Healthier Choices Management Corp.
1588272,55251876.0,"NexPoint Capital, Inc.",,,"NexPoint Capital, Inc."
1667313,55250000.0,"ZEDGE, INC.",ZDGE,"Zedge, Inc.","Zedge, Inc."
1375063,55181000.0,SYNTHESIS ENERGY SYSTEMS INC,,,SYNTHESIS ENERGY SYSTEMS INC
1086745,54990084.0,"AYRO, Inc.",FABC,"Fabric.AI, Inc.","Fabric.AI, Inc."
754811,54951000.0,"U.S. GLOBAL INVESTORS, INC.",GROW,U S GLOBAL INVESTORS INC,U S GLOBAL INVESTORS INC
1551206,54789000.0,PATAGONIA GOLD CORP.,,,PATAGONIA GOLD CORP.
722572,54647644.0,FRANKLIN WIRELESS CORP.,FKWL,FRANKLIN WIRELESS CORP,FRANKLIN WIRELESS CORP
1957489,54621331.0,Able View Global Inc.,ABLV,Able View Global Inc.,Able View Global Inc.
1418372,54575857.0,"SALAMANDER INNISBROOK, LLC",,,"SALAMANDER INNISBROOK, LLC"
1128725,54569000.0,"INTERCLOUD SYSTEMS, INC.",,,"INTERCLOUD SYSTEMS, INC."
1054274,54499000.0,"ADYNXX, INC.",,,"ADYNXX, INC."
1641489,54495000.0,vTv Therapeutics Inc.,VTVT,vTv Therapeutics Inc.,vTv Therapeutics Inc.
1879848,54486000.0,Phoenix Motor Inc.,PEVM,PHOENIX MOTOR INC.,PHOENIX MOTOR INC.
1894210,54390667.0,QOMOLANGMA Acquisition Corp.,,,QOMOLANGMA Acquisition Corp.
1095277,54342000.0,INTERSECTIONS INC,,,INTERSECTIONS INC
1177845,54325000.0,XPLORE TECHNOLOGIES CORP,,,XPLORE TECHNOLOGIES CORP
924719,54313000.0,Smith-Midland Corporation,SMID,SMITH MIDLAND CORP,SMITH MIDLAND CORP
1629210,54267044.0,PARAMOUNT GOLD NEVADA CORP.,PZG,Paramount Gold Nevada Corp.,Paramount Gold Nevada Corp.
797465,54247000.0,"HG Holdings, Inc.",STLY,"HG Holdings, Inc.","HG Holdings, Inc."
2030763,54225015.0,"Wellgistics Health, Inc.",MEDS,"DataMeds AI, Inc.","DataMeds AI, Inc."
1780097,54213000.0,"Baudax Bio, Inc.",,,"Baudax Bio, Inc."
1548240,54206717.0,"Yew Bio-Pharm Group, Inc.",,,"Yew Bio-Pharm Group, Inc."
8504,54184874.0,AGEAGLE AERIAL SYSTEMS INC.,UAVS,AgEagle Aerial Systems Inc.,AgEagle Aerial Systems Inc.
1084384,54028000.0,Pareteum Corp,,,Pareteum Corp
1624326,53980000.0,PAVMED INC.,PAVM,PAVmed Inc.,PAVmed Inc.
1289636,53929536.0,"PROFIRE ENERGY, INC.",,,"PROFIRE ENERGY, INC."
1823857,53923227.0,VIVEON HEALTH ACQUISITION CORP.,,,VIVEON HEALTH ACQUISITION CORP.
1793895,53910727.0,CDT Environmental Technology Investment Holdings Limited,CDTG,CDT Environmental Technology Investment Holdings Ltd,CDT Environmental Technology Investment Holdings Ltd
1645469,53865873.0,MONOPAR THERAPEUTICS INC.,MNPR,Monopar Therapeutics,Monopar Therapeutics
1488917,53802000.0,"ELECTROMED, INC.",ELMD,"Electromed, Inc.","Electromed, Inc."
